date,nav,nav_adjusted
2009-01-22,999.91,999.91
2009-01-23,999.83,999.83
2009-01-27,999.5,999.5
2009-01-28,999.42,999.42
2009-01-29,999.33,999.33
2009-01-30,1000.3,1000.3
2009-02-02,986.45,986.45
2009-02-03,984.91,984.91
2009-02-04,993.43,993.43
2009-02-05,1003.7,1003.7
2009-02-06,1027.4,1027.4
2009-02-09,1028.39,1028.39
2009-02-10,1031.51,1031.51
2009-02-11,1026.28,1026.28
2009-02-12,1023.89,1023.89
2009-02-13,1030.01,1030.01
2009-02-16,1030.24,1030.24
2009-02-17,1017.7,1017.7
2009-02-18,1019.85,1019.85
2009-02-19,1014.98,1014.98
2009-02-20,1003.04,1003.04
2009-02-23,1012.13,1012.13
2009-02-24,1006.24,1006.24
2009-02-25,1015.38,1015.38
2009-02-26,1008.59,1008.59
2009-02-27,1004.19,1004.19
2009-03-02,1004.19,1004.19
2009-03-03,994.88,994.88
2009-03-04,1004,1004
2009-03-05,1000.72,1000.72
2009-03-06,999.64,999.64
2009-03-10,1003.19,1003.19
2009-03-11,1013.55,1013.55
2009-03-12,1015.4,1015.4
2009-03-13,1024.91,1024.91
2009-03-16,1018.61,1018.61
2009-03-17,1007.06,1007.06
2009-03-18,1019.37,1019.37
2009-03-19,1024.47,1024.47
2009-03-20,1026.16,1026.16
2009-03-23,1052.42,1052.42
2009-03-24,1078.78,1078.78
2009-03-25,1070.46,1070.46
2009-03-27,1103.98,1103.98
2009-03-30,1076.25,1076.25
2009-03-31,1084.49,1084.49
2009-04-01,1098.17,1098.17
2009-04-02,1123.12,1123.12
2009-04-03,1134.19,1134.19
2009-04-06,1149.11,1149.11
2009-04-07,1128.83,1128.83
2009-04-08,1125.78,1125.78
2009-04-13,1201.55,1201.55
2009-04-14,1231.01,1231.01
2009-04-15,1261.53,1261.53
2009-04-16,1293.17,1293.17
2009-04-17,1286.91,1286.91
2009-04-20,1313.6,1313.6
2009-04-21,1290.26,1290.26
2009-04-22,1267.22,1267.22
2009-04-23,1247.49,1247.49
2009-04-24,1260.26,1260.26
2009-04-27,1251.28,1251.28
2009-04-28,1258.71,1258.71
2009-04-29,1300.03,1300.03
2009-04-30,1358.57,1358.57
2009-05-01,1353.28,1353.28
2009-05-04,1405.32,1405.32
2009-05-05,1415.67,1415.67
2009-05-06,1447.93,1447.93
2009-05-07,1491.29,1491.29
2009-05-08,1531.18,1531.18
2009-05-11,1514.11,1514.11
2009-05-12,1533.14,1533.14
2009-05-13,1536.65,1536.65
2009-05-14,1461.68,1461.68
2009-05-15,1438,1438
2009-05-18,1438,1438
2009-05-19,1537.98,1537.98
2009-05-20,1541.77,1541.77
2009-05-22,1539.79,1539.79
2009-05-25,1548.69,1548.69
2009-05-26,1517.87,1517.87
2009-05-27,1540.36,1540.36
2009-05-28,1550.58,1550.58
2009-05-29,1567.62,1567.62
2009-06-01,1643.51,1643.51
2009-06-02,1638.12,1638.12
2009-06-03,1648.24,1648.24
2009-06-04,1650.03,1650.03
2009-06-05,1698.2,1698.2
2009-06-08,1677.09,1677.09
2009-06-09,1697.03,1697.03
2009-06-10,1724.57,1724.57
2009-06-11,1704.3,1704.3
2009-06-12,1715.02,1715.02
2009-06-15,1686.84,1686.84
2009-06-16,1644.85,1644.85
2009-06-17,1630.28,1630.28
2009-06-18,1559.91,1559.91
2009-06-19,1594.83,1594.83
2009-06-22,1589.35,1589.35
2009-06-23,1553.37,1553.37
2009-06-24,1616.79,1616.79
2009-06-25,1651.38,1651.38
2009-06-26,1658.46,1658.46
2009-06-29,1651.71,1651.71
2009-06-30,1641.97,1641.97
2009-07-01,1674.17,1674.17
2009-07-02,1669.88,1669.88
2009-07-03,1679.73,1679.73
2009-07-06,1642.41,1642.41
2009-07-07,1690.7,1690.7
2009-07-09,1684.65,1684.65
2009-07-10,1673.47,1673.47
2009-07-13,1643.45,1643.45
2009-07-14,1671.14,1671.14
2009-07-15,1723.35,1723.35
2009-07-16,1730.62,1730.62
2009-07-17,1726.3,1726.3
2009-07-21,1762.28,1762.28
2009-07-22,1746.03,1746.03
2009-07-23,1781.06,1781.06
2009-07-24,1802.71,1802.71
2009-07-27,1834.16,1834.16
2009-07-28,1863.41,1863.41
2009-07-29,1859.05,1859.05
2009-07-30,1918.85,1918.85
2009-07-31,1944.76,1944.76
2009-08-03,1950.16,1950.16
2009-08-04,1970.19,1970.19
2009-08-05,1931.43,1931.43
2009-08-06,1981.96,1981.96
2009-08-07,1973.03,1973.03
2009-08-10,2007.14,2007.14
2009-08-11,2006.13,2006.13
2009-08-12,1971.7,1971.7
2009-08-13,2018.71,2018.71
2009-08-14,2014.31,2014.31
2009-08-18,1986.24,1986.24
2009-08-19,1926.71,1926.71
2009-08-20,1971.04,1971.04
2009-08-21,1956.41,1956.41
2009-08-24,2002.17,2002.17
2009-08-25,2005.91,2005.91
2009-08-26,1994.11,1994.11
2009-08-27,1968.63,1968.63
2009-08-28,1971.42,1971.42
2009-08-31,1950.4,1950.4
2009-09-01,1933.11,1933.11
2009-09-02,1895.38,1895.38
2009-09-03,1925.88,1925.88
2009-09-04,1931.71,1931.71
2009-09-07,1946.1,1946.1
2009-09-08,1981.52,1981.52
2009-09-09,1971.93,1971.93
2009-09-10,1979.35,1979.35
2009-09-11,1994.68,1994.68
2009-09-14,1981.45,1981.45
2009-09-15,2011.86,2011.86
2009-09-16,2028.93,2028.93
2009-09-17,2025.41,2025.41
2009-09-24,2039.3,2039.3
2009-09-25,2023.9,2023.9
2009-09-28,1979.33,1979.33
2009-09-29,2016.51,2016.51
2009-09-30,2035.49,2035.49
2009-10-01,2034.45,2034.45
2009-10-02,2026.31,2026.31
2009-10-05,2026.93,2026.93
2009-10-06,2059.12,2059.12
2009-10-07,2062.4,2062.4
2009-10-08,2039.09,2039.09
2009-10-09,2040.23,2040.23
2009-10-12,2024.13,2024.13
2009-10-13,2036.4,2036.4
2009-10-14,2081.1,2081.1
2009-10-15,2087.27,2087.27
2009-10-16,2089.23,2089.23
2009-10-19,2093.95,2093.95
2009-10-20,2083.39,2083.39
2009-10-21,2062.35,2062.35
2009-10-22,2023.96,2023.96
2009-10-23,2053.43,2053.43
2009-10-26,2058.92,2058.92
2009-10-27,2023.55,2023.55
2009-10-28,1954.7,1954.7
2009-10-29,1950.17,1950.17
2009-10-30,1971.93,1971.93
2009-11-02,1975.33,1975.33
2009-11-03,1944.48,1944.48
2009-11-04,1980.75,1980.75
2009-11-05,1975.48,1975.48
2009-11-06,1991.22,1991.22
2009-11-09,2007.16,2007.16
2009-11-10,1987.64,1987.64
2009-11-11,2008.45,2008.45
2009-11-12,2022.56,2022.56
2009-11-13,2028.21,2028.21
2009-11-16,2073.38,2073.38
2009-11-17,2076.04,2076.04
2009-11-18,2090.77,2090.77
2009-11-19,2072.48,2072.48
2009-11-20,2086.46,2086.46
2009-11-23,2086.74,2086.74
2009-11-24,2084.63,2084.63
2009-11-25,2073.21,2073.21
2009-11-26,2010.28,2010.28
2009-11-30,2040.71,2040.71
2009-12-01,2067.9,2067.9
2009-12-02,2078.61,2078.61
2009-12-03,2106.75,2106.75
2009-12-04,2113.9,2113.9
2009-12-07,2090.14,2090.14
2009-12-08,2092.75,2092.75
2009-12-09,2094.99,2094.99
2009-12-10,2093.2,2093.2
2009-12-11,2113.51,2113.51
2009-12-14,2105.96,2105.96
2009-12-15,2104.25,2104.25
2009-12-16,2133.2,2133.2
2009-12-17,2125.69,2125.69
2009-12-21,2046.81,2046.81
2009-12-22,2078.84,2078.84
2009-12-23,2084.22,2084.22
2009-12-28,2110.08,2110.08
2009-12-29,2114.1,2114.1
2009-12-30,2117.42,2117.42
2009-12-31,2117.42,2117.42
2010-01-04,2150.4,2150.4
2010-01-05,2185.87,2185.87
2010-01-06,2192.83,2192.83
2010-01-07,2184.24,2184.24
2010-01-08,2211.58,2211.58
2010-01-11,2234.14,2234.14
2010-01-12,2245.95,2245.95
2010-01-14,2241.57,2241.57
2010-01-15,2242.44,2242.44
2010-01-18,2232.99,2232.99
2010-01-19,2251.07,2251.07
2010-01-20,2248.78,2248.78
2010-01-21,2226.18,2226.18
2010-01-22,2201.79,2201.79
2010-01-25,2180.51,2180.51
2010-01-26,2168.06,2168.06
2010-01-27,2158.01,2158.01
2010-01-28,2201.93,2201.93
2010-01-29,2183.32,2183.32
2010-02-01,2158.7,2158.7
2010-02-02,2156.96,2156.96
2010-02-03,2180.05,2180.05
2010-02-04,2171.98,2171.98
2010-02-05,2110.79,2110.79
2010-02-08,2073.64,2073.64
2010-02-09,2088.06,2088.06
2010-02-10,2085.51,2085.51
2010-02-11,2112.64,2112.64
2010-02-12,2129.63,2129.63
2010-02-15,2112.34,2112.34
2010-02-16,2155.63,2155.63
2010-02-17,2172.8,2172.8
2010-02-18,2147.29,2147.29
2010-02-19,2139.19,2139.19
2010-02-22,2143.08,2143.08
2010-02-23,2169.3,2169.3
2010-02-24,2162.16,2162.16
2010-02-25,2146.5,2146.5
2010-03-01,2148.08,2148.08
2010-03-02,2152.92,2152.92
2010-03-03,2139.4,2139.4
2010-03-04,2140.5,2140.5
2010-03-05,2147.78,2147.78
2010-03-08,2192.29,2192.29
2010-03-09,2221.47,2221.47
2010-03-10,2238.24,2238.24
2010-03-11,2224.98,2224.98
2010-03-12,2218.07,2218.07
2010-03-15,2205.38,2205.38
2010-03-17,2272.46,2272.46
2010-03-18,2260.21,2260.21
2010-03-19,2264.75,2264.75
2010-03-22,2223.49,2223.49
2010-03-23,2223.33,2223.33
2010-03-24,2264.92,2264.92
2010-03-25,2290.99,2290.99
2010-03-26,2301.76,2301.76
2010-03-29,2304.25,2304.25
2010-03-30,2306.46,2306.46
2010-03-31,2292.92,2292.92
2010-04-01,2342.01,2342.01
2010-04-05,2378.21,2378.21
2010-04-06,2380.15,2380.15
2010-04-07,2385.74,2385.74
2010-04-08,2345.68,2345.68
2010-04-09,2355.86,2355.86
2010-04-12,2366.72,2366.72
2010-04-13,2388.55,2388.55
2010-04-14,2386.53,2386.53
2010-04-15,2413.74,2413.74
2010-04-16,2404.51,2404.51
2010-04-19,2355.42,2355.42
2010-04-20,2395.99,2395.99
2010-04-21,2412.14,2412.14
2010-04-22,2421.83,2421.83
2010-04-23,2422.92,2422.92
2010-04-26,2445.21,2445.21
2010-04-27,2433.59,2433.59
2010-04-28,2402.75,2402.75
2010-04-29,2409.9,2409.9
2010-04-30,2439.97,2439.97
2010-05-03,2437.08,2437.08
2010-05-04,2439.42,2439.42
2010-05-06,2320.71,2320.71
2010-05-07,2256.84,2256.84
2010-05-10,2355.51,2355.51
2010-05-11,2329.8,2329.8
2010-05-12,2359.69,2359.69
2010-05-14,2357.35,2357.35
2010-05-17,2314.84,2314.84
2010-05-18,2319.16,2319.16
2010-05-19,2224.84,2224.84
2010-05-20,2182.54,2182.54
2010-05-21,2136.53,2136.53
2010-05-24,2115.39,2115.39
2010-05-25,2046.23,2046.23
2010-05-26,2212.24,2212.24
2010-05-27,2229.44,2229.44
2010-05-31,2290.91,2290.91
2010-06-01,2228.74,2228.74
2010-06-02,2236.37,2236.37
2010-06-03,2291.9,2291.9
2010-06-04,2258.82,2258.82
2010-06-07,2258.82,2258.82
2010-06-08,2269.61,2269.61
2010-06-09,2270.21,2270.21
2010-06-10,2260.97,2260.97
2010-06-11,2288.63,2288.63
2010-06-14,2311.81,2311.81
2010-06-15,2312.1,2312.1
2010-06-16,2332.84,2332.84
2010-06-17,2361.14,2361.14
2010-06-18,2389.92,2389.92
2010-06-21,2402.18,2402.18
2010-06-22,2402.31,2402.31
2010-06-23,2398.9,2398.9
2010-06-24,2386.21,2386.21
2010-06-25,2404.61,2404.61
2010-06-28,2396.53,2396.53
2010-06-29,2350.4,2350.4
2010-06-30,2351.73,2351.73
2010-07-01,2330.27,2330.27
2010-07-02,2321.4,2321.4
2010-07-05,2329.84,2329.84
2010-07-06,2358.4,2358.4
2010-07-07,2351.07,2351.07
2010-07-08,2364.89,2364.89
2010-07-09,2368.71,2368.71
2010-07-12,2364.38,2364.38
2010-07-13,2359.67,2359.67
2010-07-14,2373.1,2373.1
2010-07-15,2387.08,2387.08
2010-07-16,2395.3,2395.3
2010-07-19,2387.52,2387.52
2010-07-20,2411.74,2411.74
2010-07-21,2421.99,2421.99
2010-07-22,2411.66,2411.66
2010-07-23,2460.46,2460.46
2010-07-26,2434.16,2434.16
2010-07-27,2451.66,2451.66
2010-07-28,2451.98,2451.98
2010-07-29,2475.98,2475.98
2010-07-30,2462.06,2462.06
2010-08-02,2451.37,2451.37
2010-08-03,2387.5,2387.5
2010-08-04,2383.05,2383.05
2010-08-05,2445.16,2445.16
2010-08-06,2456.21,2456.21
2010-08-09,2472.79,2472.79
2010-08-10,2447.52,2447.52
2010-08-11,2423.7,2423.7
2010-08-12,2417.21,2417.21
2010-08-13,2441.81,2441.81
2010-08-16,2447.2,2447.2
2010-08-18,2473.52,2473.52
2010-08-19,2494.07,2494.07
2010-08-20,2495.25,2495.25
2010-08-23,2497.08,2497.08
2010-08-24,2472.71,2472.71
2010-08-25,2493.37,2493.37
2010-08-26,2519.37,2519.37
2010-08-27,2489.2,2489.2
2010-08-30,2481.93,2481.93
2010-08-31,2459.89,2459.89
2010-09-01,2508.87,2508.87
2010-09-02,2505.7,2505.7
2010-09-03,2527.21,2527.21
2010-09-06,2556.78,2556.78
2010-09-07,2568.38,2568.38
2010-09-15,2660.18,2660.18
2010-09-16,2633.36,2633.36
2010-09-17,2669.39,2669.39
2010-09-20,2650.25,2650.25
2010-09-21,2645.6,2645.6
2010-09-22,2637.02,2637.02
2010-09-23,2636.44,2636.44
2010-09-24,2675.76,2675.76
2010-09-27,2709.22,2709.22
2010-09-28,2712.08,2712.08
2010-09-29,2720.32,2720.32
2010-09-30,2726.28,2726.28
2010-10-01,2767.36,2767.36
2010-10-04,2794.88,2794.88
2010-10-05,2789.39,2789.39
2010-10-06,2800.71,2800.71
2010-10-07,2802.29,2802.29
2010-10-08,2768.08,2768.08
2010-10-11,2776.48,2776.48
2010-10-12,2776.02,2776.02
2010-10-13,2822.94,2822.94
2010-10-14,2835.01,2835.01
2010-10-15,2827.19,2827.19
2010-10-18,2787.68,2787.68
2010-10-19,2806.8,2806.8
2010-10-20,2787.01,2787.01
2010-10-22,2817.85,2817.85
2010-10-25,2847.92,2847.92
2010-10-26,2848.84,2848.84
2010-10-27,2837.51,2837.51
2010-10-28,2846.32,2846.32
2010-10-29,2838.06,2838.06
2010-11-01,2816.73,2816.73
2010-11-02,2790.87,2790.87
2010-11-03,2762.24,2762.24
2010-11-04,2800.16,2800.16
2010-11-05,2829.34,2829.34
2010-11-08,2876.85,2876.85
2010-11-09,2928.3,2928.3
2010-11-10,2930.01,2930.01
2010-11-11,2897.03,2897.03
2010-11-12,2831.78,2831.78
2010-11-15,2820.61,2820.61
2010-11-16,2820.37,2820.37
2010-11-18,2818.88,2818.88
2010-11-19,2871.26,2871.26
2010-11-22,2882.18,2882.18
2010-11-23,2822.66,2822.66
2010-11-24,2794,2794
2010-11-25,2826.91,2826.91
2010-11-26,2778.56,2778.56
2010-11-29,2770.6,2770.6
2010-11-30,2694.08,2694.08
2010-12-01,2735.35,2735.35
2010-12-02,2793.86,2793.86
2010-12-03,2770.5,2770.5
2010-12-06,2800.51,2800.51
2010-12-08,2836.28,2836.28
2010-12-09,2844.6,2844.6
2010-12-10,2810.69,2810.69
2010-12-13,2791.1,2791.1
2010-12-14,2782.03,2782.03
2010-12-15,2766.94,2766.94
2010-12-16,2694.24,2694.24
2010-12-17,2704.7,2704.7
2010-12-20,2720.43,2720.43
2010-12-21,2768.6,2768.6
2010-12-22,2767.13,2767.13
2010-12-23,2754.21,2754.21
2010-12-27,2770.08,2770.08
2010-12-28,2792.1,2792.1
2010-12-29,2808.74,2808.74
2010-12-30,2825.65,2825.65
2010-12-31,2825.65,2825.65
2011-01-03,2865.43,2865.43
2011-01-04,2887.11,2887.11
2011-01-05,2886.36,2886.36
2011-01-06,2847.96,2847.96
2011-01-07,2758.12,2758.12
2011-01-10,2654.41,2654.41
2011-01-11,2635.67,2635.67
2011-01-12,2703.45,2703.45
2011-01-13,2718.95,2718.95
2011-01-14,2712.06,2712.06
2011-01-17,2687.73,2687.73
2011-01-18,2698.15,2698.15
2011-01-19,2676.94,2676.94
2011-01-20,2597.79,2597.79
2011-01-21,2521.08,2521.08
2011-01-24,2481.19,2481.19
2011-01-25,2555.35,2555.35
2011-01-26,2610.77,2610.77
2011-01-27,2624.22,2624.22
2011-01-28,2601.69,2601.69
2011-01-31,2539.43,2539.43
2011-02-01,2578.99,2578.99
2011-02-02,2614.14,2614.14
2011-02-04,2628.21,2628.21
2011-02-07,2630.6,2630.6
2011-02-08,2610.84,2610.84
2011-02-09,2590.65,2590.65
2011-02-10,2567.27,2567.27
2011-02-11,2568.58,2568.58
2011-02-14,2591.87,2591.87
2011-02-16,2590.16,2590.16
2011-02-17,2608.67,2608.67
2011-02-18,2651.73,2651.73
2011-02-21,2657.34,2657.34
2011-02-22,2625,2625
2011-02-23,2650.99,2650.99
2011-02-24,2609.23,2609.23
2011-02-25,2605.71,2605.71
2011-02-28,2636.77,2636.77
2011-03-01,2659.49,2659.49
2011-03-02,2629.82,2629.82
2011-03-03,2629.62,2629.62
2011-03-04,2664.28,2664.28
2011-03-07,2671.53,2671.53
2011-03-08,2683.93,2683.93
2011-03-09,2693.03,2693.03
2011-03-10,2677.89,2677.89
2011-03-11,2637.38,2637.38
2011-03-14,2653.13,2653.13
2011-03-15,2629.79,2629.79
2011-03-16,2628.21,2628.21
2011-03-17,2583.75,2583.75
2011-03-18,2589.43,2589.43
2011-03-21,2611.26,2611.26
2011-03-22,2607.02,2607.02
2011-03-23,2653.29,2653.29
2011-03-24,2702.72,2702.72
2011-03-25,2687.24,2687.24
2011-03-28,2668.24,2668.24
2011-03-29,2646.99,2646.99
2011-03-30,2681.82,2681.82
2011-03-31,2694.18,2694.18
2011-04-01,2724.72,2724.72
2011-04-04,2723.48,2723.48
2011-04-05,2723.81,2723.81
2011-04-06,2734.83,2734.83
2011-04-07,2720.83,2720.83
2011-04-08,2728.9,2728.9
2011-04-11,2748.88,2748.88
2011-04-12,2723.25,2723.25
2011-04-13,2733.38,2733.38
2011-04-14,2718.66,2718.66
2011-04-15,2734.18,2734.18
2011-04-18,2727.47,2727.47
2011-04-19,2726.75,2726.75
2011-04-20,2770.64,2770.64
2011-04-21,2775.94,2775.94
2011-04-25,2755.97,2755.97
2011-04-26,2742.37,2742.37
2011-04-27,2772.29,2772.29
2011-04-28,2778.02,2778.02
2011-04-29,2781.91,2781.91
2011-05-02,2800.43,2800.43
2011-05-03,2783.96,2783.96
2011-05-04,2783.07,2783.07
2011-05-05,2778.32,2778.32
2011-05-06,2755.44,2755.44
2011-05-09,2753.29,2753.29
2011-05-10,2742.55,2742.55
2011-05-11,2777.11,2777.11
2011-05-12,2749.66,2749.66
2011-05-13,2750.31,2750.31
2011-05-16,2728.99,2728.99
2011-05-18,2758.94,2758.94
2011-05-19,2770.1,2770.1
2011-05-20,2792.22,2792.22
2011-05-23,2740.41,2740.41
2011-05-24,2747.78,2747.78
2011-05-25,2740.04,2740.04
2011-05-26,2771.17,2771.17
2011-05-27,2778.4,2778.4
2011-05-30,2776.19,2776.19
2011-05-31,2785.09,2785.09
2011-06-01,2789.37,2789.37
2011-06-03,2787.57,2787.57
2011-06-06,2785.32,2785.32
2011-06-07,2787.57,2787.57
2011-06-08,2780.91,2780.91
2011-06-09,2764.76,2764.76
2011-06-10,2746.56,2746.56
2011-06-13,2725.81,2725.81
2011-06-14,2745.79,2745.79
2011-06-15,2759.27,2759.27
2011-06-16,2727.87,2727.87
2011-06-17,2716.03,2716.03
2011-06-20,2716.26,2716.26
2011-06-21,2756.94,2756.94
2011-06-22,2767.56,2767.56
2011-06-23,2768.53,2768.53
2011-06-24,2783.69,2783.69
2011-06-27,2767.05,2767.05
2011-06-28,2779.11,2779.11
2011-06-30,2816.38,2816.38
2011-07-01,2827.61,2827.61
2011-07-04,2847.7,2847.7
2011-07-05,2827.23,2827.23
2011-07-06,2817.47,2817.47
2011-07-07,2831.42,2831.42
2011-07-08,2874.77,2874.77
2011-07-11,2856,2856
2011-07-12,2820.65,2820.65
2011-07-13,2841.98,2841.98
2011-07-14,2850.06,2850.06
2011-07-15,2858.3,2858.3
2011-07-18,2860.05,2860.05
2011-07-19,2851.56,2851.56
2011-07-20,2875.55,2875.55
2011-07-21,2902.71,2902.71
2011-07-22,2928.76,2928.76
2011-07-25,2907.29,2907.29
2011-07-26,2936.5,2936.5
2011-07-27,2975.83,2975.83
2011-07-28,2961.38,2961.38
2011-07-29,2932.49,2932.49
2011-08-01,2951.96,2951.96
2011-08-02,2932.28,2932.28
2011-08-03,2898.63,2898.63
2011-08-04,2897.47,2897.47
2011-08-05,2755.57,2755.57
2011-08-08,2744.82,2744.82
2011-08-09,2651.76,2651.76
2011-08-10,2734.07,2734.07
2011-08-11,2748.5,2748.5
2011-08-12,2755.99,2755.99
2011-08-15,2813.72,2813.72
2011-08-16,2801.59,2801.59
2011-08-18,2856.61,2856.61
2011-08-19,2729.63,2729.63
2011-08-22,2751.13,2751.13
2011-08-23,2779.71,2779.71
2011-08-24,2753.41,2753.41
2011-08-25,2746.72,2746.72
2011-08-26,2750.85,2750.85
2011-09-05,2774.37,2774.37
2011-09-06,2797.64,2797.64
2011-09-07,2866.75,2866.75
2011-09-08,2852.24,2852.24
2011-09-09,2845.21,2845.21
2011-09-12,2775,2775
2011-09-13,2762.97,2762.97
2011-09-14,2725.99,2725.99
2011-09-15,2697.75,2697.75
2011-09-16,2729.89,2729.89
2011-09-19,2685.28,2685.28
2011-09-20,2672.48,2672.48
2011-09-21,2639.78,2639.78
2011-09-22,2426.35,2426.35
2011-09-23,2462.78,2462.78
2011-09-26,2362.23,2362.23
2011-09-27,2461.46,2461.46
2011-09-28,2494.47,2494.47
2011-09-29,2520.47,2520.47
2011-09-30,2533.24,2533.24
2011-10-03,2381.11,2381.11
2011-10-04,2323.44,2323.44
2011-10-05,2337.4,2337.4
2011-10-06,2423.14,2423.14
2011-10-07,2406.55,2406.55
2011-10-10,2407.91,2407.91
2011-10-11,2469.36,2469.36
2011-10-12,2556.28,2556.28
2011-10-13,2598.03,2598.03
2011-10-14,2591.23,2591.23
2011-10-17,2641.1,2641.1
2011-10-18,2577.94,2577.94
2011-10-19,2619.03,2619.03
2011-10-20,2570.65,2570.65
2011-10-21,2571.53,2571.53
2011-10-24,2631.99,2631.99
2011-10-25,2640.02,2640.02
2011-10-26,2657.08,2657.08
2011-10-27,2710.72,2710.72
2011-10-28,2740.16,2740.16
2011-10-31,2719.1,2719.1
2011-11-01,2650.97,2650.97
2011-11-02,2697.25,2697.25
2011-11-03,2648.52,2648.52
2011-11-04,2706.21,2706.21
2011-11-07,2698.04,2698.04
2011-11-08,2708.59,2708.59
2011-11-09,2752.37,2752.37
2011-11-10,2692.22,2692.22
2011-11-11,2700.7,2700.7
2011-11-14,2749.28,2749.28
2011-11-15,2738.14,2738.14
2011-11-16,2741.81,2741.81
2011-11-17,2745.31,2745.31
2011-11-18,2720.8,2720.8
2011-11-21,2664.18,2664.18
2011-11-22,2700.32,2700.32
2011-11-23,2667.88,2667.88
2011-11-24,2666.93,2666.93
2011-11-25,2623.92,2623.92
2011-11-28,2624.16,2624.16
2011-11-29,2664.36,2664.36
2011-11-30,2666.81,2666.81
2011-12-01,2696.99,2696.99
2011-12-02,2697.14,2697.14
2011-12-05,2700.51,2700.51
2011-12-06,2690.94,2690.94
2011-12-07,2716.44,2716.44
2011-12-08,2708.55,2708.55
2011-12-09,2689.65,2689.65
2011-12-12,2724.45,2724.45
2011-12-13,2705.54,2705.54
2011-12-14,2702.56,2702.56
2011-12-15,2669.94,2669.94
2011-12-16,2703.22,2703.22
2011-12-19,2706.83,2706.83
2011-12-20,2697.26,2697.26
2011-12-21,2738.59,2738.59
2011-12-22,2757.51,2757.51
2011-12-23,2750.13,2750.13
2011-12-27,2746.2,2746.2
2011-12-28,2747.55,2747.55
2011-12-29,2770.53,2770.53
2011-12-30,2797.43,2797.43
2012-01-02,2782.12,2782.12
2012-01-03,2817.2,2817.2
2012-01-04,2864.98,2864.98
2012-01-05,2876.08,2876.08
2012-01-06,2840.24,2840.24
2012-01-10,2901.49,2901.49
2012-01-11,2869.19,2869.19
2012-01-12,2867.4,2867.4
2012-01-13,2890.99,2890.99
2012-01-16,2879.17,2879.17
2012-01-17,2915.27,2915.27
2012-01-18,2935.41,2935.41
2012-01-19,2938.16,2938.16
2012-01-20,2929.33,2929.33
2012-01-24,2942.09,2942.09
2012-01-25,2919.95,2919.95
2012-01-26,2930.29,2930.29
2012-01-27,2938.83,2938.83
2012-01-30,2876.99,2876.99
2012-01-31,2897.36,2897.36
2012-02-01,2912.33,2912.33
2012-02-02,2969.56,2969.56
2012-02-03,2970.08,2970.08
2012-02-06,2940,2940
2012-02-07,2944.59,2944.59
2012-02-08,2982.27,2982.27
2012-02-09,2987.95,2987.95
2012-02-10,2961.46,2961.46
2012-02-13,2981.07,2981.07
2012-02-14,2989.74,2989.74
2012-02-15,2995.99,2995.99
2012-02-16,2972.55,2972.55
2012-02-17,3015.57,3015.57
2012-02-20,3009.43,3009.43
2012-02-21,3004.62,3004.62
2012-02-22,2997.47,2997.47
2012-02-23,2967.73,2967.73
2012-02-24,2914.3,2914.3
2012-02-27,2884,2884
2012-02-28,2924.11,2924.11
2012-02-29,2980.09,2980.09
2012-03-01,2960.2,2960.2
2012-03-02,3005.66,3005.66
2012-03-05,2990.11,2990.11
2012-03-06,2970.21,2970.21
2012-03-07,2970.18,2970.18
2012-03-08,2999.37,2999.37
2012-03-09,3025.11,3025.11
2012-03-12,3015.76,3015.76
2012-03-13,3029.92,3029.92
2012-03-14,3068.25,3068.25
2012-03-15,3051.06,3051.06
2012-03-16,3023.75,3023.75
2012-03-19,3030.59,3030.59
2012-03-20,3043.09,3043.09
2012-03-21,3060.28,3060.28
2012-03-22,3055.27,3055.27
2012-03-26,3039.31,3039.31
2012-03-27,3077.31,3077.31
2012-03-28,3094.89,3094.89
2012-03-29,3107.39,3107.39
2012-03-30,3127.35,3127.35
2012-04-02,3146.83,3146.83
2012-04-03,3175.77,3175.77
2012-04-04,3094.93,3094.93
2012-04-05,3114.3,3114.3
2012-04-09,3099.52,3099.52
2012-04-10,3100.06,3100.06
2012-04-11,3071.19,3071.19
2012-04-12,3089.26,3089.26
2012-04-13,3106.34,3106.34
2012-04-16,3079.28,3079.28
2012-04-17,3095.79,3095.79
2012-04-18,3110.36,3110.36
2012-04-19,3098.91,3098.91
2012-04-20,3112.19,3112.19
2012-04-23,3086.33,3086.33
2012-04-24,3089.99,3089.99
2012-04-25,3080.08,3080.08
2012-04-26,3085.63,3085.63
2012-04-27,3097.83,3097.83
2012-04-30,3106.88,3106.88
2012-05-01,3103.92,3103.92
2012-05-02,3131.75,3131.75
2012-05-03,3143.28,3143.28
2012-05-04,3134.07,3134.07
2012-05-07,3082.56,3082.56
2012-05-08,3104.39,3104.39
2012-05-09,3053.17,3053.17
2012-05-10,3072.92,3072.92
2012-05-11,3042.8,3042.8
2012-05-14,2992.48,2992.48
2012-05-15,2978.91,2978.91
2012-05-21,2896.86,2896.86
2012-05-22,2964.82,2964.82
2012-05-23,2922.33,2922.33
2012-05-24,2931.11,2931.11
2012-05-25,2871.17,2871.17
2012-05-28,2886.01,2886.01
2012-05-29,2884.7,2884.7
2012-05-30,2877.23,2877.23
2012-05-31,2827.35,2827.35
2012-06-01,2797.7,2797.7
2012-06-04,2669.79,2669.79
2012-06-05,2727.77,2727.77
2012-06-06,2834.95,2834.95
2012-06-07,2840.11,2840.11
2012-06-08,2831.79,2831.79
2012-06-11,2863.79,2863.79
2012-06-12,2851.03,2851.03
2012-06-13,2860.33,2860.33
2012-06-14,2813.65,2813.65
2012-06-15,2842.26,2842.26
2012-06-18,2883.42,2883.42
2012-06-19,2896.93,2896.93
2012-06-20,2941.94,2941.94
2012-06-21,2908.19,2908.19
2012-06-22,2885.08,2885.08
2012-06-25,2854.64,2854.64
2012-06-26,2882.18,2882.18
2012-06-27,2920,2920
2012-06-28,2881.8,2881.8
2012-06-29,2927.23,2927.23
2012-07-02,2966.58,2966.58
2012-07-03,3019.9,3019.9
2012-07-04,3063.91,3063.91
2012-07-05,3059.8,3059.8
2012-07-06,3041.24,3041.24
2012-07-09,2978.88,2978.88
2012-07-10,3001.11,3001.11
2012-07-11,3022.45,3022.45
2012-07-12,2988.74,2988.74
2012-07-13,3021.97,3021.97
2012-07-16,3052.08,3052.08
2012-07-17,3080.82,3080.82
2012-07-18,3083.74,3083.74
2012-07-19,3085.44,3085.44
2012-07-20,3064.89,3064.89
2012-07-23,3009.13,3009.13
2012-07-24,2992.14,2992.14
2012-07-25,2997.25,2997.25
2012-07-26,3012.37,3012.37
2012-07-27,3065.41,3065.41
2012-07-30,3064.11,3064.11
2012-07-31,3087.12,3087.12
2012-08-01,3085.94,3085.94
2012-08-02,3041.19,3041.19
2012-08-03,3046.66,3046.66
2012-08-06,3064.58,3064.58
2012-08-07,3055.34,3055.34
2012-08-08,3056.59,3056.59
2012-08-09,3072.8,3072.8
2012-08-10,3082.95,3082.95
2012-08-13,3051.04,3051.04
2012-08-14,3065.53,3065.53
2012-08-15,3077.15,3077.15
2012-08-16,3092.49,3092.49
2012-08-23,3080.23,3080.23
2012-08-24,3059.12,3059.12
2012-08-27,3058.48,3058.48
2012-08-28,3048.57,3048.57
2012-08-29,3021.36,3021.36
2012-08-30,2972.06,2972.06
2012-08-31,2984.44,2984.44
2012-09-03,3033.78,3033.78
2012-09-04,3029.99,3029.99
2012-09-05,2989.36,2989.36
2012-09-06,2998.6,2998.6
2012-09-07,3036.16,3036.16
2012-09-10,3057.95,3057.95
2012-09-11,3050.12,3050.12
2012-09-12,3079.74,3079.74
2012-09-13,3077.83,3077.83
2012-09-14,3146.74,3146.74
2012-09-17,3154.02,3154.02
2012-09-18,3123.49,3123.49
2012-09-19,3134.26,3134.26
2012-09-20,3113.35,3113.35
2012-09-21,3131.83,3131.83
2012-09-24,3104.34,3104.34
2012-09-25,3125.93,3125.93
2012-09-26,3075.62,3075.62
2012-09-27,3107.94,3107.94
2012-09-28,3140.8,3140.8
2012-10-01,3139.96,3139.96
2012-10-02,3163.01,3163.01
2012-10-04,3190.8,3190.8
2012-10-05,3220.55,3220.55
2012-10-08,3185.15,3185.15
2012-10-09,3179.75,3179.75
2012-10-10,3181.02,3181.02
2012-10-11,3193.56,3193.56
2012-10-12,3217.97,3217.97
2012-10-15,3224.89,3224.89
2012-10-16,3247.8,3247.8
2012-10-17,3261.31,3261.31
2012-10-18,3277.19,3277.19
2012-10-19,3255.61,3255.61
2012-10-22,3264.87,3264.87
2012-10-23,3257.77,3257.77
2012-10-24,3272.13,3272.13
2012-10-25,3271.54,3271.54
2012-10-29,3267.66,3267.66
2012-10-30,3287.73,3287.73
2012-10-31,3294.85,3294.85
2012-11-01,3292.01,3292.01
2012-11-02,3294.09,3294.09
2012-11-05,3262.39,3262.39
2012-11-06,3281.13,3281.13
2012-11-07,3305.65,3305.65
2012-11-08,3279.17,3279.17
2012-11-09,3269.52,3269.52
2012-11-12,3255.96,3255.96
2012-11-13,3267.18,3267.18
2012-11-14,3269.03,3269.03
2012-11-19,3247.44,3247.44
2012-11-20,3247.91,3247.91
2012-11-21,3252.53,3252.53
2012-11-22,3267.71,3267.71
2012-11-23,3272.4,3272.4
2012-11-26,3298,3298
2012-11-27,3269.52,3269.52
2012-11-28,3241.91,3241.91
2012-11-29,3253.05,3253.05
2012-11-30,3231.33,3231.33
2012-12-03,3229.82,3229.82
2012-12-04,3227.57,3227.57
2012-12-06,3243.43,3243.43
2012-12-07,3239.88,3239.88
2012-12-10,3231.29,3231.29
2012-12-11,3239.12,3239.12
2012-12-12,3231.13,3231.13
2012-12-13,3202.7,3202.7
2012-12-14,3210.6,3210.6
2012-12-17,3216.48,3216.48
2012-12-18,3209.36,3209.36
2012-12-19,3188.23,3188.23
2012-12-20,3159.25,3159.25
2012-12-21,3171.25,3171.25
2012-12-26,3195.25,3195.25
2012-12-27,3198.55,3198.55
2012-12-28,3215.64,3215.64
2013-01-02,3238.21,3238.21
2013-01-03,3279.91,3279.91
2013-01-04,3287.67,3287.67
2013-01-07,3271.38,3271.38
2013-01-08,3265.36,3265.36
2013-01-09,3237.25,3237.25
2013-01-10,3206.66,3206.66
2013-01-11,3191.69,3191.69
2013-01-14,3244.11,3244.11
2013-01-15,3261.97,3261.97
2013-01-16,3270.76,3270.76
2013-01-17,3257.16,3257.16
2013-01-18,3311.09,3311.09
2013-01-21,3295.25,3295.25
2013-01-22,3289.97,3289.97
2013-01-23,3279.56,3279.56
2013-01-25,3292.24,3292.24
2013-01-28,3269.36,3269.36
2013-01-29,3294.02,3294.02
2013-01-30,3299.65,3299.65
2013-01-31,3282.6,3282.6
2013-02-01,3291.6,3291.6
2013-02-04,3303.25,3303.25
2013-02-05,3304.25,3304.25
2013-02-06,3321.99,3321.99
2013-02-07,3321.1,3321.1
2013-02-08,3311.41,3311.41
2013-02-11,3323.04,3323.04
2013-02-12,3359.45,3359.45
2013-02-13,3375.25,3375.25
2013-02-14,3375.74,3375.74
2013-02-15,3388.72,3388.72
2013-02-18,3390.69,3390.69
2013-02-19,3360.03,3360.03
2013-02-20,3393.62,3393.62
2013-02-21,3387.01,3387.01
2013-02-22,3395.16,3395.16
2013-02-25,3422.14,3422.14
2013-02-26,3404.52,3404.52
2013-02-27,3453.12,3453.12
2013-02-28,3506.1,3506.1
2013-03-01,3531.33,3531.33
2013-03-04,3498.57,3498.57
2013-03-05,3509.18,3509.18
2013-03-06,3573.6,3573.6
2013-03-07,3586.04,3586.04
2013-03-08,3611.65,3611.65
2013-03-11,3578.59,3578.59
2013-03-13,3553.37,3553.37
2013-03-14,3507.03,3507.03
2013-03-15,3544.34,3544.34
2013-03-18,3542.58,3542.58
2013-03-19,3557.95,3557.95
2013-03-20,3581.91,3581.91
2013-03-21,3558.62,3558.62
2013-03-22,3472.34,3472.34
2013-03-25,3514.82,3514.82
2013-03-26,3556.25,3556.25
2013-03-27,3607.84,3607.84
2013-03-28,3603.71,3603.71
2013-04-01,3590.51,3590.51
2013-04-02,3599.94,3599.94
2013-04-03,3625.61,3625.61
2013-04-04,3577.61,3577.61
2013-04-05,3574.59,3574.59
2013-04-08,3560.52,3560.52
2013-04-09,3561.37,3561.37
2013-04-10,3531.02,3531.02
2013-04-11,3580.39,3580.39
2013-04-12,3586.75,3586.75
2013-04-15,3559.2,3559.2
2013-04-16,3617.78,3617.78
2013-04-17,3652.15,3652.15
2013-04-18,3671.08,3671.08
2013-04-19,3662.47,3662.47
2013-04-22,3669.41,3669.41
2013-04-23,3663.6,3663.6
2013-04-24,3694.62,3694.62
2013-04-25,3672.18,3672.18
2013-04-26,3664.18,3664.18
2013-04-29,3695.18,3695.18
2013-04-30,3747.37,3747.37
2013-05-01,3766.67,3766.67
2013-05-02,3713.39,3713.39
2013-05-03,3665.78,3665.78
2013-05-06,3697.96,3697.96
2013-05-07,3742.44,3742.44
2013-05-08,3784.29,3784.29
2013-05-10,3799.01,3799.01
2013-05-13,3778.15,3778.15
2013-05-14,3788.84,3788.84
2013-05-15,3798.36,3798.36
2013-05-16,3788.2,3788.2
2013-05-17,3854.05,3854.05
2013-05-20,3907.5,3907.5
2013-05-21,3879.24,3879.24
2013-05-22,3921.76,3921.76
2013-05-23,3835.02,3835.02
2013-05-24,3876.53,3876.53
2013-05-27,3813.45,3813.45
2013-05-28,3890.74,3890.74
2013-05-29,3928.64,3928.64
2013-05-30,3889.83,3889.83
2013-05-31,3834.44,3834.44
2013-06-03,3747.55,3747.55
2013-06-04,3778.94,3778.94
2013-06-05,3763.23,3763.23
2013-06-07,3636.94,3636.94
2013-06-10,3577.38,3577.38
2013-06-11,3435.57,3435.57
2013-06-12,3564.91,3564.91
2013-06-13,3492.91,3492.91
2013-06-14,3609.77,3609.77
2013-06-17,3634.09,3634.09
2013-06-18,3663.97,3663.97
2013-06-19,3625.05,3625.05
2013-06-20,3500.06,3500.06
2013-06-21,3402.46,3402.46
2013-06-24,3319.37,3319.37
2013-06-25,3328.7,3328.7
2013-06-26,3475.19,3475.19
2013-06-27,3559.8,3559.8
2013-06-28,3664.49,3664.49
2013-07-01,3621.62,3621.62
2013-07-02,3585.96,3585.96
2013-07-03,3470.97,3470.97
2013-07-04,3460.34,3460.34
2013-07-05,3483.58,3483.58
2013-07-08,3351.15,3351.15
2013-07-09,3324.01,3324.01
2013-07-10,3413.03,3413.03
2013-07-11,3499.8,3499.8
2013-07-12,3518.42,3518.42
2013-07-15,3509.82,3509.82
2013-07-16,3519.35,3519.35
2013-07-17,3539.38,3539.38
2013-07-18,3570.4,3570.4
2013-07-19,3568.71,3568.71
2013-07-22,3535.44,3535.44
2013-07-23,3598.26,3598.26
2013-07-24,3554.49,3554.49
2013-07-25,3527.12,3527.12
2013-07-26,3500.85,3500.85
2013-07-29,3454.04,3454.04
2013-07-30,3477.89,3477.89
2013-07-31,3465.97,3465.97
2013-08-01,3489.01,3489.01
2013-08-02,3490.84,3490.84
2013-08-12,3454.45,3454.45
2013-08-13,3500.03,3500.03
2013-08-14,3529.45,3529.45
2013-08-15,3514.17,3514.17
2013-08-16,3438.28,3438.28
2013-08-19,3253.23,3253.23
2013-08-20,3152.26,3152.26
2013-08-21,3207.84,3207.84
2013-08-22,3166.13,3166.13
2013-08-23,3166.13,3166.13
2013-08-26,3117.32,3117.32
2013-08-27,3002.2,3002.2
2013-08-28,3065.71,3065.71
2013-08-29,3134.74,3134.74
2013-08-30,3231.55,3231.55
2013-09-02,3158.78,3158.78
2013-09-03,3204.41,3204.41
2013-09-04,3131.69,3131.69
2013-09-05,3098.66,3098.66
2013-09-06,3112.64,3112.64
2013-09-09,3195.47,3195.47
2013-09-10,3307.73,3307.73
2013-09-11,3280.31,3280.31
2013-09-12,3275.95,3275.95
2013-09-13,3284,3284
2013-09-16,3396.46,3396.46
2013-09-17,3375.35,3375.35
2013-09-18,3336.74,3336.74
2013-09-19,3508.8,3508.8
2013-09-20,3446.69,3446.69
2013-09-23,3428.05,3428.05
2013-09-24,3332.91,3332.91
2013-09-25,3284.52,3284.52
2013-09-26,3287,3287
2013-09-27,3299.95,3299.95
2013-09-30,3197.05,3197.05
2013-10-01,3232.2,3232.2
2013-10-02,3268.34,3268.34
2013-10-03,3288.82,3288.82
2013-10-04,3267.4,3267.4
2013-10-07,3248.74,3248.74
2013-10-08,3286.4,3286.4
2013-10-09,3311.28,3311.28
2013-10-10,3324.45,3324.45
2013-10-11,3363.4,3363.4
2013-10-16,3336.03,3336.03
2013-10-17,3360.37,3360.37
2013-10-18,3395.26,3395.26
2013-10-21,3421.2,3421.2
2013-10-22,3356.2,3356.2
2013-10-23,3385.77,3385.77
2013-10-24,3418.42,3418.42
2013-10-25,3400.86,3400.86
2013-10-28,3407.6,3407.6
2013-10-29,3389.42,3389.42
2013-10-30,3399.58,3399.58
2013-10-31,3342.3,3342.3
2013-11-01,3282.17,3282.17
2013-11-04,3281.39,3281.39
2013-11-06,3302.49,3302.49
2013-11-07,3326.76,3326.76
2013-11-08,3313.75,3313.75
2013-11-11,3277.5,3277.5
2013-11-12,3245.5,3245.5
2013-11-13,3177.89,3177.89
2013-11-14,3218,3218
2013-11-15,3176.63,3176.63
2013-11-18,3230.05,3230.05
2013-11-19,3243.04,3243.04
2013-11-20,3196.83,3196.83
2013-11-21,3181.36,3181.36
2013-11-22,3172.71,3172.71
2013-11-25,3173.59,3173.59
2013-11-26,3096.68,3096.68
2013-11-27,3125.39,3125.39
2013-11-28,3118.23,3118.23
2013-11-29,3129.6,3129.6
2013-12-02,3194.35,3194.35
2013-12-03,3162.1,3162.1
2013-12-04,3124.62,3124.62
2013-12-05,3112.67,3112.67
2013-12-06,3089.08,3089.08
2013-12-09,3112.13,3112.13
2013-12-10,3159.53,3159.53
2013-12-11,3150.21,3150.21
2013-12-12,3108.24,3108.24
2013-12-13,3071.02,3071.02
2013-12-16,3035.82,3035.82
2013-12-17,3062.09,3062.09
2013-12-18,3089.16,3089.16
2013-12-19,3116.83,3116.83
2013-12-20,3099.42,3099.42
2013-12-23,3083.98,3083.98
2013-12-24,3105.55,3105.55
2013-12-27,3109.54,3109.54
2013-12-30,3140.27,3140.27
2014-01-02,3193.24,3193.24
2014-01-03,3148.23,3148.23
2014-01-06,3114.22,3114.22
2014-01-07,3078.28,3078.28
2014-01-08,3102.81,3102.81
2014-01-09,3101.2,3101.2
2014-01-10,3147.13,3147.13
2014-01-13,3248.23,3248.23
2014-01-15,3282.96,3282.96
2014-01-16,3262.2,3262.2
2014-01-17,3256.19,3256.19
2014-01-20,3279.08,3279.08
2014-01-21,3286.85,3286.85
2014-01-22,3295.37,3295.37
2014-01-23,3305.46,3305.46
2014-01-24,3263.11,3263.11
2014-01-27,3169.18,3169.18
2014-01-28,3195.49,3195.49
2014-01-29,3254.94,3254.94
2014-01-30,3259.44,3259.44
2014-02-03,3232.5,3232.5
2014-02-04,3200.97,3200.97
2014-02-05,3235.4,3235.4
2014-02-06,3266.87,3266.87
2014-02-07,3294.01,3294.01
2014-02-10,3279.77,3279.77
2014-02-11,3301.91,3301.91
2014-02-12,3321.37,3321.37
2014-02-13,3314.73,3314.73
2014-02-14,3326.06,3326.06
2014-02-17,3368.22,3368.22
2014-02-18,3369.51,3369.51
2014-02-19,3392.71,3392.71
2014-02-20,3384.79,3384.79
2014-02-21,3413.15,3413.15
2014-02-24,3392.19,3392.19
2014-02-25,3360.35,3360.35
2014-02-26,3321.9,3321.9
2014-02-27,3358.03,3358.03
2014-02-28,3411.26,3411.26
2014-03-03,3379.28,3379.28
2014-03-04,3397.34,3397.34
2014-03-05,3442.85,3442.85
2014-03-06,3465.21,3465.21
2014-03-07,3475.67,3475.67
2014-03-10,3484.06,3484.06
2014-03-11,3507.79,3507.79
2014-03-12,3488.07,3488.07
2014-03-13,3522.01,3522.01
2014-03-14,3630.31,3630.31
2014-03-17,3651.3,3651.3
2014-03-18,3584.61,3584.61
2014-03-19,3609.43,3609.43
2014-03-20,3498.23,3498.23
2014-03-21,3519.3,3519.3
2014-03-24,3533.94,3533.94
2014-03-25,3507.07,3507.07
2014-03-26,3528.01,3528.01
2014-03-27,3514.69,3514.69
2014-03-28,3535.68,3535.68
2014-04-01,3619.37,3619.37
2014-04-02,3615.44,3615.44
2014-04-03,3631.04,3631.04
2014-04-04,3613.49,3613.49
2014-04-07,3673.35,3673.35
2014-04-08,3668.72,3668.72
2014-04-10,3515.19,3515.19
2014-04-11,3553.65,3553.65
2014-04-14,3604.73,3604.73
2014-04-15,3614.73,3614.73
2014-04-16,3610.23,3610.23
2014-04-17,3635.58,3635.58
2014-04-21,3621.08,3621.08
2014-04-22,3623.73,3623.73
2014-04-23,3618.36,3618.36
2014-04-24,3617.59,3617.59
2014-04-25,3630.36,3630.36
2014-04-28,3559.86,3559.86
2014-04-29,3568.53,3568.53
2014-04-30,3571.48,3571.48
2014-05-02,3567.46,3567.46
2014-05-05,3576.54,3576.54
2014-05-06,3569.8,3569.8
2014-05-07,3600.58,3600.58
2014-05-08,3617.36,3617.36
2014-05-09,3637.17,3637.17
2014-05-12,3666.54,3666.54
2014-05-13,3659.16,3659.16
2014-05-14,3712.17,3712.17
2014-05-16,3736.14,3736.14
2014-05-19,3708.37,3708.37
2014-05-20,3624.11,3624.11
2014-05-21,3643.9,3643.9
2014-05-22,3686.81,3686.81
2014-05-23,3688.53,3688.53
2014-05-26,3679.14,3679.14
2014-05-28,3693.56,3693.56
2014-05-30,3631.14,3631.14
2014-06-02,3629.09,3629.09
2014-06-03,3649.17,3649.17
2014-06-04,3644.97,3644.97
2014-06-05,3651.48,3651.48
2014-06-06,3658.41,3658.41
2014-06-09,3617.03,3617.03
2014-06-10,3659.06,3659.06
2014-06-11,3683.94,3683.94
2014-06-12,3659.16,3659.16
2014-06-13,3650.34,3650.34
2014-06-16,3618.78,3618.78
2014-06-17,3637.67,3637.67
2014-06-18,3618.44,3618.44
2014-06-19,3589.83,3589.83
2014-06-20,3587.53,3587.53
2014-06-23,3583.32,3583.32
2014-06-24,3595.71,3595.71
2014-06-25,3577.89,3577.89
2014-06-26,3598.4,3598.4
2014-06-27,3579.22,3579.22
2014-06-30,3601.99,3601.99
2014-07-01,3603.43,3603.43
2014-07-02,3627.87,3627.87
2014-07-03,3621.19,3621.19
2014-07-04,3639.17,3639.17
2014-07-07,3720.89,3720.89
2014-07-08,3738.6,3738.6
2014-07-10,3796.16,3796.16
2014-07-11,3739.38,3739.38
2014-07-14,3732.67,3732.67
2014-07-15,3786.19,3786.19
2014-07-16,3824.19,3824.19
2014-07-17,3774.65,3774.65
2014-07-18,3798.68,3798.68
2014-07-21,3849.95,3849.95
2014-07-22,3819.31,3819.31
2014-07-23,3819.35,3819.35
2014-07-24,3813.47,3813.47
2014-07-25,3804.46,3804.46
2014-08-04,3830.88,3830.88
2014-08-05,3820.12,3820.12
2014-08-06,3771.54,3771.54
2014-08-07,3778.45,3778.45
2014-08-08,3772.01,3772.01
2014-08-11,3824.48,3824.48
2014-08-12,3847.65,3847.65
2014-08-13,3879.92,3879.92
2014-08-14,3866.25,3866.25
2014-08-15,3856.84,3856.84
2014-08-18,3864.83,3864.83
2014-08-19,3873.09,3873.09
2014-08-20,3888.93,3888.93
2014-08-21,3900.98,3900.98
2014-08-22,3891.79,3891.79
2014-08-25,3874.24,3874.24
2014-08-26,3828.72,3828.72
2014-08-27,3837.79,3837.79
2014-08-28,3861.51,3861.51
2014-08-29,3822.21,3822.21
2014-09-01,3844.5,3844.5
2014-09-02,3865.83,3865.83
2014-09-03,3890.85,3890.85
2014-09-04,3862.77,3862.77
2014-09-05,3867.49,3867.49
2014-09-08,3884.84,3884.84
2014-09-09,3831.12,3831.12
2014-09-10,3778.5,3778.5
2014-09-11,3761.02,3761.02
2014-09-12,3776.59,3776.59
2014-09-15,3787.21,3787.21
2014-09-16,3780.16,3780.16
2014-09-17,3828.41,3828.41
2014-09-18,3836.38,3836.38
2014-09-19,3852.57,3852.57
2014-09-22,3836.84,3836.84
2014-09-23,3805.31,3805.31
2014-09-24,3789.24,3789.24
2014-09-25,3806.74,3806.74
2014-09-26,3753.03,3753.03
2014-09-29,3747.29,3747.29
2014-09-30,3736.87,3736.87
2014-10-01,3726.29,3726.29
2014-10-02,3619.66,3619.66
2014-10-03,3587.62,3587.62
2014-10-06,3617.05,3617.05
2014-10-07,3654.65,3654.65
2014-10-08,3598.1,3598.1
2014-10-09,3616.71,3616.71
2014-10-10,3585.53,3585.53
2014-10-13,3554.68,3554.68
2014-10-14,3572.29,3572.29
2014-10-15,3593.13,3593.13
2014-10-16,3594.09,3594.09
2014-10-17,3660.66,3660.66
2014-10-20,3663.44,3663.44
2014-10-21,3657.67,3657.67
2014-10-22,3692.42,3692.42
2014-10-23,3703.61,3703.61
2014-10-24,3675.18,3675.18
2014-10-27,3645.44,3645.44
2014-10-28,3616.72,3616.72
2014-10-29,3675.7,3675.7
2014-10-30,3671.61,3671.61
2014-10-31,3690.89,3690.89
2014-11-03,3683.72,3683.72
2014-11-04,3657.77,3657.77
2014-11-05,3654.56,3654.56
2014-11-06,3644.17,3644.17
2014-11-07,3600.82,3600.82
2014-11-10,3582.59,3582.59
2014-11-11,3634.14,3634.14
2014-11-12,3646.57,3646.57
2014-11-13,3657.72,3657.72
2014-11-14,3659.31,3659.31
2014-11-17,3678.56,3678.56
2014-11-18,3715.22,3715.22
2014-11-19,3734.97,3734.97
2014-11-20,3708.07,3708.07
2014-11-21,3742.24,3742.24
2014-11-24,3785.6,3785.6
2014-11-25,3761.19,3761.19
2014-11-26,3762.97,3762.97
2014-11-27,3775.96,3775.96
2014-11-28,3780.87,3780.87
2014-12-01,3800.52,3800.52
2014-12-02,3810.27,3810.27
2014-12-03,3796.51,3796.51
2014-12-04,3815.43,3815.43
2014-12-05,3813.3,3813.3
2014-12-08,3766.71,3766.71
2014-12-09,3760.51,3760.51
2014-12-10,3794.31,3794.31
2014-12-11,3790.69,3790.69
2014-12-12,3791.38,3791.38
2014-12-15,3755.8,3755.8
2014-12-16,3683.92,3683.92
2014-12-17,3684.72,3684.72
2014-12-18,3747.74,3747.74
2014-12-19,3774.65,3774.65
2014-12-22,3758.11,3758.11
2014-12-23,3778.76,3778.76
2014-12-24,3796.17,3796.17
2014-12-29,3815.64,3815.64
2014-12-30,3831.04,3831.04
2015-01-02,3851.07,3851.07
2015-01-05,3823.28,3823.28
2015-01-06,3787.44,3787.44
2015-01-07,3831.59,3831.59
2015-01-08,3839.84,3839.84
2015-01-09,3832.86,3832.86
2015-01-12,3809.3,3809.3
2015-01-13,3828.3,3828.3
2015-01-14,3769.24,3769.24
2015-01-15,3800.05,3800.05
2015-01-16,3763.82,3763.82
2015-01-19,3762.17,3762.17
2015-01-20,3793.3,3793.3
2015-01-21,3842.31,3842.31
2015-01-22,3896.19,3896.19
2015-01-23,3929.1,3929.1
2015-01-26,3869.76,3869.76
2015-01-27,3888.18,3888.18
2015-01-28,3884.57,3884.57
2015-01-29,3878.11,3878.11
2015-01-30,3901.74,3901.74
2015-02-02,3877.87,3877.87
2015-02-03,3910.48,3910.48
2015-02-04,3911.24,3911.24
2015-02-05,3880.87,3880.87
2015-02-06,3932.46,3932.46
2015-02-09,3932.66,3932.66
2015-02-10,3910.98,3910.98
2015-02-11,3932.93,3932.93
2015-02-12,3926.37,3926.37
2015-02-13,3954.86,3954.86
2015-02-16,3898.31,3898.31
2015-02-17,3916.36,3916.36
2015-02-18,3954.92,3954.92
2015-02-20,3954.02,3954.02
2015-02-23,3961.8,3961.8
2015-02-24,3970.63,3970.63
2015-02-25,4001.53,4001.53
2015-02-26,4006.21,4006.21
2015-02-27,3987.37,3987.37
2015-03-02,4001.24,4001.24
2015-03-03,3995.25,3995.25
2015-03-04,3963.02,3963.02
2015-03-05,3951.84,3951.84
2015-03-06,3992.93,3992.93
2015-03-09,3932.3,3932.3
2015-03-10,3936.04,3936.04
2015-03-11,3893.92,3893.92
2015-03-12,3907.61,3907.61
2015-03-13,3903.98,3903.98
2015-03-16,3904.25,3904.25
2015-03-17,3908.6,3908.6
2015-03-18,3879.47,3879.47
2015-03-19,3919.96,3919.96
2015-03-20,3906.99,3906.99
2015-03-23,3896.28,3896.28
2015-03-24,3887.05,3887.05
2015-03-25,3822.05,3822.05
2015-03-26,3780.44,3780.44
2015-03-27,3813.56,3813.56
2015-03-30,3868.83,3868.83
2015-03-31,3909.1,3909.1
2015-04-01,3877.35,3877.35
2015-04-02,3857.14,3857.14
2015-04-06,3869.04,3869.04
2015-04-07,3924.25,3924.25
2015-04-08,3898.01,3898.01
2015-04-09,3907.2,3907.2
2015-04-10,3896.13,3896.13
2015-04-13,3865.25,3865.25
2015-04-14,3830.47,3830.47
2015-04-15,3833.03,3833.03
2015-04-16,3833.57,3833.57
2015-04-17,3832.8,3832.8
2015-04-20,3809.67,3809.67
2015-04-21,3870.19,3870.19
2015-04-22,3857.45,3857.45
2015-04-23,3863.91,3863.91
2015-04-24,3879.14,3879.14
2015-04-27,3760.63,3760.63
2015-04-28,3774.91,3774.91
2015-04-29,3664.64,3664.64
2015-04-30,3612.28,3612.28
2015-05-04,3650.94,3650.94
2015-05-05,3675.76,3675.76
2015-05-06,3714.92,3714.92
2015-05-07,3700.66,3700.66
2015-05-08,3738.27,3738.27
2015-05-11,3734.19,3734.19
2015-05-12,3740.35,3740.35
2015-05-13,3784.01,3784.01
2015-05-15,3797.49,3797.49
2015-05-18,3804.26,3804.26
2015-05-19,3822.32,3822.32
2015-05-20,3837.01,3837.01
2015-05-21,3828.37,3828.37
2015-05-22,3834.33,3834.33
2015-05-25,3829.02,3829.02
2015-05-26,3858.44,3858.44
2015-05-27,3802.51,3802.51
2015-05-28,3795.59,3795.59
2015-05-29,3765.96,3765.96
2015-06-01,3765.69,3765.69
2015-06-03,3719.89,3719.89
2015-06-04,3694.36,3694.36
2015-06-05,3685.42,3685.42
2015-06-08,3621.07,3621.07
2015-06-09,3530.48,3530.48
2015-06-10,3578.76,3578.76
2015-06-11,3578.81,3578.81
2015-06-12,3559.29,3559.29
2015-06-15,3472.04,3472.04
2015-06-16,3504.56,3504.56
2015-06-17,3551.96,3551.96
2015-06-18,3571.95,3571.95
2015-06-19,3586.26,3586.26
2015-06-22,3562.66,3562.66
2015-06-23,3554.67,3554.67
2015-06-24,3595.18,3595.18
2015-06-25,3561.7,3561.7
2015-06-26,3551.96,3551.96
2015-06-29,3512.56,3512.56
2015-06-30,3528.11,3528.11
2015-07-01,3518.84,3518.84
2015-07-02,3562.28,3562.28
2015-07-03,3601.6,3601.6
2015-07-06,3548.75,3548.75
2015-07-07,3551.75,3551.75
2015-07-08,3526.37,3526.37
2015-07-09,3501.63,3501.63
2015-07-10,3528.3,3528.3
2015-07-13,3554.12,3554.12
2015-07-14,3558.77,3558.77
2015-07-15,3543.76,3543.76
2015-07-22,3566.53,3566.53
2015-07-23,3560.99,3560.99
2015-07-24,3515.13,3515.13
2015-07-27,3451.91,3451.91
2015-07-28,3424.23,3424.23
2015-07-29,3422.86,3422.86
2015-07-30,3409.64,3409.64
2015-07-31,3468.82,3468.82
2015-08-03,3455.47,3455.47
2015-08-04,3441.12,3441.12
2015-08-05,3483.91,3483.91
2015-08-06,3437.58,3437.58
2015-08-07,3423.07,3423.07
2015-08-10,3402.71,3402.71
2015-08-11,3305.94,3305.94
2015-08-12,3191.19,3191.19
2015-08-13,3286.84,3286.84
2015-08-14,3291.97,3291.97
2015-08-18,3234.5,3234.5
2015-08-19,3215.66,3215.66
2015-08-20,3186.92,3186.92
2015-08-21,3110.96,3110.96
2015-08-24,2983.8,2983.8
2015-08-25,3007.22,3007.22
2015-08-26,3000.61,3000.61
2015-08-27,3152.58,3152.58
2015-08-28,3161.4,3161.4
2015-08-31,3215.61,3215.61
2015-09-01,3147.84,3147.84
2015-09-02,3136.35,3136.35
2015-09-03,3188.21,3188.21
2015-09-04,3163.9,3163.9
2015-09-07,3057.71,3057.71
2015-09-08,3082.07,3082.07
2015-09-09,3116.37,3116.37
2015-09-10,3122.45,3122.45
2015-09-11,3140.42,3140.42
2015-09-14,3164.3,3164.3
2015-09-15,3120.85,3120.85
2015-09-16,3108.76,3108.76
2015-09-17,3142.04,3142.04
2015-09-18,3143.72,3143.72
2015-09-21,3138.03,3138.03
2015-09-22,3110.83,3110.83
2015-09-23,3048.07,3048.07
2015-09-25,3033.82,3033.82
2015-09-28,2966.9,2966.9
2015-09-29,3014,3014
2015-09-30,3020.82,3020.82
2015-10-01,3066.48,3066.48
2015-10-02,3030.85,3030.85
2015-10-05,3142.82,3142.82
2015-10-06,3221.14,3221.14
2015-10-07,3251.45,3251.45
2015-10-08,3252.65,3252.65
2015-10-09,3341.38,3341.38
2015-10-12,3360.58,3360.58
2015-10-13,3243.27,3243.27
2015-10-15,3264.21,3264.21
2015-10-16,3272.98,3272.98
2015-10-19,3316.78,3316.78
2015-10-20,3332.11,3332.11
2015-10-21,3356.04,3356.04
2015-10-22,3332.38,3332.38
2015-10-23,3394.26,3394.26
2015-10-26,3407.09,3407.09
2015-10-27,3388.32,3388.32
2015-10-28,3345.55,3345.55
2015-10-29,3230.89,3230.89
2015-10-30,3236.82,3236.82
2015-11-02,3253.79,3253.79
2015-11-03,3300.03,3300.03
2015-11-04,3349.84,3349.84
2015-11-05,3327.24,3327.24
2015-11-06,3315.96,3315.96
2015-11-09,3245.62,3245.62
2015-11-10,3222.78,3222.78
2015-11-11,3238.11,3238.11
2015-11-12,3239.97,3239.97
2015-11-13,3247.08,3247.08
2015-11-16,3215.32,3215.32
2015-11-17,3248.79,3248.79
2015-11-18,3258.95,3258.95
2015-11-19,3282.45,3282.45
2015-11-20,3323.39,3323.39
2015-11-23,3286.76,3286.76
2015-11-24,3283.48,3283.48
2015-11-25,3301.73,3301.73
2015-11-26,3315.69,3315.69
2015-11-27,3297.16,3297.16
2015-11-30,3207.23,3207.23
2015-12-01,3294.69,3294.69
2015-12-02,3298.7,3298.7
2015-12-03,3286.41,3286.41
2015-12-04,3259.7,3259.7
2015-12-07,3278.85,3278.85
2015-12-08,3220.49,3220.49
2015-12-10,3200.68,3200.68
2015-12-11,3138.67,3138.67
2015-12-14,3127.42,3127.42
2015-12-15,3151.63,3151.63
2015-12-16,3198.98,3198.98
2015-12-17,3279.58,3279.58
2015-12-18,3230.77,3230.77
2015-12-21,3250.81,3250.81
2015-12-22,3261.96,3261.96
2015-12-23,3256.91,3256.91
2015-12-28,3277.44,3277.44
2015-12-29,3287.59,3287.59
2015-12-30,3307.4,3307.4
2016-01-04,3249.06,3249.06
2016-01-05,3275.98,3275.98
2016-01-06,3333.35,3333.35
2016-01-07,3282.87,3282.87
2016-01-08,3289.68,3289.68
2016-01-11,3224.7,3224.7
2016-01-12,3269.19,3269.19
2016-01-13,3296.4,3296.4
2016-01-14,3253,3253
2016-01-15,3249.65,3249.65
2016-01-18,3211.09,3211.09
2016-01-19,3244.24,3244.24
2016-01-20,3189.63,3189.63
2016-01-21,3184.34,3184.34
2016-01-22,3218.13,3218.13
2016-01-25,3241.07,3241.07
2016-01-26,3230.04,3230.04
2016-01-27,3274.4,3274.4
2016-01-28,3282.26,3282.26
2016-01-29,3300.7,3300.7
2016-02-01,3289.89,3289.89
2016-02-02,3270.71,3270.71
2016-02-03,3294.27,3294.27
2016-02-04,3348.12,3348.12
2016-02-05,3439.07,3439.07
2016-02-09,3407.18,3407.18
2016-02-10,3399.84,3399.84
2016-02-11,3445.3,3445.3
2016-02-12,3398.7,3398.7
2016-02-15,3417.95,3417.95
2016-02-16,3424.07,3424.07
2016-02-17,3450.93,3450.93
2016-02-18,3461.84,3461.84
2016-02-19,3403.31,3403.31
2016-02-22,3410.5,3410.5
2016-02-23,3359.74,3359.74
2016-02-24,3360.81,3360.81
2016-02-25,3363.39,3363.39
2016-02-26,3429.77,3429.77
2016-02-29,3455.36,3455.36
2016-03-01,3480.56,3480.56
2016-03-02,3528.27,3528.27
2016-03-03,3526.72,3526.72
2016-03-04,3524.76,3524.76
2016-03-07,3513.98,3513.98
2016-03-08,3504.13,3504.13
2016-03-10,3507.25,3507.25
2016-03-11,3522.27,3522.27
2016-03-14,3589.55,3589.55
2016-03-15,3561.77,3561.77
2016-03-16,3576.02,3576.02
2016-03-17,3617.33,3617.33
2016-03-18,3615.42,3615.42
2016-03-21,3608.82,3608.82
2016-03-22,3601.44,3601.44
2016-03-23,3585.52,3585.52
2016-03-24,3561.36,3561.36
2016-03-28,3520.44,3520.44
2016-03-29,3520.02,3520.02
2016-03-30,3545.89,3545.89
2016-03-31,3557.28,3557.28
2016-04-01,3568.43,3568.43
2016-04-04,3585.1,3585.1
2016-04-05,3560.47,3560.47
2016-04-06,3572.91,3572.91
2016-04-07,3571.48,3571.48
2016-04-08,3573.97,3573.97
2016-04-11,3530.45,3530.45
2016-04-12,3561.16,3561.16
2016-04-13,3589.8,3589.8
2016-04-14,3560.81,3560.81
2016-04-15,3590.4,3590.4
2016-04-18,3618.24,3618.24
2016-04-19,3653.02,3653.02
2016-04-20,3661.81,3661.81
2016-04-21,3676.7,3676.7
2016-04-22,3678.01,3678.01
2016-04-25,3660.26,3660.26
2016-04-26,3615.87,3615.87
2016-04-27,3605.15,3605.15
2016-04-28,3588.82,3588.82
2016-04-29,3571.6,3571.6
2016-05-02,3532.98,3532.98
2016-05-03,3535.4,3535.4
2016-05-04,3541.09,3541.09
2016-05-09,3490.42,3490.42
2016-05-10,3498.69,3498.69
2016-05-11,3543.5,3543.5
2016-05-12,3539.51,3539.51
2016-05-13,3497.82,3497.82
2016-05-16,3473.53,3473.53
2016-05-17,3487,3487
2016-05-18,3508.81,3508.81
2016-05-19,3465.75,3465.75
2016-05-20,3471.06,3471.06
2016-05-23,3502.38,3502.38
2016-05-24,3479.94,3479.94
2016-05-25,3541.92,3541.92
2016-05-26,3551.68,3551.68
2016-05-27,3585.62,3585.62
2016-05-30,3585.31,3585.31
2016-05-31,3543.47,3543.47
2016-06-01,3575.94,3575.94
2016-06-02,3568.39,3568.39
2016-06-03,3598.79,3598.79
2016-06-06,3644.67,3644.67
2016-06-07,3675.81,3675.81
2016-06-08,3654.13,3654.13
2016-06-09,3632.71,3632.71
2016-06-10,3606.71,3606.71
2016-06-13,3582.48,3582.48
2016-06-14,3585.39,3585.39
2016-06-15,3611.08,3611.08
2016-06-16,3588.61,3588.61
2016-06-17,3626.55,3626.55
2016-06-20,3651.98,3651.98
2016-06-21,3669.72,3669.72
2016-06-22,3685.58,3685.58
2016-06-23,3666.15,3666.15
2016-06-24,3629.26,3629.26
2016-06-27,3651.14,3651.14
2016-06-28,3671.21,3671.21
2016-06-29,3746.94,3746.94
2016-06-30,3768.03,3768.03
2016-07-01,3729.87,3729.87
2016-07-11,3806.77,3806.77
2016-07-12,3830.33,3830.33
2016-07-13,3890.37,3890.37
2016-07-14,3840.84,3840.84
2016-07-15,3861.94,3861.94
2016-07-18,3898.37,3898.37
2016-07-19,3916.33,3916.33
2016-07-20,3937.59,3937.59
2016-07-21,3903.93,3903.93
2016-07-22,3905.12,3905.12
2016-07-25,3940.31,3940.31
2016-07-26,3947.58,3947.58
2016-07-27,4004.85,4004.85
2016-07-28,4050.86,4050.86
2016-07-29,3982.25,3982.25
2016-08-01,4081.11,4081.11
2016-08-02,4051.39,4051.39
2016-08-03,4030.45,4030.45
2016-08-04,4058.77,4058.77
2016-08-05,4091.04,4091.04
2016-08-08,4133.52,4133.52
2016-08-09,4130.66,4130.66
2016-08-10,4123.17,4123.17
2016-08-11,4116.99,4116.99
2016-08-12,4075.73,4075.73
2016-08-15,4013.08,4013.08
2016-08-16,4055.45,4055.45
2016-08-18,4126.96,4126.96
2016-08-19,4075.62,4075.62
2016-08-22,4091.09,4091.09
2016-08-23,4073.51,4073.51
2016-08-24,4049.17,4049.17
2016-08-25,4093.6,4093.6
2016-08-26,4078.51,4078.51
2016-08-29,3993.81,3993.81
2016-08-30,3983.72,3983.72
2016-08-31,4015.62,4015.62
2016-09-01,3961.14,3961.14
2016-09-02,3987.3,3987.3
2016-09-05,4002.17,4002.17
2016-09-06,4018.33,4018.33
2016-09-07,4017.82,4017.82
2016-09-08,3986.4,3986.4
2016-09-09,3913.77,3913.77
2016-09-13,3846.9,3846.9
2016-09-14,3778.96,3778.96
2016-09-15,3885.75,3885.75
2016-09-16,3860.96,3860.96
2016-09-19,3919.07,3919.07
2016-09-20,3902.69,3902.69
2016-09-21,3950.43,3950.43
2016-09-22,3979.93,3979.93
2016-09-23,3982.43,3982.43
2016-09-26,3937.3,3937.3
2016-09-27,4008.47,4008.47
2016-09-28,4019.97,4019.97
2016-09-29,4049.71,4049.71
2016-09-30,3956.29,3956.29
2016-10-03,4051.95,4051.95
2016-10-04,4053.15,4053.15
2016-10-05,3998.32,3998.32
2016-10-06,3994.67,3994.67
2016-10-07,3977.77,3977.77
2016-10-10,3962.2,3962.2
2016-10-11,3989.26,3989.26
2016-10-12,3987.16,3987.16
2016-10-13,3957.84,3957.84
2016-10-14,3993.92,3993.92
2016-10-17,3997.59,3997.59
2016-10-18,4031.19,4031.19
2016-10-19,4009.37,4009.37
2016-10-20,4003.31,4003.31
2016-10-21,3996.71,3996.71
2016-10-24,4021.25,4021.25
2016-10-25,4009.13,4009.13
2016-10-26,4005.72,4005.72
2016-10-27,4024.22,4024.22
2016-10-28,4016.08,4016.08
2016-10-31,4018.6,4018.6
2016-11-01,4003.53,4003.53
2016-11-02,3979.98,3979.98
2016-11-03,3911.92,3911.92
2016-11-04,3935.37,3935.37
2016-11-07,3969,3969
2016-11-08,4030.35,4030.35
2016-11-09,3970.85,3970.85
2016-11-10,4041.72,4041.72
2016-11-11,3878.3,3878.3
2016-11-14,3765.33,3765.33
2016-11-15,3697.58,3697.58
2016-11-16,3814.26,3814.26
2016-11-17,3801.11,3801.11
2016-11-18,3767.36,3767.36
2016-11-21,3751.92,3751.92
2016-11-22,3789.2,3789.2
2016-11-23,3815.8,3815.8
2016-11-24,3744.38,3744.38
2016-11-25,3770.57,3770.57
2016-11-28,3771.95,3771.95
2016-11-29,3790.89,3790.89
2016-11-30,3780.79,3780.79
2016-12-01,3837.49,3837.49
2016-12-02,3865.94,3865.94
2016-12-05,3897.69,3897.69
2016-12-06,3888.36,3888.36
2016-12-07,3864.29,3864.29
2016-12-08,3892.03,3892.03
2016-12-09,3895.2,3895.2
2016-12-13,3878.78,3878.78
2016-12-14,3838.67,3838.67
2016-12-15,3824.53,3824.53
2016-12-16,3798.82,3798.82
2016-12-19,3754.93,3754.93
2016-12-20,3703.84,3703.84
2016-12-21,3675.04,3675.04
2016-12-22,3610.08,3610.08
2016-12-23,3581.8,3581.8
2016-12-27,3638.32,3638.32
2016-12-28,3725.4,3725.4
2016-12-29,3798.28,3798.28
2016-12-30,3802.15,3802.15
2017-01-03,3784.26,3784.26
2017-01-04,3792.13,3792.13
2017-01-05,3809.07,3809.07
2017-01-06,3829.22,3829.22
2017-01-09,3803.88,3803.88
2017-01-10,3806.22,3806.22
2017-01-11,3795.9,3795.9
2017-01-12,3780.92,3780.92
2017-01-13,3765.53,3765.53
2017-01-16,3746.1,3746.1
2017-01-17,3747.52,3747.52
2017-01-18,3778.11,3778.11
2017-01-19,3785.32,3785.32
2017-01-20,3735.41,3735.41
2017-01-23,3726.21,3726.21
2017-01-24,3755.64,3755.64
2017-01-25,3757.71,3757.71
2017-01-26,3776.57,3776.57
2017-01-27,3765.28,3765.28
2017-01-30,3751.36,3751.36
2017-01-31,3756.22,3756.22
2017-02-01,3785.99,3785.99
2017-02-02,3823.61,3823.61
2017-02-03,3834,3834
2017-02-06,3844.72,3844.72
2017-02-07,3817.44,3817.44
2017-02-08,3807.29,3807.29
2017-02-09,3798.21,3798.21
2017-02-10,3814.48,3814.48
2017-02-13,3847.25,3847.25
2017-02-14,3820.96,3820.96
2017-02-16,3836.39,3836.39
2017-02-17,3799.56,3799.56
2017-02-20,3797.27,3797.27
2017-02-21,3801.84,3801.84
2017-02-22,3798.75,3798.75
2017-02-23,3813.16,3813.16
2017-02-24,3822.46,3822.46
2017-02-27,3804.54,3804.54
2017-02-28,3816.72,3816.72
2017-03-01,3782.79,3782.79
2017-03-02,3812.02,3812.02
2017-03-03,3792.96,3792.96
2017-03-06,3823.23,3823.23
2017-03-07,3816.12,3816.12
2017-03-08,3793.28,3793.28
2017-03-09,3786.75,3786.75
2017-03-10,3757.47,3757.47
2017-03-13,3762.41,3762.41
2017-03-14,3772.97,3772.97
2017-03-15,3753.3,3753.3
2017-03-16,3834.99,3834.99
2017-03-17,3852.37,3852.37
2017-03-20,3837.31,3837.31
2017-03-21,3847.2,3847.2
2017-03-22,3834.91,3834.91
2017-03-23,3847.45,3847.45
2017-03-24,3851.73,3851.73
2017-03-27,3829.14,3829.14
2017-03-29,3884.02,3884.02
2017-03-30,3870.97,3870.97
2017-03-31,3861.4,3861.4
2017-04-03,3893.98,3893.98
2017-04-04,3937.31,3937.31
2017-04-05,3920.06,3920.06
2017-04-06,3891.95,3891.95
2017-04-07,3858.1,3858.1
2017-04-10,3848.64,3848.64
2017-04-11,3845.5,3845.5
2017-04-12,3881.48,3881.48
2017-04-13,3859.36,3859.36
2017-04-17,3821.86,3821.86
2017-04-18,3836.32,3836.32
2017-04-20,3827.94,3827.94
2017-04-21,3899.65,3899.65
2017-04-25,3909.68,3909.68
2017-04-26,3929.55,3929.55
2017-04-27,3928.54,3928.54
2017-04-28,3905.46,3905.46
2017-05-02,3885.96,3885.96
2017-05-03,3846.89,3846.89
2017-05-04,3843.78,3843.78
2017-05-05,3839.04,3839.04
2017-05-08,3862.63,3862.63
2017-05-09,3839.15,3839.15
2017-05-10,3795.81,3795.81
2017-05-12,3801.89,3801.89
2017-05-15,3807.72,3807.72
2017-05-16,3787.95,3787.95
2017-05-17,3746.54,3746.54
2017-05-18,3752.08,3752.08
2017-05-19,3854.86,3854.86
2017-05-22,3842.16,3842.16
2017-05-23,3829.84,3829.84
2017-05-24,3813.5,3813.5
2017-05-26,3835.45,3835.45
2017-05-29,3818.9,3818.9
2017-05-30,3793.47,3793.47
2017-05-31,3832.46,3832.46
2017-06-02,3841.98,3841.98
2017-06-05,3844.41,3844.41
2017-06-06,3820.95,3820.95
2017-06-07,3829.04,3829.04
2017-06-08,3809.92,3809.92
2017-06-09,3789.16,3789.16
2017-06-12,3802.63,3802.63
2017-06-13,3826.13,3826.13
2017-06-14,3893.09,3893.09
2017-06-15,3867.61,3867.61
2017-06-16,3813.98,3813.98
2017-06-19,3820.63,3820.63
2017-06-20,3868.29,3868.29
2017-06-21,3873.69,3873.69
2017-06-22,3870.28,3870.28
2017-07-03,3922.17,3922.17
2017-07-04,3881.06,3881.06
2017-07-05,3863.57,3863.57
2017-07-06,3891.67,3891.67
2017-07-07,3851.79,3851.79
2017-07-10,3821.83,3821.83
2017-07-11,3829.5,3829.5
2017-07-12,3857.5,3857.5
2017-07-13,3860.68,3860.68
2017-07-14,3872.44,3872.44
2017-07-17,3877.88,3877.88
2017-07-18,3854.32,3854.32
2017-07-19,3854.14,3854.14
2017-07-20,3874.64,3874.64
2017-07-21,3832.51,3832.51
2017-07-24,3853.83,3853.83
2017-07-25,3863.18,3863.18
2017-07-26,3850.23,3850.23
2017-07-27,3850.96,3850.96
2017-07-28,3866.09,3866.09
2017-07-31,3862.75,3862.75
2017-08-01,3865.02,3865.02
2017-08-02,3884.54,3884.54
2017-08-03,3845.3,3845.3
2017-08-04,3843.71,3843.71
2017-08-07,3818.67,3818.67
2017-08-08,3859.16,3859.16
2017-08-09,3895.15,3895.15
2017-08-10,3895.24,3895.24
2017-08-11,3839.67,3839.67
2017-08-14,3865.89,3865.89
2017-08-15,3879.78,3879.78
2017-08-16,3910.46,3910.46
2017-08-18,3915.9,3915.9
2017-08-21,3893.61,3893.61
2017-08-22,3922.88,3922.88
2017-08-23,3936.33,3936.33
2017-08-24,3930.81,3930.81
2017-08-25,3936.01,3936.01
2017-08-28,3924.17,3924.17
2017-08-29,3923.48,3923.48
2017-08-30,3922.65,3922.65
2017-08-31,3903.16,3903.16
2017-09-04,3867.31,3867.31
2017-09-05,3867.21,3867.21
2017-09-06,3875.64,3875.64
2017-09-07,3886.66,3886.66
2017-09-08,3906.6,3906.6
2017-09-11,3917.58,3917.58
2017-09-12,3899.74,3899.74
2017-09-13,3865.41,3865.41
2017-09-14,3862.13,3862.13
2017-09-15,3870.06,3870.06
2017-09-18,3878.8,3878.8
2017-09-19,3892.42,3892.42
2017-09-20,3895.04,3895.04
2017-09-22,3848.71,3848.71
2017-09-25,3832.93,3832.93
2017-09-26,3823.46,3823.46
2017-09-27,3812.02,3812.02
2017-09-28,3807.76,3807.76
2017-09-29,3838.15,3838.15
2017-10-02,3848.12,3848.12
2017-10-03,3876.1,3876.1
2017-10-04,3906.94,3906.94
2017-10-05,3866.67,3866.67
2017-10-06,3877.73,3877.73
2017-10-09,3874.07,3874.07
2017-10-10,3870.85,3870.85
2017-10-11,3851.63,3851.63
2017-10-12,3877.42,3877.42
2017-10-13,3890.12,3890.12
2017-10-16,3891.31,3891.31
2017-10-17,3882.38,3882.38
2017-10-18,3860.48,3860.48
2017-10-19,3844.04,3844.04
2017-10-20,3851.21,3851.21
2017-10-23,3858.46,3858.46
2017-10-24,3866.48,3866.48
2017-10-25,3890.6,3890.6
2017-10-26,3865.26,3865.26
2017-10-27,3837.61,3837.61
2017-10-30,3842.67,3842.67
2017-10-31,3850.64,3850.64
2017-11-01,3868.52,3868.52
2017-11-02,3862.61,3862.61
2017-11-03,3880.82,3880.82
2017-11-06,3895.58,3895.58
2017-11-07,3901.99,3901.99
2017-11-08,3879.74,3879.74
2017-11-09,3868.79,3868.79
2017-11-10,3849.05,3849.05
2017-11-13,3841.15,3841.15
2017-11-14,3824.88,3824.88
2017-11-15,3794.34,3794.34
2017-11-16,3812.95,3812.95
2017-11-17,3817.48,3817.48
2017-11-20,3794.38,3794.38
2017-11-21,3769.63,3769.63
2017-11-22,3795.43,3795.43
2017-11-23,3791.44,3791.44
2017-11-24,3790.23,3790.23
2017-11-27,3782.79,3782.79
2017-11-28,3766.99,3766.99
2017-11-29,3779.51,3779.51
2017-11-30,3720.32,3720.32
2017-12-04,3730.18,3730.18
2017-12-05,3708.46,3708.46
2017-12-06,3713.51,3713.51
2017-12-07,3717.19,3717.19
2017-12-08,3718.55,3718.55
2017-12-11,3706.35,3706.35
2017-12-12,3714.09,3714.09
2017-12-13,3733.14,3733.14
2017-12-14,3772.71,3772.71
2017-12-15,3780.79,3780.79
2017-12-18,3775.84,3775.84
2017-12-19,3791.58,3791.58
2017-12-20,3731.74,3731.74
2017-12-21,3769.94,3769.94
2017-12-22,3788.69,3788.69
2017-12-27,3804.45,3804.45
2017-12-28,3807.34,3807.34
2017-12-29,3852.81,3852.81
2018-01-02,3843.66,3843.66
2018-01-03,3780.79,3780.79
2018-01-04,3818.57,3818.57
2018-01-05,3870.7,3870.7
2018-01-08,3920.83,3920.83
2018-01-09,3920.11,3920.11
2018-01-10,3926.69,3926.69
2018-01-11,3937.56,3937.56
2018-01-12,3928.93,3928.93
2018-01-15,3940.66,3940.66
2018-01-16,3985.92,3985.92
2018-01-17,4016.11,4016.11
2018-01-18,4013.12,4013.12
2018-01-19,4016.2,4016.2
2018-01-22,4028.13,4028.13
2018-01-23,4086.51,4086.51
2018-01-24,4117.17,4117.17
2018-01-25,4139.88,4139.88
2018-01-26,4164.95,4164.95
2018-01-29,4210.36,4210.36
2018-01-30,4128.96,4128.96
2018-01-31,4147.94,4147.94
2018-02-01,4148.15,4148.15
2018-02-02,4162.27,4162.27
2018-02-05,4108.55,4108.55
2018-02-06,4031.28,4031.28
2018-02-07,4068.73,4068.73
2018-02-08,4074.58,4074.58
2018-02-09,4043.69,4043.69
2018-02-12,4038.76,4038.76
2018-02-13,4071.96,4071.96
2018-02-14,4094.64,4094.64
2018-02-15,4104.65,4104.65
2018-02-19,4159.46,4159.46
2018-02-20,4116.79,4116.79
2018-02-21,4111.61,4111.61
2018-02-22,4080.76,4080.76
2018-02-23,4098.02,4098.02
2018-02-26,4071.54,4071.54
2018-02-27,4091.32,4091.32
2018-02-28,4089.06,4089.06
2018-03-01,4098.85,4098.85
2018-03-02,4071.72,4071.72
2018-03-05,4053.4,4053.4
2018-03-06,4022.36,4022.36
2018-03-07,3934.39,3934.39
2018-03-08,3958.85,3958.85
2018-03-09,3968.18,3968.18
2018-03-12,4017.94,4017.94
2018-03-13,3960.74,3960.74
2018-03-14,3916.22,3916.22
2018-03-15,3875.51,3875.51
2018-03-16,3842.41,3842.41
2018-03-19,3829.32,3829.32
2018-03-20,3796.33,3796.33
2018-03-21,3842.26,3842.26
2018-03-22,3823.58,3823.58
2018-03-23,3795.89,3795.89
2018-03-26,3792.57,3792.57
2018-03-27,3787.76,3787.76
2018-03-28,3759.28,3759.28
2018-03-29,3795.56,3795.56
2018-04-02,3839.47,3839.47
2018-04-03,3842.65,3842.65
2018-04-04,3808.4,3808.4
2018-04-05,3840.67,3840.67
2018-04-06,3833.81,3833.81
2018-04-09,3904.15,3904.15
2018-04-10,3941.66,3941.66
2018-04-11,3968.16,3968.16
2018-04-12,3926.34,3926.34
2018-04-13,3895.57,3895.57
2018-04-16,3902.91,3902.91
2018-04-17,3904.52,3904.52
2018-04-18,3907.43,3907.43
2018-04-19,3945.58,3945.58
2018-04-20,3937.54,3937.54
2018-04-23,3916.23,3916.23
2018-04-24,3885.64,3885.64
2018-04-25,3818.6,3818.6
2018-04-26,3714.61,3714.61
2018-04-27,3718.5,3718.5
2018-04-30,3748.41,3748.41
2018-05-02,3759.6,3759.6
2018-05-03,3667.9,3667.9
2018-05-04,3648.26,3648.26
2018-05-07,3680.73,3680.73
2018-05-08,3603.47,3603.47
2018-05-09,3667.17,3667.17
2018-05-11,3715.81,3715.81
2018-05-14,3696.17,3696.17
2018-05-15,3643.78,3643.78
2018-05-16,3645.59,3645.59
2018-05-17,3652.12,3652.12
2018-05-18,3655.52,3655.52
2018-05-21,3656.99,3656.99
2018-05-22,3677.17,3677.17
2018-05-23,3689.91,3689.91
2018-05-24,3789.04,3789.04
2018-05-25,3781.86,3781.86
2018-05-28,3803.75,3803.75
2018-05-30,3767.38,3767.38
2018-05-31,3736.22,3736.22
2018-06-04,3782.21,3782.21
2018-06-05,3853.8,3853.8
2018-06-06,3841.94,3841.94
2018-06-07,3849.01,3849.01
2018-06-08,3789.87,3789.87
2018-06-20,3737.51,3737.51
2018-06-21,3674.81,3674.81
2018-06-22,3656.89,3656.89
2018-06-25,3665.02,3665.02
2018-06-26,3653.72,3653.72
2018-06-27,3602.99,3602.99
2018-06-28,3517.25,3517.25
2018-06-29,3616.15,3616.15
2018-07-02,3569.89,3569.89
2018-07-03,3493.05,3493.05
2018-07-04,3531.2,3531.2
2018-07-05,3545.88,3545.88
2018-07-06,3537.77,3537.77
2018-07-09,3589.93,3589.93
2018-07-10,3631.85,3631.85
2018-07-11,3639.6,3639.6
2018-07-12,3651.32,3651.32
2018-07-13,3663.46,3663.46
2018-07-16,3625.48,3625.48
2018-07-17,3626.34,3626.34
2018-07-18,3667.74,3667.74
2018-07-19,3649.34,3649.34
2018-07-20,3638.49,3638.49
2018-07-23,3672.18,3672.18
2018-07-24,3685.52,3685.52
2018-07-25,3696.41,3696.41
2018-07-26,3697.8,3697.8
2018-07-27,3743.15,3743.15
2018-07-30,3770.85,3770.85
2018-07-31,3669.05,3669.05
2018-08-01,3731.3,3731.3
2018-08-02,3697.77,3697.77
2018-08-03,3675.86,3675.86
2018-08-06,3735.81,3735.81
2018-08-07,3731.67,3731.67
2018-08-08,3727.7,3727.7
2018-08-09,3711.6,3711.6
2018-08-10,3707.19,3707.19
2018-08-13,3576.93,3576.93
2018-08-14,3493.99,3493.99
2018-08-15,3522.34,3522.34
2018-08-16,3512.97,3512.97
2018-08-20,3580.82,3580.82
2018-08-21,3606.2,3606.2
2018-08-23,3621.73,3621.73
2018-08-24,3601.72,3601.72
2018-08-27,3633.58,3633.58
2018-08-28,3630.9,3630.9
2018-08-29,3654.42,3654.42
2018-08-30,3631.78,3631.78
2018-08-31,3616.19,3616.19
2018-09-03,3576.75,3576.75
2018-09-04,3524.97,3524.97
2018-09-05,3381.7,3381.7
2018-09-06,3416.4,3416.4
2018-09-07,3465.21,3465.21
2018-09-10,3467.64,3467.64
2018-09-12,3467.57,3467.57
2018-09-13,3491.42,3491.42
2018-09-14,3533.8,3533.8
2018-09-17,3466.59,3466.59
2018-09-18,3468.82,3468.82
2018-09-19,3495.75,3495.75
2018-09-20,3532.52,3532.52
2018-09-21,3542.55,3542.55
2018-09-24,3495.63,3495.63
2018-09-25,3491.16,3491.16
2018-09-26,3488.54,3488.54
2018-09-27,3524.33,3524.33
2018-09-28,3558.2,3558.2
2018-10-01,3547.97,3547.97
2018-10-02,3504.05,3504.05
2018-10-03,3494.43,3494.43
2018-10-04,3432.81,3432.81
2018-10-05,3424.83,3424.83
2018-10-08,3422.18,3422.18
2018-10-09,3433.75,3433.75
2018-10-10,3446.14,3446.14
2018-10-11,3379.39,3379.39
2018-10-12,3405.25,3405.25
2018-10-15,3373.72,3373.72
2018-10-16,3416.49,3416.49
2018-10-17,3459.93,3459.93
2018-10-18,3445.74,3445.74
2018-10-19,3448.52,3448.52
2018-10-22,3454.04,3454.04
2018-10-23,3427.84,3427.84
2018-10-24,3370.37,3370.37
2018-10-25,3396.61,3396.61
2018-10-26,3405.43,3405.43
2018-10-29,3379.13,3379.13
2018-10-30,3401.25,3401.25
2018-10-31,3425.92,3425.92
2018-11-01,3416.57,3416.57
2018-11-02,3437.49,3437.49
2018-11-05,3434.04,3434.04
2018-11-06,3443.57,3443.57
2018-11-07,3468.32,3468.32
2018-11-08,3492.83,3492.83
2018-11-09,3455.8,3455.8
2018-11-12,3383.13,3383.13
2018-11-13,3410.82,3410.82
2018-11-14,3412.83,3412.83
2018-11-15,3476.64,3476.64
2018-11-16,3517.22,3517.22
2018-11-19,3497.27,3497.27
2018-11-21,3455.09,3455.09
2018-11-22,3476.45,3476.45
2018-11-23,3486.99,3486.99
2018-11-26,3479.12,3479.12
2018-11-27,3455.03,3455.03
2018-11-28,3417.86,3417.86
2018-11-29,3502.38,3502.38
2018-11-30,3488.17,3488.17
2018-12-03,3555.9,3555.9
2018-12-04,3559.16,3559.16
2018-12-05,3546.53,3546.53
2018-12-06,3516.75,3516.75
2018-12-07,3540.13,3540.13
2018-12-10,3519.39,3519.39
2018-12-11,3500.31,3500.31
2018-12-12,3530.82,3530.82
2018-12-13,3584.71,3584.71
2018-12-14,3578.19,3578.19
2018-12-17,3536.25,3536.25
2018-12-18,3544.41,3544.41
2018-12-19,3589.99,3589.99
2018-12-20,3583.08,3583.08
2018-12-21,3582.93,3582.93
2018-12-26,3523.56,3523.56
2018-12-27,3565.19,3565.19
2018-12-28,3567.55,3567.55
2019-01-02,3558.6,3558.6
2019-01-03,3607.99,3607.99
2019-01-04,3635.69,3635.69
2019-01-07,3658.92,3658.92
2019-01-08,3648.99,3648.99
2019-01-09,3654.21,3654.21
2019-01-10,3693.49,3693.49
2019-01-11,3716.94,3716.94
2019-01-14,3683.98,3683.98
2019-01-15,3744.9,3744.9
2019-01-16,3750.95,3750.95
2019-01-17,3745.72,3745.72
2019-01-18,3762.25,3762.25
2019-01-21,3752.11,3752.11
2019-01-22,3764.87,3764.87
2019-01-23,3776.72,3776.72
2019-01-24,3803.24,3803.24
2019-01-25,3829.68,3829.68
2019-01-28,3795.06,3795.06
2019-01-29,3771.59,3771.59
2019-01-30,3773.97,3773.97
2019-01-31,3818.03,3818.03
2019-02-01,3832.68,3832.68
2019-02-04,3801.03,3801.03
2019-02-06,3860.17,3860.17
2019-02-07,3844.67,3844.67
2019-02-08,3830.43,3830.43
2019-02-11,3800.7,3800.7
2019-02-12,3739.37,3739.37
2019-02-13,3748.81,3748.81
2019-02-14,3739.44,3739.44
2019-02-15,3715.64,3715.64
2019-02-18,3793.8,3793.8
2019-02-19,3796.08,3796.08
2019-02-20,3820.37,3820.37
2019-02-21,3835.15,3835.15
2019-02-22,3824.99,3824.99
2019-02-25,3827.48,3827.48
2019-02-26,3832.14,3832.14
2019-02-27,3831.51,3831.51
2019-02-28,3759.7,3759.7
2019-03-01,3791.19,3791.19
2019-03-04,3788.05,3788.05
2019-03-05,3765.31,3765.31
2019-03-06,3775.09,3775.09
2019-03-08,3716.9,3716.9
2019-03-11,3716.27,3716.27
2019-03-12,3706.59,3706.59
2019-03-13,3736.93,3736.93
2019-03-14,3756.54,3756.54
2019-03-15,3772.79,3772.79
2019-03-18,3802.66,3802.66
2019-03-19,3789.47,3789.47
2019-03-20,3783.56,3783.56
2019-03-21,3808.06,3808.06
2019-03-22,3803.92,3803.92
2019-03-25,3694.85,3694.85
2019-03-26,3731.73,3731.73
2019-03-27,3718.56,3718.56
2019-03-28,3724.12,3724.12
2019-03-29,3714.58,3714.58
2019-04-01,3726.04,3726.04
2019-04-02,3735.51,3735.51
2019-04-04,3749.09,3749.09
2019-04-05,3746.04,3746.04
2019-04-08,3706.2,3706.2
2019-04-09,3749.88,3749.88
2019-04-10,3749.01,3749.01
2019-04-11,3699.42,3699.42
2019-04-12,3691.74,3691.74
2019-04-15,3704.11,3704.11
2019-04-16,3739.36,3739.36
2019-04-18,3758.96,3758.96
2019-04-22,3690.88,3690.88
2019-04-23,3748.32,3748.32
2019-04-24,3735.96,3735.96
2019-04-25,3676.9,3676.9
2019-04-26,3701.02,3701.02
2019-04-29,3705.25,3705.25
2019-04-30,3709.63,3709.63
2019-05-02,3662.45,3662.45
2019-05-03,3627.09,3627.09
2019-05-06,3593.4,3593.4
2019-05-07,3625.57,3625.57
2019-05-08,3611.15,3611.15
2019-05-09,3533.8,3533.8
2019-05-10,3554.3,3554.3
2019-05-13,3482.76,3482.76
2019-05-14,3461.28,3461.28
2019-05-15,3401.5,3401.5
2019-05-16,3341.72,3341.72
2019-05-17,3318.3,3318.3
2019-05-20,3366.4,3366.4
2019-05-21,3389.88,3389.88
2019-05-22,3378.45,3378.45
2019-05-23,3440.77,3440.77
2019-05-24,3459.75,3459.75
2019-05-27,3497.66,3497.66
2019-05-28,3454.05,3454.05
2019-05-29,3487.25,3487.25
2019-05-31,3546.31,3546.31
2019-06-10,3621.53,3621.53
2019-06-11,3639.06,3639.06
2019-06-12,3637.3,3637.3
2019-06-13,3645.11,3645.11
2019-06-14,3631.64,3631.64
2019-06-17,3574.63,3574.63
2019-06-18,3632.73,3632.73
2019-06-19,3692.17,3692.17
2019-06-20,3690.31,3690.31
2019-06-21,3660.03,3660.03
2019-06-24,3644,3644
2019-06-25,3669.34,3669.34
2019-06-26,3665.04,3665.04
2019-06-27,3706.23,3706.23
2019-06-28,3711.89,3711.89
2019-07-01,3754.21,3754.21
2019-07-02,3752.27,3752.27
2019-07-03,3730.34,3730.34
2019-07-04,3734.8,3734.8
2019-07-05,3733.84,3733.84
2019-07-08,3710.8,3710.8
2019-07-09,3731.51,3731.51
2019-07-10,3749.14,3749.14
2019-07-11,3758.82,3758.82
2019-07-12,3720.38,3720.38
2019-07-15,3761.2,3761.2
2019-07-16,3758.56,3758.56
2019-07-17,3746.65,3746.65
2019-07-18,3757.89,3757.89
2019-07-19,3777.73,3777.73
2019-07-22,3751.28,3751.28
2019-07-23,3751.91,3751.91
2019-07-24,3743.1,3743.1
2019-07-25,3774.81,3774.81
2019-07-26,3720.72,3720.72
2019-07-29,3720.45,3720.45
2019-07-30,3764.56,3764.56
2019-07-31,3760.86,3760.86
2019-08-01,3757.02,3757.02
2019-08-02,3730.4,3730.4
2019-08-05,3624.08,3624.08
2019-08-06,3623.8,3623.8
2019-08-07,3672.06,3672.06
2019-08-08,3730.53,3730.53
2019-08-09,3739.44,3739.44
2019-08-12,3721.92,3721.92
2019-08-13,3707.05,3707.05
2019-08-14,3753.21,3753.21
2019-08-15,3738.3,3738.3
2019-08-16,3742.52,3742.52
2019-08-19,3745.51,3745.51
2019-08-20,3756.84,3756.84
2019-08-21,3737.42,3737.42
2019-08-22,3726.25,3726.25
2019-08-23,3727.51,3727.51
2019-08-26,3709.88,3709.88
2019-08-27,3740.48,3740.48
2019-08-28,3746.3,3746.3
2019-08-29,3751.64,3751.64
2019-08-30,3797.83,3797.83
2019-09-02,3790.41,3790.41
2019-09-03,3747.66,3747.66
2019-09-04,3752.53,3752.53
2019-09-05,3773.94,3773.94
2019-09-06,3763.41,3763.41
2019-09-09,3788.33,3788.33
2019-09-10,3799.18,3799.18
2019-09-11,3820.96,3820.96
2019-09-12,3779.31,3779.31
2019-09-13,3761,3761
2019-09-16,3749.56,3749.56
2019-09-17,3759.52,3759.52
2019-09-18,3787.28,3787.28
2019-09-19,3751.19,3751.19
2019-09-20,3767.21,3767.21
2019-09-23,3738.75,3738.75
2019-09-24,3675.77,3675.77
2019-09-25,3681.24,3681.24
2019-09-26,3728.38,3728.38
2019-09-27,3697.89,3697.89
2019-09-30,3685.7,3685.7
2019-10-01,3662.65,3662.65
2019-10-02,3616.78,3616.78
2019-10-03,3634.7,3634.7
2019-10-04,3644.51,3644.51
2019-10-07,3599.2,3599.2
2019-10-08,3617.57,3617.57
2019-10-09,3615.18,3615.18
2019-10-10,3612.48,3612.48
2019-10-11,3672.37,3672.37
2019-10-14,3688.02,3688.02
2019-10-15,3697.61,3697.61
2019-10-16,3703.75,3703.75
2019-10-17,3712.43,3712.43
2019-10-18,3723.92,3723.92
2019-10-21,3720.29,3720.29
2019-10-22,3741.09,3741.09
2019-10-23,3767.23,3767.23
2019-10-24,3816.58,3816.58
2019-10-25,3745.11,3745.11
2019-10-28,3755.52,3755.52
2019-10-29,3769.57,3769.57
2019-10-30,3769.61,3769.61
2019-10-31,3718.16,3718.16
2019-11-01,3693.17,3693.17
2019-11-04,3681.46,3681.46
2019-11-05,3737.41,3737.41
2019-11-06,3724.15,3724.15
2019-11-07,3696.2,3696.2
2019-11-08,3702.45,3702.45
2019-11-11,3682.68,3682.68
2019-11-12,3702.5,3702.5
2019-11-13,3673.82,3673.82
2019-11-14,3635.58,3635.58
2019-11-15,3651.61,3651.61
2019-11-18,3638.89,3638.89
2019-11-19,3660.94,3660.94
2019-11-20,3664.52,3664.52
2019-11-21,3623.28,3623.28
2019-11-22,3622.27,3622.27
2019-11-25,3602.62,3602.62
2019-11-26,3568.69,3568.69
2019-11-27,3549.02,3549.02
2019-11-28,3501.77,3501.77
2019-11-29,3524.14,3524.14
2019-12-02,3585.81,3585.81
2019-12-03,3574.28,3574.28
2019-12-04,3562.1,3562.1
2019-12-05,3595.04,3595.04
2019-12-06,3630.76,3630.76
2019-12-09,3637.18,3637.18
2019-12-10,3630.56,3630.56
2019-12-11,3618.81,3618.81
2019-12-12,3589.88,3589.88
2019-12-13,3651.64,3651.64
2019-12-16,3662.76,3662.76
2019-12-17,3672.81,3672.81
2019-12-18,3663.22,3663.22
2019-12-19,3642.39,3642.39
2019-12-20,3666.72,3666.72
2019-12-23,3667.06,3667.06
2019-12-26,3681.24,3681.24
2019-12-27,3687.75,3687.75
2019-12-30,3661.5,3661.5
2020-01-02,3651.41,3651.41
2020-01-03,3676.63,3676.63
2020-01-06,3635.63,3635.63
2020-01-07,3642.25,3642.25
2020-01-08,3606.61,3606.61
2020-01-09,3642.96,3642.96
2020-01-10,3648.97,3648.97
2020-01-13,3661.98,3661.98
2020-01-14,3669.02,3669.02
2020-01-15,3626.58,3626.58
2020-01-16,3635.8,3635.8
2020-01-17,3629.7,3629.7
2020-01-20,3596.56,3596.56
2020-01-21,3571.7,3571.7
2020-01-22,3545.06,3545.06
2020-01-23,3552.39,3552.39
2020-01-24,3543.21,3543.21
2020-01-27,3449.74,3449.74
2020-01-28,3455.96,3455.96
2020-01-29,3459.39,3459.39
2020-01-30,3410.21,3410.21
2020-01-31,3347.52,3347.52
2020-02-03,3303.96,3303.96
2020-02-04,3326.92,3326.92
2020-02-05,3364.09,3364.09
2020-02-06,3384.62,3384.62
2020-02-07,3390.24,3390.24
2020-02-10,3340.84,3340.84
2020-02-11,3344.17,3344.17
2020-02-12,3305.06,3305.06
2020-02-13,3259.25,3259.25
2020-02-14,3269.92,3269.92
2020-02-17,3278.37,3278.37
2020-02-18,3308.36,3308.36
2020-02-19,3325.61,3325.61
2020-02-20,3331.88,3331.88
2020-02-21,3284.04,3284.04
2020-02-24,3218.67,3218.67
2020-02-25,3216.94,3216.94
2020-02-26,3135.9,3135.9
2020-02-27,3074.31,3074.31
2020-02-28,2996.81,2996.81
2020-03-02,2971.67,2971.67
2020-03-03,3070.93,3070.93
2020-03-04,3159.23,3159.23
2020-03-05,3147.06,3147.06
2020-03-06,3065.36,3065.36
2020-03-09,2827.37,2827.37
2020-03-10,2858.95,2858.95
2020-03-11,2797.89,2797.89
2020-03-12,2635.58,2635.58
2020-03-13,2637.8,2637.8
2020-03-16,2492.9,2492.9
2020-03-17,2361.74,2361.74
2020-03-18,2274.52,2274.52
2020-03-19,2146.07,2146.07
2020-03-20,2231.13,2231.13
2020-03-23,2101.34,2101.34
2020-03-24,2072.95,2072.95
2020-03-26,2291.9,2291.9
2020-03-27,2402.85,2402.85
2020-03-30,2318.7,2318.7
2020-03-31,2429.17,2429.17
2020-04-01,2380.53,2380.53
2020-04-02,2440.25,2440.25
2020-04-03,2489.1,2489.1
2020-04-06,2630.67,2630.67
2020-04-07,2618.85,2618.85
2020-04-08,2524.33,2524.33
2020-04-09,2555.49,2555.49
2020-04-13,2558.91,2558.91
2020-04-14,2618.04,2618.04
2020-04-15,2558.09,2558.09
2020-04-16,2473.71,2473.71
2020-04-17,2567.32,2567.32
2020-04-20,2535.12,2535.12
2020-04-21,2484.67,2484.67
2020-04-22,2521.77,2521.77
2020-04-23,2537.48,2537.48
2020-04-24,2501.88,2501.88
2020-04-27,2518.09,2518.09
2020-04-28,2549.63,2549.63
2020-04-29,2592.24,2592.24
2020-04-30,2655.28,2655.28
2020-05-04,2558.52,2558.52
2020-05-05,2576.42,2576.42
2020-05-06,2561.25,2561.25
2020-05-08,2580.83,2580.83
2020-05-11,2600.03,2600.03
2020-05-12,2559.7,2559.7
2020-05-13,2546.67,2546.67
2020-05-14,2518.85,2518.85
2020-05-15,2536.2,2536.2
2020-05-18,2561.96,2561.96
2020-05-19,2576.41,2576.41
2020-05-20,2545.91,2545.91
2020-05-26,2592.51,2592.51
2020-05-27,2597.93,2597.93
2020-05-28,2608.46,2608.46
2020-05-29,2624.3,2624.3
2020-06-02,2700.54,2700.54
2020-06-03,2764.25,2764.25
2020-06-04,2761.98,2761.98
2020-06-05,2806.31,2806.31
2020-06-08,2868.33,2868.33
2020-06-09,2835.58,2835.58
2020-06-10,2769.6,2769.6
2020-06-11,2732.96,2732.96
2020-06-12,2737.73,2737.73
2020-06-15,2716.55,2716.55
2020-06-16,2820.94,2820.94
2020-06-17,2838.99,2838.99
2020-06-18,2812.05,2812.05
2020-06-19,2819.09,2819.09
2020-06-22,2808.56,2808.56
2020-06-23,2776.76,2776.76
2020-06-24,2807.28,2807.28
2020-06-25,2765.83,2765.83
2020-06-26,2783.14,2783.14
2020-06-29,2770.63,2770.63
2020-06-30,2766.14,2766.14
2020-07-01,2762.83,2762.83
2020-07-02,2810.5,2810.5
2020-07-03,2803.47,2803.47
2020-07-06,2826,2826
2020-07-07,2832.91,2832.91
2020-07-08,2869.04,2869.04
2020-07-09,2853.85,2853.85
2020-07-10,2825.43,2825.43
2020-07-13,2859.92,2859.92
2020-07-14,2861.91,2861.91
2020-07-15,2876.44,2876.44
2020-07-16,2880.17,2880.17
2020-07-17,2878.11,2878.11
2020-07-20,2859.46,2859.46
2020-07-21,2899.73,2899.73
2020-07-22,2906.96,2906.96
2020-07-23,2924.49,2924.49
2020-07-24,2890.19,2890.19
2020-07-27,2922.13,2922.13
2020-07-28,2914.64,2914.64
2020-07-29,2906.65,2906.65
2020-07-30,2915.5,2915.5
2020-08-03,2832.09,2832.09
2020-08-04,2867.2,2867.2
2020-08-05,2926.38,2926.38
2020-08-06,2965.8,2965.8
2020-08-07,2956.35,2956.35
2020-08-10,2952.99,2952.99
2020-08-11,2958.43,2958.43
2020-08-12,2961.52,2961.52
2020-08-13,2976.02,2976.02
2020-08-14,2970.53,2970.53
2020-08-18,2993.8,2993.8
2020-08-19,2979.99,2979.99
2020-08-24,2982.51,2982.51
2020-08-25,3004.71,3004.71
2020-08-26,3010.73,3010.73
2020-08-27,3015.53,3015.53
2020-08-28,3016.61,3016.61
2020-08-31,2968.02,2968.02
2020-09-01,2997.56,2997.56
2020-09-02,3010.92,3010.92
2020-09-03,2980.48,2980.48
2020-09-04,2964.8,2964.8
2020-09-07,2974.97,2974.97
2020-09-08,2969.05,2969.05
2020-09-09,2902.54,2902.54
2020-09-10,2764.28,2764.28
2020-09-11,2842.44,2842.44
2020-09-14,2919.85,2919.85
2020-09-15,2891.89,2891.89
2020-09-16,2871.22,2871.22
2020-09-17,2861.21,2861.21
2020-09-18,2880.52,2880.52
2020-09-21,2835.43,2835.43
2020-09-22,2804.62,2804.62
2020-09-23,2793.14,2793.14
2020-09-24,2747.18,2747.18
2020-09-25,2789.69,2789.69
2020-09-28,2783.38,2783.38
2020-09-29,2763.62,2763.62
2020-09-30,2758.8,2758.8
2020-10-01,2816.84,2816.84
2020-10-02,2789.51,2789.51
2020-10-05,2800.28,2800.28
2020-10-06,2824.68,2824.68
2020-10-07,2819.65,2819.65
2020-10-08,2850.89,2850.89
2020-10-09,2863.41,2863.41
2020-10-12,2873.04,2873.04
2020-10-13,2888.34,2888.34
2020-10-14,2925.49,2925.49
2020-10-15,2891.76,2891.76
2020-10-16,2903.89,2903.89
2020-10-19,2924.5,2924.5
2020-10-20,2921.55,2921.55
2020-10-21,2930.17,2930.17
2020-10-22,2921.01,2921.01
2020-10-23,2939.14,2939.14
2020-10-26,2939.01,2939.01
2020-10-27,2921.41,2921.41
2020-11-02,2894.62,2894.62
2020-11-03,2919.67,2919.67
2020-11-04,2885.65,2885.65
2020-11-05,2971.47,2971.47
2020-11-06,3026.86,3026.86
2020-11-09,3043.93,3043.93
2020-11-10,3082.24,3082.24
2020-11-11,3123.36,3123.36
2020-11-12,3108.06,3108.06
2020-11-13,3098.87,3098.87
2020-11-16,3150.47,3150.47
2020-11-17,3185.09,3185.09
2020-11-18,3191.38,3191.38
2020-11-19,3209.05,3209.05
2020-11-20,3205.58,3205.58
2020-11-23,3273.01,3273.01
2020-11-24,3307.3,3307.3
2020-11-25,3277.25,3277.25
2020-11-26,3352.14,3352.14
2020-11-27,3379.74,3379.74
2020-11-30,3273.19,3273.19
2020-12-01,3315.68,3315.68
2020-12-02,3394.95,3394.95
2020-12-03,3392.16,3392.16
2020-12-04,3387.68,3387.68
2020-12-07,3464.5,3464.5
2020-12-08,3459.8,3459.8
2020-12-10,3453.01,3453.01
2020-12-11,3459.74,3459.74
2020-12-14,3535.74,3535.74
2020-12-15,3551.16,3551.16
2020-12-16,3670.64,3670.64
2020-12-17,3650.32,3650.32
2020-12-18,3690.39,3690.39
2020-12-21,3791.79,3791.79
2020-12-22,3644.64,3644.64
2020-12-23,3638.04,3638.04
2020-12-28,3722.6,3722.6
2020-12-29,3668.07,3668.07
2020-12-30,3597.52,3597.52
2021-01-04,3715.47,3715.47
2021-01-05,3718.14,3718.14
2021-01-06,3668.54,3668.54
2021-01-07,3760.87,3760.87
2021-01-08,3829.89,3829.89
2021-01-11,3826.47,3826.47
2021-01-12,3820.72,3820.72
2021-01-13,3860.01,3860.01
2021-01-14,3885.12,3885.12
2021-01-15,3875.87,3875.87
2021-01-18,3834.79,3834.79
2021-01-19,3759.64,3759.64
2021-01-20,3863.39,3863.39
2021-01-21,3844.05,3844.05
2021-01-22,3728.44,3728.44
2021-01-25,3712.77,3712.77
2021-01-26,3636.14,3636.14
2021-01-27,3627.06,3627.06
2021-01-28,3517.87,3517.87
2021-01-29,3476.74,3476.74
2021-02-01,3644.25,3644.25
2021-02-02,3612.2,3612.2
2021-02-03,3599.48,3599.48
2021-02-04,3639.99,3639.99
2021-02-05,3678.71,3678.71
2021-02-08,3725.99,3725.99
2021-02-09,3673.33,3673.33
2021-02-10,3694.41,3694.41
2021-02-11,3704.37,3704.37
2021-02-15,3740.13,3740.13
2021-02-16,3738.44,3738.44
2021-02-17,3668.19,3668.19
2021-02-18,3650.46,3650.46
2021-02-19,3660.67,3660.67
2021-02-22,3689.98,3689.98
2021-02-23,3707.94,3707.94
2021-02-24,3667.26,3667.26
2021-02-25,3697.01,3697.01
2021-02-26,3656.71,3656.71
2021-03-01,3682.7,3682.7
2021-03-02,3672.37,3672.37
2021-03-03,3661.86,3661.86
2021-03-04,3600.72,3600.72
2021-03-05,3552.12,3552.12
2021-03-08,3560.82,3560.82
2021-03-09,3530.09,3530.09
2021-03-10,3565.7,3565.7
2021-03-12,3644.82,3644.82
2021-03-15,3623.56,3623.56
2021-03-16,3610.83,3610.83
2021-03-17,3603.5,3603.5
2021-03-18,3639.78,3639.78
2021-03-19,3642.62,3642.62
2021-03-22,3619.91,3619.91
2021-03-23,3588.21,3588.21
2021-03-24,3533.11,3533.11
2021-03-25,3544.25,3544.25
2021-03-26,3595.83,3595.83
2021-03-29,3578.34,3578.34
2021-03-30,3513.46,3513.46
2021-03-31,3491.13,3491.13
2021-04-01,3511.18,3511.18
2021-04-05,3486.09,3486.09
2021-04-06,3528.96,3528.96
2021-04-07,3540.6,3540.6
2021-04-08,3555.31,3555.31
2021-04-09,3516.62,3516.62
2021-04-12,3428,3428
2021-04-13,3433.33,3433.33
2021-04-14,3490.35,3490.35
2021-04-15,3498.93,3498.93
2021-04-16,3519.23,3519.23
2021-04-19,3484.01,3484.01
2021-04-20,3487.75,3487.75
2021-04-21,3476.67,3476.67
2021-04-22,3462.75,3462.75
2021-04-23,3464.32,3464.32
2021-04-26,3454.89,3454.89
2021-04-27,3425.3,3425.3
2021-04-28,3442.46,3442.46
2021-04-29,3467.2,3467.2
2021-04-30,3456.72,3456.72
2021-05-03,3421.89,3421.89
2021-05-04,3440.24,3440.24
2021-05-05,3455.49,3455.49
2021-05-06,3440.88,3440.88
2021-05-07,3417.54,3417.54
2021-05-10,3471.11,3471.11
2021-05-11,3443.89,3443.89
2021-05-17,3364.96,3364.96
2021-05-18,3399.12,3399.12
2021-05-19,3365.68,3365.68
2021-05-20,3393.63,3393.63
2021-05-21,3360.43,3360.43
2021-05-24,3329.51,3329.51
2021-05-25,3349.38,3349.38
2021-05-27,3378.04,3378.04
2021-05-28,3362.11,3362.11
2021-05-31,3412.94,3412.94
2021-06-02,3475.76,3475.76
2021-06-03,3504.47,3504.47
2021-06-04,3461.83,3461.83
2021-06-07,3463.27,3463.27
2021-06-08,3420.27,3420.27
2021-06-09,3443.19,3443.19
2021-06-10,3450.26,3450.26
2021-06-11,3466.27,3466.27
2021-06-14,3432.15,3432.15
2021-06-15,3433.43,3433.43
2021-06-16,3432.94,3432.94
2021-06-17,3401.05,3401.05
2021-06-18,3345.19,3345.19
2021-06-21,3355.16,3355.16
2021-06-22,3400.98,3400.98
2021-06-23,3374.02,3374.02
2021-06-24,3349.43,3349.43
2021-06-25,3350.12,3350.12
2021-06-28,3299.9,3299.9
2021-06-29,3302.67,3302.67
2021-06-30,3324.37,3324.37
2021-07-01,3329.53,3329.53
2021-07-02,3333.85,3333.85
2021-07-05,3322.13,3322.13
2021-07-06,3393.44,3393.44
2021-07-07,3380.17,3380.17
2021-07-08,3351.96,3351.96
2021-07-09,3390.27,3390.27
2021-07-12,3398.88,3398.88
2021-07-13,3338.34,3338.34
2021-07-14,3322.98,3322.98
2021-07-15,3349.78,3349.78
2021-07-16,3363.67,3363.67
2021-07-19,3343.83,3343.83
2021-07-21,3345.28,3345.28
2021-07-22,3388.34,3388.34
2021-07-23,3367.25,3367.25
2021-07-26,3354.67,3354.67
2021-07-27,3344.1,3344.1
2021-07-28,3320.63,3320.63
2021-07-29,3349.18,3349.18
2021-07-30,3332.06,3332.06
2021-08-02,3350.52,3350.52
2021-08-03,3357.23,3357.23
2021-08-04,3374.57,3374.57
2021-08-05,3342.29,3342.29
2021-08-06,3355.18,3355.18
2021-08-09,3314.85,3314.85
2021-08-10,3313.28,3313.28
2021-08-12,3392.42,3392.42
2021-08-13,3391.22,3391.22
2021-08-16,3362.62,3362.62
2021-08-18,3379.87,3379.87
2021-08-19,3320.83,3320.83
2021-08-20,3338.27,3338.27
2021-08-23,3396.45,3396.45
2021-08-24,3375.74,3375.74
2021-08-25,3371.02,3371.02
2021-08-26,3339.7,3339.7
2021-08-27,3339.6,3339.6
2021-08-30,3433.22,3433.22
2021-08-31,3438.39,3438.39
2021-09-01,3406.65,3406.65
2021-09-02,3413.86,3413.86
2021-09-03,3438.05,3438.05
2021-09-06,3477.54,3477.54
2021-09-07,3469.42,3469.42
2021-09-08,3426.02,3426.02
2021-09-09,3448.76,3448.76
2021-09-10,3455.49,3455.49
2021-09-13,3449.1,3449.1
2021-09-14,3476.87,3476.87
2021-09-15,3482.86,3482.86
2021-09-16,3478.53,3478.53
2021-09-17,3468.45,3468.45
2021-09-20,3418.35,3418.35
2021-09-21,3434.52,3434.52
2021-09-22,3452.16,3452.16
2021-09-23,3452.28,3452.28
2021-09-24,3450.39,3450.39
2021-09-27,3441.28,3441.28
2021-09-28,3449.05,3449.05
2021-09-29,3473.6,3473.6
2021-09-30,3539.44,3539.44
2021-10-01,3511.8,3511.8
2021-10-04,3583.01,3583.01
2021-10-05,3550.68,3550.68
2021-10-06,3582.88,3582.88
2021-10-07,3564.99,3564.99
2021-10-08,3594.3,3594.3
2021-10-11,3598.75,3598.75
2021-10-12,3597.44,3597.44
2021-10-13,3595.81,3595.81
2021-10-14,3660.97,3660.97
2021-10-15,3657.99,3657.99
2021-10-18,3675.01,3675.01
2021-10-19,3651.25,3651.25
2021-10-21,3645.19,3645.19
2021-10-22,3636.29,3636.29
2021-10-25,3619.23,3619.23
2021-10-26,3627.18,3627.18
2021-10-27,3607.1,3607.1
2021-10-28,3562.18,3562.18
2021-10-29,3596.44,3596.44
2021-11-01,3573.19,3573.19
2021-11-02,3533.01,3533.01
2021-11-03,3561.42,3561.42
2021-11-04,3591,3591
2021-11-05,3583.1,3583.1
2021-11-08,3596.39,3596.39
2021-11-09,3614.03,3614.03
2021-11-10,3609.42,3609.42
2021-11-11,3597.9,3597.9
2021-11-12,3603.31,3603.31
2021-11-15,3579.92,3579.92
2021-11-16,3594.18,3594.18
2021-11-17,3602.89,3602.89
2021-11-18,3596.77,3596.77
2021-11-19,3657.46,3657.46
2021-11-22,3648.47,3648.47
2021-11-23,3641.14,3641.14
2021-11-24,3637.5,3637.5
2021-11-25,3647.88,3647.88
2021-11-26,3572.67,3572.67
2021-11-29,3592.22,3592.22
2021-11-30,3546.37,3546.37
2021-12-01,3545.37,3545.37
2021-12-02,3578.59,3578.59
2021-12-03,3558.46,3558.46
2021-12-06,3562.06,3562.06
2021-12-07,3587.84,3587.84
2021-12-08,3571.02,3571.02
2021-12-09,3594.08,3594.08
2021-12-10,3598.81,3598.81
2021-12-13,3584.42,3584.42
2021-12-14,3565.19,3565.19
2021-12-15,3552.7,3552.7
2021-12-16,3539.33,3539.33
2021-12-17,3527.63,3527.63
2021-12-20,3505.63,3505.63
2021-12-21,3519.07,3519.07
2021-12-22,3479.85,3479.85
2021-12-23,3488.23,3488.23
2021-12-24,3493.4,3493.4
2021-12-27,3503.16,3503.16
2021-12-28,3512.71,3512.71
2021-12-29,3515.91,3515.91
2021-12-30,3496.34,3496.34
2022-01-03,3556.19,3556.19
2022-01-04,3556.84,3556.84
2022-01-05,3511.27,3511.27
2022-01-06,3508.81,3508.81
2022-01-07,3536.44,3536.44
2022-01-10,3517.55,3517.55
2022-01-11,3468.97,3468.97
2022-01-12,3471.94,3471.94
2022-01-13,3483.5,3483.5
2022-01-14,3496.89,3496.89
2022-01-17,3454.01,3454.01
2022-01-18,3433.84,3433.84
2022-01-19,3425.52,3425.52
2022-01-20,3448.3,3448.3
2022-01-21,3494.83,3494.83
2022-01-24,3466.26,3466.26
2022-01-25,3420.18,3420.18
2022-01-26,3459.67,3459.67
2022-01-27,3440.13,3440.13
2022-01-28,3460.79,3460.79
2022-01-31,3457.2,3457.2
2022-02-02,3477.88,3477.88
2022-02-03,3474.52,3474.52
2022-02-04,3486.72,3486.72
2022-02-07,3511.17,3511.17
2022-02-08,3487.18,3487.18
2022-02-09,3489.99,3489.99
2022-02-10,3507.11,3507.11
2022-02-11,3498.95,3498.95
2022-02-14,3466.6,3466.6
2022-02-15,3495.18,3495.18
2022-02-16,3510.2,3510.2
2022-02-17,3505.09,3505.09
2022-02-18,3537.24,3537.24
2022-02-21,3521.23,3521.23
2022-02-22,3505.53,3505.53
2022-02-23,3528.05,3528.05
2022-02-24,3494.51,3494.51
2022-02-25,3516.42,3516.42
2022-03-01,3522.89,3522.89
2022-03-02,3514,3514
2022-03-04,3614.45,3614.45
2022-03-07,3621.06,3621.06
2022-03-08,3583.18,3583.18
2022-03-09,3602.46,3602.46
2022-03-10,3614.45,3614.45
2022-03-11,3641.51,3641.51
2022-03-14,3597.64,3597.64
2022-03-15,3551.26,3551.26
2022-03-16,3587.43,3587.43
2022-03-17,3578.22,3578.22
2022-03-18,3584.06,3584.06
2022-03-21,3595.45,3595.45
2022-03-22,3639.76,3639.76
2022-03-23,3652.73,3652.73
2022-03-24,3695.5,3695.5
2022-03-25,3672.5,3672.5
2022-03-28,3703.64,3703.64
2022-03-29,3677.66,3677.66
2022-03-30,3677.51,3677.51
2022-03-31,3677.79,3677.79
2022-04-01,3681.99,3681.99
2022-04-04,3722.37,3722.37
2022-04-05,3753.19,3753.19
2022-04-06,3726.08,3726.08
2022-04-07,3736.82,3736.82
2022-04-08,3795.35,3795.35
2022-04-11,3738.09,3738.09
2022-04-12,3735.85,3735.85
2022-04-13,3801.96,3801.96
2022-04-14,3803.52,3803.52
2022-04-18,3826.75,3826.75
2022-04-19,3825.04,3825.04
2022-04-20,3829.27,3829.27
2022-04-21,3833.65,3833.65
2022-04-22,3797.63,3797.63
2022-04-25,3784.84,3784.84
2022-04-26,3798.59,3798.59
2022-04-27,3817.61,3817.61
2022-04-28,3859.95,3859.95
2022-05-09,3724.49,3724.49
2022-05-10,3697.88,3697.88
2022-05-11,3728.74,3728.74
2022-05-12,3630.34,3630.34
2022-05-13,3655.19,3655.19
2022-05-17,3679.55,3679.55
2022-05-18,3689.53,3689.53
2022-05-19,3667.2,3667.2
2022-05-20,3730.33,3730.33
2022-05-23,3708.9,3708.9
2022-05-24,3744.04,3744.04
2022-05-25,3724.13,3724.13
2022-05-27,3774.68,3774.68
2022-05-30,3801.22,3801.22
2022-05-31,3852.67,3852.67
2022-06-02,3857.68,3857.68
2022-06-03,3870.42,3870.42
2022-06-06,3859.91,3859.91
2022-06-07,3858.28,3858.28
2022-06-08,3877.59,3877.59
2022-06-09,3857.37,3857.37
2022-06-10,3798.89,3798.89
2022-06-13,3704.84,3704.84
2022-06-14,3720.04,3720.04
2022-06-15,3658.79,3658.79
2022-06-16,3694.66,3694.66
2022-06-17,3637.52,3637.52
2022-06-20,3628.37,3628.37
2022-06-21,3693.58,3693.58
2022-06-22,3662.2,3662.2
2022-06-23,3666.1,3666.1
2022-06-24,3686.07,3686.07
2022-06-27,3666.01,3666.01
2022-06-28,3656.6,3656.6
2022-06-29,3623.55,3623.55
2022-06-30,3593.38,3593.38
2022-07-01,3517.61,3517.61
2022-07-04,3464.9,3464.9
2022-07-05,3520.2,3520.2
2022-07-06,3486.54,3486.54
2022-07-07,3496.67,3496.67
2022-07-08,3516.64,3516.64
2022-07-11,3522.36,3522.36
2022-07-12,3533.82,3533.82
2022-07-13,3517.24,3517.24
2022-07-14,3536.52,3536.52
2022-07-15,3502.19,3502.19
2022-07-18,3526.48,3526.48
2022-07-19,3588.45,3588.45
2022-07-20,3635.16,3635.16
2022-07-21,3641.78,3641.78
2022-07-22,3661.79,3661.79
2022-07-25,3662.91,3662.91
2022-07-26,3654.85,3654.85
2022-07-27,3682.01,3682.01
2022-07-28,3710.06,3710.06
2022-07-29,3711.51,3711.51
2022-08-01,3739.45,3739.45
2022-08-02,3727.69,3727.69
2022-08-03,3762.98,3762.98
2022-08-04,3762.31,3762.31
2022-08-05,3768.55,3768.55
2022-08-08,3781.52,3781.52
2022-08-09,3785.51,3785.51
2022-08-10,3772.82,3772.82
2022-08-11,3795.97,3795.97
2022-08-12,3796.07,3796.07
2022-08-15,3773.14,3773.14
2022-08-16,3747.5,3747.5
2022-08-18,3763.82,3763.82
2022-08-19,3770.24,3770.24
2022-08-22,3721.79,3721.79
2022-08-23,3772.87,3772.87
2022-08-24,3788.84,3788.84
2022-08-25,3769.57,3769.57
2022-08-26,3765.26,3765.26
2022-08-29,3759.58,3759.58
2022-08-30,3781.51,3781.51
2022-08-31,3771.24,3771.24
2022-09-01,3764.65,3764.65
2022-09-02,3780.74,3780.74
2022-09-05,3813.42,3813.42
2022-09-06,3835.15,3835.15
2022-09-07,3805.06,3805.06
2022-09-08,3815.93,3815.93
2022-09-09,3824.22,3824.22
2022-09-12,3869.14,3869.14
2022-09-13,3904.63,3904.63
2022-09-14,3891.03,3891.03
2022-09-15,3921.09,3921.09
2022-09-16,3879.31,3879.31
2022-09-19,3881.88,3881.88
2022-09-20,3864.74,3864.74
2022-09-21,3847.93,3847.93
2022-09-22,3881.15,3881.15
2022-09-23,3856.29,3856.29
2022-09-26,3801.83,3801.83
2022-09-27,3803.83,3803.83
2022-09-28,3752.24,3752.24
2022-09-29,3745.53,3745.53
2022-09-30,3741.71,3741.71
2022-10-03,3737.12,3737.12
2022-10-04,3775.91,3775.91
2022-10-05,3786.51,3786.51
2022-10-06,3793.27,3793.27
2022-10-07,3781.35,3781.35
2022-10-10,3746.59,3746.59
2022-10-11,3734.4,3734.4
2022-10-12,3729.11,3729.11
2022-10-13,3711.52,3711.52
2022-10-14,3689.21,3689.21
2022-10-17,3680.25,3680.25
2022-10-18,3655.42,3655.42
2022-10-19,3666.27,3666.27
2022-10-20,3732.66,3732.66
2022-10-21,3715.2,3715.2
2022-10-24,3722.47,3722.47
2022-10-25,3703.92,3703.92
2022-10-26,3733.44,3733.44
2022-10-27,3757.1,3757.1
2022-10-28,3739.25,3739.25
2022-10-31,3766.82,3766.82
2022-11-01,3721.81,3721.81
2022-11-02,3707.37,3707.37
2022-11-03,3708.4,3708.4
2022-11-04,3733.35,3733.35
2022-11-07,3762.85,3762.85
2022-11-08,3744.61,3744.61
2022-11-09,3734.6,3734.6
2022-11-10,3686.45,3686.45
2022-11-11,3728.38,3728.38
2022-11-14,3707.11,3707.11
2022-11-15,3712.32,3712.32
2022-11-16,3677.91,3677.91
2022-11-17,3665.51,3665.51
2022-11-18,3663.17,3663.17
2022-11-21,3676.81,3676.81
2022-11-22,3664.23,3664.23
2022-11-23,3682.05,3682.05
2022-11-24,3700.72,3700.72
2022-11-25,3679.98,3679.98
2022-11-28,3661.49,3661.49
2022-11-29,3688.11,3688.11
2022-11-30,3704.84,3704.84
2022-12-01,3709.77,3709.77
2022-12-02,3702.61,3702.61
2022-12-05,3664.34,3664.34
2022-12-06,3595.18,3595.18
2022-12-07,3597.34,3597.34
2022-12-08,3609.08,3609.08
2022-12-09,3555.04,3555.04
2022-12-12,3599.5,3599.5
2022-12-13,3589.13,3589.13
2022-12-14,3604.08,3604.08
2022-12-15,3577.03,3577.03
2022-12-16,3596.01,3596.01
2022-12-19,3598.2,3598.2
2022-12-20,3578.81,3578.81
2022-12-21,3579.78,3579.78
2022-12-22,3592.44,3592.44
2022-12-23,3571.6,3571.6
2022-12-26,3560.69,3560.69
2022-12-27,3564.09,3564.09
2022-12-28,3539.29,3539.29
2022-12-29,3558.6,3558.6
2022-12-30,3557.47,3557.47
2023-01-02,3533.66,3533.66
2023-01-03,3575.69,3575.69
2023-01-04,3515.97,3515.97
2023-01-05,3436.66,3436.66
2023-01-06,3452.21,3452.21
2023-01-09,3463.14,3463.14
2023-01-10,3462.84,3462.84
2023-01-11,3465.4,3465.4
2023-01-12,3466.86,3466.86
2023-01-13,3459.64,3459.64
2023-01-16,3471.78,3471.78
2023-01-17,3497.26,3497.26
2023-01-18,3507.3,3507.3
2023-01-19,3539.95,3539.95
2023-01-20,3547.2,3547.2
2023-01-24,3524.43,3524.43
2023-01-25,3502.03,3502.03
2023-01-26,3501.51,3501.51
2023-01-27,3512.08,3512.08
2023-01-30,3500.38,3500.38
2023-01-31,3481.35,3481.35
2023-02-01,3508.22,3508.22
2023-02-02,3519.35,3519.35
2023-02-03,3515.45,3515.45
2023-02-06,3503.85,3503.85
2023-02-07,3526.94,3526.94
2023-02-08,3532.69,3532.69
2023-02-09,3504.79,3504.79
2023-02-10,3507.73,3507.73
2023-02-13,3517.47,3517.47
2023-02-14,3530.22,3530.22
2023-02-15,3525.21,3525.21
2023-02-16,3523.33,3523.33
2023-02-17,3509.55,3509.55
2023-02-20,3527.55,3527.55
2023-02-21,3525.96,3525.96
2023-02-22,3500.69,3500.69
2023-02-23,3528.38,3528.38
2023-02-24,3537.51,3537.51
2023-02-27,3522.8,3522.8
2023-02-28,3522.77,3522.77
2023-03-01,3513.34,3513.34
2023-03-02,3514.35,3514.35
2023-03-03,3505.7,3505.7
2023-03-06,3493.66,3493.66
2023-03-07,3466.24,3466.24
2023-03-08,3457.5,3457.5
2023-03-09,3465.05,3465.05
2023-03-10,3448.72,3448.72
2023-03-13,3447.21,3447.21
2023-03-14,3375.54,3375.54
2023-03-15,3347.61,3347.61
2023-03-16,3300.2,3300.2
2023-03-17,3370.56,3370.56
2023-03-20,3328.85,3328.85
2023-03-21,3362.99,3362.99
2023-03-24,3384.76,3384.76
2023-03-27,3393.36,3393.36
2023-03-28,3446.37,3446.37
2023-03-29,3484.94,3484.94
2023-03-30,3464.45,3464.45
2023-03-31,3454.95,3454.95
2023-04-03,3450.73,3450.73
2023-04-04,3453.27,3453.27
2023-04-05,3449.85,3449.85
2023-04-06,3451.67,3451.67
2023-04-10,3438.74,3438.74
2023-04-11,3473.52,3473.52
2023-04-12,3475.25,3475.25
2023-04-13,3469.57,3469.57
2023-04-14,3468.54,3468.54
2023-04-17,3457.78,3457.78
2023-04-18,3476.38,3476.38
2023-04-26,3505.77,3505.77
2023-04-27,3498.41,3498.41
2023-04-28,3535.58,3535.58
2023-05-02,3488.86,3488.86
2023-05-03,3473.18,3473.18
2023-05-04,3477.66,3477.66
2023-05-05,3462.56,3462.56
2023-05-08,3494.95,3494.95
2023-05-09,3529.96,3529.96
2023-05-10,3538.12,3538.12
2023-05-11,3516.07,3516.07
2023-05-12,3510.86,3510.86
2023-05-15,3495.84,3495.84
2023-05-16,3475.73,3475.73
2023-05-17,3463.29,3463.29
2023-05-19,3467.96,3467.96
2023-05-22,3487.66,3487.66
2023-05-23,3480.35,3480.35
2023-05-24,3500.49,3500.49
2023-05-25,3481.67,3481.67
2023-05-26,3476.99,3476.99
2023-05-29,3487.38,3487.38
2023-05-30,3474.97,3474.97
2023-05-31,3438.97,3438.97
2023-06-05,3477.45,3477.45
2023-06-06,3506.74,3506.74
2023-06-07,3535.54,3535.54
2023-06-08,3545.72,3545.72
2023-06-09,3554.41,3554.41
2023-06-12,3571.03,3571.03
2023-06-13,3553,3553
2023-06-14,3565.98,3565.98
2023-06-15,3574.05,3574.05
2023-06-16,3570.17,3570.17
2023-06-19,3549.91,3549.91
2023-06-20,3520.94,3520.94
2023-06-21,3555.75,3555.75
2023-06-22,3525.19,3525.19
2023-06-23,3523.16,3523.16
2023-06-26,3530.06,3530.06
2023-06-27,3520.62,3520.62
2023-07-03,3546.28,3546.28
2023-07-04,3560.58,3560.58
2023-07-05,3597.8,3597.8
2023-07-06,3617.86,3617.86
2023-07-07,3610.97,3610.97
2023-07-10,3611.9,3611.9
2023-07-11,3641.79,3641.79
2023-07-12,3637.72,3637.72
2023-07-13,3628.42,3628.42
2023-07-14,3651.84,3651.84
2023-07-17,3633.62,3633.62
2023-07-18,3603.94,3603.94
2023-07-20,3618.78,3618.78
2023-07-21,3631.95,3631.95
2023-07-24,3644.46,3644.46
2023-07-25,3620.32,3620.32
2023-07-26,3633.35,3633.35
2023-07-27,3605.33,3605.33
2023-07-28,3615.56,3615.56
2023-07-31,3641.68,3641.68
2023-08-01,3606.66,3606.66
2023-08-02,3589.43,3589.43
2023-08-03,3613.11,3613.11
2023-08-04,3612.85,3612.85
2023-08-07,3616.67,3616.67
2023-08-08,3620.87,3620.87
2023-08-09,3628.5,3628.5
2023-08-10,3622.21,3622.21
2023-08-11,3622.94,3622.94
2023-08-14,3640.69,3640.69
2023-08-15,3657.19,3657.19
2023-08-16,3659.86,3659.86
2023-08-18,3619.13,3619.13
2023-08-21,3602.78,3602.78
2023-08-22,3638.17,3638.17
2023-08-23,3643.1,3643.1
2023-08-24,3623.56,3623.56
2023-08-25,3618.19,3618.19
2023-08-28,3628.82,3628.82
2023-08-29,3642.84,3642.84
2023-08-30,3654.95,3654.95
2023-08-31,3626.89,3626.89
2023-09-01,3626.65,3626.65
2023-09-04,3631.59,3631.59
2023-09-05,3637.95,3637.95
2023-09-06,3642.56,3642.56
2023-09-07,3602.82,3602.82
2023-09-08,3591.87,3591.87
2023-09-11,3623.32,3623.32
2023-09-12,3617.19,3617.19
2023-09-13,3623.56,3623.56
2023-09-14,3625.34,3625.34
2023-09-15,3624.16,3624.16
2023-09-18,3603.15,3603.15
2023-09-19,3620.77,3620.77
2023-09-20,3636.98,3636.98
2023-09-21,3631.61,3631.61
2023-09-22,3657.93,3657.93
2023-09-25,3638.18,3638.18
2023-09-26,3591.34,3591.34
2023-09-27,3601.42,3601.42
2023-09-29,3597.75,3597.75
2023-10-02,3602.83,3602.83
2023-10-03,3575.34,3575.34
2023-10-04,3526.94,3526.94
2023-10-05,3518.52,3518.52
2023-10-06,3547.76,3547.76
2023-10-09,3560.6,3560.6
2023-10-10,3564.8,3564.8
2023-10-11,3564.92,3564.92
2023-10-12,3550.16,3550.16
2023-10-13,3543.61,3543.61
2023-10-16,3525.76,3525.76
2023-10-17,3538.95,3538.95
2023-10-18,3527.3,3527.3
2023-10-19,3483.77,3483.77
2023-10-20,3468.55,3468.55
2023-10-23,3401.79,3401.79
2023-10-24,3450.73,3450.73
2023-10-25,3440.31,3440.31
2023-10-26,3394.94,3394.94
2023-10-27,3402.24,3402.24
2023-10-30,3344.34,3344.34
2023-10-31,3377.45,3377.45
2023-11-01,3306.22,3306.22
2023-11-02,3318.76,3318.76
2023-11-03,3334.18,3334.18
2023-11-06,3377.09,3377.09
2023-11-07,3339.69,3339.69
2023-11-08,3312.86,3312.86
2023-11-09,3321.09,3321.09
2023-11-10,3311.35,3311.35
2023-11-13,3307.1,3307.1
2023-11-14,3298.24,3298.24
2023-11-15,3339.34,3339.34
2023-11-16,3328.74,3328.74
2023-11-17,3318.86,3318.86
2023-11-20,3326.19,3326.19
2023-11-21,3323.64,3323.64
2023-11-22,3292.78,3292.78
2023-11-23,3312.38,3312.38
2023-11-24,3308.5,3308.5
2023-11-27,3316.19,3316.19
2023-11-28,3322.07,3322.07
2023-11-29,3331.23,3331.23
2023-11-30,3342.06,3342.06
2023-12-01,3339.67,3339.67
2023-12-04,3316.66,3316.66
2023-12-05,3322.09,3322.09
2023-12-06,3315.86,3315.86
2023-12-07,3294.03,3294.03
2023-12-08,3320.42,3320.42
2023-12-11,3256.28,3256.28
2023-12-12,3268.66,3268.66
2023-12-13,3231.59,3231.59
2023-12-14,3275.41,3275.41
2023-12-15,3281.5,3281.5
2023-12-18,3262.04,3262.04
2023-12-19,3291.57,3291.57
2023-12-20,3308.43,3308.43
2023-12-21,3303.87,3303.87
2023-12-22,3314.94,3314.94
2023-12-27,3322.83,3322.83
2023-12-28,3343.21,3343.21
2023-12-29,3342.83,3342.83
2024-01-02,3377.7,3377.7
2024-01-03,3369.47,3369.47
2024-01-04,3393.68,3393.68
2024-01-05,3378.68,3378.68
2024-01-08,3361.39,3361.39
2024-01-09,3348.23,3348.23
2024-01-10,3362.56,3362.56
2024-01-11,3367.01,3367.01
2024-01-12,3368.83,3368.83
2024-01-15,3373.97,3373.97
2024-01-16,3372.83,3372.83
2024-01-17,3340.62,3340.62
2024-01-18,3365.6,3365.6
2024-01-19,3364.36,3364.36
2024-01-22,3346.58,3346.58
2024-01-23,3334.5,3334.5
2024-01-24,3322.53,3322.53
2024-01-25,3326.82,3326.82
2024-01-26,3317.6,3317.6
2024-01-29,3311.04,3311.04
2024-01-30,3312.26,3312.26
2024-01-31,3321.99,3321.99
2024-02-01,3317.21,3317.21
2024-02-02,3331.28,3331.28
2024-02-05,3297.1,3297.1
2024-02-06,3324.37,3324.37
2024-02-07,3306.81,3306.81
2024-02-12,3322.46,3322.46
2024-02-13,3292.79,3292.79
2024-02-15,3319.71,3319.71
2024-02-16,3309.73,3309.73
2024-02-19,3274.38,3274.38
2024-02-20,3293.42,3293.42
2024-02-21,3291.47,3291.47
2024-02-22,3320.29,3320.29
2024-02-23,3313.97,3313.97
2024-02-26,3289.38,3289.38
2024-02-27,3292.78,3292.78
2024-02-28,3303.73,3303.73
2024-02-29,3301.41,3301.41
2024-03-01,3313.91,3313.91
2024-03-04,3301.89,3301.89
2024-03-05,3274.91,3274.91
2024-03-06,3287.93,3287.93
2024-03-07,3296.09,3296.09
2024-03-08,3291.16,3291.16
2024-03-13,3307.53,3307.53
2024-03-14,3319.83,3319.83
2024-03-15,3299.74,3299.74
2024-03-18,3303.99,3303.99
2024-03-19,3311.73,3311.73
2024-03-20,3319.65,3319.65
2024-03-21,3327.45,3327.45
2024-03-22,3324.71,3324.71
2024-03-25,3322.25,3322.25
2024-03-26,3310.13,3310.13
2024-03-27,3273.55,3273.55
2024-03-28,3266.75,3266.75
2024-04-01,3261.25,3261.25
2024-04-02,3304.72,3304.72
2024-04-03,3295.78,3295.78
2024-04-04,3327.61,3327.61
2024-04-05,3320.27,3320.27
2024-04-16,3268.22,3268.22
2024-04-17,3217.66,3217.66
2024-04-18,3219.24,3219.24
2024-04-19,3168.89,3168.89
2024-04-22,3189.51,3189.51
2024-04-23,3199.33,3199.33
2024-04-24,3189.25,3189.25
2024-04-25,3179.7,3179.7
2024-04-26,3127.37,3127.37
2024-04-29,3187.74,3187.74
2024-04-30,3224.87,3224.87
2024-05-02,3182.28,3182.28
2024-05-03,3192.68,3192.68
2024-05-06,3205.01,3205.01
2024-05-07,3201.41,3201.41
2024-05-08,3199.79,3199.79
2024-05-13,3193.68,3193.68
2024-05-14,3199.01,3199.01
2024-05-15,3210.33,3210.33
2024-05-16,3231.66,3231.66
2024-05-17,3251.66,3251.66
2024-05-20,3258.1,3258.1
2024-05-21,3223.91,3223.91
2024-05-22,3238.03,3238.03
2024-05-27,3193.53,3193.53
2024-05-28,3224.24,3224.24
2024-05-29,3213.07,3213.07
2024-05-30,3187.71,3187.71
2024-05-31,3170.13,3170.13
2024-06-03,3208.72,3208.72
2024-06-04,3233.02,3233.02
2024-06-05,3197.77,3197.77
2024-06-06,3208.36,3208.36
2024-06-07,3211.25,3211.25
2024-06-10,3189.81,3189.81
2024-06-11,3157.36,3157.36
2024-06-12,3143.4,3143.4
2024-06-13,3137.52,3137.52
2024-06-14,3089.26,3089.26
2024-06-19,3081.57,3081.57
2024-06-20,3104.1,3104.1
2024-06-21,3143.9,3143.9
2024-06-24,3146.59,3146.59
2024-06-25,3151.31,3151.31
2024-06-26,3165.71,3165.71
2024-06-27,3177.23,3177.23
2024-06-28,3203.12,3203.12
2024-07-01,3219.33,3219.33
2024-07-02,3206.38,3206.38
2024-07-03,3223.82,3223.82
2024-07-04,3228.19,3228.19
2024-07-05,3245.95,3245.95
2024-07-08,3296.24,3296.24
2024-07-09,3287.92,3287.92
2024-07-10,3301.47,3301.47
2024-07-11,3311.14,3311.14
2024-07-12,3321.63,3321.63
2024-07-15,3306.36,3306.36
2024-07-16,3307.27,3307.27
2024-07-17,3342.71,3342.71
2024-07-18,3354.06,3354.06
2024-07-19,3331.55,3331.55
2024-07-22,3343.36,3343.36
2024-07-23,3346.51,3346.51
2024-07-24,3335.56,3335.56
2024-07-25,3315.43,3315.43
2024-07-26,3333.88,3333.88
2024-07-29,3329.03,3329.03
2024-07-30,3311.21,3311.21
2024-07-31,3340.49,3340.49
2024-08-01,3350.53,3350.53
2024-08-02,3350.02,3350.02
2024-08-05,3230.83,3230.83
2024-08-06,3264.17,3264.17
2024-08-07,3302.5,3302.5
2024-08-08,3294.93,3294.93
2024-08-09,3310.76,3310.76
2024-08-12,3341.04,3341.04
2024-08-13,3368.3,3368.3
2024-08-14,3398.5,3398.5
2024-08-15,3386.56,3386.56
2024-08-16,3397.78,3397.78
2024-08-19,3382.56,3382.56
2024-08-20,3413.35,3413.35
2024-08-21,3405.31,3405.31
2024-08-22,3375.77,3375.77
2024-08-23,3410.28,3410.28
2024-08-26,3430,3430
2024-08-27,3431.04,3431.04
2024-08-28,3437.72,3437.72
2024-08-29,3409.81,3409.81
2024-08-30,3408.27,3408.27
2024-09-02,3424.32,3424.32
2024-09-03,3398.15,3398.15
2024-09-04,3395.31,3395.31
2024-09-05,3421.84,3421.84
2024-09-06,3404.9,3404.9
2024-09-09,3396.18,3396.18
2024-09-10,3421.39,3421.39
2024-09-11,3423.62,3423.62
2024-09-12,3464.37,3464.37
2024-09-13,3448.35,3448.35
2024-09-17,3478.11,3478.11
2024-09-18,3482.04,3482.04
2024-09-19,3501.63,3501.63
2024-09-20,3492.04,3492.04
2024-09-23,3517.99,3517.99
2024-09-24,3527.11,3527.11
2024-09-25,3530.22,3530.22
2024-09-26,3569.75,3569.75
2024-09-27,3563.02,3563.02
2024-09-30,3508.3,3508.3
2024-10-01,3539.94,3539.94
2024-10-02,3484.09,3484.09
2024-10-03,3483.31,3483.31
2024-10-04,3462.99,3462.99
2024-10-07,3478.51,3478.51
2024-10-08,3485.58,3485.58
2024-10-09,3453.88,3453.88
2024-10-10,3449.94,3449.94
2024-10-11,3481.23,3481.23
2024-10-14,3478.57,3478.57
2024-10-15,3499.6,3499.6
2024-10-16,3515.37,3515.37
2024-10-17,3519.9,3519.9
2024-10-21,3522.54,3522.54
2024-10-22,3523.97,3523.97
2024-10-23,3514.44,3514.44
2024-10-24,3484.95,3484.95
2024-10-25,3458.72,3458.72
2024-10-28,3448.39,3448.39
2024-10-29,3448.24,3448.24
2024-10-30,3439.37,3439.37
2024-10-31,3455.92,3455.92
2024-11-01,3392.27,3392.27
2024-11-04,3375.24,3375.24
2024-11-05,3383.72,3383.72
2024-11-06,3337.25,3337.25
2024-11-07,3301.62,3301.62
2024-11-08,3315.92,3315.92
2024-11-11,3283.08,3283.08
2024-11-12,3297.57,3297.57
2024-11-13,3273.52,3273.52
2024-11-14,3240.76,3240.76
2024-11-15,3231.45,3231.45
2024-11-18,3241.53,3241.53
2024-11-19,3292.14,3292.14
2024-11-20,3269.02,3269.02
2024-11-21,3272.58,3272.58
2024-11-22,3290.63,3290.63
2024-11-25,3316.68,3316.68
2024-11-26,3295.35,3295.35
2024-11-28,3264.7,3264.7
2024-11-29,3268.71,3268.71
2024-12-02,3242,3242
2024-12-03,3286.13,3286.13
2024-12-04,3334.34,3334.34
2024-12-05,3341.67,3341.67
2024-12-06,3348.25,3348.25
2024-12-09,3368.08,3368.08
2024-12-10,3377.32,3377.32
2024-12-11,3370.43,3370.43
2024-12-12,3352.25,3352.25
2024-12-13,3339.79,3339.79
2024-12-16,3302.12,3302.12
2024-12-17,3242.77,3242.77
2024-12-18,3210.33,3210.33
2024-12-19,3151.29,3151.29
2024-12-20,3149.31,3149.31
2024-12-23,3190.68,3190.68
2024-12-24,3192.38,3192.38
2024-12-27,3199.79,3199.79
2024-12-30,3225.73,3225.73
2025-01-02,3218.97,3218.97
2025-01-03,3214.46,3214.46
2025-01-06,3170.05,3170.05
2025-01-07,3165.23,3165.23
2025-01-08,3144.04,3144.04
2025-01-09,3138.14,3138.14
2025-01-10,3165.81,3165.81
2025-01-13,3150.17,3150.17
2025-01-14,3119.68,3119.68
2025-01-15,3155.57,3155.57
2025-01-16,3141.45,3141.45
2025-01-17,3141.9,3141.9
2025-01-20,3122.28,3122.28
2025-01-21,3134.96,3134.96
2025-01-22,3171.66,3171.66
2025-01-23,3159.33,3159.33
2025-01-24,3153.08,3153.08
2025-01-30,3117.57,3117.57
2025-01-31,3127.75,3127.75
2025-02-03,3087.93,3087.93
2025-02-04,3112.66,3112.66
2025-02-05,3098.55,3098.55
2025-02-06,3058.64,3058.64
2025-02-07,3057.66,3057.66
2025-02-10,3019.48,3019.48
2025-02-11,2962.5,2962.5
2025-02-12,3007.33,3007.33
2025-02-13,3002.79,3002.79
2025-02-14,3021.66,3021.66
2025-02-17,3065.42,3065.42
2025-02-18,3090.32,3090.32
2025-02-19,3087.54,3087.54
2025-02-20,3083.88,3083.88
2025-02-21,3077.93,3077.93
2025-02-24,3072.96,3072.96
2025-02-25,3000.42,3000.42
2025-02-26,2973.52,2973.52
2025-02-27,2942.57,2942.57
2025-02-28,2845.52,2845.52
2025-03-03,2910.66,2910.66
2025-03-04,2854.1,2854.1
2025-03-05,2908.46,2908.46
2025-03-06,2937.24,2937.24
2025-03-07,2945.93,2945.93
2025-03-10,2913.54,2913.54
2025-03-11,2867.4,2867.4
2025-03-12,2898.55,2898.55
2025-03-13,2884.15,2884.15
2025-03-14,2856.63,2856.63
2025-03-17,2868.9,2868.9
2025-03-18,2793.09,2793.09
2025-03-19,2807.7,2807.7
2025-03-20,2805.28,2805.28
2025-03-21,2759.65,2759.65
2025-03-24,2726.9,2726.9
2025-03-25,2751.25,2751.25
2025-03-26,2805.7,2805.7
2025-03-27,2807.53,2807.53
2025-04-08,2616.45,2616.45
2025-04-09,2621,2621
2025-04-10,2727.96,2727.96
2025-04-11,2742.29,2742.29
2025-04-14,2845.17,2845.17
2025-04-15,2857.87,2857.87
2025-04-16,2863.38,2863.38
2025-04-17,2893.27,2893.27
2025-04-21,2915.98,2915.98
2025-04-22,2936.84,2936.84
2025-04-23,2964.37,2964.37
2025-04-24,2978.62,2978.62
2025-04-25,3009.99,3009.99
2025-04-28,3008.06,3008.06
2025-04-29,3032.4,3032.4
2025-04-30,3041.32,3041.32
2025-05-02,3052.48,3052.48
2025-05-05,3073.09,3073.09
2025-05-06,3106.72,3106.72
2025-05-07,3125.48,3125.48
2025-05-08,3092.53,3092.53
2025-05-09,3095.94,3095.94
2025-05-14,3119.21,3119.21
2025-05-15,3133.46,3133.46
2025-05-16,3175.06,3175.06
2025-05-19,3200.52,3200.52
2025-05-20,3166.06,3166.06
2025-05-21,3209.48,3209.48
2025-05-22,3224.86,3224.86
2025-05-23,3237.49,3237.49
2025-05-26,3244.72,3244.72
2025-05-27,3257.8,3257.8
2025-05-28,3246.99,3246.99
2025-06-02,3217.78,3217.78
2025-06-03,3206.06,3206.06
2025-06-04,3236.03,3236.03
2025-06-05,3237.48,3237.48
2025-06-10,3254.56,3254.56
2025-06-11,3299.96,3299.96
2025-06-12,3276.13,3276.13
2025-06-13,3267.72,3267.72
2025-06-16,3255.9,3255.9
2025-06-17,3285.54,3285.54
2025-06-18,3265.01,3265.01
2025-06-19,3197.89,3197.89
2025-06-20,3164.73,3164.73
2025-06-23,3109.06,3109.06
2025-06-24,3154.72,3154.72
2025-06-25,3136.38,3136.38
2025-06-26,3169,3169
2025-06-30,3216.91,3216.91
2025-07-01,3224.09,3224.09
2025-07-02,3217.63,3217.63
2025-07-03,3230.9,3230.9
2025-07-04,3213.68,3213.68
2025-07-07,3219.77,3219.77
2025-07-08,3215.9,3215.9
2025-07-09,3242.49,3242.49
2025-07-10,3250.17,3250.17
2025-07-11,3269.73,3269.73
2025-07-14,3279.97,3279.97
2025-07-15,3268.55,3268.55
2025-07-16,3277.94,3277.94
2025-07-17,3314.88,3314.88
2025-07-18,3309.63,3309.63
2025-07-21,3344.87,3344.87
2025-07-22,3294.33,3294.33
2025-07-23,3336.6,3336.6
2025-07-24,3336.43,3336.43
2025-07-25,3336.31,3336.31
2025-07-28,3370.28,3370.28
2025-07-29,3407.31,3407.31
2025-07-30,3389.31,3389.31
2025-07-31,3369.53,3369.53
2025-08-01,3401.24,3401.24
2025-08-04,3377.99,3377.99
2025-08-05,3357.89,3357.89
2025-08-06,3377.23,3377.23
2025-08-07,3383.55,3383.55
2025-08-08,3381.23,3381.23
2025-08-11,3370.56,3370.56
2025-08-12,3398.47,3398.47
2025-08-13,3430.69,3430.69
2025-08-14,3430.41,3430.41
2025-08-15,3405.27,3405.27
2025-08-19,3411.58,3411.58
2025-08-20,3437.14,3437.14
2025-08-21,3435.91,3435.91
2025-08-22,3417.53,3417.53
2025-08-25,3417.68,3417.68
2025-08-26,3391.7,3391.7
2025-08-27,3366.59,3366.59
2025-08-28,3362.65,3362.65
2025-08-29,3312.63,3312.63
2025-09-01,3294,3294
2025-09-02,3344.47,3344.47
2025-09-03,3362.08,3362.08
2025-09-04,3354.77,3354.77
2025-09-08,3326.5,3326.5
2025-09-09,3308.3,3308.3
2025-09-10,3312.65,3312.65
2025-09-11,3315.45,3315.45
2025-09-12,3349.14,3349.14
2025-09-15,3389.29,3389.29
2025-09-16,3405.4,3405.4
2025-09-17,3428.62,3428.62
2025-09-18,3410.65,3410.65
2025-09-19,3459.33,3459.33
2025-09-22,3447.53,3447.53
2025-09-23,3502.79,3502.79
2025-09-24,3513.02,3513.02
2025-09-25,3470.16,3470.16
2025-09-26,3497.08,3497.08
2025-09-29,3546.29,3546.29
2025-09-30,3516.68,3516.68
2025-10-01,3535.83,3535.83
2025-10-02,3552.3,3552.3
2025-10-03,3570.39,3570.39
2025-10-06,3584.25,3584.25
2025-10-07,3565.42,3565.42
2025-10-08,3605.8,3605.8
2025-10-09,3619.24,3619.24
2025-10-10,3640.96,3640.96
2025-10-13,3664.8,3664.8
2025-10-14,3609.05,3609.05
2025-10-15,3614.26,3614.26
2025-10-16,3641.91,3641.91
2025-10-17,3574.15,3574.15
2025-10-20,3596.61,3596.61
2025-10-21,3641.83,3641.83
2025-10-22,3582.83,3582.83
2025-10-23,3640.69,3640.69
2025-10-24,3598.63,3598.63
2025-10-27,3583.3,3583.3
2025-10-28,3599.2,3599.2
2025-10-29,3684.08,3684.08
2025-10-30,3655.24,3655.24
2025-10-31,3632.5,3632.5
2025-11-03,3679.9,3679.9
2025-11-04,3647.44,3647.44
2025-11-05,3700.3,3700.3
2025-11-06,3677.35,3677.35
2025-11-07,3687.62,3687.62
2025-11-10,3694.38,3694.38
2025-11-11,3705.98,3705.98
2025-11-12,3712.37,3712.37
2025-11-13,3707.5,3707.5
2025-11-14,3681.85,3681.85
2025-11-17,3667.02,3667.02
2025-11-18,3632.09,3632.09
2025-11-19,3645.8,3645.8
2025-11-20,3638.04,3638.04
2025-11-21,3634.59,3634.59
2025-11-24,3670.38,3670.38
2025-11-25,3656.67,3656.67
2025-11-26,3699.57,3699.57
2025-11-27,3676.82,3676.82
2025-11-28,3685.99,3685.99
2025-12-01,3677.06,3677.06
2025-12-02,3697.52,3697.52
2025-12-03,3690.97,3690.97
2025-12-04,3701.03,3701.03
2025-12-05,3703.2,3703.2
2025-12-08,3717.5,3717.5
2025-12-09,3665.24,3665.24
2025-12-10,3696.68,3696.68
2025-12-11,3637.9,3637.9
2025-12-12,3761.72,3761.72
2025-12-15,3727.05,3727.05
2025-12-16,3715.84,3715.84
2025-12-17,3725.58,3725.58
2025-12-18,3708.48,3708.48
2025-12-19,3711.23,3711.23
2025-12-22,3751.76,3751.76
2025-12-23,3728.9,3728.9
2025-12-24,3707.26,3707.26
2025-12-29,3757.99,3757.99
2025-12-30,3730.02,3730.02
2026-01-02,3787.14,3787.14
2026-01-05,3867.09,3867.09
2026-01-06,3889.94,3889.94
2026-01-07,3918.36,3918.36
2026-01-08,3870.97,3870.97
2026-01-09,3891.41,3891.41
2026-01-12,3927.43,3927.43
2026-01-13,3971.43,3971.43
2026-01-14,3999.04,3999.04
2026-01-15,3970.13,3970.13
2026-01-19,3996.82,3996.82
2026-01-20,4043.48,4043.48
2026-01-21,3989.81,3989.81
2026-01-22,4024.76,4024.76
2026-01-23,4061.3,4061.3
2026-01-26,4114.37,4114.37
2026-01-27,4047.97,4047.97
2026-01-28,3829.3,3829.3
2026-01-29,3770.05,3770.05
2026-01-30,3804.02,3804.02
2026-02-02,3644.6,3644.6
2026-02-03,3772,3772
2026-02-04,3784.37,3784.37
2026-02-05,3764.55,3764.55
2026-02-06,3699.24,3699.24
2026-02-09,3756.16,3756.16
2026-02-10,3803.13,3803.13
2026-02-11,3882.62,3882.62
2026-02-12,3905.27,3905.27
2026-02-13,3877.25,3877.25
2026-02-18,3888.16,3888.16
2026-02-19,3922.67,3922.67
2026-02-20,3923.78,3923.78
2026-02-23,3990.1,3990.1
2026-02-24,3936.46,3936.46
2026-02-25,4025.59,4025.59
2026-02-26,3975.31,3975.31
2026-02-27,3998.75,3998.75
2026-03-02,3985.06,3985.06
2026-03-03,3933.33,3933.33
2026-03-04,3724.33,3724.33
2026-03-05,3779.24,3779.24
2026-03-06,3681.63,3681.63
2026-03-09,3548.36,3548.36
2026-03-10,3643.55,3643.55
2026-03-11,3582.58,3582.58
2026-03-12,3581.24,3581.24
2026-03-13,3510.85,3510.85
2026-03-16,3469.43,3469.43
2026-03-17,3525.03,3525.03
2026-03-25,3637.15,3637.15
2026-03-26,3568.76,3568.76
2026-03-27,3547.43,3547.43
2026-03-30,3593.73,3593.73
2026-03-31,3585.11,3585.11
2026-04-01,3630.33,3630.33
2026-04-02,3567.48,3567.48
2026-04-06,3572.82,3572.82
2026-04-07,3533.02,3533.02
2026-04-08,3648.84,3648.84
2026-04-09,3619.25,3619.25
2026-04-10,3643.11,3643.11
2026-04-13,3650.33,3650.33
2026-04-14,3678.95,3678.95
2026-04-15,3700.83,3700.83
2026-04-16,3695.5,3695.5
2026-04-17,3720.62,3720.62
2026-04-20,3712.93,3712.93
2026-04-21,3717.84,3717.84
2026-04-22,3736.01,3736.01
2026-04-23,3709.62,3709.62
2026-04-24,3657.93,3657.93
2026-04-27,3661.02,3661.02
2026-04-28,3607.74,3607.74
2026-04-29,3632.26,3632.26
2026-04-30,3575.4,3575.4
2026-05-04,3604.78,3604.78
2026-05-05,3564.84,3564.84
2026-05-06,3608.66,3608.66
2026-05-07,3636.73,3636.73
2026-05-08,3495.18,3495.18
2026-05-11,3512.92,3512.92
2026-05-12,3507.22,3507.22
2026-05-13,3474.24,3474.24
2026-05-18,3415.11,3415.11
2026-05-19,3289.68,3289.68
2026-05-20,3263.03,3263.03
2026-05-21,3155.6,3155.6
2026-05-22,3247.63,3247.63
2026-05-25,3256.96,3256.96
2026-05-26,3188.83,3188.83
2026-05-29,3159.63,3159.63
2026-06-02,3133.25,3133.25
2026-06-03,3003.78,3003.78
2026-06-04,3002.47,3002.47
2026-06-05,2932.73,2932.73
2026-06-08,2810.2,2810.2
2026-06-09,2965.21,2965.21
2026-06-10,2986.94,2986.94
2026-06-11,2963.92,2963.92
2026-06-12,3041.36,3041.36
2026-06-15,3134.26,3134.26
2026-06-17,3134.95,3134.95
2026-06-18,3134.86,3134.86
2026-06-19,3109.65,3109.65
2026-06-22,3095.65,3095.65
2026-06-23,3095.96,3095.96
2026-06-24,3008.25,3008.25
2026-06-25,3050.78,3050.78
2026-06-26,2997.88,2997.88
2026-06-29,2976.99,2976.99
2026-06-30,2940.14,2940.14
2026-07-01,2949.93,2949.93
2026-07-02,2966.13,2966.13
2026-07-03,3034.59,3034.59
2026-07-06,3032.31,3032.31
2026-07-07,3057.67,3057.67
2026-07-08,3016.16,3016.16
2026-07-09,3024.47,3024.47
2026-07-10,3050.62,3050.62
2026-07-13,3084.02,3084.02
2026-07-14,3126.46,3126.46
2026-07-15,3126.88,3126.88
2026-07-16,3144.73,3144.73
2026-07-17,3154.87,3154.87
2026-07-20,3190.34,3190.34
2026-07-21,3210.68,3210.68
2026-07-22,3214.75,3214.75
2026-07-23,3215.6,3215.6
2026-07-24,3165.12,3165.12
2026-07-27,3161.67,3161.67
2026-07-28,3133.42,3133.42
2026-07-29,3117.86,3117.86
2026-07-30,3173.78,3173.78
2026-07-31,3182.61,3182.61
2026-08-03,3202.26,3202.26
2026-08-04,3240.97,3240.97
2026-08-05,3263.53,3263.53
2026-08-06,3243.47,3243.47
2026-08-07,3288.43,3288.43
2026-08-10,3263.9,3263.9
2026-08-11,3237.41,3237.41
2026-08-12,3282.29,3282.29
2026-08-13,3247.37,3247.37
2026-08-14,3291.98,3291.98
2026-08-18,3321.22,3321.22
2026-08-19,3305.9,3305.9
2026-08-20,3355.96,3355.96
2026-08-21,3359.71,3359.71
2026-08-24,3373.6,3373.6
2026-08-26,3337.32,3337.32
2026-08-27,3398.41,3398.41
2026-08-28,3377.79,3377.79
2026-08-31,3409.25,3409.25
2026-09-01,3413.68,3413.68
2026-09-02,3374.85,3374.85
2026-09-03,3433.38,3433.38
2026-09-04,3409.63,3409.63
2026-09-07,3426.53,3426.53
2026-09-08,3471.82,3471.82
2026-09-09,3496.08,3496.08
2026-09-10,3454.64,3454.64
2026-09-11,3425.01,3425.01
2026-09-14,3434.17,3434.17
2026-09-15,3428.88,3428.88
2026-09-16,3406.79,3406.79
2026-09-17,3419.29,3419.29
2026-09-18,3398.82,3398.82
2026-09-21,3361.19,3361.19
2026-09-22,3306.76,3306.76
2026-09-23,3343.49,3343.49
2026-09-24,3311.53,3311.53
2026-09-25,3281.83,3281.83
2026-09-28,3233.38,3233.38
2026-09-29,3219.51,3219.51
2026-09-30,3215.89,3215.89
2026-10-01,3180.18,3180.18
2026-10-02,3207.42,3207.42
