date,nav,nav_adjusted
2008-11-04,999.87,999.87
2008-11-05,1007.23,1007.23
2008-11-06,1008.43,1008.43
2008-11-07,1008.46,1008.46
2008-11-10,1008.53,1008.53
2008-11-11,1008.62,1008.62
2008-11-12,1008.67,1008.67
2008-11-13,1008.75,1008.75
2008-11-14,1008.86,1008.86
2008-11-17,1009.21,1009.21
2008-11-18,1009.33,1009.33
2008-11-19,1009.36,1009.36
2008-11-20,1009.49,1009.49
2008-11-21,1009.62,1009.62
2008-11-24,1010.07,1010.07
2008-11-25,1010.22,1010.22
2008-11-26,1010.4,1010.4
2008-11-27,1010.57,1010.57
2008-11-28,1010.74,1010.74
2008-12-01,1011.26,1011.26
2008-12-02,1011.4,1011.4
2008-12-03,1011.57,1011.57
2008-12-04,1011.73,1011.73
2008-12-05,1011.88,1011.88
2008-12-09,1012.45,1012.45
2008-12-10,1012.6,1012.6
2008-12-11,1012.74,1012.74
2008-12-12,1012.85,1012.85
2008-12-15,1013.14,1013.14
2008-12-16,1013.28,1013.28
2008-12-17,1013.32,1013.32
2008-12-18,1013.47,1013.47
2008-12-19,1013.59,1013.59
2008-12-22,1013.94,1013.94
2008-12-23,1013.98,1013.98
2008-12-24,1014.02,1014.02
2008-12-26,1014.14,1014.14
2008-12-30,1014.61,1014.61
2009-01-05,1015.47,1015.47
2009-01-06,1015.55,1015.55
2009-01-07,1015.7,1015.7
2009-01-08,1015.78,1015.78
2009-01-09,1015.92,1015.92
2009-01-12,1016.38,1016.38
2009-01-13,1016.53,1016.53
2009-01-14,1016.7,1016.7
2009-01-15,1016.86,1016.86
2009-01-16,1017.03,1017.03
2009-01-19,1017.54,1017.54
2009-01-20,1018.87,1018.87
2009-01-21,1018.81,1018.81
2009-01-22,1025.75,1025.75
2009-01-23,1027.12,1027.12
2009-01-27,1028.6,1028.6
2009-01-28,1029.03,1029.03
2009-01-29,1029.05,1029.05
2009-01-30,1028.97,1028.97
2009-02-02,1014.4,1014.4
2009-02-03,1018.22,1018.22
2009-02-04,1019.03,1019.03
2009-02-05,1019.28,1019.28
2009-02-06,1019.32,1019.32
2009-02-09,1019.62,1019.62
2009-02-10,1020.38,1020.38
2009-02-11,1020.93,1020.93
2009-02-12,1013.5,1013.5
2009-02-13,1016.3,1016.3
2009-02-16,1016.92,1016.92
2009-02-17,1016.85,1016.85
2009-02-18,1016.79,1016.79
2009-02-19,1007.93,1007.93
2009-02-20,1013.71,1013.71
2009-02-23,1014.85,1014.85
2009-02-24,1014.99,1014.99
2009-02-25,1015.56,1015.56
2009-02-26,1015.38,1015.38
2009-02-27,1019.83,1019.83
2009-03-02,1020.77,1020.77
2009-03-03,1020.72,1020.72
2009-03-04,1021.7,1021.7
2009-03-05,1022.52,1022.52
2009-03-06,1022.63,1022.63
2009-03-10,1025.27,1025.27
2009-03-11,1030.98,1030.98
2009-03-12,1034.78,1034.78
2009-03-13,1034.08,1034.08
2009-03-16,1035.01,1035.01
2009-03-17,1035.89,1035.89
2009-03-18,1036.29,1036.29
2009-03-19,1035.39,1035.39
2009-03-20,1034.66,1034.66
2009-03-23,1036.11,1036.11
2009-03-24,1037.06,1037.06
2009-03-25,1037.17,1037.17
2009-03-27,1038.86,1038.86
2009-03-30,1039.4,1039.4
2009-03-31,1040.07,1040.07
2009-04-01,1039.97,1039.97
2009-04-02,1042.01,1042.01
2009-04-03,1041.85,1041.85
2009-04-06,1041.96,1041.96
2009-04-07,1046.93,1046.93
2009-04-08,1047.85,1047.85
2009-04-13,1048.33,1048.33
2009-04-14,1049.37,1049.37
2009-04-15,1048.88,1048.88
2009-04-16,1049.9,1049.9
2009-04-17,1047.86,1047.86
2009-04-20,1048.5,1048.5
2009-04-21,1047.71,1047.71
2009-04-22,1047.95,1047.95
2009-04-23,1047.69,1047.69
2009-04-24,1047.77,1047.77
2009-04-27,1048.44,1048.44
2009-04-28,1048.63,1048.63
2009-04-29,1048.84,1048.84
2009-04-30,1049.04,1049.04
2009-05-01,1030.25,1030.25
2009-05-04,1034.09,1034.09
2009-05-05,1034.14,1034.14
2009-05-06,1034.46,1034.46
2009-05-07,1034.75,1034.75
2009-05-08,1034.68,1034.68
2009-05-11,1035.09,1035.09
2009-05-12,1034.71,1034.71
2009-05-13,1036.23,1036.23
2009-05-14,1036.09,1036.09
2009-05-15,1036.82,1036.82
2009-05-18,1037.32,1037.32
2009-05-19,1036.83,1036.83
2009-05-20,1038.33,1038.33
2009-05-22,1038.6,1038.6
2009-05-25,1040.41,1040.41
2009-05-26,1041.61,1041.61
2009-05-27,1042.45,1042.45
2009-05-28,1042.09,1042.09
2009-05-29,1044.65,1044.65
2009-06-01,1045.88,1045.88
2009-06-02,1047.4,1047.4
2009-06-03,1047.45,1047.45
2009-06-04,1047.49,1047.49
2009-06-05,1049.32,1049.32
2009-06-08,1050.34,1050.34
2009-06-09,1050.62,1050.62
2009-06-10,1048.36,1048.36
2009-06-11,1047.82,1047.82
2009-06-12,1047.09,1047.09
2009-06-15,1048.94,1048.94
2009-06-16,1048.8,1048.8
2009-06-17,1049.97,1049.97
2009-06-18,1048.49,1048.49
2009-06-19,1048.33,1048.33
2009-06-22,1049.44,1049.44
2009-06-23,1049.57,1049.57
2009-06-24,1050.53,1050.53
2009-06-25,1050.62,1050.62
2009-06-26,1050.81,1050.81
2009-06-29,1050.94,1050.94
2009-06-30,1051.7,1051.7
2009-07-01,1051.5,1051.5
2009-07-02,1051.68,1051.68
2009-07-03,1051.86,1051.86
2009-07-06,1053.45,1053.45
2009-07-07,1053.63,1053.63
2009-07-09,1055.06,1055.06
2009-07-10,1055.46,1055.46
2009-07-13,1055.43,1055.43
2009-07-14,1055.4,1055.4
2009-07-15,1056.72,1056.72
2009-07-16,1057.54,1057.54
2009-07-17,1056.46,1056.46
2009-07-21,1056.84,1056.84
2009-07-22,1057.4,1057.4
2009-07-23,1057.32,1057.32
2009-07-24,1058.88,1058.88
2009-07-27,1061.28,1061.28
2009-07-28,1061.69,1061.69
2009-07-29,1060.66,1060.66
2009-07-30,1061.03,1061.03
2009-07-31,1060.65,1060.65
2009-08-03,1041.19,1041.19
2009-08-04,1042.56,1042.56
2009-08-05,1042.24,1042.24
2009-08-06,1038.32,1038.32
2009-08-07,1036.34,1036.34
2009-08-10,1037.12,1037.12
2009-08-11,1032.88,1032.88
2009-08-12,1032.43,1032.43
2009-08-13,1034.19,1034.19
2009-08-14,1034.98,1034.98
2009-08-18,1034.96,1034.96
2009-08-19,1035.06,1035.06
2009-08-20,1034.09,1034.09
2009-08-21,1035.28,1035.28
2009-08-24,1036.83,1036.83
2009-08-25,1037.32,1037.32
2009-08-26,1037.13,1037.13
2009-08-27,1038.69,1038.69
2009-08-28,1038.54,1038.54
2009-08-31,1038.78,1038.78
2009-09-01,1038.89,1038.89
2009-09-02,1038.81,1038.81
2009-09-03,1038.84,1038.84
2009-09-04,1039.31,1039.31
2009-09-07,1039.96,1039.96
2009-09-08,1040.15,1040.15
2009-09-09,1040.92,1040.92
2009-09-10,1041.99,1041.99
2009-09-11,1042.82,1042.82
2009-09-14,1042.94,1042.94
2009-09-15,1042.18,1042.18
2009-09-16,1042.91,1042.91
2009-09-17,1046.01,1046.01
2009-09-24,1048.6,1048.6
2009-09-25,1049.95,1049.95
2009-09-28,1049.61,1049.61
2009-09-29,1050,1050
2009-09-30,1050.12,1050.12
2009-10-01,1050.25,1050.25
2009-10-02,1049.58,1049.58
2009-10-05,1050.87,1050.87
2009-10-06,1051.55,1051.55
2009-10-07,1052.15,1052.15
2009-10-08,1052.85,1052.85
2009-10-09,1051.91,1051.91
2009-10-12,1053.2,1053.2
2009-10-13,1053.24,1053.24
2009-10-14,1053.79,1053.79
2009-10-15,1053,1053
2009-10-16,1054.04,1054.04
2009-10-19,1053.54,1053.54
2009-10-20,1054.97,1054.97
2009-10-21,1055.71,1055.71
2009-10-22,1054.34,1054.34
2009-10-23,1054.37,1054.37
2009-10-26,1054.22,1054.22
2009-10-27,1053.68,1053.68
2009-10-28,1054.44,1054.44
2009-10-29,1051.36,1051.36
2009-10-30,1051.42,1051.42
2009-11-02,1039.6,1039.6
2009-11-03,1039.98,1039.98
2009-11-04,1040.62,1040.62
2009-11-05,1041.17,1041.17
2009-11-06,1041.12,1041.12
2009-11-09,1042.36,1042.36
2009-11-10,1044.18,1044.18
2009-11-11,1044.94,1044.94
2009-11-12,1045.93,1045.93
2009-11-13,1045.89,1045.89
2009-11-16,1046.46,1046.46
2009-11-17,1046.59,1046.59
2009-11-18,1046.81,1046.81
2009-11-19,1048,1048
2009-11-20,1048.83,1048.83
2009-11-23,1048.92,1048.92
2009-11-24,1048.63,1048.63
2009-11-25,1050.59,1050.59
2009-11-26,1051.99,1051.99
2009-11-30,1052.42,1052.42
2009-12-01,1051.68,1051.68
2009-12-02,1052.24,1052.24
2009-12-03,1052.8,1052.8
2009-12-04,1052.95,1052.95
2009-12-07,1053.92,1053.92
2009-12-08,1055.05,1055.05
2009-12-09,1055.03,1055.03
2009-12-10,1055.36,1055.36
2009-12-11,1055.36,1055.36
2009-12-14,1056.27,1056.27
2009-12-15,1056.45,1056.45
2009-12-16,1057.12,1057.12
2009-12-17,1057.52,1057.52
2009-12-21,1057.68,1057.68
2009-12-22,1057.71,1057.71
2009-12-23,1058.87,1058.87
2009-12-28,1059.97,1059.97
2009-12-29,1059.42,1059.42
2009-12-30,1059.28,1059.28
2010-01-04,1059.38,1059.38
2010-01-05,1060.56,1060.56
2010-01-06,1064.39,1064.39
2010-01-07,1065.4,1065.4
2010-01-08,1065,1065
2010-01-11,1066.12,1066.12
2010-01-12,1066.67,1066.67
2010-01-13,1065.87,1065.87
2010-01-14,1066.64,1066.64
2010-01-15,1065.4,1065.4
2010-01-18,1065.93,1065.93
2010-01-19,1065.8,1065.8
2010-01-20,1065.81,1065.81
2010-01-21,1065.82,1065.82
2010-01-22,1065.32,1065.32
2010-01-25,1067.92,1067.92
2010-01-26,1064.02,1064.02
2010-01-27,1064.73,1064.73
2010-01-28,1064.23,1064.23
2010-01-29,1064.28,1064.28
2010-02-01,1047.68,1047.68
2010-02-02,1046.78,1046.78
2010-02-03,1047.01,1047.01
2010-02-04,1047.69,1047.69
2010-02-05,1048.26,1048.26
2010-02-08,1047.22,1047.22
2010-02-09,1046.98,1046.98
2010-02-10,1047.43,1047.43
2010-02-11,1047.08,1047.08
2010-02-12,1047.21,1047.21
2010-02-15,1047.82,1047.82
2010-02-16,1048.47,1048.47
2010-02-17,1048.08,1048.08
2010-02-18,1048.15,1048.15
2010-02-19,1049.8,1049.8
2010-02-22,1052.03,1052.03
2010-02-23,1050.91,1050.91
2010-02-24,1049.76,1049.76
2010-02-25,1050.26,1050.26
2010-03-01,1051.1,1051.1
2010-03-02,1052.8,1052.8
2010-03-03,1051.4,1051.4
2010-03-04,1051.09,1051.09
2010-03-05,1051.34,1051.34
2010-03-08,1051.75,1051.75
2010-03-09,1052.97,1052.97
2010-03-10,1051.75,1051.75
2010-03-11,1051.46,1051.46
2010-03-12,1051.93,1051.93
2010-03-15,1054.09,1054.09
2010-03-17,1053.94,1053.94
2010-03-18,1056.34,1056.34
2010-03-19,1055.79,1055.79
2010-03-22,1055.21,1055.21
2010-03-23,1057.99,1057.99
2010-03-24,1057.73,1057.73
2010-03-25,1057.69,1057.69
2010-03-26,1058.05,1058.05
2010-03-29,1058.09,1058.09
2010-03-30,1058.53,1058.53
2010-03-31,1058.56,1058.56
2010-04-01,1058.72,1058.72
2010-04-05,1059.85,1059.85
2010-04-06,1060.08,1060.08
2010-04-07,1057.73,1057.73
2010-04-08,1058.43,1058.43
2010-04-09,1058.37,1058.37
2010-04-12,1059.56,1059.56
2010-04-13,1060.52,1060.52
2010-04-14,1060.67,1060.67
2010-04-15,1061,1061
2010-04-16,1061.13,1061.13
2010-04-19,1061.81,1061.81
2010-04-20,1061.91,1061.91
2010-04-21,1063.96,1063.96
2010-04-22,1064.26,1064.26
2010-04-23,1063.02,1063.02
2010-04-26,1063.56,1063.56
2010-04-27,1063.49,1063.49
2010-04-28,1063.68,1063.68
2010-04-29,1063.62,1063.62
2010-04-30,1063.44,1063.44
2010-05-03,1047.43,1047.43
2010-05-04,1047.69,1047.69
2010-05-05,1046.76,1046.76
2010-05-06,1046.95,1046.95
2010-05-07,1046.73,1046.73
2010-05-10,1046.93,1046.93
2010-05-11,1047.36,1047.36
2010-05-12,1047.17,1047.17
2010-05-14,1047.67,1047.67
2010-05-17,1047.52,1047.52
2010-05-18,1048.3,1048.3
2010-05-19,1048.31,1048.31
2010-05-20,1047.81,1047.81
2010-05-21,1047.62,1047.62
2010-05-24,1048.99,1048.99
2010-05-25,1047.39,1047.39
2010-05-26,1046.25,1046.25
2010-05-27,1046.64,1046.64
2010-05-31,1047.34,1047.34
2010-06-01,1047.58,1047.58
2010-06-02,1047.32,1047.32
2010-06-03,1047.37,1047.37
2010-06-04,1047.38,1047.38
2010-06-07,1048.08,1048.08
2010-06-08,1048.04,1048.04
2010-06-09,1048.12,1048.12
2010-06-10,1048.42,1048.42
2010-06-11,1048.72,1048.72
2010-06-14,1049.07,1049.07
2010-06-15,1049.14,1049.14
2010-06-16,1049.39,1049.39
2010-06-17,1049.63,1049.63
2010-06-18,1051.39,1051.39
2010-06-21,1055.34,1055.34
2010-06-22,1054.77,1054.77
2010-06-23,1055.22,1055.22
2010-06-24,1056.25,1056.25
2010-06-25,1055.68,1055.68
2010-06-28,1055.91,1055.91
2010-06-29,1056.44,1056.44
2010-06-30,1054.59,1054.59
2010-07-01,1053.3,1053.3
2010-07-02,1054.59,1054.59
2010-07-05,1055.3,1055.3
2010-07-06,1055.65,1055.65
2010-07-07,1055.94,1055.94
2010-07-08,1056.31,1056.31
2010-07-09,1057,1057
2010-07-12,1057.6,1057.6
2010-07-13,1058.3,1058.3
2010-07-14,1058.93,1058.93
2010-07-15,1059.38,1059.38
2010-07-16,1059.36,1059.36
2010-07-19,1059.57,1059.57
2010-07-20,1059.39,1059.39
2010-07-21,1059.51,1059.51
2010-07-22,1059.7,1059.7
2010-07-23,1059.7,1059.7
2010-07-26,1060.41,1060.41
2010-07-27,1060.65,1060.65
2010-07-28,1060.91,1060.91
2010-07-29,1061.1,1061.1
2010-07-30,1061.27,1061.27
2010-08-02,1044.69,1044.69
2010-08-03,1045.37,1045.37
2010-08-04,1047.24,1047.24
2010-08-05,1049.73,1049.73
2010-08-06,1049.64,1049.64
2010-08-09,1050.28,1050.28
2010-08-10,1049.91,1049.91
2010-08-11,1050.11,1050.11
2010-08-12,1050.24,1050.24
2010-08-13,1049.17,1049.17
2010-08-16,1050.01,1050.01
2010-08-18,1049.66,1049.66
2010-08-19,1049.93,1049.93
2010-08-20,1050.47,1050.47
2010-08-23,1050.8,1050.8
2010-08-24,1051.49,1051.49
2010-08-25,1052.41,1052.41
2010-08-26,1051.08,1051.08
2010-08-27,1050.73,1050.73
2010-08-30,1050.31,1050.31
2010-08-31,1050.37,1050.37
2010-09-01,1050.49,1050.49
2010-09-02,1049.82,1049.82
2010-09-03,1049.78,1049.78
2010-09-06,1050.22,1050.22
2010-09-07,1050.05,1050.05
2010-09-15,1052.72,1052.72
2010-09-16,1052.49,1052.49
2010-09-17,1053.27,1053.27
2010-09-20,1052.76,1052.76
2010-09-21,1053.12,1053.12
2010-09-22,1053.01,1053.01
2010-09-23,1053.08,1053.08
2010-09-24,1053.83,1053.83
2010-09-27,1053.62,1053.62
2010-09-28,1054.19,1054.19
2010-09-29,1054.39,1054.39
2010-09-30,1054.52,1054.52
2010-10-01,1054.84,1054.84
2010-10-04,1056.49,1056.49
2010-10-05,1056.3,1056.3
2010-10-06,1057.44,1057.44
2010-10-07,1057.62,1057.62
2010-10-08,1057.77,1057.77
2010-10-11,1058.27,1058.27
2010-10-12,1058.81,1058.81
2010-10-13,1059.74,1059.74
2010-10-14,1059.63,1059.63
2010-10-15,1061.04,1061.04
2010-10-18,1060.59,1060.59
2010-10-19,1062.87,1062.87
2010-10-20,1063.32,1063.32
2010-10-21,1063.01,1063.01
2010-10-22,1060.75,1060.75
2010-10-25,1063.85,1063.85
2010-10-26,1064.29,1064.29
2010-10-27,1063.5,1063.5
2010-10-28,1064.22,1064.22
2010-10-29,1064.25,1064.25
2010-11-01,1048.96,1048.96
2010-11-02,1050.76,1050.76
2010-11-03,1053.98,1053.98
2010-11-04,1052.14,1052.14
2010-11-05,1051.66,1051.66
2010-11-08,1051.99,1051.99
2010-11-09,1054.32,1054.32
2010-11-10,1053.61,1053.61
2010-11-11,1047.86,1047.86
2010-11-12,1054.04,1054.04
2010-11-15,1056.68,1056.68
2010-11-16,1054.26,1054.26
2010-11-18,1055.02,1055.02
2010-11-19,1054.8,1054.8
2010-11-22,1054.14,1054.14
2010-11-23,1055.92,1055.92
2010-11-24,1056.28,1056.28
2010-11-25,1056.39,1056.39
2010-11-26,1053.43,1053.43
2010-11-29,1053.59,1053.59
2010-11-30,1053.11,1053.11
2010-12-01,1049.03,1049.03
2010-12-02,1049,1049
2010-12-03,1052.8,1052.8
2010-12-06,1053.56,1053.56
2010-12-08,1053.95,1053.95
2010-12-09,1051.55,1051.55
2010-12-10,1051.15,1051.15
2010-12-13,1051.08,1051.08
2010-12-14,1052.2,1052.2
2010-12-15,1052.46,1052.46
2010-12-16,1052.58,1052.58
2010-12-17,1051.11,1051.11
2010-12-20,1052.83,1052.83
2010-12-21,1052.26,1052.26
2010-12-22,1052.04,1052.04
2010-12-23,1051.39,1051.39
2010-12-27,1052.81,1052.81
2010-12-28,1051.57,1051.57
2010-12-29,1051.71,1051.71
2010-12-30,1052.08,1052.08
2011-01-03,1057.56,1057.56
2011-01-04,1057.82,1057.82
2011-01-05,1057.66,1057.66
2011-01-06,1056.14,1056.14
2011-01-07,1053.94,1053.94
2011-01-10,1058.54,1058.54
2011-01-11,1054.25,1054.25
2011-01-12,1057.13,1057.13
2011-01-13,1054.99,1054.99
2011-01-14,1054.24,1054.24
2011-01-17,1052.33,1052.33
2011-01-18,1050.75,1050.75
2011-01-19,1051.34,1051.34
2011-01-20,1051.02,1051.02
2011-01-21,1049.57,1049.57
2011-01-24,1048.82,1048.82
2011-01-25,1048.04,1048.04
2011-01-26,1046.61,1046.61
2011-01-27,1047.9,1047.9
2011-01-28,1048.13,1048.13
2011-01-31,1048.86,1048.86
2011-02-01,1030.3,1030.3
2011-02-02,1030.06,1030.06
2011-02-04,1030.87,1030.87
2011-02-07,1031.14,1031.14
2011-02-08,1028.33,1028.33
2011-02-09,1028.66,1028.66
2011-02-10,1032.76,1032.76
2011-02-11,1032.12,1032.12
2011-02-14,1032.42,1032.42
2011-02-16,1031.92,1031.92
2011-02-17,1032.39,1032.39
2011-02-18,1031.63,1031.63
2011-02-21,1032.64,1032.64
2011-02-22,1033.09,1033.09
2011-02-23,1033.02,1033.02
2011-02-24,1033.71,1033.71
2011-02-25,1033.66,1033.66
2011-02-28,1034.04,1034.04
2011-03-01,1034.29,1034.29
2011-03-02,1034.08,1034.08
2011-03-03,1034.85,1034.85
2011-03-04,1035.37,1035.37
2011-03-07,1035.9,1035.9
2011-03-08,1035.61,1035.61
2011-03-09,1036.79,1036.79
2011-03-10,1038.36,1038.36
2011-03-11,1037.77,1037.77
2011-03-14,1038.38,1038.38
2011-03-15,1038.57,1038.57
2011-03-16,1038.71,1038.71
2011-03-17,1039.04,1039.04
2011-03-18,1038.71,1038.71
2011-03-21,1039.66,1039.66
2011-03-22,1039.94,1039.94
2011-03-23,1039.96,1039.96
2011-03-24,1040.73,1040.73
2011-03-25,1041.03,1041.03
2011-03-28,1040.02,1040.02
2011-03-29,1040.1,1040.1
2011-03-30,1041.71,1041.71
2011-03-31,1041.24,1041.24
2011-04-01,1038.99,1038.99
2011-04-04,1040.04,1040.04
2011-04-05,1041.18,1041.18
2011-04-06,1040.04,1040.04
2011-04-07,1041.74,1041.74
2011-04-08,1041.69,1041.69
2011-04-11,1042.23,1042.23
2011-04-12,1043.02,1043.02
2011-04-13,1044.14,1044.14
2011-04-14,1042.22,1042.22
2011-04-15,1043.53,1043.53
2011-04-18,1044.22,1044.22
2011-04-19,1044.43,1044.43
2011-04-20,1044.43,1044.43
2011-04-21,1044.73,1044.73
2011-04-25,1045.77,1045.77
2011-04-26,1045.84,1045.84
2011-04-27,1046.97,1046.97
2011-04-28,1046.6,1046.6
2011-04-29,1048.23,1048.23
2011-05-02,1030.06,1030.06
2011-05-03,1030.79,1030.79
2011-05-04,1028.16,1028.16
2011-05-05,1027.82,1027.82
2011-05-06,1027.38,1027.38
2011-05-09,1029.54,1029.54
2011-05-10,1029.69,1029.69
2011-05-11,1028.54,1028.54
2011-05-12,1029.76,1029.76
2011-05-13,1029.45,1029.45
2011-05-16,1031.41,1031.41
2011-05-18,1031.29,1031.29
2011-05-19,1032.66,1032.66
2011-05-20,1031.87,1031.87
2011-05-23,1032.57,1032.57
2011-05-24,1032.88,1032.88
2011-05-25,1032.79,1032.79
2011-05-26,1031.12,1031.12
2011-05-27,1032.55,1032.55
2011-05-30,1034.03,1034.03
2011-05-31,1032.21,1032.21
2011-06-01,1034.57,1034.57
2011-06-03,1033.05,1033.05
2011-06-06,1034.48,1034.48
2011-06-07,1033.93,1033.93
2011-06-08,1034.24,1034.24
2011-06-09,1034.66,1034.66
2011-06-10,1034.56,1034.56
2011-06-13,1035.17,1035.17
2011-06-14,1034.8,1034.8
2011-06-15,1034.96,1034.96
2011-06-16,1034.92,1034.92
2011-06-17,1035.5,1035.5
2011-06-20,1035.15,1035.15
2011-06-21,1035.68,1035.68
2011-06-22,1035.79,1035.79
2011-06-23,1035.96,1035.96
2011-06-24,1036.98,1036.98
2011-06-27,1037.15,1037.15
2011-06-28,1036.89,1036.89
2011-06-30,1037.4,1037.4
2011-07-01,1037.1,1037.1
2011-07-04,1037.94,1037.94
2011-07-05,1038.58,1038.58
2011-07-06,1039.78,1039.78
2011-07-07,1039.65,1039.65
2011-07-08,1039.86,1039.86
2011-07-11,1040.29,1040.29
2011-07-12,1041.33,1041.33
2011-07-13,1041.4,1041.4
2011-07-14,1041.63,1041.63
2011-07-15,1041.83,1041.83
2011-07-18,1041.17,1041.17
2011-07-19,1041.17,1041.17
2011-07-20,1041.28,1041.28
2011-07-21,1041.48,1041.48
2011-07-22,1041.6,1041.6
2011-07-25,1043.25,1043.25
2011-07-26,1043.45,1043.45
2011-07-27,1043.55,1043.55
2011-07-28,1043.94,1043.94
2011-07-29,1044.15,1044.15
2011-08-01,1027.11,1027.11
2011-08-02,1026.86,1026.86
2011-08-03,1027.22,1027.22
2011-08-04,1027.39,1027.39
2011-08-05,1027.61,1027.61
2011-08-08,1028.01,1028.01
2011-08-09,1028.11,1028.11
2011-08-10,1027.87,1027.87
2011-08-11,1028.14,1028.14
2011-08-12,1028.28,1028.28
2011-08-15,1028.86,1028.86
2011-08-16,1028.81,1028.81
2011-08-18,1029.54,1029.54
2011-08-19,1029.57,1029.57
2011-08-22,1030.19,1030.19
2011-08-23,1029.68,1029.68
2011-08-24,1030.27,1030.27
2011-08-25,1030.25,1030.25
2011-08-26,1030.31,1030.31
2011-09-05,1031.73,1031.73
2011-09-06,1031.9,1031.9
2011-09-07,1032.07,1032.07
2011-09-08,1031.81,1031.81
2011-09-09,1032.25,1032.25
2011-09-12,1032.68,1032.68
2011-09-13,1032.6,1032.6
2011-09-14,1032.58,1032.58
2011-09-15,1032.42,1032.42
2011-09-16,1032.26,1032.26
2011-09-19,1032.09,1032.09
2011-09-20,1032.32,1032.32
2011-09-21,1031.81,1031.81
2011-09-22,1031.31,1031.31
2011-09-23,1031.05,1031.05
2011-09-26,1031.46,1031.46
2011-09-27,1031.77,1031.77
2011-09-28,1031.81,1031.81
2011-09-29,1032.24,1032.24
2011-09-30,1032.43,1032.43
2011-10-03,1031.79,1031.79
2011-10-04,1032.58,1032.58
2011-10-05,1031.36,1031.36
2011-10-06,1031.24,1031.24
2011-10-07,1031.64,1031.64
2011-10-10,1032.25,1032.25
2011-10-11,1032.44,1032.44
2011-10-12,1032.66,1032.66
2011-10-13,1032.71,1032.71
2011-10-14,1032.86,1032.86
2011-10-17,1033.23,1033.23
2011-10-18,1033.52,1033.52
2011-10-19,1033.54,1033.54
2011-10-20,1033.82,1033.82
2011-10-21,1033.92,1033.92
2011-10-24,1034.43,1034.43
2011-10-25,1034.92,1034.92
2011-10-26,1035.1,1035.1
2011-10-27,1035.09,1035.09
2011-10-28,1035.2,1035.2
2011-10-31,1035.39,1035.39
2011-11-01,1021.47,1021.47
2011-11-02,1021.56,1021.56
2011-11-03,1021.68,1021.68
2011-11-04,1021.88,1021.88
2011-11-07,1021.97,1021.97
2011-11-08,1022.34,1022.34
2011-11-09,1022.28,1022.28
2011-11-10,1022.4,1022.4
2011-11-11,1022.51,1022.51
2011-11-14,1023.2,1023.2
2011-11-15,1023.36,1023.36
2011-11-16,1023.21,1023.21
2011-11-17,1023.34,1023.34
2011-11-18,1023.36,1023.36
2011-11-21,1024.31,1024.31
2011-11-22,1023.99,1023.99
2011-11-23,1023.89,1023.89
2011-11-24,1024.04,1024.04
2011-11-25,1024.06,1024.06
2011-11-28,1024.26,1024.26
2011-11-29,1024.39,1024.39
2011-11-30,1024.42,1024.42
2011-12-01,1024.68,1024.68
2011-12-02,1024.68,1024.68
2011-12-05,1025.19,1025.19
2011-12-06,1025.2,1025.2
2011-12-07,1025.5,1025.5
2011-12-08,1025.42,1025.42
2011-12-09,1025.19,1025.19
2011-12-12,1025.59,1025.59
2011-12-13,1025.68,1025.68
2011-12-14,1025.74,1025.74
2011-12-15,1026.05,1026.05
2011-12-16,1025.87,1025.87
2011-12-19,1026.23,1026.23
2011-12-20,1026.67,1026.67
2011-12-21,1026.62,1026.62
2011-12-22,1026.92,1026.92
2011-12-23,1026.88,1026.88
2011-12-27,1027.94,1027.94
2011-12-28,1028.11,1028.11
2011-12-29,1028.26,1028.26
2011-12-30,1028.51,1028.51
2012-01-02,1028.71,1028.71
2012-01-03,1028.99,1028.99
2012-01-04,1028.86,1028.86
2012-01-05,1029.32,1029.32
2012-01-06,1029.25,1029.25
2012-01-09,1029.76,1029.76
2012-01-10,1029.84,1029.84
2012-01-11,1030.72,1030.72
2012-01-12,1030.5,1030.5
2012-01-13,1030.4,1030.4
2012-01-16,1030.36,1030.36
2012-01-17,1030.27,1030.27
2012-01-18,1030.61,1030.61
2012-01-19,1031.47,1031.47
2012-01-20,1031.9,1031.9
2012-01-24,1032.35,1032.35
2012-01-25,1032.03,1032.03
2012-01-26,1032.02,1032.02
2012-01-27,1032.08,1032.08
2012-01-30,1032.39,1032.39
2012-01-31,1032.67,1032.67
2012-02-01,1019.84,1019.84
2012-02-02,1020.03,1020.03
2012-02-03,1020.1,1020.1
2012-02-06,1020.45,1020.45
2012-02-07,1020.65,1020.65
2012-02-08,1020.71,1020.71
2012-02-09,1021,1021
2012-02-10,1021.26,1021.26
2012-02-13,1021.66,1021.66
2012-02-14,1022.14,1022.14
2012-02-15,1022.13,1022.13
2012-02-16,1021.97,1021.97
2012-02-17,1021.86,1021.86
2012-02-20,1022.69,1022.69
2012-02-21,1022.8,1022.8
2012-02-22,1023.3,1023.3
2012-02-23,1023.34,1023.34
2012-02-24,1023.33,1023.33
2012-02-27,1023.36,1023.36
2012-02-28,1023.4,1023.4
2012-02-29,1023.47,1023.47
2012-03-01,1023.81,1023.81
2012-03-02,1023.5,1023.5
2012-03-05,1023.94,1023.94
2012-03-06,1024.09,1024.09
2012-03-07,1024.39,1024.39
2012-03-08,1024.25,1024.25
2012-03-09,1024.36,1024.36
2012-03-12,1024.8,1024.8
2012-03-13,1024.7,1024.7
2012-03-14,1024.76,1024.76
2012-03-15,1025.16,1025.16
2012-03-16,1025.49,1025.49
2012-03-19,1025.67,1025.67
2012-03-20,1025.52,1025.52
2012-03-21,1025.52,1025.52
2012-03-22,1025.17,1025.17
2012-03-26,1026.23,1026.23
2012-03-27,1025.51,1025.51
2012-03-28,1025.44,1025.44
2012-03-29,1025.45,1025.45
2012-03-30,1025.56,1025.56
2012-04-02,1025.91,1025.91
2012-04-03,1026.04,1026.04
2012-04-04,1026.08,1026.08
2012-04-05,1026.26,1026.26
2012-04-09,1026.71,1026.71
2012-04-10,1026.86,1026.86
2012-04-11,1027.13,1027.13
2012-04-12,1027.23,1027.23
2012-04-13,1027.42,1027.42
2012-04-16,1027.68,1027.68
2012-04-17,1027.81,1027.81
2012-04-18,1027.87,1027.87
2012-04-19,1027.99,1027.99
2012-04-20,1028.18,1028.18
2012-04-23,1028.55,1028.55
2012-04-24,1027.54,1027.54
2012-04-25,1027.71,1027.71
2012-04-26,1027.91,1027.91
2012-04-27,1028.04,1028.04
2012-04-30,1028.4,1028.4
2012-05-01,1018.49,1018.49
2012-05-02,1018.43,1018.43
2012-05-03,1018.7,1018.7
2012-05-04,1018.83,1018.83
2012-05-07,1018.87,1018.87
2012-05-08,1019.17,1019.17
2012-05-09,1019.42,1019.42
2012-05-10,1019.53,1019.53
2012-05-11,1019.52,1019.52
2012-05-14,1020.02,1020.02
2012-05-15,1020.39,1020.39
2012-05-16,1020.44,1020.44
2012-05-21,1021.43,1021.43
2012-05-22,1021.48,1021.48
2012-05-23,1022.08,1022.08
2012-05-24,1021.86,1021.86
2012-05-25,1022.29,1022.29
2012-05-28,1022.65,1022.65
2012-05-29,1022.76,1022.76
2012-05-30,1022.71,1022.71
2012-05-31,1022.72,1022.72
2012-06-01,1022.56,1022.56
2012-06-04,1023.02,1023.02
2012-06-05,1022.97,1022.97
2012-06-06,1022.63,1022.63
2012-06-07,1022.71,1022.71
2012-06-08,1022.63,1022.63
2012-06-11,1023.06,1023.06
2012-06-12,1023.3,1023.3
2012-06-13,1023.31,1023.31
2012-06-14,1023.24,1023.24
2012-06-15,1023.64,1023.64
2012-06-18,1023.82,1023.82
2012-06-19,1023.62,1023.62
2012-06-20,1023.72,1023.72
2012-06-21,1023.86,1023.86
2012-06-22,1023.87,1023.87
2012-06-25,1024.32,1024.32
2012-06-26,1024.44,1024.44
2012-06-27,1024.56,1024.56
2012-06-28,1024.53,1024.53
2012-06-29,1024.6,1024.6
2012-07-02,1024.91,1024.91
2012-07-03,1025.14,1025.14
2012-07-04,1025.21,1025.21
2012-07-05,1025.27,1025.27
2012-07-06,1025.36,1025.36
2012-07-09,1025.73,1025.73
2012-07-10,1025.85,1025.85
2012-07-11,1026.02,1026.02
2012-07-12,1025.84,1025.84
2012-07-13,1025.96,1025.96
2012-07-16,1026.28,1026.28
2012-07-17,1026.35,1026.35
2012-07-18,1026.5,1026.5
2012-07-19,1026.58,1026.58
2012-07-20,1026.69,1026.69
2012-07-23,1026.63,1026.63
2012-07-24,1025.68,1025.68
2012-07-25,1025.9,1025.9
2012-07-26,1026.15,1026.15
2012-07-27,1026.22,1026.22
2012-07-30,1026.49,1026.49
2012-07-31,1026.47,1026.47
2012-08-01,1016.64,1016.64
2012-08-02,1016.76,1016.76
2012-08-03,1016.35,1016.35
2012-08-06,1016.8,1016.8
2012-08-07,1016.93,1016.93
2012-08-08,1016.86,1016.86
2012-08-09,1016.81,1016.81
2012-08-10,1016.86,1016.86
2012-08-13,1017.17,1017.17
2012-08-14,1017.15,1017.15
2012-08-15,1016.95,1016.95
2012-08-16,1017.04,1017.04
2012-08-23,1018.02,1018.02
2012-08-24,1017.93,1017.93
2012-08-27,1018.31,1018.31
2012-08-28,1018.39,1018.39
2012-08-29,1018.5,1018.5
2012-08-30,1018.49,1018.49
2012-08-31,1018.5,1018.5
2012-09-03,1018.77,1018.77
2012-09-04,1019.03,1019.03
2012-09-05,1019.2,1019.2
2012-09-06,1019.5,1019.5
2012-09-07,1019.6,1019.6
2012-09-10,1020.47,1020.47
2012-09-11,1020.38,1020.38
2012-09-12,1020.55,1020.55
2012-09-13,1020.77,1020.77
2012-09-14,1021.14,1021.14
2012-09-17,1021.66,1021.66
2012-09-18,1022.34,1022.34
2012-09-19,1021.76,1021.76
2012-09-20,1022.19,1022.19
2012-09-21,1022.34,1022.34
2012-09-24,1022.47,1022.47
2012-09-25,1022.85,1022.85
2012-09-26,1022.87,1022.87
2012-09-27,1023.55,1023.55
2012-09-28,1023.07,1023.07
2012-10-01,1023.69,1023.69
2012-10-02,1023.97,1023.97
2012-10-03,1024.13,1024.13
2012-10-04,1024.22,1024.22
2012-10-05,1024.54,1024.54
2012-10-08,1025.13,1025.13
2012-10-09,1025.1,1025.1
2012-10-10,1025.27,1025.27
2012-10-11,1025.6,1025.6
2012-10-12,1025.61,1025.61
2012-10-15,1026.08,1026.08
2012-10-16,1026.3,1026.3
2012-10-17,1026.69,1026.69
2012-10-18,1027.31,1027.31
2012-10-19,1026.73,1026.73
2012-10-22,1027.05,1027.05
2012-10-23,1026.94,1026.94
2012-10-24,1027.51,1027.51
2012-10-25,1027.75,1027.75
2012-10-29,1028.52,1028.52
2012-10-30,1028.62,1028.62
2012-10-31,1028.52,1028.52
2012-11-01,1018.79,1018.79
2012-11-02,1018.91,1018.91
2012-11-05,1019.48,1019.48
2012-11-06,1019.76,1019.76
2012-11-07,1019.98,1019.98
2012-11-08,1020.08,1020.08
2012-11-09,1020.13,1020.13
2012-11-12,1021.02,1021.02
2012-11-13,1021.17,1021.17
2012-11-14,1021.68,1021.68
2012-11-19,1022.61,1022.61
2012-11-20,1022.76,1022.76
2012-11-21,1022.73,1022.73
2012-11-22,1022.94,1022.94
2012-11-23,1023.17,1023.17
2012-11-26,1023.78,1023.78
2012-11-27,1023.78,1023.78
2012-11-28,1023.88,1023.88
2012-11-29,1024.03,1024.03
2012-11-30,1024.43,1024.43
2012-12-03,1025.03,1025.03
2012-12-04,1025.29,1025.29
2012-12-05,1025.48,1025.48
2012-12-06,1025.62,1025.62
2012-12-07,1025.74,1025.74
2012-12-10,1026.46,1026.46
2012-12-11,1026.38,1026.38
2012-12-12,1026.54,1026.54
2012-12-13,1026.75,1026.75
2012-12-14,1026.92,1026.92
2012-12-17,1027.37,1027.37
2012-12-18,1027.54,1027.54
2012-12-19,1027.57,1027.57
2012-12-20,1027.95,1027.95
2012-12-21,1028.1,1028.1
2012-12-26,1028.72,1028.72
2012-12-27,1028.81,1028.81
2012-12-28,1029.06,1029.06
2013-01-02,1027.53,1027.53
2013-01-03,1028.64,1028.64
2013-01-04,1028.98,1028.98
2013-01-07,1029.43,1029.43
2013-01-08,1029.5,1029.5
2013-01-09,1029.13,1029.13
2013-01-10,1028.93,1028.93
2013-01-11,1028.92,1028.92
2013-01-14,1028.47,1028.47
2013-01-15,1029.89,1029.89
2013-01-16,1029.84,1029.84
2013-01-17,1030.01,1030.01
2013-01-18,1029.46,1029.46
2013-01-21,1030.94,1030.94
2013-01-22,1030.19,1030.19
2013-01-23,1030.33,1030.33
2013-01-25,1031.01,1031.01
2013-01-28,1031.45,1031.45
2013-01-29,1031.71,1031.71
2013-01-30,1032.12,1032.12
2013-01-31,1030.75,1030.75
2013-02-01,1020.99,1020.99
2013-02-04,1021.99,1021.99
2013-02-05,1022.27,1022.27
2013-02-06,1022.84,1022.84
2013-02-07,1023.13,1023.13
2013-02-08,1022.96,1022.96
2013-02-11,1023.36,1023.36
2013-02-12,1023.44,1023.44
2013-02-13,1023.7,1023.7
2013-02-14,1024.15,1024.15
2013-02-15,1024.13,1024.13
2013-02-18,1024.33,1024.33
2013-02-19,1025.58,1025.58
2013-02-20,1025.12,1025.12
2013-02-21,1025.26,1025.26
2013-02-22,1025.14,1025.14
2013-02-25,1025.51,1025.51
2013-02-26,1026.28,1026.28
2013-02-27,1025.79,1025.79
2013-02-28,1026.58,1026.58
2013-03-01,1026.93,1026.93
2013-03-04,1027.04,1027.04
2013-03-05,1027.66,1027.66
2013-03-06,1028.24,1028.24
2013-03-07,1028.06,1028.06
2013-03-08,1028.37,1028.37
2013-03-11,1028.64,1028.64
2013-03-13,1028.14,1028.14
2013-03-14,1028.09,1028.09
2013-03-15,1027.56,1027.56
2013-03-18,1027.69,1027.69
2013-03-19,1027.89,1027.89
2013-03-20,1028.24,1028.24
2013-03-21,1027.09,1027.09
2013-03-22,1027.79,1027.79
2013-03-25,1027.94,1027.94
2013-03-26,1028.9,1028.9
2013-03-27,1028.37,1028.37
2013-03-28,1026.91,1026.91
2013-04-01,1028.89,1028.89
2013-04-02,1028.76,1028.76
2013-04-03,1028.31,1028.31
2013-04-04,1029.29,1029.29
2013-04-05,1029.08,1029.08
2013-04-08,1028.08,1028.08
2013-04-09,1028.58,1028.58
2013-04-10,1028.8,1028.8
2013-04-11,1029.7,1029.7
2013-04-12,1030.41,1030.41
2013-04-15,1029.85,1029.85
2013-04-16,1030.28,1030.28
2013-04-17,1031.64,1031.64
2013-04-18,1030.41,1030.41
2013-04-19,1030.79,1030.79
2013-04-22,1031.38,1031.38
2013-04-23,1032.23,1032.23
2013-04-24,1032.93,1032.93
2013-04-25,1032.96,1032.96
2013-04-26,1033.37,1033.37
2013-04-29,1034.62,1034.62
2013-04-30,1034.67,1034.67
2013-05-01,1024.35,1024.35
2013-05-02,1024.59,1024.59
2013-05-03,1024.58,1024.58
2013-05-06,1025.22,1025.22
2013-05-07,1025.06,1025.06
2013-05-08,1024.9,1024.9
2013-05-10,1026.31,1026.31
2013-05-13,1027.03,1027.03
2013-05-14,1026.44,1026.44
2013-05-15,1026.72,1026.72
2013-05-16,1026.4,1026.4
2013-05-17,1026.31,1026.31
2013-05-20,1025.67,1025.67
2013-05-21,1026.67,1026.67
2013-05-22,1027.3,1027.3
2013-05-23,1026.36,1026.36
2013-05-24,1026.29,1026.29
2013-05-27,1025.8,1025.8
2013-05-28,1026.1,1026.1
2013-05-29,1025.84,1025.84
2013-05-30,1026.14,1026.14
2013-05-31,1026.17,1026.17
2013-06-03,1025.75,1025.75
2013-06-04,1026.09,1026.09
2013-06-05,1025.7,1025.7
2013-06-07,1025.24,1025.24
2013-06-10,1023.57,1023.57
2013-06-11,1022.12,1022.12
2013-06-12,1021.26,1021.26
2013-06-13,1021.61,1021.61
2013-06-14,1021.52,1021.52
2013-06-17,1024.07,1024.07
2013-06-18,1023.66,1023.66
2013-06-19,1022.27,1022.27
2013-06-20,1021.1,1021.1
2013-06-21,1020.13,1020.13
2013-06-24,1021.11,1021.11
2013-06-25,1021.13,1021.13
2013-06-26,1020.38,1020.38
2013-06-27,1020.95,1020.95
2013-06-28,1022.47,1022.47
2013-07-01,1022.98,1022.98
2013-07-02,1022.66,1022.66
2013-07-03,1023.34,1023.34
2013-07-04,1023.29,1023.29
2013-07-05,1022.88,1022.88
2013-07-08,1023.81,1023.81
2013-07-09,1024.29,1024.29
2013-07-10,1023.04,1023.04
2013-07-11,1022.96,1022.96
2013-07-12,1021.59,1021.59
2013-07-15,1022.45,1022.45
2013-07-16,1022.05,1022.05
2013-07-17,1022.19,1022.19
2013-07-18,1021.81,1021.81
2013-07-19,1022.58,1022.58
2013-07-22,1024.63,1024.63
2013-07-23,1024.93,1024.93
2013-07-24,1024.84,1024.84
2013-07-25,1024.2,1024.2
2013-07-26,1023.45,1023.45
2013-07-29,1023.57,1023.57
2013-07-30,1023.73,1023.73
2013-07-31,1023.91,1023.91
2013-08-01,1014.01,1014.01
2013-08-02,1015.21,1015.21
2013-08-12,1018.25,1018.25
2013-08-13,1016.04,1016.04
2013-08-14,1016.44,1016.44
2013-08-15,1015.78,1015.78
2013-08-16,1015.92,1015.92
2013-08-19,1016.41,1016.41
2013-08-20,1015.19,1015.19
2013-08-21,1014.94,1014.94
2013-08-22,1015.08,1015.08
2013-08-23,1015.41,1015.41
2013-08-26,1016.39,1016.39
2013-08-27,1015.79,1015.79
2013-08-28,1014.29,1014.29
2013-08-29,1015.09,1015.09
2013-08-30,1016.45,1016.45
2013-09-02,1017.12,1017.12
2013-09-03,1017.08,1017.08
2013-09-04,1016.42,1016.42
2013-09-05,1015.92,1015.92
2013-09-06,1016.43,1016.43
2013-09-09,1016.95,1016.95
2013-09-10,1017.19,1017.19
2013-09-11,1018.59,1018.59
2013-09-12,1018.56,1018.56
2013-09-13,1019.34,1019.34
2013-09-16,1020.34,1020.34
2013-09-17,1019.94,1019.94
2013-09-18,1020.22,1020.22
2013-09-19,1021.76,1021.76
2013-09-20,1021.79,1021.79
2013-09-23,1022.57,1022.57
2013-09-24,1022.35,1022.35
2013-09-25,1022.76,1022.76
2013-09-26,1022.36,1022.36
2013-09-27,1021.5,1021.5
2013-09-30,1021.43,1021.43
2013-10-01,1020.8,1020.8
2013-10-02,1021.65,1021.65
2013-10-03,1021.62,1021.62
2013-10-04,1022.18,1022.18
2013-10-07,1021.6,1021.6
2013-10-08,1021.61,1021.61
2013-10-09,1021.93,1021.93
2013-10-10,1022.92,1022.92
2013-10-11,1022.24,1022.24
2013-10-16,1023.34,1023.34
2013-10-17,1023.44,1023.44
2013-10-18,1024.73,1024.73
2013-10-21,1025.16,1025.16
2013-10-22,1025.11,1025.11
2013-10-23,1025.98,1025.98
2013-10-24,1026.3,1026.3
2013-10-25,1026.66,1026.66
2013-10-28,1026.93,1026.93
2013-10-29,1027.12,1027.12
2013-10-30,1027.16,1027.16
2013-10-31,1027.03,1027.03
2013-11-01,1016.9,1016.9
2013-11-04,1016.99,1016.99
2013-11-06,1017.16,1017.16
2013-11-07,1017.19,1017.19
2013-11-08,1017.04,1017.04
2013-11-11,1017.73,1017.73
2013-11-12,1016.52,1016.52
2013-11-13,1016.78,1016.78
2013-11-14,1016.56,1016.56
2013-11-15,1016.27,1016.27
2013-11-18,1016.84,1016.84
2013-11-19,1016.22,1016.22
2013-11-20,1016.92,1016.92
2013-11-21,1016.48,1016.48
2013-11-22,1016.14,1016.14
2013-11-25,1017.02,1017.02
2013-11-26,1017.98,1017.98
2013-11-27,1017.53,1017.53
2013-11-28,1017.09,1017.09
2013-11-29,1017.44,1017.44
2013-12-02,1017.74,1017.74
2013-12-03,1018.21,1018.21
2013-12-04,1018.48,1018.48
2013-12-05,1018.02,1018.02
2013-12-06,1018,1018
2013-12-09,1018.99,1018.99
2013-12-10,1018.91,1018.91
2013-12-11,1019.26,1019.26
2013-12-12,1019.68,1019.68
2013-12-13,1020.5,1020.5
2013-12-16,1021.3,1021.3
2013-12-17,1021.19,1021.19
2013-12-18,1021.13,1021.13
2013-12-19,1021.22,1021.22
2013-12-20,1021.47,1021.47
2013-12-23,1022.24,1022.24
2013-12-24,1022.1,1022.1
2013-12-27,1022.39,1022.39
2013-12-30,1023.02,1023.02
2014-01-02,1023.69,1023.69
2014-01-03,1023.7,1023.7
2014-01-06,1023.39,1023.39
2014-01-07,1023.28,1023.28
2014-01-08,1023.56,1023.56
2014-01-09,1023.86,1023.86
2014-01-10,1023.76,1023.76
2014-01-13,1024.55,1024.55
2014-01-15,1024.99,1024.99
2014-01-16,1025.21,1025.21
2014-01-17,1025.46,1025.46
2014-01-20,1026.13,1026.13
2014-01-21,1026.48,1026.48
2014-01-22,1026.74,1026.74
2014-01-23,1027.16,1027.16
2014-01-24,1027.33,1027.33
2014-01-27,1027.25,1027.25
2014-01-28,1027.22,1027.22
2014-01-29,1027.3,1027.3
2014-01-30,1027.43,1027.43
2014-02-03,1018.17,1018.17
2014-02-04,1018.6,1018.6
2014-02-05,1019,1019
2014-02-06,1019.13,1019.13
2014-02-07,1019.14,1019.14
2014-02-10,1019.54,1019.54
2014-02-11,1019.56,1019.56
2014-02-12,1019.73,1019.73
2014-02-13,1020.33,1020.33
2014-02-14,1020.65,1020.65
2014-02-17,1021.28,1021.28
2014-02-18,1021.74,1021.74
2014-02-19,1022.08,1022.08
2014-02-20,1022.4,1022.4
2014-02-21,1022.53,1022.53
2014-02-24,1022.77,1022.77
2014-02-25,1022.96,1022.96
2014-02-26,1023.12,1023.12
2014-02-27,1023.51,1023.51
2014-02-28,1024.07,1024.07
2014-03-03,1024.65,1024.65
2014-03-04,1024.74,1024.74
2014-03-05,1024.96,1024.96
2014-03-06,1024.84,1024.84
2014-03-07,1024.63,1024.63
2014-03-10,1025.01,1025.01
2014-03-11,1025.42,1025.42
2014-03-12,1025.42,1025.42
2014-03-13,1025.43,1025.43
2014-03-14,1025.69,1025.69
2014-03-17,1026.34,1026.34
2014-03-18,1026.38,1026.38
2014-03-19,1026.5,1026.5
2014-03-20,1026.66,1026.66
2014-03-21,1026.84,1026.84
2014-03-24,1027.51,1027.51
2014-03-25,1027.72,1027.72
2014-03-26,1027.68,1027.68
2014-03-27,1027.84,1027.84
2014-03-28,1027.82,1027.82
2014-04-01,1028.68,1028.68
2014-04-02,1028.81,1028.81
2014-04-03,1029.02,1029.02
2014-04-04,1029.12,1029.12
2014-04-07,1029.61,1029.61
2014-04-08,1029.79,1029.79
2014-04-10,1030.11,1030.11
2014-04-11,1030.41,1030.41
2014-04-14,1031.18,1031.18
2014-04-15,1031.32,1031.32
2014-04-16,1031.38,1031.38
2014-04-17,1031.47,1031.47
2014-04-21,1032.11,1032.11
2014-04-22,1032.3,1032.3
2014-04-23,1032.37,1032.37
2014-04-24,1032.49,1032.49
2014-04-25,1032.46,1032.46
2014-04-28,1033.08,1033.08
2014-04-29,1033.26,1033.26
2014-04-30,1033.22,1033.22
2014-05-02,1023.53,1023.53
2014-05-05,1024.21,1024.21
2014-05-06,1024.01,1024.01
2014-05-07,1024.11,1024.11
2014-05-08,1024.04,1024.04
2014-05-09,1024.13,1024.13
2014-05-12,1024.74,1024.74
2014-05-13,1024.97,1024.97
2014-05-14,1025.11,1025.11
2014-05-16,1025.61,1025.61
2014-05-19,1026.29,1026.29
2014-05-20,1026.32,1026.32
2014-05-21,1026.37,1026.37
2014-05-22,1026.24,1026.24
2014-05-23,1026.48,1026.48
2014-05-26,1027.04,1027.04
2014-05-28,1027.26,1027.26
2014-05-30,1027.76,1027.76
2014-06-02,1028.05,1028.05
2014-06-03,1028.59,1028.59
2014-06-04,1028.52,1028.52
2014-06-05,1028.62,1028.62
2014-06-06,1028.91,1028.91
2014-06-09,1029.17,1029.17
2014-06-10,1029.47,1029.47
2014-06-11,1029.6,1029.6
2014-06-12,1029.74,1029.74
2014-06-13,1029.79,1029.79
2014-06-16,1030.27,1030.27
2014-06-17,1030.34,1030.34
2014-06-18,1030.65,1030.65
2014-06-19,1030.7,1030.7
2014-06-20,1030.94,1030.94
2014-06-23,1031.32,1031.32
2014-06-24,1031.37,1031.37
2014-06-25,1031.12,1031.12
2014-06-26,1031.03,1031.03
2014-06-27,1030.81,1030.81
2014-06-30,1031.39,1031.39
2014-07-01,1031.5,1031.5
2014-07-02,1031.59,1031.59
2014-07-03,1031.79,1031.79
2014-07-04,1032.04,1032.04
2014-07-07,1032.99,1032.99
2014-07-08,1033.49,1033.49
2014-07-10,1033.93,1033.93
2014-07-11,1033.9,1033.9
2014-07-14,1034.41,1034.41
2014-07-15,1034.41,1034.41
2014-07-16,1034.53,1034.53
2014-07-17,1034.38,1034.38
2014-07-18,1034.68,1034.68
2014-07-21,1035.17,1035.17
2014-07-22,1035.34,1035.34
2014-07-23,1035.48,1035.48
2014-07-24,1035.87,1035.87
2014-07-25,1035.99,1035.99
2014-08-04,1027.42,1027.42
2014-08-05,1027.4,1027.4
2014-08-06,1027.73,1027.73
2014-08-07,1027.86,1027.86
2014-08-08,1027.59,1027.59
2014-08-11,1027.99,1027.99
2014-08-12,1028.42,1028.42
2014-08-13,1028.51,1028.51
2014-08-14,1028.89,1028.89
2014-08-15,1029.22,1029.22
2014-08-18,1029.61,1029.61
2014-08-19,1029.69,1029.69
2014-08-20,1030.01,1030.01
2014-08-21,1029.89,1029.89
2014-08-22,1030.1,1030.1
2014-08-25,1030.88,1030.88
2014-08-26,1030.93,1030.93
2014-08-27,1031.1,1031.1
2014-08-28,1031.13,1031.13
2014-08-29,1031.43,1031.43
2014-09-01,1032.54,1032.54
2014-09-02,1032.45,1032.45
2014-09-03,1032.57,1032.57
2014-09-04,1032.82,1032.82
2014-09-05,1032.93,1032.93
2014-09-08,1033.3,1033.3
2014-09-09,1033.58,1033.58
2014-09-10,1033.7,1033.7
2014-09-11,1034.25,1034.25
2014-09-12,1034.3,1034.3
2014-09-15,1034.58,1034.58
2014-09-16,1034.51,1034.51
2014-09-17,1034.49,1034.49
2014-09-18,1034.78,1034.78
2014-09-19,1034.82,1034.82
2014-09-22,1035.12,1035.12
2014-09-23,1035.28,1035.28
2014-09-24,1035.59,1035.59
2014-09-25,1035.71,1035.71
2014-09-26,1035.87,1035.87
2014-09-29,1036.12,1036.12
2014-09-30,1036.26,1036.26
2014-10-01,1036.16,1036.16
2014-10-02,1036.25,1036.25
2014-10-03,1036.5,1036.5
2014-10-06,1037.06,1037.06
2014-10-07,1037.21,1037.21
2014-10-08,1037.3,1037.3
2014-10-09,1037.46,1037.46
2014-10-10,1037.61,1037.61
2014-10-13,1038.62,1038.62
2014-10-14,1038.87,1038.87
2014-10-15,1039.49,1039.49
2014-10-16,1039.54,1039.54
2014-10-17,1039.8,1039.8
2014-10-20,1040.3,1040.3
2014-10-21,1040.58,1040.58
2014-10-22,1040.73,1040.73
2014-10-23,1040.96,1040.96
2014-10-24,1041.19,1041.19
2014-10-27,1041.97,1041.97
2014-10-28,1042.41,1042.41
2014-10-29,1042.5,1042.5
2014-10-30,1042.59,1042.59
2014-10-31,1042.54,1042.54
2014-11-03,1033.2,1033.2
2014-11-04,1033.32,1033.32
2014-11-05,1033.46,1033.46
2014-11-06,1033.39,1033.39
2014-11-07,1033.64,1033.64
2014-11-10,1034.31,1034.31
2014-11-11,1034.38,1034.38
2014-11-12,1034.47,1034.47
2014-11-13,1034.8,1034.8
2014-11-14,1034.94,1034.94
2014-11-17,1035.39,1035.39
2014-11-18,1035.52,1035.52
2014-11-19,1035.95,1035.95
2014-11-20,1036.04,1036.04
2014-11-21,1036.65,1036.65
2014-11-24,1036.85,1036.85
2014-11-25,1037.26,1037.26
2014-11-26,1037.25,1037.25
2014-11-27,1037.64,1037.64
2014-11-28,1037.75,1037.75
2014-12-01,1038.29,1038.29
2014-12-02,1038.77,1038.77
2014-12-03,1038.59,1038.59
2014-12-04,1038.65,1038.65
2014-12-05,1038.85,1038.85
2014-12-08,1039.18,1039.18
2014-12-09,1038.38,1038.38
2014-12-10,1038.52,1038.52
2014-12-11,1038.61,1038.61
2014-12-12,1038.63,1038.63
2014-12-15,1038.22,1038.22
2014-12-16,1037.89,1037.89
2014-12-17,1037.89,1037.89
2014-12-18,1039.37,1039.37
2014-12-19,1039.51,1039.51
2014-12-22,1040.36,1040.36
2014-12-23,1040.77,1040.77
2014-12-24,1040.76,1040.76
2014-12-29,1041.1,1041.1
2014-12-30,1041.41,1041.41
2015-01-02,1042.01,1042.01
2015-01-05,1042.35,1042.35
2015-01-06,1042.4,1042.4
2015-01-07,1042.71,1042.71
2015-01-08,1043.03,1043.03
2015-01-09,1043.06,1043.06
2015-01-12,1043.44,1043.44
2015-01-13,1043.53,1043.53
2015-01-14,1043.79,1043.79
2015-01-15,1044.11,1044.11
2015-01-16,1044.62,1044.62
2015-01-19,1045.85,1045.85
2015-01-20,1046.62,1046.62
2015-01-21,1047.67,1047.67
2015-01-22,1047.77,1047.77
2015-01-23,1048.03,1048.03
2015-01-26,1048.44,1048.44
2015-01-27,1048.77,1048.77
2015-01-28,1049.02,1049.02
2015-01-29,1049.19,1049.19
2015-01-30,1049.45,1049.45
2015-02-02,1039.95,1039.95
2015-02-03,1040.03,1040.03
2015-02-04,1040.14,1040.14
2015-02-05,1040.23,1040.23
2015-02-06,1040.39,1040.39
2015-02-09,1040.7,1040.7
2015-02-10,1040.82,1040.82
2015-02-11,1040.95,1040.95
2015-02-12,1040.27,1040.27
2015-02-13,1040.31,1040.31
2015-02-16,1041.4,1041.4
2015-02-17,1041.57,1041.57
2015-02-18,1042.01,1042.01
2015-02-20,1042.43,1042.43
2015-02-23,1043.3,1043.3
2015-02-24,1043.21,1043.21
2015-02-25,1043.22,1043.22
2015-02-26,1043.6,1043.6
2015-02-27,1043.61,1043.61
2015-03-02,1044.18,1044.18
2015-03-03,1044.25,1044.25
2015-03-04,1043.79,1043.79
2015-03-05,1043.39,1043.39
2015-03-06,1043.72,1043.72
2015-03-09,1044,1044
2015-03-10,1043.65,1043.65
2015-03-11,1043.32,1043.32
2015-03-12,1043.83,1043.83
2015-03-13,1043.57,1043.57
2015-03-16,1044.33,1044.33
2015-03-17,1043.78,1043.78
2015-03-18,1044.54,1044.54
2015-03-19,1045.34,1045.34
2015-03-20,1045.38,1045.38
2015-03-23,1046.53,1046.53
2015-03-24,1046.88,1046.88
2015-03-25,1047.05,1047.05
2015-03-26,1047.02,1047.02
2015-03-27,1047.05,1047.05
2015-03-30,1047.67,1047.67
2015-03-31,1048.42,1048.42
2015-04-01,1048.4,1048.4
2015-04-02,1048.4,1048.4
2015-04-06,1049.22,1049.22
2015-04-07,1049.32,1049.32
2015-04-08,1049.53,1049.53
2015-04-09,1049.78,1049.78
2015-04-10,1049.85,1049.85
2015-04-13,1050.28,1050.28
2015-04-14,1050.04,1050.04
2015-04-15,1049.88,1049.88
2015-04-16,1049.11,1049.11
2015-04-17,1048.86,1048.86
2015-04-20,1047.83,1047.83
2015-04-21,1047.69,1047.69
2015-04-22,1048.01,1048.01
2015-04-23,1048.63,1048.63
2015-04-24,1048.49,1048.49
2015-04-27,1048.31,1048.31
2015-04-28,1047.89,1047.89
2015-04-29,1048.38,1048.38
2015-04-30,1048.23,1048.23
2015-05-04,1041.36,1041.36
2015-05-05,1040.52,1040.52
2015-05-06,1038.4,1038.4
2015-05-07,1038.08,1038.08
2015-05-08,1037.71,1037.71
2015-05-11,1038.16,1038.16
2015-05-12,1038.39,1038.39
2015-05-13,1038.58,1038.58
2015-05-15,1039.75,1039.75
2015-05-18,1040.64,1040.64
2015-05-19,1040.57,1040.57
2015-05-20,1040.62,1040.62
2015-05-21,1040.67,1040.67
2015-05-22,1040.5,1040.5
2015-05-25,1040.82,1040.82
2015-05-26,1040.99,1040.99
2015-05-27,1040.84,1040.84
2015-05-28,1041.19,1041.19
2015-05-29,1041.22,1041.22
2015-06-01,1041.69,1041.69
2015-06-03,1041.74,1041.74
2015-06-04,1041.77,1041.77
2015-06-05,1041.28,1041.28
2015-06-08,1041.56,1041.56
2015-06-09,1041,1041
2015-06-10,1041.05,1041.05
2015-06-11,1041.44,1041.44
2015-06-12,1041.29,1041.29
2015-06-15,1041.57,1041.57
2015-06-16,1041.74,1041.74
2015-06-17,1041.86,1041.86
2015-06-18,1043.41,1043.41
2015-06-19,1042.81,1042.81
2015-06-22,1043.51,1043.51
2015-06-23,1043.83,1043.83
2015-06-24,1044.64,1044.64
2015-06-25,1044.67,1044.67
2015-06-26,1045.07,1045.07
2015-06-29,1045.08,1045.08
2015-06-30,1045.23,1045.23
2015-07-01,1045.59,1045.59
2015-07-02,1046.29,1046.29
2015-07-03,1046.54,1046.54
2015-07-06,1047.3,1047.3
2015-07-07,1046.91,1046.91
2015-07-08,1047.47,1047.47
2015-07-09,1046.69,1046.69
2015-07-10,1047.28,1047.28
2015-07-13,1048.05,1048.05
2015-07-14,1048.12,1048.12
2015-07-15,1048.3,1048.3
2015-07-22,1049.42,1049.42
2015-07-23,1048.64,1048.64
2015-07-24,1049.13,1049.13
2015-07-27,1049.96,1049.96
2015-07-28,1049.62,1049.62
2015-07-29,1049.22,1049.22
2015-07-30,1049.13,1049.13
2015-07-31,1049.31,1049.31
2015-08-03,1040.22,1040.22
2015-08-04,1040.31,1040.31
2015-08-05,1040.4,1040.4
2015-08-06,1040.87,1040.87
2015-08-07,1041.11,1041.11
2015-08-10,1041.56,1041.56
2015-08-11,1042.14,1042.14
2015-08-12,1041.28,1041.28
2015-08-13,1041.61,1041.61
2015-08-14,1041.7,1041.7
2015-08-18,1042.95,1042.95
2015-08-19,1042.36,1042.36
2015-08-20,1042.98,1042.98
2015-08-21,1042.14,1042.14
2015-08-24,1042.15,1042.15
2015-08-25,1041.59,1041.59
2015-08-26,1041.9,1041.9
2015-08-27,1042.02,1042.02
2015-08-28,1042.49,1042.49
2015-08-31,1043.11,1043.11
2015-09-01,1043.18,1043.18
2015-09-02,1043.3,1043.3
2015-09-03,1043.45,1043.45
2015-09-04,1043.48,1043.48
2015-09-07,1043.98,1043.98
2015-09-08,1043.86,1043.86
2015-09-09,1043.72,1043.72
2015-09-10,1043.66,1043.66
2015-09-11,1043.41,1043.41
2015-09-14,1043.84,1043.84
2015-09-15,1043.76,1043.76
2015-09-16,1043.53,1043.53
2015-09-17,1043.42,1043.42
2015-09-18,1043.89,1043.89
2015-09-21,1044.52,1044.52
2015-09-22,1043.77,1043.77
2015-09-23,1042.82,1042.82
2015-09-25,1042.64,1042.64
2015-09-28,1043.1,1043.1
2015-09-29,1042.06,1042.06
2015-09-30,1041.18,1041.18
2015-10-01,1042.2,1042.2
2015-10-02,1042.92,1042.92
2015-10-05,1044.47,1044.47
2015-10-06,1046.69,1046.69
2015-10-07,1047.31,1047.31
2015-10-08,1047.64,1047.64
2015-10-09,1047.91,1047.91
2015-10-12,1048.89,1048.89
2015-10-13,1049.36,1049.36
2015-10-15,1049.44,1049.44
2015-10-16,1049.29,1049.29
2015-10-19,1049.77,1049.77
2015-10-20,1049.58,1049.58
2015-10-21,1049,1049
2015-10-22,1049.27,1049.27
2015-10-23,1049.3,1049.3
2015-10-26,1050.1,1050.1
2015-10-27,1050.52,1050.52
2015-10-28,1050.46,1050.46
2015-10-29,1050.55,1050.55
2015-10-30,1050.58,1050.58
2015-11-02,1041,1041
2015-11-03,1040.89,1040.89
2015-11-04,1041.45,1041.45
2015-11-05,1041.8,1041.8
2015-11-06,1041.95,1041.95
2015-11-09,1042.31,1042.31
2015-11-10,1042.34,1042.34
2015-11-11,1042.65,1042.65
2015-11-12,1043.01,1043.01
2015-11-13,1043.16,1043.16
2015-11-16,1043.82,1043.82
2015-11-17,1043.81,1043.81
2015-11-18,1044.14,1044.14
2015-11-19,1044.31,1044.31
2015-11-20,1044.63,1044.63
2015-11-23,1045.18,1045.18
2015-11-24,1045.22,1045.22
2015-11-25,1045.25,1045.25
2015-11-26,1045.29,1045.29
2015-11-27,1045.48,1045.48
2015-11-30,1045.88,1045.88
2015-12-01,1046.03,1046.03
2015-12-02,1046.24,1046.24
2015-12-03,1046.56,1046.56
2015-12-04,1046.67,1046.67
2015-12-07,1047.15,1047.15
2015-12-08,1047.1,1047.1
2015-12-10,1047.18,1047.18
2015-12-11,1047.52,1047.52
2015-12-14,1047.68,1047.68
2015-12-15,1047.27,1047.27
2015-12-16,1047.52,1047.52
2015-12-17,1047.91,1047.91
2015-12-18,1047.99,1047.99
2015-12-21,1048.32,1048.32
2015-12-22,1048.9,1048.9
2015-12-23,1048.94,1048.94
2015-12-28,1049.6,1049.6
2015-12-29,1049.79,1049.79
2015-12-30,1050.18,1050.18
2016-01-04,1050.78,1050.78
2016-01-05,1051.01,1051.01
2016-01-06,1051.27,1051.27
2016-01-07,1051.58,1051.58
2016-01-08,1051.67,1051.67
2016-01-11,1052.05,1052.05
2016-01-12,1052.29,1052.29
2016-01-13,1052.65,1052.65
2016-01-14,1053.33,1053.33
2016-01-15,1053.42,1053.42
2016-01-18,1054.05,1054.05
2016-01-19,1054.31,1054.31
2016-01-20,1054.29,1054.29
2016-01-21,1055.12,1055.12
2016-01-22,1055.28,1055.28
2016-01-25,1055.83,1055.83
2016-01-26,1056.05,1056.05
2016-01-27,1056.25,1056.25
2016-01-28,1056.35,1056.35
2016-01-29,1056.57,1056.57
2016-02-01,1053.47,1053.47
2016-02-02,1053.63,1053.63
2016-02-03,1053.67,1053.67
2016-02-04,1054.02,1054.02
2016-02-05,1054.17,1054.17
2016-02-09,1054.55,1054.55
2016-02-10,1054.75,1054.75
2016-02-11,1054.93,1054.93
2016-02-12,1055.14,1055.14
2016-02-15,1055.5,1055.5
2016-02-16,1055.76,1055.76
2016-02-17,1055.82,1055.82
2016-02-18,1056.02,1056.02
2016-02-19,1056.27,1056.27
2016-02-22,1056.79,1056.79
2016-02-23,1057,1057
2016-02-24,1057.29,1057.29
2016-02-25,1057.39,1057.39
2016-02-26,1057.43,1057.43
2016-02-29,1057.84,1057.84
2016-03-01,1054.57,1054.57
2016-03-02,1054.72,1054.72
2016-03-03,1055.24,1055.24
2016-03-04,1055.3,1055.3
2016-03-07,1056,1056
2016-03-08,1055.99,1055.99
2016-03-10,1056.32,1056.32
2016-03-11,1056.57,1056.57
2016-03-14,1056.94,1056.94
2016-03-15,1057,1057
2016-03-16,1057.16,1057.16
2016-03-17,1057.25,1057.25
2016-03-18,1057.45,1057.45
2016-03-21,1057.93,1057.93
2016-03-22,1058.15,1058.15
2016-03-23,1058.24,1058.24
2016-03-24,1058.5,1058.5
2016-03-28,1058.98,1058.98
2016-03-29,1058.84,1058.84
2016-03-30,1059.49,1059.49
2016-03-31,1059.73,1059.73
2016-04-01,1055.91,1055.91
2016-04-04,1056.69,1056.69
2016-04-05,1056.88,1056.88
2016-04-06,1056.99,1056.99
2016-04-07,1057.12,1057.12
2016-04-08,1057.17,1057.17
2016-04-11,1057.45,1057.45
2016-04-12,1057.66,1057.66
2016-04-13,1058.1,1058.1
2016-04-14,1058.17,1058.17
2016-04-15,1058,1058
2016-04-18,1058.63,1058.63
2016-04-19,1058.78,1058.78
2016-04-20,1058.94,1058.94
2016-04-21,1059.19,1059.19
2016-04-22,1059.17,1059.17
2016-04-25,1059.43,1059.43
2016-04-26,1059.57,1059.57
2016-04-27,1059.41,1059.41
2016-04-28,1059.51,1059.51
2016-04-29,1059.59,1059.59
2016-05-02,1056.61,1056.61
2016-05-03,1056.71,1056.71
2016-05-04,1056.94,1056.94
2016-05-09,1057.67,1057.67
2016-05-10,1057.72,1057.72
2016-05-11,1057.72,1057.72
2016-05-12,1057.78,1057.78
2016-05-13,1057.91,1057.91
2016-05-16,1058.25,1058.25
2016-05-17,1058.29,1058.29
2016-05-18,1058.35,1058.35
2016-05-19,1058.17,1058.17
2016-05-20,1058.39,1058.39
2016-05-23,1058.53,1058.53
2016-05-24,1058.44,1058.44
2016-05-25,1058.57,1058.57
2016-05-26,1058.62,1058.62
2016-05-27,1058.79,1058.79
2016-05-30,1059.17,1059.17
2016-05-31,1059.25,1059.25
2016-06-01,1055.85,1055.85
2016-06-02,1055.9,1055.9
2016-06-03,1055.98,1055.98
2016-06-06,1056.32,1056.32
2016-06-07,1056.33,1056.33
2016-06-08,1056.43,1056.43
2016-06-09,1056.52,1056.52
2016-06-10,1056.61,1056.61
2016-06-13,1056.87,1056.87
2016-06-14,1057,1057
2016-06-15,1057.15,1057.15
2016-06-16,1057.28,1057.28
2016-06-17,1057.41,1057.41
2016-06-20,1057.75,1057.75
2016-06-21,1057.87,1057.87
2016-06-22,1058.04,1058.04
2016-06-23,1058.18,1058.18
2016-06-24,1058.06,1058.06
2016-06-27,1058.74,1058.74
2016-06-28,1058.79,1058.79
2016-06-29,1058.93,1058.93
2016-06-30,1059.04,1059.04
2016-07-01,1055.65,1055.65
2016-07-11,1055.65,1055.65
2016-07-12,1056.68,1056.68
2016-07-13,1056.74,1056.74
2016-07-14,1056.84,1056.84
2016-07-15,1057,1057
2016-07-18,1057.34,1057.34
2016-07-19,1057.51,1057.51
2016-07-20,1057.61,1057.61
2016-07-21,1057.76,1057.76
2016-07-22,1058,1058
2016-07-25,1058.39,1058.39
2016-07-26,1058.54,1058.54
2016-07-27,1058.58,1058.58
2016-07-28,1058.71,1058.71
2016-07-29,1058.91,1058.91
2016-08-01,1055.92,1055.92
2016-08-02,1056.02,1056.02
2016-08-03,1056.04,1056.04
2016-08-04,1056.01,1056.01
2016-08-05,1056.3,1056.3
2016-08-08,1056.58,1056.58
2016-08-09,1056.73,1056.73
2016-08-10,1056.96,1056.96
2016-08-11,1057.02,1057.02
2016-08-12,1057.07,1057.07
2016-08-15,1057.36,1057.36
2016-08-16,1057.85,1057.85
2016-08-18,1057.89,1057.89
2016-08-19,1058.15,1058.15
2016-08-22,1058.31,1058.31
2016-08-23,1058.17,1058.17
2016-08-24,1058.29,1058.29
2016-08-25,1058.27,1058.27
2016-08-26,1058.38,1058.38
2016-08-29,1058.75,1058.75
2016-08-30,1058.94,1058.94
2016-08-31,1059,1059
2016-09-01,1055.81,1055.81
2016-09-02,1055.88,1055.88
2016-09-05,1056.41,1056.41
2016-09-06,1056.62,1056.62
2016-09-07,1056.81,1056.81
2016-09-08,1056.96,1056.96
2016-09-09,1056.93,1056.93
2016-09-13,1057.36,1057.36
2016-09-14,1057.39,1057.39
2016-09-15,1057.56,1057.56
2016-09-16,1057.62,1057.62
2016-09-19,1057.85,1057.85
2016-09-20,1057.94,1057.94
2016-09-21,1058.1,1058.1
2016-09-22,1058.35,1058.35
2016-09-23,1058.44,1058.44
2016-09-26,1058.66,1058.66
2016-09-27,1058.86,1058.86
2016-09-28,1058.89,1058.89
2016-09-29,1059.04,1059.04
2016-09-30,1059.11,1059.11
2016-10-03,1055.9,1055.9
2016-10-04,1056.06,1056.06
2016-10-05,1056.14,1056.14
2016-10-06,1056.19,1056.19
2016-10-07,1056.21,1056.21
2016-10-10,1056.53,1056.53
2016-10-11,1056.79,1056.79
2016-10-12,1056.66,1056.66
2016-10-13,1056.71,1056.71
2016-10-14,1056.71,1056.71
2016-10-17,1057.09,1057.09
2016-10-18,1057.14,1057.14
2016-10-19,1057.22,1057.22
2016-10-20,1057.13,1057.13
2016-10-21,1057.48,1057.48
2016-10-24,1057.65,1057.65
2016-10-25,1057.94,1057.94
2016-10-26,1057.98,1057.98
2016-10-27,1058.13,1058.13
2016-10-28,1058.45,1058.45
2016-10-31,1058.6,1058.6
2016-11-01,1055.05,1055.05
2016-11-02,1055.35,1055.35
2016-11-03,1055.48,1055.48
2016-11-04,1055.67,1055.67
2016-11-07,1056.17,1056.17
2016-11-08,1056.6,1056.6
2016-11-09,1056.58,1056.58
2016-11-10,1056.79,1056.79
2016-11-11,1056.89,1056.89
2016-11-14,1056.76,1056.76
2016-11-15,1055.92,1055.92
2016-11-16,1055.93,1055.93
2016-11-17,1056.16,1056.16
2016-11-18,1055.99,1055.99
2016-11-21,1055.89,1055.89
2016-11-22,1055.92,1055.92
2016-11-23,1055.74,1055.74
2016-11-24,1055.31,1055.31
2016-11-25,1055.6,1055.6
2016-11-28,1056.19,1056.19
2016-11-29,1056.4,1056.4
2016-11-30,1056.87,1056.87
2016-12-01,1054.07,1054.07
2016-12-02,1054.18,1054.18
2016-12-05,1054.92,1054.92
2016-12-06,1055.33,1055.33
2016-12-07,1056.34,1056.34
2016-12-08,1056.55,1056.55
2016-12-09,1056.67,1056.67
2016-12-13,1057.22,1057.22
2016-12-14,1056.86,1056.86
2016-12-15,1056.73,1056.73
2016-12-16,1056.78,1056.78
2016-12-19,1056.99,1056.99
2016-12-20,1057.3,1057.3
2016-12-21,1057.43,1057.43
2016-12-22,1057.66,1057.66
2016-12-23,1057.76,1057.76
2016-12-27,1057.57,1057.57
2016-12-28,1058.2,1058.2
2016-12-29,1058.58,1058.58
2016-12-30,1058.73,1058.73
2017-01-03,1055.33,1055.33
2017-01-04,1056.19,1056.19
2017-01-05,1056.3,1056.3
2017-01-06,1056.39,1056.39
2017-01-09,1056.76,1056.76
2017-01-10,1057,1057
2017-01-11,1057.07,1057.07
2017-01-12,1057.6,1057.6
2017-01-13,1057.65,1057.65
2017-01-16,1058.29,1058.29
2017-01-17,1058.93,1058.93
2017-01-18,1059.34,1059.34
2017-01-19,1059.53,1059.53
2017-01-20,1059.6,1059.6
2017-01-23,1059.98,1059.98
2017-01-24,1060.36,1060.36
2017-01-25,1060.64,1060.64
2017-01-26,1060.86,1060.86
2017-01-27,1060.84,1060.84
2017-01-30,1060.86,1060.86
2017-01-31,1060.82,1060.82
2017-02-01,1057.46,1057.46
2017-02-02,1057.7,1057.7
2017-02-03,1057.89,1057.89
2017-02-06,1058.26,1058.26
2017-02-07,1058.55,1058.55
2017-02-08,1058.6,1058.6
2017-02-09,1058.98,1058.98
2017-02-10,1059.15,1059.15
2017-02-13,1059.23,1059.23
2017-02-14,1059.47,1059.47
2017-02-16,1059.85,1059.85
2017-02-17,1060.11,1060.11
2017-02-20,1060.2,1060.2
2017-02-21,1060.45,1060.45
2017-02-22,1060.61,1060.61
2017-02-23,1060.56,1060.56
2017-02-24,1060.73,1060.73
2017-02-27,1061.3,1061.3
2017-02-28,1061.18,1061.18
2017-03-01,1057.78,1057.78
2017-03-02,1057.9,1057.9
2017-03-03,1058.11,1058.11
2017-03-06,1058.38,1058.38
2017-03-07,1058.47,1058.47
2017-03-08,1058.84,1058.84
2017-03-09,1058.91,1058.91
2017-03-10,1059.23,1059.23
2017-03-13,1059.31,1059.31
2017-03-14,1059.6,1059.6
2017-03-15,1059.91,1059.91
2017-03-16,1060.24,1060.24
2017-03-17,1060.59,1060.59
2017-03-20,1060.81,1060.81
2017-03-21,1061.15,1061.15
2017-03-22,1061.41,1061.41
2017-03-23,1061.8,1061.8
2017-03-24,1061.75,1061.75
2017-03-27,1062.01,1062.01
2017-03-29,1062.49,1062.49
2017-03-30,1062.8,1062.8
2017-03-31,1062.92,1062.92
2017-04-03,1059.78,1059.78
2017-04-04,1060.31,1060.31
2017-04-05,1060.25,1060.25
2017-04-06,1060.76,1060.76
2017-04-07,1060.38,1060.38
2017-04-10,1060.65,1060.65
2017-04-11,1061.07,1061.07
2017-04-12,1061.59,1061.59
2017-04-13,1061.79,1061.79
2017-04-17,1062.06,1062.06
2017-04-18,1062.56,1062.56
2017-04-20,1062.5,1062.5
2017-04-21,1062.96,1062.96
2017-04-25,1063.75,1063.75
2017-04-26,1064.17,1064.17
2017-04-27,1064.34,1064.34
2017-04-28,1064.52,1064.52
2017-05-02,1061.6,1061.6
2017-05-03,1061.54,1061.54
2017-05-04,1061.77,1061.77
2017-05-05,1061.42,1061.42
2017-05-08,1061.6,1061.6
2017-05-09,1061.33,1061.33
2017-05-10,1061.52,1061.52
2017-05-12,1061.1,1061.1
2017-05-15,1061.38,1061.38
2017-05-16,1061.9,1061.9
2017-05-17,1062.2,1062.2
2017-05-18,1062.21,1062.21
2017-05-19,1062.45,1062.45
2017-05-22,1063.59,1063.59
2017-05-23,1063.71,1063.71
2017-05-24,1063.74,1063.74
2017-05-26,1063.95,1063.95
2017-05-29,1064.24,1064.24
2017-05-30,1064.59,1064.59
2017-05-31,1064.51,1064.51
2017-06-02,1061.47,1061.47
2017-06-05,1062.43,1062.43
2017-06-06,1062.39,1062.39
2017-06-07,1062.66,1062.66
2017-06-08,1062.7,1062.7
2017-06-09,1063.01,1063.01
2017-06-12,1063.7,1063.7
2017-06-13,1063.34,1063.34
2017-06-14,1064.43,1064.43
2017-06-15,1064.33,1064.33
2017-06-16,1064.41,1064.41
2017-06-19,1064.85,1064.85
2017-06-20,1064.95,1064.95
2017-06-21,1064.8,1064.8
2017-06-22,1064.79,1064.79
2017-07-03,1062.69,1062.69
2017-07-04,1062.81,1062.81
2017-07-05,1062.75,1062.75
2017-07-06,1062.07,1062.07
2017-07-07,1059.85,1059.85
2017-07-10,1061.51,1061.51
2017-07-11,1062.42,1062.42
2017-07-12,1062.88,1062.88
2017-07-13,1064.33,1064.33
2017-07-14,1063.7,1063.7
2017-07-17,1063.72,1063.72
2017-07-18,1064.05,1064.05
2017-07-19,1064.14,1064.14
2017-07-20,1065.34,1065.34
2017-07-21,1065.81,1065.81
2017-07-24,1065.51,1065.51
2017-07-25,1065.7,1065.7
2017-07-26,1065.81,1065.81
2017-07-27,1066.09,1066.09
2017-07-28,1065.76,1065.76
2017-07-31,1065.86,1065.86
2017-08-01,1062.33,1062.33
2017-08-02,1061.96,1061.96
2017-08-03,1062.3,1062.3
2017-08-04,1062.62,1062.62
2017-08-07,1062.95,1062.95
2017-08-08,1063.47,1063.47
2017-08-09,1063.54,1063.54
2017-08-10,1063.71,1063.71
2017-08-11,1064,1064
2017-08-14,1064.27,1064.27
2017-08-15,1064.52,1064.52
2017-08-16,1064.47,1064.47
2017-08-18,1065.17,1065.17
2017-08-21,1065.7,1065.7
2017-08-22,1065.79,1065.79
2017-08-23,1065.94,1065.94
2017-08-24,1066.6,1066.6
2017-08-25,1066.98,1066.98
2017-08-28,1067.95,1067.95
2017-08-29,1068.66,1068.66
2017-08-30,1068.83,1068.83
2017-08-31,1069.3,1069.3
2017-09-04,1066.5,1066.5
2017-09-05,1066.67,1066.67
2017-09-06,1067.16,1067.16
2017-09-07,1067.82,1067.82
2017-09-08,1068.14,1068.14
2017-09-11,1069.17,1069.17
2017-09-12,1069.9,1069.9
2017-09-13,1069.68,1069.68
2017-09-14,1069.78,1069.78
2017-09-15,1070.25,1070.25
2017-09-18,1070.62,1070.62
2017-09-19,1071.13,1071.13
2017-09-20,1071.02,1071.02
2017-09-22,1071.69,1071.69
2017-09-25,1072.36,1072.36
2017-09-26,1073.41,1073.41
2017-09-27,1073.39,1073.39
2017-09-28,1072.2,1072.2
2017-09-29,1072.97,1072.97
2017-10-02,1068.97,1068.97
2017-10-03,1068.9,1068.9
2017-10-04,1068.97,1068.97
2017-10-05,1069.07,1069.07
2017-10-06,1068.9,1068.9
2017-10-09,1069.41,1069.41
2017-10-10,1069.86,1069.86
2017-10-11,1069.7,1069.7
2017-10-12,1070,1070
2017-10-13,1070.15,1070.15
2017-10-16,1070.77,1070.77
2017-10-17,1071.24,1071.24
2017-10-18,1071.16,1071.16
2017-10-19,1071.1,1071.1
2017-10-20,1071.2,1071.2
2017-10-23,1071.35,1071.35
2017-10-24,1071.08,1071.08
2017-10-25,1070.88,1070.88
2017-10-26,1071.21,1071.21
2017-10-27,1071.19,1071.19
2017-10-30,1071.33,1071.33
2017-10-31,1071.34,1071.34
2017-11-01,1068.27,1068.27
2017-11-02,1068.35,1068.35
2017-11-03,1069.06,1069.06
2017-11-06,1068.95,1068.95
2017-11-07,1069.07,1069.07
2017-11-08,1069.45,1069.45
2017-11-09,1069.67,1069.67
2017-11-10,1069.74,1069.74
2017-11-13,1070.35,1070.35
2017-11-14,1069.91,1069.91
2017-11-15,1070.42,1070.42
2017-11-16,1070.79,1070.79
2017-11-17,1071.26,1071.26
2017-11-20,1071.62,1071.62
2017-11-21,1071.18,1071.18
2017-11-22,1071.51,1071.51
2017-11-23,1071.47,1071.47
2017-11-24,1071.62,1071.62
2017-11-27,1072.18,1072.18
2017-11-28,1072.26,1072.26
2017-11-29,1072.33,1072.33
2017-11-30,1072.69,1072.69
2017-12-04,1070.35,1070.35
2017-12-05,1070.61,1070.61
2017-12-06,1070.72,1070.72
2017-12-07,1070.37,1070.37
2017-12-08,1070.76,1070.76
2017-12-11,1071.13,1071.13
2017-12-12,1070.87,1070.87
2017-12-13,1071.37,1071.37
2017-12-14,1071.73,1071.73
2017-12-15,1071.64,1071.64
2017-12-18,1072.14,1072.14
2017-12-19,1072.3,1072.3
2017-12-20,1072.36,1072.36
2017-12-21,1072.71,1072.71
2017-12-22,1072.36,1072.36
2017-12-27,1073.4,1073.4
2017-12-28,1073.42,1073.42
2017-12-29,1073.29,1073.29
2018-01-02,1070.34,1070.34
2018-01-03,1070.61,1070.61
2018-01-04,1070.58,1070.58
2018-01-05,1070.9,1070.9
2018-01-08,1071.3,1071.3
2018-01-09,1071.39,1071.39
2018-01-10,1071.38,1071.38
2018-01-11,1071.49,1071.49
2018-01-12,1071.81,1071.81
2018-01-15,1072.18,1072.18
2018-01-16,1072.19,1072.19
2018-01-17,1072.33,1072.33
2018-01-18,1072.34,1072.34
2018-01-19,1072.5,1072.5
2018-01-22,1072.69,1072.69
2018-01-23,1072.62,1072.62
2018-01-24,1072.8,1072.8
2018-01-25,1073.04,1073.04
2018-01-26,1072.99,1072.99
2018-01-29,1073.37,1073.37
2018-01-30,1073.18,1073.18
2018-01-31,1073.33,1073.33
2018-02-01,1070.04,1070.04
2018-02-02,1070.27,1070.27
2018-02-05,1070.73,1070.73
2018-02-06,1070.55,1070.55
2018-02-07,1070.72,1070.72
2018-02-08,1070.78,1070.78
2018-02-09,1070.88,1070.88
2018-02-12,1071.43,1071.43
2018-02-13,1071.68,1071.68
2018-02-14,1072.03,1072.03
2018-02-15,1072.08,1072.08
2018-02-19,1072.52,1072.52
2018-02-20,1072.31,1072.31
2018-02-21,1072.47,1072.47
2018-02-22,1072.31,1072.31
2018-02-23,1072.71,1072.71
2018-02-26,1072.69,1072.69
2018-02-27,1072.81,1072.81
2018-02-28,1073.03,1073.03
2018-03-01,1069.02,1069.02
2018-03-02,1069.04,1069.04
2018-03-05,1069.48,1069.48
2018-03-06,1069.37,1069.37
2018-03-07,1069.01,1069.01
2018-03-08,1068.92,1068.92
2018-03-09,1068.2,1068.2
2018-03-12,1069.1,1069.1
2018-03-13,1069.88,1069.88
2018-03-14,1070.61,1070.61
2018-03-15,1070.6,1070.6
2018-03-16,1070.3,1070.3
2018-03-19,1071.13,1071.13
2018-03-20,1071.22,1071.22
2018-03-21,1071.08,1071.08
2018-03-22,1071.07,1071.07
2018-03-23,1070.84,1070.84
2018-03-26,1071.22,1071.22
2018-03-27,1071.86,1071.86
2018-03-28,1072.02,1072.02
2018-03-29,1072.63,1072.63
2018-04-02,1070.12,1070.12
2018-04-03,1069.49,1069.49
2018-04-04,1069.35,1069.35
2018-04-05,1069.35,1069.35
2018-04-06,1069.49,1069.49
2018-04-09,1070.02,1070.02
2018-04-10,1069.99,1069.99
2018-04-11,1070.23,1070.23
2018-04-12,1069.83,1069.83
2018-04-13,1069.92,1069.92
2018-04-16,1070.2,1070.2
2018-04-17,1070.26,1070.26
2018-04-18,1070.34,1070.34
2018-04-19,1070.61,1070.61
2018-04-20,1070.52,1070.52
2018-04-23,1070.22,1070.22
2018-04-24,1068.9,1068.9
2018-04-25,1067.73,1067.73
2018-04-26,1066.78,1066.78
2018-04-27,1068.33,1068.33
2018-04-30,1069.3,1069.3
2018-05-02,1065.39,1065.39
2018-05-03,1065.81,1065.81
2018-05-04,1066.29,1066.29
2018-05-07,1066.29,1066.29
2018-05-08,1064.77,1064.77
2018-05-09,1066.74,1066.74
2018-05-11,1067.23,1067.23
2018-05-14,1068.7,1068.7
2018-05-15,1067.71,1067.71
2018-05-16,1067.4,1067.4
2018-05-17,1067.38,1067.38
2018-05-18,1066.56,1066.56
2018-05-21,1066.72,1066.72
2018-05-22,1066.24,1066.24
2018-05-23,1066.51,1066.51
2018-05-24,1065.55,1065.55
2018-05-25,1065.79,1065.79
2018-05-28,1068.43,1068.43
2018-05-30,1068.15,1068.15
2018-05-31,1066.97,1066.97
2018-06-04,1066.05,1066.05
2018-06-05,1065.4,1065.4
2018-06-06,1065.12,1065.12
2018-06-07,1064.63,1064.63
2018-06-08,1064.3,1064.3
2018-06-20,1065.77,1065.77
2018-06-21,1065.83,1065.83
2018-06-22,1064.49,1064.49
2018-06-25,1067.03,1067.03
2018-06-26,1067.47,1067.47
2018-06-27,1067.6,1067.6
2018-06-28,1066.01,1066.01
2018-06-29,1065.73,1065.73
2018-07-02,1063.87,1063.87
2018-07-03,1064.23,1064.23
2018-07-04,1063.34,1063.34
2018-07-05,1063.31,1063.31
2018-07-06,1063.56,1063.56
2018-07-09,1064.88,1064.88
2018-07-10,1066,1066
2018-07-11,1066.22,1066.22
2018-07-12,1066.55,1066.55
2018-07-13,1066.27,1066.27
2018-07-16,1066.76,1066.76
2018-07-17,1066.73,1066.73
2018-07-18,1067.04,1067.04
2018-07-19,1066.91,1066.91
2018-07-20,1067.09,1067.09
2018-07-23,1066.97,1066.97
2018-07-24,1066.27,1066.27
2018-07-25,1067.51,1067.51
2018-07-26,1066.68,1066.68
2018-07-27,1066.45,1066.45
2018-07-30,1066.38,1066.38
2018-07-31,1066.68,1066.68
2018-08-01,1063.82,1063.82
2018-08-02,1063.8,1063.8
2018-08-03,1064.58,1064.58
2018-08-06,1065.11,1065.11
2018-08-07,1065.37,1065.37
2018-08-08,1065.6,1065.6
2018-08-09,1065.76,1065.76
2018-08-10,1065.65,1065.65
2018-08-13,1065.88,1065.88
2018-08-14,1065.97,1065.97
2018-08-15,1065.81,1065.81
2018-08-16,1066.17,1066.17
2018-08-20,1067.06,1067.06
2018-08-21,1067.2,1067.2
2018-08-23,1067.2,1067.2
2018-08-24,1067.19,1067.19
2018-08-27,1067.23,1067.23
2018-08-28,1067.44,1067.44
2018-08-29,1067.54,1067.54
2018-08-30,1067.39,1067.39
2018-08-31,1067.09,1067.09
2018-09-03,1063.65,1063.65
2018-09-04,1063.37,1063.37
2018-09-05,1061.56,1061.56
2018-09-06,1061.31,1061.31
2018-09-07,1060.76,1060.76
2018-09-10,1061.33,1061.33
2018-09-12,1061.8,1061.8
2018-09-13,1061.98,1061.98
2018-09-14,1062.09,1062.09
2018-09-17,1062.33,1062.33
2018-09-18,1062.83,1062.83
2018-09-19,1063.08,1063.08
2018-09-20,1063.16,1063.16
2018-09-21,1063.42,1063.42
2018-09-24,1063.69,1063.69
2018-09-25,1063.85,1063.85
2018-09-26,1064,1064
2018-09-27,1064.32,1064.32
2018-09-28,1064.52,1064.52
2018-10-01,1061.62,1061.62
2018-10-02,1061.52,1061.52
2018-10-03,1061.75,1061.75
2018-10-04,1061.75,1061.75
2018-10-05,1062.09,1062.09
2018-10-08,1062.52,1062.52
2018-10-09,1062.76,1062.76
2018-10-10,1063.11,1063.11
2018-10-11,1063.44,1063.44
2018-10-12,1063.23,1063.23
2018-10-15,1064.16,1064.16
2018-10-16,1064.19,1064.19
2018-10-17,1064.52,1064.52
2018-10-18,1064.95,1064.95
2018-10-19,1065.02,1065.02
2018-10-22,1065.88,1065.88
2018-10-23,1066.52,1066.52
2018-10-24,1066.78,1066.78
2018-10-25,1066.63,1066.63
2018-10-26,1066.9,1066.9
2018-10-29,1067.46,1067.46
2018-10-30,1067.74,1067.74
2018-10-31,1067.63,1067.63
2018-11-01,1064.61,1064.61
2018-11-02,1064.99,1064.99
2018-11-05,1065.7,1065.7
2018-11-06,1065.77,1065.77
2018-11-07,1065.91,1065.91
2018-11-08,1066.12,1066.12
2018-11-09,1066.13,1066.13
2018-11-12,1066.38,1066.38
2018-11-13,1066.54,1066.54
2018-11-14,1066.65,1066.65
2018-11-15,1066.96,1066.96
2018-11-16,1067.16,1067.16
2018-11-19,1067.57,1067.57
2018-11-21,1067.85,1067.85
2018-11-22,1068.01,1068.01
2018-11-23,1068.16,1068.16
2018-11-26,1068.44,1068.44
2018-11-27,1068.55,1068.55
2018-11-28,1068.64,1068.64
2018-11-29,1068.46,1068.46
2018-11-30,1068.59,1068.59
2018-12-03,1065.64,1065.64
2018-12-04,1065.7,1065.7
2018-12-05,1065.58,1065.58
2018-12-06,1065.52,1065.52
2018-12-07,1065.68,1065.68
2018-12-10,1065.82,1065.82
2018-12-11,1066.01,1066.01
2018-12-12,1066.16,1066.16
2018-12-13,1066.63,1066.63
2018-12-14,1066.84,1066.84
2018-12-17,1067.35,1067.35
2018-12-18,1067.47,1067.47
2018-12-19,1067.61,1067.61
2018-12-20,1068.04,1068.04
2018-12-21,1068.25,1068.25
2018-12-26,1069.3,1069.3
2018-12-27,1069.93,1069.93
2018-12-28,1069.97,1069.97
2019-01-02,1067.12,1067.12
2019-01-03,1067.19,1067.19
2019-01-04,1067.24,1067.24
2019-01-07,1067.81,1067.81
2019-01-08,1067.86,1067.86
2019-01-09,1067.89,1067.89
2019-01-10,1067.85,1067.85
2019-01-11,1067.9,1067.9
2019-01-14,1068.27,1068.27
2019-01-15,1068.28,1068.28
2019-01-16,1068.51,1068.51
2019-01-17,1068.56,1068.56
2019-01-18,1068.74,1068.74
2019-01-21,1069.26,1069.26
2019-01-22,1069.32,1069.32
2019-01-23,1069.52,1069.52
2019-01-24,1069.55,1069.55
2019-01-25,1069.71,1069.71
2019-01-28,1070.24,1070.24
2019-01-29,1070.57,1070.57
2019-01-30,1070.58,1070.58
2019-01-31,1070.61,1070.61
2019-02-01,1067.66,1067.66
2019-02-04,1068.09,1068.09
2019-02-06,1068.53,1068.53
2019-02-07,1068.38,1068.38
2019-02-08,1068.56,1068.56
2019-02-11,1068.99,1068.99
2019-02-12,1069.19,1069.19
2019-02-13,1069.29,1069.29
2019-02-14,1069.38,1069.38
2019-02-15,1069.5,1069.5
2019-02-18,1070.08,1070.08
2019-02-19,1070.62,1070.62
2019-02-20,1070.87,1070.87
2019-02-21,1070.98,1070.98
2019-02-22,1071.22,1071.22
2019-02-25,1071.78,1071.78
2019-02-26,1071.96,1071.96
2019-02-27,1072.29,1072.29
2019-02-28,1072.59,1072.59
2019-03-01,1069.21,1069.21
2019-03-04,1069.71,1069.71
2019-03-05,1070.07,1070.07
2019-03-06,1070.17,1070.17
2019-03-08,1070.49,1070.49
2019-03-11,1071,1071
2019-03-12,1071.27,1071.27
2019-03-13,1071.47,1071.47
2019-03-14,1071.62,1071.62
2019-03-15,1071.68,1071.68
2019-03-18,1072.41,1072.41
2019-03-19,1072.41,1072.41
2019-03-20,1072.7,1072.7
2019-03-21,1073.3,1073.3
2019-03-22,1073.24,1073.24
2019-03-25,1073.74,1073.74
2019-03-26,1074.12,1074.12
2019-03-27,1074.3,1074.3
2019-03-28,1074.34,1074.34
2019-03-29,1074.37,1074.37
2019-04-01,1071.27,1071.27
2019-04-02,1071.26,1071.26
2019-04-04,1071.58,1071.58
2019-04-05,1071.72,1071.72
2019-04-08,1072.07,1072.07
2019-04-09,1072.14,1072.14
2019-04-10,1072.43,1072.43
2019-04-11,1072.6,1072.6
2019-04-12,1072.58,1072.58
2019-04-15,1073.2,1073.2
2019-04-16,1073.54,1073.54
2019-04-18,1074.07,1074.07
2019-04-22,1074.69,1074.69
2019-04-23,1074.83,1074.83
2019-04-24,1075.04,1075.04
2019-04-25,1075.09,1075.09
2019-04-26,1075.04,1075.04
2019-04-29,1075.58,1075.58
2019-04-30,1075.81,1075.81
2019-05-02,1072.35,1072.35
2019-05-03,1072.5,1072.5
2019-05-06,1072.96,1072.96
2019-05-07,1073.04,1073.04
2019-05-08,1073.11,1073.11
2019-05-09,1073.23,1073.23
2019-05-10,1073.53,1073.53
2019-05-13,1074.1,1074.1
2019-05-14,1074.26,1074.26
2019-05-15,1074.5,1074.5
2019-05-16,1074.62,1074.62
2019-05-17,1074.75,1074.75
2019-05-20,1075.11,1075.11
2019-05-21,1075.32,1075.32
2019-05-22,1075.51,1075.51
2019-05-23,1075.93,1075.93
2019-05-24,1076.11,1076.11
2019-05-27,1076.55,1076.55
2019-05-28,1076.67,1076.67
2019-05-29,1076.78,1076.78
2019-05-31,1076.98,1076.98
2019-06-10,1074.84,1074.84
2019-06-11,1074.87,1074.87
2019-06-12,1074.66,1074.66
2019-06-13,1074.93,1074.93
2019-06-14,1075.11,1075.11
2019-06-17,1075.46,1075.46
2019-06-18,1075.68,1075.68
2019-06-19,1075.85,1075.85
2019-06-20,1076.01,1076.01
2019-06-21,1076.08,1076.08
2019-06-24,1076.49,1076.49
2019-06-25,1076.51,1076.51
2019-06-26,1076.89,1076.89
2019-06-27,1077.18,1077.18
2019-06-28,1077.36,1077.36
2019-07-01,1074.15,1074.15
2019-07-02,1074.28,1074.28
2019-07-03,1074.65,1074.65
2019-07-04,1074.69,1074.69
2019-07-05,1074.74,1074.74
2019-07-08,1075.11,1075.11
2019-07-09,1075.23,1075.23
2019-07-10,1075.47,1075.47
2019-07-11,1075.82,1075.82
2019-07-12,1076.22,1076.22
2019-07-15,1076.68,1076.68
2019-07-16,1076.81,1076.81
2019-07-17,1076.99,1076.99
2019-07-18,1077.19,1077.19
2019-07-19,1077.28,1077.28
2019-07-22,1077.68,1077.68
2019-07-23,1077.76,1077.76
2019-07-24,1077.66,1077.66
2019-07-25,1077.77,1077.77
2019-07-26,1078.02,1078.02
2019-07-29,1078.18,1078.18
2019-07-30,1078.21,1078.21
2019-07-31,1077.96,1077.96
2019-08-01,1074.68,1074.68
2019-08-02,1074.61,1074.61
2019-08-05,1074.73,1074.73
2019-08-06,1074.81,1074.81
2019-08-07,1075.07,1075.07
2019-08-08,1075.49,1075.49
2019-08-09,1075.8,1075.8
2019-08-12,1076.24,1076.24
2019-08-13,1076.14,1076.14
2019-08-14,1076.37,1076.37
2019-08-15,1076.37,1076.37
2019-08-16,1076.64,1076.64
2019-08-19,1077.4,1077.4
2019-08-20,1077.59,1077.59
2019-08-21,1077.8,1077.8
2019-08-22,1078.08,1078.08
2019-08-23,1078.27,1078.27
2019-08-26,1078.61,1078.61
2019-08-27,1078.72,1078.72
2019-08-28,1078.88,1078.88
2019-08-29,1079.13,1079.13
2019-08-30,1079.33,1079.33
2019-09-02,1076.02,1076.02
2019-09-03,1076.06,1076.06
2019-09-04,1076.29,1076.29
2019-09-05,1076.62,1076.62
2019-09-06,1076.81,1076.81
2019-09-09,1077.57,1077.57
2019-09-10,1077.68,1077.68
2019-09-11,1077.84,1077.84
2019-09-12,1078.02,1078.02
2019-09-13,1078.18,1078.18
2019-09-16,1078.71,1078.71
2019-09-17,1078.92,1078.92
2019-09-18,1079.2,1079.2
2019-09-19,1079.49,1079.49
2019-09-20,1079.7,1079.7
2019-09-23,1080.21,1080.21
2019-09-24,1080.36,1080.36
2019-09-25,1080.68,1080.68
2019-09-26,1081.02,1081.02
2019-09-27,1081.2,1081.2
2019-09-30,1081.83,1081.83
2019-10-01,1078.58,1078.58
2019-10-02,1078.65,1078.65
2019-10-03,1078.88,1078.88
2019-10-04,1078.92,1078.92
2019-10-07,1079.8,1079.8
2019-10-08,1079.92,1079.92
2019-10-09,1080.17,1080.17
2019-10-10,1080.44,1080.44
2019-10-11,1080.7,1080.7
2019-10-14,1081.3,1081.3
2019-10-15,1081.58,1081.58
2019-10-16,1081.66,1081.66
2019-10-17,1081.89,1081.89
2019-10-18,1082.08,1082.08
2019-10-21,1082.53,1082.53
2019-10-22,1082.93,1082.93
2019-10-23,1083.15,1083.15
2019-10-24,1083.3,1083.3
2019-10-25,1083.56,1083.56
2019-10-28,1083.95,1083.95
2019-10-29,1084.22,1084.22
2019-10-30,1084.46,1084.46
2019-10-31,1084.52,1084.52
2019-11-01,1081.26,1081.26
2019-11-04,1081.8,1081.8
2019-11-05,1082.09,1082.09
2019-11-06,1082.31,1082.31
2019-11-07,1082.66,1082.66
2019-11-08,1083.05,1083.05
2019-11-11,1083.54,1083.54
2019-11-12,1083.78,1083.78
2019-11-13,1083.83,1083.83
2019-11-14,1083.89,1083.89
2019-11-15,1084.06,1084.06
2019-11-18,1084.53,1084.53
2019-11-19,1084.62,1084.62
2019-11-20,1084.71,1084.71
2019-11-21,1084.78,1084.78
2019-11-22,1084.93,1084.93
2019-11-25,1085.53,1085.53
2019-11-26,1085.55,1085.55
2019-11-27,1085.61,1085.61
2019-11-28,1085.87,1085.87
2019-11-29,1085.95,1085.95
2019-12-02,1082.68,1082.68
2019-12-03,1082.94,1082.94
2019-12-04,1083.07,1083.07
2019-12-05,1083.27,1083.27
2019-12-06,1083.51,1083.51
2019-12-09,1083.81,1083.81
2019-12-10,1083.97,1083.97
2019-12-11,1084.19,1084.19
2019-12-12,1084.29,1084.29
2019-12-13,1084.32,1084.32
2019-12-16,1084.73,1084.73
2019-12-17,1084.68,1084.68
2019-12-18,1084.78,1084.78
2019-12-19,1085.01,1085.01
2019-12-20,1085.15,1085.15
2019-12-23,1085.54,1085.54
2019-12-26,1086.08,1086.08
2019-12-27,1086.34,1086.34
2019-12-30,1086.64,1086.64
2020-01-02,1083.44,1083.44
2020-01-03,1083.55,1083.55
2020-01-06,1083.88,1083.88
2020-01-07,1084.08,1084.08
2020-01-08,1084.17,1084.17
2020-01-09,1084.47,1084.47
2020-01-10,1084.84,1084.84
2020-01-13,1084.99,1084.99
2020-01-14,1085.33,1085.33
2020-01-15,1085.66,1085.66
2020-01-16,1085.91,1085.91
2020-01-17,1085.96,1085.96
2020-01-20,1086.43,1086.43
2020-01-21,1086.63,1086.63
2020-01-22,1087,1087
2020-01-23,1087.08,1087.08
2020-01-24,1087.17,1087.17
2020-01-27,1087.41,1087.41
2020-01-28,1087.56,1087.56
2020-01-29,1087.76,1087.76
2020-01-30,1088.05,1088.05
2020-01-31,1087.72,1087.72
2020-02-03,1085.11,1085.11
2020-02-04,1085.44,1085.44
2020-02-05,1085.81,1085.81
2020-02-06,1086.2,1086.2
2020-02-07,1086.34,1086.34
2020-02-10,1086.78,1086.78
2020-02-11,1086.96,1086.96
2020-02-12,1087.45,1087.45
2020-02-13,1087.61,1087.61
2020-02-14,1087.84,1087.84
2020-02-17,1088.45,1088.45
2020-02-18,1088.72,1088.72
2020-02-19,1088.82,1088.82
2020-02-20,1088.89,1088.89
2020-02-21,1089.1,1089.1
2020-02-24,1089.41,1089.41
2020-02-25,1089.53,1089.53
2020-02-26,1089.63,1089.63
2020-02-27,1089.79,1089.79
2020-02-28,1089.53,1089.53
2020-03-02,1086.7,1086.7
2020-03-03,1085.31,1085.31
2020-03-04,1085.84,1085.84
2020-03-05,1086.1,1086.1
2020-03-06,1087.62,1087.62
2020-03-09,1087.56,1087.56
2020-03-10,1087.92,1087.92
2020-03-11,1088.13,1088.13
2020-03-12,1088.04,1088.04
2020-03-13,1087.88,1087.88
2020-03-16,1088.48,1088.48
2020-03-17,1088.5,1088.5
2020-03-18,1088.27,1088.27
2020-03-19,1087.22,1087.22
2020-03-20,1087.34,1087.34
2020-03-23,1087.24,1087.24
2020-03-24,1087.24,1087.24
2020-03-26,1087.75,1087.75
2020-03-27,1088.11,1088.11
2020-03-30,1088.32,1088.32
2020-03-31,1088.23,1088.23
2020-04-01,1085.26,1085.26
2020-04-02,1084.84,1084.84
2020-04-03,1085.03,1085.03
2020-04-06,1085.26,1085.26
2020-04-07,1085.41,1085.41
2020-04-08,1085.33,1085.33
2020-04-09,1085.53,1085.53
2020-04-13,1086.2,1086.2
2020-04-14,1086.25,1086.25
2020-04-15,1086.55,1086.55
2020-04-16,1086.45,1086.45
2020-04-17,1086.77,1086.77
2020-04-20,1087.14,1087.14
2020-04-21,1087.47,1087.47
2020-04-22,1087.55,1087.55
2020-04-23,1087.61,1087.61
2020-04-24,1087.65,1087.65
2020-04-27,1087.79,1087.79
2020-04-28,1087.7,1087.7
2020-04-29,1087.75,1087.75
2020-04-30,1087.98,1087.98
2020-05-04,1085.07,1085.07
2020-05-05,1085.16,1085.16
2020-05-06,1085.3,1085.3
2020-05-08,1085.53,1085.53
2020-05-11,1085.93,1085.93
2020-05-12,1086.32,1086.32
2020-05-13,1086.52,1086.52
2020-05-14,1086.43,1086.43
2020-05-15,1086.7,1086.7
2020-05-18,1087.28,1087.28
2020-05-19,1087.57,1087.57
2020-05-20,1087.69,1087.69
2020-05-26,1088.45,1088.45
2020-05-27,1088.44,1088.44
2020-05-28,1088.42,1088.42
2020-05-29,1088.12,1088.12
2020-06-02,1085.89,1085.89
2020-06-03,1086.48,1086.48
2020-06-04,1086.28,1086.28
2020-06-05,1086.32,1086.32
2020-06-08,1086.52,1086.52
2020-06-09,1086.51,1086.51
2020-06-10,1086.73,1086.73
2020-06-11,1086.9,1086.9
2020-06-12,1087.09,1087.09
2020-06-15,1087.58,1087.58
2020-06-16,1087.81,1087.81
2020-06-17,1088.08,1088.08
2020-06-18,1088.2,1088.2
2020-06-19,1088.42,1088.42
2020-06-22,1089.01,1089.01
2020-06-23,1089.33,1089.33
2020-06-24,1089.54,1089.54
2020-06-25,1089.75,1089.75
2020-06-26,1089.91,1089.91
2020-06-29,1090.06,1090.06
2020-06-30,1090.63,1090.63
2020-07-01,1087.49,1087.49
2020-07-02,1087.7,1087.7
2020-07-03,1087.76,1087.76
2020-07-06,1088.41,1088.41
2020-07-07,1088.49,1088.49
2020-07-08,1088.73,1088.73
2020-07-09,1088.92,1088.92
2020-07-10,1089.14,1089.14
2020-07-13,1089.63,1089.63
2020-07-14,1089.4,1089.4
2020-07-15,1089.66,1089.66
2020-07-16,1090.3,1090.3
2020-07-17,1090.06,1090.06
2020-07-20,1090.82,1090.82
2020-07-21,1091.32,1091.32
2020-07-22,1091.73,1091.73
2020-07-23,1092.26,1092.26
2020-07-24,1092.43,1092.43
2020-07-27,1092.87,1092.87
2020-07-28,1093.12,1093.12
2020-07-29,1093.15,1093.15
2020-07-30,1093.43,1093.43
2020-08-03,1090.81,1090.81
2020-08-04,1090.89,1090.89
2020-08-05,1091.1,1091.1
2020-08-06,1091.34,1091.34
2020-08-07,1091.68,1091.68
2020-08-10,1092.31,1092.31
2020-08-11,1092.9,1092.9
2020-08-12,1093.4,1093.4
2020-08-13,1093.51,1093.51
2020-08-14,1093.82,1093.82
2020-08-18,1094.45,1094.45
2020-08-19,1094.65,1094.65
2020-08-24,1095.14,1095.14
2020-08-25,1095.07,1095.07
2020-08-26,1094.88,1094.88
2020-08-27,1094.43,1094.43
2020-08-28,1094.19,1094.19
2020-08-31,1094.28,1094.28
2020-09-01,1091.69,1091.69
2020-09-02,1091.2,1091.2
2020-09-03,1091.12,1091.12
2020-09-04,1091.29,1091.29
2020-09-07,1092.05,1092.05
2020-09-08,1092.07,1092.07
2020-09-09,1092.08,1092.08
2020-09-10,1091.83,1091.83
2020-09-11,1091.69,1091.69
2020-09-14,1092.01,1092.01
2020-09-15,1092.12,1092.12
2020-09-16,1092.25,1092.25
2020-09-17,1092.27,1092.27
2020-09-18,1092.35,1092.35
2020-09-21,1092.63,1092.63
2020-09-22,1092.9,1092.9
2020-09-23,1092.98,1092.98
2020-09-24,1093.14,1093.14
2020-09-25,1093.23,1093.23
2020-09-28,1093.61,1093.61
2020-09-29,1093.59,1093.59
2020-09-30,1093.53,1093.53
2020-10-01,1089.75,1089.75
2020-10-02,1089.35,1089.35
2020-10-05,1090.28,1090.28
2020-10-06,1090.67,1090.67
2020-10-07,1090.74,1090.74
2020-10-08,1090.9,1090.9
2020-10-09,1090.94,1090.94
2020-10-12,1091.55,1091.55
2020-10-13,1091.86,1091.86
2020-10-14,1092.14,1092.14
2020-10-15,1092.67,1092.67
2020-10-16,1092.63,1092.63
2020-10-19,1093.28,1093.28
2020-10-20,1093.42,1093.42
2020-10-21,1093.27,1093.27
2020-10-22,1093.55,1093.55
2020-10-23,1093.92,1093.92
2020-10-26,1094.38,1094.38
2020-10-27,1094.56,1094.56
2020-11-02,1092.21,1092.21
2020-11-03,1092.75,1092.75
2020-11-04,1093.1,1093.1
2020-11-05,1093.06,1093.06
2020-11-06,1093.74,1093.74
2020-11-09,1093.98,1093.98
2020-11-10,1093.93,1093.93
2020-11-11,1093.93,1093.93
2020-11-12,1093.76,1093.76
2020-11-13,1093.96,1093.96
2020-11-16,1094.22,1094.22
2020-11-17,1094.39,1094.39
2020-11-18,1094.48,1094.48
2020-11-19,1094.69,1094.69
2020-11-20,1094.52,1094.52
2020-11-23,1094.76,1094.76
2020-11-24,1094.83,1094.83
2020-11-25,1095.21,1095.21
2020-11-26,1095.33,1095.33
2020-11-27,1095.33,1095.33
2020-11-30,1095.91,1095.91
2020-12-01,1092.68,1092.68
2020-12-02,1093.03,1093.03
2020-12-03,1093.12,1093.12
2020-12-04,1093.06,1093.06
2020-12-07,1093.45,1093.45
2020-12-08,1093.28,1093.28
2020-12-10,1093.72,1093.72
2020-12-11,1094.08,1094.08
2020-12-14,1094.39,1094.39
2020-12-15,1094.43,1094.43
2020-12-16,1094.65,1094.65
2020-12-17,1094.71,1094.71
2020-12-18,1094.43,1094.43
2020-12-21,1094.63,1094.63
2020-12-22,1094.17,1094.17
2020-12-23,1093.79,1093.79
2020-12-28,1093.98,1093.98
2020-12-29,1094.43,1094.43
2020-12-30,1094.21,1094.21
2021-01-04,1091.48,1091.48
2021-01-05,1091.58,1091.58
2021-01-06,1091.12,1091.12
2021-01-07,1090.82,1090.82
2021-01-08,1090.15,1090.15
2021-01-11,1089.99,1089.99
2021-01-12,1090.04,1090.04
2021-01-13,1090.34,1090.34
2021-01-14,1090.3,1090.3
2021-01-15,1090.06,1090.06
2021-01-18,1089.69,1089.69
2021-01-19,1089.71,1089.71
2021-01-20,1089.63,1089.63
2021-01-21,1089.85,1089.85
2021-01-22,1089.98,1089.98
2021-01-25,1090.58,1090.58
2021-01-26,1091.1,1091.1
2021-01-27,1091.56,1091.56
2021-01-28,1091.81,1091.81
2021-01-29,1092.52,1092.52
2021-02-01,1090.25,1090.25
2021-02-02,1090.29,1090.29
2021-02-03,1091.05,1091.05
2021-02-04,1091.14,1091.14
2021-02-05,1090.76,1090.76
2021-02-08,1090.82,1090.82
2021-02-09,1090.66,1090.66
2021-02-10,1090.36,1090.36
2021-02-11,1090.83,1090.83
2021-02-15,1091.46,1091.46
2021-02-16,1091.67,1091.67
2021-02-17,1091.65,1091.65
2021-02-18,1092.22,1092.22
2021-02-19,1092.05,1092.05
2021-02-22,1092.09,1092.09
2021-02-23,1092.11,1092.11
2021-02-24,1092.72,1092.72
2021-02-25,1092.99,1092.99
2021-02-26,1092.46,1092.46
2021-03-01,1090.31,1090.31
2021-03-02,1090.13,1090.13
2021-03-03,1090.86,1090.86
2021-03-04,1090.63,1090.63
2021-03-05,1090.46,1090.46
2021-03-08,1089.69,1089.69
2021-03-09,1089.73,1089.73
2021-03-10,1089.95,1089.95
2021-03-12,1090.44,1090.44
2021-03-15,1090.99,1090.99
2021-03-16,1091.2,1091.2
2021-03-17,1091.4,1091.4
2021-03-18,1091.19,1091.19
2021-03-19,1091.27,1091.27
2021-03-22,1091.55,1091.55
2021-03-23,1091.68,1091.68
2021-03-24,1092.52,1092.52
2021-03-25,1092.97,1092.97
2021-03-26,1093.09,1093.09
2021-03-29,1093.76,1093.76
2021-03-30,1093.76,1093.76
2021-03-31,1093.44,1093.44
2021-04-01,1090.98,1090.98
2021-04-05,1092,1092
2021-04-06,1092.3,1092.3
2021-04-07,1093.07,1093.07
2021-04-08,1093.42,1093.42
2021-04-09,1093.41,1093.41
2021-04-12,1093.04,1093.04
2021-04-13,1092.91,1092.91
2021-04-14,1092.93,1092.93
2021-04-15,1093.17,1093.17
2021-04-16,1093.81,1093.81
2021-04-19,1094.09,1094.09
2021-04-20,1093.82,1093.82
2021-04-21,1094.13,1094.13
2021-04-22,1094.82,1094.82
2021-04-23,1094.09,1094.09
2021-04-26,1094.98,1094.98
2021-04-27,1095.46,1095.46
2021-04-28,1095.97,1095.97
2021-04-29,1096.31,1096.31
2021-04-30,1096.6,1096.6
2021-05-03,1093.99,1093.99
2021-05-04,1093.81,1093.81
2021-05-05,1094.65,1094.65
2021-05-06,1095.57,1095.57
2021-05-07,1095.41,1095.41
2021-05-10,1095.9,1095.9
2021-05-11,1095.94,1095.94
2021-05-17,1096.71,1096.71
2021-05-18,1097.08,1097.08
2021-05-19,1097.13,1097.13
2021-05-20,1097.13,1097.13
2021-05-21,1097.2,1097.2
2021-05-24,1097.35,1097.35
2021-05-25,1097.6,1097.6
2021-05-27,1097.84,1097.84
2021-05-28,1098.01,1098.01
2021-05-31,1098.75,1098.75
2021-06-02,1096.3,1096.3
2021-06-03,1096.46,1096.46
2021-06-04,1096.35,1096.35
2021-06-07,1096.85,1096.85
2021-06-08,1096.94,1096.94
2021-06-09,1097.6,1097.6
2021-06-10,1097.82,1097.82
2021-06-11,1098.25,1098.25
2021-06-14,1098.78,1098.78
2021-06-15,1099.04,1099.04
2021-06-16,1099.32,1099.32
2021-06-17,1098.99,1098.99
2021-06-18,1099.03,1099.03
2021-06-21,1099.13,1099.13
2021-06-22,1099.42,1099.42
2021-06-23,1099.56,1099.56
2021-06-24,1099.96,1099.96
2021-06-25,1100.33,1100.33
2021-06-28,1100.51,1100.51
2021-06-29,1100.5,1100.5
2021-06-30,1100.2,1100.2
2021-07-01,1098.48,1098.48
2021-07-02,1098.89,1098.89
2021-07-05,1099.37,1099.37
2021-07-06,1100.16,1100.16
2021-07-07,1099.63,1099.63
2021-07-08,1099.49,1099.49
2021-07-09,1100.09,1100.09
2021-07-12,1099.93,1099.93
2021-07-13,1100.41,1100.41
2021-07-14,1101.05,1101.05
2021-07-15,1101.19,1101.19
2021-07-16,1100.36,1100.36
2021-07-19,1101.89,1101.89
2021-07-21,1102.15,1102.15
2021-07-22,1103.92,1103.92
2021-07-23,1104.02,1104.02
2021-07-26,1104.36,1104.36
2021-07-27,1104.35,1104.35
2021-07-28,1104.54,1104.54
2021-07-29,1104.9,1104.9
2021-07-30,1105.35,1105.35
2021-08-02,1102.68,1102.68
2021-08-03,1103.01,1103.01
2021-08-04,1103.86,1103.86
2021-08-05,1103.72,1103.72
2021-08-06,1103.8,1103.8
2021-08-09,1103.9,1103.9
2021-08-10,1103.7,1103.7
2021-08-12,1103.46,1103.46
2021-08-13,1103.39,1103.39
2021-08-16,1104.2,1104.2
2021-08-18,1104.13,1104.13
2021-08-19,1104.86,1104.86
2021-08-20,1104.71,1104.71
2021-08-23,1104.9,1104.9
2021-08-24,1105.16,1105.16
2021-08-25,1105.45,1105.45
2021-08-26,1105.73,1105.73
2021-08-27,1105.6,1105.6
2021-08-30,1106.17,1106.17
2021-08-31,1106.12,1106.12
2021-09-01,1102.96,1102.96
2021-09-02,1103.04,1103.04
2021-09-03,1103.35,1103.35
2021-09-06,1103.74,1103.74
2021-09-07,1104.34,1104.34
2021-09-08,1103.97,1103.97
2021-09-09,1103.89,1103.89
2021-09-10,1103.36,1103.36
2021-09-13,1103.99,1103.99
2021-09-14,1104.28,1104.28
2021-09-15,1105.13,1105.13
2021-09-16,1104.64,1104.64
2021-09-17,1104.64,1104.64
2021-09-20,1105.54,1105.54
2021-09-21,1105.04,1105.04
2021-09-22,1105.16,1105.16
2021-09-23,1105.06,1105.06
2021-09-24,1104.73,1104.73
2021-09-27,1105.83,1105.83
2021-09-28,1105.81,1105.81
2021-09-29,1104.72,1104.72
2021-09-30,1104.63,1104.63
2021-10-01,1102.04,1102.04
2021-10-04,1102.48,1102.48
2021-10-05,1102.39,1102.39
2021-10-06,1102.32,1102.32
2021-10-07,1102.36,1102.36
2021-10-08,1102.24,1102.24
2021-10-11,1102.71,1102.71
2021-10-12,1102.59,1102.59
2021-10-13,1102.67,1102.67
2021-10-14,1102.82,1102.82
2021-10-15,1103.06,1103.06
2021-10-18,1103.65,1103.65
2021-10-19,1103.7,1103.7
2021-10-21,1104.01,1104.01
2021-10-22,1104.25,1104.25
2021-10-25,1104.87,1104.87
2021-10-26,1104.76,1104.76
2021-10-27,1104.72,1104.72
2021-10-28,1104.74,1104.74
2021-10-29,1104.53,1104.53
2021-11-01,1101.99,1101.99
2021-11-02,1101.96,1101.96
2021-11-03,1102.52,1102.52
2021-11-04,1102.04,1102.04
2021-11-05,1102.72,1102.72
2021-11-08,1103.36,1103.36
2021-11-09,1103.43,1103.43
2021-11-10,1103.43,1103.43
2021-11-11,1103.5,1103.5
2021-11-12,1103.31,1103.31
2021-11-15,1104,1104
2021-11-16,1104.29,1104.29
2021-11-17,1104.08,1104.08
2021-11-18,1104.6,1104.6
2021-11-19,1104.56,1104.56
2021-11-22,1105.08,1105.08
2021-11-23,1105.2,1105.2
2021-11-24,1105.55,1105.55
2021-11-25,1105.51,1105.51
2021-11-26,1105.61,1105.61
2021-11-29,1106.24,1106.24
2021-11-30,1106.03,1106.03
2021-12-01,1102.93,1102.93
2021-12-02,1102.72,1102.72
2021-12-03,1102.23,1102.23
2021-12-06,1102.2,1102.2
2021-12-07,1102.32,1102.32
2021-12-08,1102.62,1102.62
2021-12-09,1103,1103
2021-12-10,1102.68,1102.68
2021-12-13,1103.15,1103.15
2021-12-14,1103.5,1103.5
2021-12-15,1103.59,1103.59
2021-12-16,1103.12,1103.12
2021-12-17,1102.94,1102.94
2021-12-20,1103.22,1103.22
2021-12-21,1103.57,1103.57
2021-12-22,1103.88,1103.88
2021-12-23,1104.08,1104.08
2021-12-24,1104.37,1104.37
2021-12-27,1105.27,1105.27
2021-12-28,1105.54,1105.54
2021-12-29,1105.54,1105.54
2021-12-30,1105.78,1105.78
2022-01-03,1102.72,1102.72
2022-01-04,1102.95,1102.95
2022-01-05,1102.8,1102.8
2022-01-06,1102.39,1102.39
2022-01-07,1101.79,1101.79
2022-01-10,1101.72,1101.72
2022-01-11,1101.76,1101.76
2022-01-12,1102.15,1102.15
2022-01-13,1102.08,1102.08
2022-01-14,1102.42,1102.42
2022-01-17,1102.7,1102.7
2022-01-18,1102.98,1102.98
2022-01-19,1103.16,1103.16
2022-01-20,1103.37,1103.37
2022-01-21,1102.97,1102.97
2022-01-24,1103.75,1103.75
2022-01-25,1103.63,1103.63
2022-01-26,1103.78,1103.78
2022-01-27,1103.69,1103.69
2022-01-28,1103.54,1103.54
2022-01-31,1103.88,1103.88
2022-02-02,1100.97,1100.97
2022-02-03,1101.24,1101.24
2022-02-04,1101.21,1101.21
2022-02-07,1101.33,1101.33
2022-02-08,1101.27,1101.27
2022-02-09,1101.55,1101.55
2022-02-10,1101.49,1101.49
2022-02-11,1101.57,1101.57
2022-02-14,1102.25,1102.25
2022-02-15,1102.15,1102.15
2022-02-16,1102.36,1102.36
2022-02-17,1102.32,1102.32
2022-02-18,1102.46,1102.46
2022-02-21,1102.97,1102.97
2022-02-22,1102.94,1102.94
2022-02-23,1102.6,1102.6
2022-02-24,1102.47,1102.47
2022-02-25,1102.71,1102.71
2022-03-01,1100.35,1100.35
2022-03-02,1100.22,1100.22
2022-03-04,1100.29,1100.29
2022-03-07,1100.55,1100.55
2022-03-08,1100.65,1100.65
2022-03-09,1099.5,1099.5
2022-03-10,1099.49,1099.49
2022-03-11,1099.63,1099.63
2022-03-14,1100.86,1100.86
2022-03-15,1100.52,1100.52
2022-03-16,1100.16,1100.16
2022-03-17,1100.41,1100.41
2022-03-18,1100.31,1100.31
2022-03-21,1100.67,1100.67
2022-03-22,1101.13,1101.13
2022-03-23,1101.03,1101.03
2022-03-24,1100.73,1100.73
2022-03-25,1100.31,1100.31
2022-03-28,1100.46,1100.46
2022-03-29,1100.06,1100.06
2022-03-30,1100.36,1100.36
2022-03-31,1100.1,1100.1
2022-04-01,1097.28,1097.28
2022-04-04,1097.11,1097.11
2022-04-05,1097.5,1097.5
2022-04-06,1096.72,1096.72
2022-04-07,1096.71,1096.71
2022-04-08,1096.73,1096.73
2022-04-11,1096.47,1096.47
2022-04-12,1096.74,1096.74
2022-04-13,1096.2,1096.2
2022-04-14,1096.54,1096.54
2022-04-18,1095.99,1095.99
2022-04-19,1095.69,1095.69
2022-04-20,1094.33,1094.33
2022-04-21,1094.36,1094.36
2022-04-22,1093.5,1093.5
2022-04-25,1093.23,1093.23
2022-04-26,1093.05,1093.05
2022-04-27,1092,1092
2022-04-28,1091.14,1091.14
2022-05-09,1087.79,1087.79
2022-05-10,1083.99,1083.99
2022-05-11,1080.09,1080.09
2022-05-12,1081.08,1081.08
2022-05-13,1081.71,1081.71
2022-05-17,1083.71,1083.71
2022-05-18,1084.33,1084.33
2022-05-19,1086.24,1086.24
2022-05-20,1089.62,1089.62
2022-05-23,1091.68,1091.68
2022-05-24,1091.48,1091.48
2022-05-25,1092.82,1092.82
2022-05-27,1095.87,1095.87
2022-05-30,1097.46,1097.46
2022-05-31,1096.28,1096.28
2022-06-02,1093.82,1093.82
2022-06-03,1094.85,1094.85
2022-06-06,1095.74,1095.74
2022-06-07,1096.05,1096.05
2022-06-08,1095.55,1095.55
2022-06-09,1094.97,1094.97
2022-06-10,1095.33,1095.33
2022-06-13,1094.81,1094.81
2022-06-14,1093.62,1093.62
2022-06-15,1093.13,1093.13
2022-06-16,1093.58,1093.58
2022-06-17,1092.58,1092.58
2022-06-20,1092.25,1092.25
2022-06-21,1091.93,1091.93
2022-06-22,1092.74,1092.74
2022-06-23,1093.9,1093.9
2022-06-24,1095.59,1095.59
2022-06-27,1097.21,1097.21
2022-06-28,1096.39,1096.39
2022-06-29,1095.81,1095.81
2022-06-30,1095.8,1095.8
2022-07-01,1092.14,1092.14
2022-07-04,1093.09,1093.09
2022-07-05,1092.21,1092.21
2022-07-06,1091.99,1091.99
2022-07-07,1092.34,1092.34
2022-07-08,1092.12,1092.12
2022-07-11,1092.04,1092.04
2022-07-12,1092.07,1092.07
2022-07-13,1091.74,1091.74
2022-07-14,1090.32,1090.32
2022-07-15,1088.86,1088.86
2022-07-18,1088.74,1088.74
2022-07-19,1088.08,1088.08
2022-07-20,1086.88,1086.88
2022-07-21,1087.24,1087.24
2022-07-22,1086.53,1086.53
2022-07-25,1087.48,1087.48
2022-07-26,1088.06,1088.06
2022-07-27,1087.8,1087.8
2022-07-28,1088.85,1088.85
2022-07-29,1090.49,1090.49
2022-08-01,1087.97,1087.97
2022-08-02,1087.31,1087.31
2022-08-03,1086.49,1086.49
2022-08-04,1087.29,1087.29
2022-08-05,1087.98,1087.98
2022-08-08,1088.02,1088.02
2022-08-09,1088.49,1088.49
2022-08-10,1088.62,1088.62
2022-08-11,1089.91,1089.91
2022-08-12,1090.19,1090.19
2022-08-15,1089.9,1089.9
2022-08-16,1089.83,1089.83
2022-08-18,1090.56,1090.56
2022-08-19,1090.26,1090.26
2022-08-22,1089.64,1089.64
2022-08-23,1088.97,1088.97
2022-08-24,1088.12,1088.12
2022-08-25,1086.98,1086.98
2022-08-26,1086.24,1086.24
2022-08-29,1085.62,1085.62
2022-08-30,1085.92,1085.92
2022-08-31,1086.52,1086.52
2022-09-01,1083.98,1083.98
2022-09-02,1084.01,1084.01
2022-09-05,1083.57,1083.57
2022-09-06,1084.26,1084.26
2022-09-07,1084,1084
2022-09-08,1084.83,1084.83
2022-09-09,1085.18,1085.18
2022-09-12,1085.87,1085.87
2022-09-13,1086.4,1086.4
2022-09-14,1086.28,1086.28
2022-09-15,1086.16,1086.16
2022-09-16,1085.55,1085.55
2022-09-19,1085.28,1085.28
2022-09-20,1085.77,1085.77
2022-09-21,1085.97,1085.97
2022-09-22,1084.67,1084.67
2022-09-23,1084.33,1084.33
2022-09-26,1083.33,1083.33
2022-09-27,1082.57,1082.57
2022-09-28,1081.21,1081.21
2022-09-29,1081.49,1081.49
2022-09-30,1080.88,1080.88
2022-10-03,1077.31,1077.31
2022-10-04,1078.33,1078.33
2022-10-05,1078.58,1078.58
2022-10-06,1078.22,1078.22
2022-10-07,1078.21,1078.21
2022-10-10,1077.92,1077.92
2022-10-11,1078.31,1078.31
2022-10-12,1078.34,1078.34
2022-10-13,1078.63,1078.63
2022-10-14,1078.27,1078.27
2022-10-17,1078.09,1078.09
2022-10-18,1078.11,1078.11
2022-10-19,1077.4,1077.4
2022-10-20,1077.06,1077.06
2022-10-21,1076.33,1076.33
2022-10-24,1075.96,1075.96
2022-10-25,1076.28,1076.28
2022-10-26,1076.49,1076.49
2022-10-27,1077.12,1077.12
2022-10-28,1076.51,1076.51
2022-10-31,1076.75,1076.75
2022-11-01,1073.45,1073.45
2022-11-02,1073.61,1073.61
2022-11-03,1073.5,1073.5
2022-11-04,1073.26,1073.26
2022-11-07,1074.11,1074.11
2022-11-08,1074.41,1074.41
2022-11-09,1074.74,1074.74
2022-11-10,1074.89,1074.89
2022-11-11,1076.49,1076.49
2022-11-14,1076.91,1076.91
2022-11-15,1077.74,1077.74
2022-11-16,1077.89,1077.89
2022-11-17,1077.72,1077.72
2022-11-18,1077.28,1077.28
2022-11-21,1077.73,1077.73
2022-11-22,1077.99,1077.99
2022-11-23,1078.73,1078.73
2022-11-24,1078.79,1078.79
2022-11-25,1079.18,1079.18
2022-11-28,1079.35,1079.35
2022-11-29,1080.1,1080.1
2022-11-30,1080.43,1080.43
2022-12-01,1078.7,1078.7
2022-12-02,1079.3,1079.3
2022-12-05,1078.82,1078.82
2022-12-06,1078.87,1078.87
2022-12-07,1078.2,1078.2
2022-12-08,1078.4,1078.4
2022-12-09,1079.04,1079.04
2022-12-12,1079.01,1079.01
2022-12-13,1079.02,1079.02
2022-12-14,1079.92,1079.92
2022-12-15,1079.48,1079.48
2022-12-16,1079.9,1079.9
2022-12-19,1079.83,1079.83
2022-12-20,1079.6,1079.6
2022-12-21,1079.81,1079.81
2022-12-22,1079.7,1079.7
2022-12-23,1080.37,1080.37
2022-12-26,1080.23,1080.23
2022-12-27,1080.64,1080.64
2022-12-28,1080.81,1080.81
2022-12-29,1080.63,1080.63
2022-12-30,1080.81,1080.81
2023-01-02,1078.26,1078.26
2023-01-03,1077.67,1077.67
2023-01-04,1077.62,1077.62
2023-01-05,1077.92,1077.92
2023-01-06,1077.81,1077.81
2023-01-09,1078.54,1078.54
2023-01-10,1078.7,1078.7
2023-01-11,1078.78,1078.78
2023-01-12,1079.34,1079.34
2023-01-13,1078.96,1078.96
2023-01-16,1079.15,1079.15
2023-01-17,1078.93,1078.93
2023-01-18,1078.72,1078.72
2023-01-19,1079.08,1079.08
2023-01-20,1079.12,1079.12
2023-01-24,1079.04,1079.04
2023-01-25,1078.9,1078.9
2023-01-26,1078.42,1078.42
2023-01-27,1078.29,1078.29
2023-01-30,1078.8,1078.8
2023-01-31,1079.14,1079.14
2023-02-01,1075.84,1075.84
2023-02-02,1076.74,1076.74
2023-02-03,1076.37,1076.37
2023-02-06,1076.45,1076.45
2023-02-07,1076.04,1076.04
2023-02-08,1076.56,1076.56
2023-02-09,1076.81,1076.81
2023-02-10,1076.43,1076.43
2023-02-13,1076.59,1076.59
2023-02-14,1076.15,1076.15
2023-02-15,1076.28,1076.28
2023-02-16,1076.82,1076.82
2023-02-17,1076.77,1076.77
2023-02-20,1076.68,1076.68
2023-02-21,1076.82,1076.82
2023-02-22,1076.78,1076.78
2023-02-23,1076.67,1076.67
2023-02-24,1076.5,1076.5
2023-02-27,1076.67,1076.67
2023-02-28,1076.85,1076.85
2023-03-01,1073.83,1073.83
2023-03-02,1073.68,1073.68
2023-03-03,1073.65,1073.65
2023-03-06,1073.96,1073.96
2023-03-07,1074.45,1074.45
2023-03-08,1074.19,1074.19
2023-03-09,1074.25,1074.25
2023-03-10,1074.33,1074.33
2023-03-13,1075.47,1075.47
2023-03-14,1076.3,1076.3
2023-03-15,1076.38,1076.38
2023-03-16,1076.02,1076.02
2023-03-17,1076.49,1076.49
2023-03-20,1076.76,1076.76
2023-03-21,1076.82,1076.82
2023-03-24,1077.89,1077.89
2023-03-27,1078.92,1078.92
2023-03-28,1079.08,1079.08
2023-03-29,1078.93,1078.93
2023-03-30,1079.12,1079.12
2023-03-31,1079.24,1079.24
2023-04-03,1076.61,1076.61
2023-04-04,1077,1077
2023-04-05,1076.85,1076.85
2023-04-06,1076.69,1076.69
2023-04-10,1076.76,1076.76
2023-04-11,1076.6,1076.6
2023-04-12,1076.45,1076.45
2023-04-13,1076.29,1076.29
2023-04-14,1076.24,1076.24
2023-04-17,1076.65,1076.65
2023-04-18,1076.71,1076.71
2023-04-26,1077.89,1077.89
2023-04-27,1078.06,1078.06
2023-04-28,1078.31,1078.31
2023-05-02,1075.95,1075.95
2023-05-03,1075.99,1075.99
2023-05-04,1076.09,1076.09
2023-05-05,1076.2,1076.2
2023-05-08,1076.52,1076.52
2023-05-09,1076.59,1076.59
2023-05-10,1077.14,1077.14
2023-05-11,1077.51,1077.51
2023-05-12,1077.97,1077.97
2023-05-15,1078.82,1078.82
2023-05-16,1079.31,1079.31
2023-05-17,1079.67,1079.67
2023-05-19,1079.98,1079.98
2023-05-22,1080.18,1080.18
2023-05-23,1080.34,1080.34
2023-05-24,1080.83,1080.83
2023-05-25,1080.99,1080.99
2023-05-26,1081.18,1081.18
2023-05-29,1081.67,1081.67
2023-05-30,1081.93,1081.93
2023-05-31,1081.92,1081.92
2023-06-05,1079.55,1079.55
2023-06-06,1079.63,1079.63
2023-06-07,1080.01,1080.01
2023-06-08,1080.06,1080.06
2023-06-09,1080.39,1080.39
2023-06-12,1080.98,1080.98
2023-06-13,1081.61,1081.61
2023-06-14,1081.7,1081.7
2023-06-15,1081.55,1081.55
2023-06-16,1081.48,1081.48
2023-06-19,1081.5,1081.5
2023-06-20,1081.34,1081.34
2023-06-21,1081.65,1081.65
2023-06-22,1081.74,1081.74
2023-06-23,1081.57,1081.57
2023-06-26,1081.74,1081.74
2023-06-27,1081.91,1081.91
2023-07-03,1079.54,1079.54
2023-07-04,1079.52,1079.52
2023-07-05,1079.59,1079.59
2023-07-06,1079.35,1079.35
2023-07-07,1078.91,1078.91
2023-07-10,1078.96,1078.96
2023-07-11,1079.35,1079.35
2023-07-12,1079.74,1079.74
2023-07-13,1079.87,1079.87
2023-07-14,1080.05,1080.05
2023-07-17,1080.19,1080.19
2023-07-18,1080.35,1080.35
2023-07-20,1080.48,1080.48
2023-07-21,1080.52,1080.52
2023-07-24,1080.8,1080.8
2023-07-25,1081.05,1081.05
2023-07-26,1081.16,1081.16
2023-07-27,1081.31,1081.31
2023-07-28,1080.94,1080.94
2023-07-31,1080.95,1080.95
2023-08-01,1078.21,1078.21
2023-08-02,1078.12,1078.12
2023-08-03,1078.43,1078.43
2023-08-04,1078.39,1078.39
2023-08-07,1078.69,1078.69
2023-08-08,1078.85,1078.85
2023-08-09,1079.12,1079.12
2023-08-10,1079.27,1079.27
2023-08-11,1079.27,1079.27
2023-08-14,1079.4,1079.4
2023-08-15,1079.4,1079.4
2023-08-16,1079.26,1079.26
2023-08-18,1079.03,1079.03
2023-08-21,1078.78,1078.78
2023-08-22,1078.13,1078.13
2023-08-23,1078.05,1078.05
2023-08-24,1078,1078
2023-08-25,1078.02,1078.02
2023-08-28,1078.37,1078.37
2023-08-29,1078.87,1078.87
2023-08-30,1078.97,1078.97
2023-08-31,1079.04,1079.04
2023-09-01,1076.27,1076.27
2023-09-04,1076.62,1076.62
2023-09-05,1076.68,1076.68
2023-09-06,1076.75,1076.75
2023-09-07,1076.87,1076.87
2023-09-08,1077.11,1077.11
2023-09-11,1077.39,1077.39
2023-09-12,1077.47,1077.47
2023-09-13,1077.49,1077.49
2023-09-14,1077.79,1077.79
2023-09-15,1077.64,1077.64
2023-09-18,1077.9,1077.9
2023-09-19,1078.12,1078.12
2023-09-20,1078.17,1078.17
2023-09-21,1078.32,1078.32
2023-09-22,1078.58,1078.58
2023-09-25,1079,1079
2023-09-26,1078.78,1078.78
2023-09-27,1078.77,1078.77
2023-09-29,1079.22,1079.22
2023-10-02,1076.48,1076.48
2023-10-03,1076.33,1076.33
2023-10-04,1076,1076
2023-10-05,1076.66,1076.66
2023-10-06,1076.74,1076.74
2023-10-09,1077.12,1077.12
2023-10-10,1077.18,1077.18
2023-10-11,1077.45,1077.45
2023-10-12,1077.31,1077.31
2023-10-13,1077.56,1077.56
2023-10-16,1077.76,1077.76
2023-10-17,1077.51,1077.51
2023-10-18,1077.51,1077.51
2023-10-19,1077.83,1077.83
2023-10-20,1076.42,1076.42
2023-10-23,1075.75,1075.75
2023-10-24,1074.47,1074.47
2023-10-25,1075.4,1075.4
2023-10-26,1074.41,1074.41
2023-10-27,1074.85,1074.85
2023-10-30,1075.26,1075.26
2023-10-31,1075.12,1075.12
2023-11-01,1072.46,1072.46
2023-11-02,1073.43,1073.43
2023-11-03,1074.25,1074.25
2023-11-06,1075.25,1075.25
2023-11-07,1075,1075
2023-11-08,1074.72,1074.72
2023-11-09,1074.92,1074.92
2023-11-10,1074.7,1074.7
2023-11-13,1074.86,1074.86
2023-11-14,1075.17,1075.17
2023-11-15,1075.71,1075.71
2023-11-16,1076.11,1076.11
2023-11-17,1076.62,1076.62
2023-11-20,1077.11,1077.11
2023-11-21,1077.11,1077.11
2023-11-22,1077.26,1077.26
2023-11-23,1077.4,1077.4
2023-11-24,1077.65,1077.65
2023-11-27,1077.69,1077.69
2023-11-28,1077.85,1077.85
2023-11-29,1078.4,1078.4
2023-11-30,1078.38,1078.38
2023-12-01,1075.42,1075.42
2023-12-04,1075.85,1075.85
2023-12-05,1075.99,1075.99
2023-12-06,1075.99,1075.99
2023-12-07,1076,1076
2023-12-08,1076.16,1076.16
2023-12-11,1076.42,1076.42
2023-12-12,1076.31,1076.31
2023-12-13,1076.25,1076.25
2023-12-14,1076.78,1076.78
2023-12-15,1077,1077
2023-12-18,1077.6,1077.6
2023-12-19,1077.44,1077.44
2023-12-20,1077.67,1077.67
2023-12-21,1078.12,1078.12
2023-12-22,1078.33,1078.33
2023-12-27,1079.22,1079.22
2023-12-28,1079.5,1079.5
2023-12-29,1079.93,1079.93
2024-01-02,1077.31,1077.31
2024-01-03,1077.12,1077.12
2024-01-04,1077.25,1077.25
2024-01-05,1077.55,1077.55
2024-01-08,1077.91,1077.91
2024-01-09,1078.11,1078.11
2024-01-10,1078.06,1078.06
2024-01-11,1078.48,1078.48
2024-01-12,1079.26,1079.26
2024-01-15,1079.76,1079.76
2024-01-16,1080.01,1080.01
2024-01-17,1079.97,1079.97
2024-01-18,1080.22,1080.22
2024-01-19,1080.63,1080.63
2024-01-22,1081.15,1081.15
2024-01-23,1081.38,1081.38
2024-01-24,1081.44,1081.44
2024-01-25,1081.38,1081.38
2024-01-26,1081.41,1081.41
2024-01-29,1081.67,1081.67
2024-01-30,1081.97,1081.97
2024-01-31,1081.93,1081.93
2024-02-01,1079.19,1079.19
2024-02-02,1079.36,1079.36
2024-02-05,1079.4,1079.4
2024-02-06,1079.5,1079.5
2024-02-07,1079.83,1079.83
2024-02-12,1080.33,1080.33
2024-02-13,1080.39,1080.39
2024-02-15,1080.6,1080.6
2024-02-16,1080.7,1080.7
2024-02-19,1081.07,1081.07
2024-02-20,1080.95,1080.95
2024-02-21,1080.99,1080.99
2024-02-22,1081.14,1081.14
2024-02-23,1081.13,1081.13
2024-02-26,1081.46,1081.46
2024-02-27,1081.86,1081.86
2024-02-28,1081.85,1081.85
2024-02-29,1082.13,1082.13
2024-03-01,1078.99,1078.99
2024-03-04,1079.37,1079.37
2024-03-05,1079.59,1079.59
2024-03-06,1079.69,1079.69
2024-03-07,1079.78,1079.78
2024-03-08,1079.96,1079.96
2024-03-13,1080.83,1080.83
2024-03-14,1080.81,1080.81
2024-03-15,1081.02,1081.02
2024-03-18,1081.52,1081.52
2024-03-19,1081.63,1081.63
2024-03-20,1082.09,1082.09
2024-03-21,1082.34,1082.34
2024-03-22,1082.44,1082.44
2024-03-25,1082.72,1082.72
2024-03-26,1082.71,1082.71
2024-03-27,1082.78,1082.78
2024-03-28,1082.85,1082.85
2024-04-01,1080.42,1080.42
2024-04-02,1080.63,1080.63
2024-04-03,1080.59,1080.59
2024-04-04,1080.99,1080.99
2024-04-05,1081.13,1081.13
2024-04-16,1081.49,1081.49
2024-04-17,1080.62,1080.62
2024-04-18,1081.41,1081.41
2024-04-19,1080.94,1080.94
2024-04-22,1080.55,1080.55
2024-04-23,1080.03,1080.03
2024-04-24,1080.26,1080.26
2024-04-25,1079.27,1079.27
2024-04-26,1079,1079
2024-04-29,1078.93,1078.93
2024-04-30,1079.33,1079.33
2024-05-02,1077.1,1077.1
2024-05-03,1077.47,1077.47
2024-05-06,1078.07,1078.07
2024-05-07,1078.17,1078.17
2024-05-08,1078.52,1078.52
2024-05-13,1079,1079
2024-05-14,1079.47,1079.47
2024-05-15,1080.09,1080.09
2024-05-16,1081.36,1081.36
2024-05-17,1082.2,1082.2
2024-05-20,1082.22,1082.22
2024-05-21,1082.15,1082.15
2024-05-22,1082.46,1082.46
2024-05-27,1082.76,1082.76
2024-05-28,1083.06,1083.06
2024-05-29,1083.15,1083.15
2024-05-30,1083.12,1083.12
2024-05-31,1083,1083
2024-06-03,1080.48,1080.48
2024-06-04,1080.67,1080.67
2024-06-05,1080.91,1080.91
2024-06-06,1080.7,1080.7
2024-06-07,1081.03,1081.03
2024-06-10,1080.86,1080.86
2024-06-11,1080.97,1080.97
2024-06-12,1081.39,1081.39
2024-06-13,1081.41,1081.41
2024-06-14,1081.03,1081.03
2024-06-19,1081.27,1081.27
2024-06-20,1081.45,1081.45
2024-06-21,1081.19,1081.19
2024-06-24,1081.39,1081.39
2024-06-25,1081.7,1081.7
2024-06-26,1081.73,1081.73
2024-06-27,1081.92,1081.92
2024-06-28,1082.39,1082.39
2024-07-01,1079.41,1079.41
2024-07-02,1079.37,1079.37
2024-07-03,1079.48,1079.48
2024-07-04,1079.57,1079.57
2024-07-05,1079.99,1079.99
2024-07-08,1080.44,1080.44
2024-07-09,1080.54,1080.54
2024-07-10,1080.45,1080.45
2024-07-11,1080.86,1080.86
2024-07-12,1081.39,1081.39
2024-07-15,1081.52,1081.52
2024-07-16,1081.75,1081.75
2024-07-17,1081.88,1081.88
2024-07-18,1082.55,1082.55
2024-07-19,1082.6,1082.6
2024-07-22,1082.67,1082.67
2024-07-23,1082.81,1082.81
2024-07-24,1083.21,1083.21
2024-07-25,1083.33,1083.33
2024-07-26,1083.79,1083.79
2024-07-29,1084.23,1084.23
2024-07-30,1084.46,1084.46
2024-07-31,1084.52,1084.52
2024-08-01,1081.8,1081.8
2024-08-02,1082.08,1082.08
2024-08-05,1082.69,1082.69
2024-08-06,1082.41,1082.41
2024-08-07,1082.48,1082.48
2024-08-08,1082.6,1082.6
2024-08-09,1082.69,1082.69
2024-08-12,1083.7,1083.7
2024-08-13,1083.21,1083.21
2024-08-14,1083.47,1083.47
2024-08-15,1083.7,1083.7
2024-08-16,1083.74,1083.74
2024-08-19,1084.2,1084.2
2024-08-20,1084.43,1084.43
2024-08-21,1084.68,1084.68
2024-08-22,1084.71,1084.71
2024-08-23,1084.87,1084.87
2024-08-26,1085.17,1085.17
2024-08-27,1085.38,1085.38
2024-08-28,1085.48,1085.48
2024-08-29,1085.71,1085.71
2024-08-30,1086.02,1086.02
2024-09-02,1083.25,1083.25
2024-09-03,1083.45,1083.45
2024-09-04,1083.48,1083.48
2024-09-05,1083.64,1083.64
2024-09-06,1083.83,1083.83
2024-09-09,1084.11,1084.11
2024-09-10,1084.19,1084.19
2024-09-11,1084.42,1084.42
2024-09-12,1084.5,1084.5
2024-09-13,1084.63,1084.63
2024-09-17,1085.29,1085.29
2024-09-18,1086.06,1086.06
2024-09-19,1086.7,1086.7
2024-09-20,1087.83,1087.83
2024-09-23,1088.23,1088.23
2024-09-24,1088.58,1088.58
2024-09-25,1088.88,1088.88
2024-09-26,1088.95,1088.95
2024-09-27,1089.4,1089.4
2024-09-30,1089.75,1089.75
2024-10-01,1086.67,1089.670000000186
2024-10-02,1086.65,1089.649944785631
2024-10-03,1086.66,1089.659972392909
2024-10-04,1086.62,1089.619861963799
2024-10-07,1086.42,1089.419309818254
2024-10-08,1086.19,1089.188674850876
2024-10-09,1086.32,1089.319033745481
2024-10-10,1086.38,1089.379199389145
2024-10-11,1086.43,1089.429337425531
2024-10-14,1086.95,1089.95077300395
2024-10-15,1087.17,1090.17138036405
2024-10-16,1087.22,1090.221518400436
2024-10-17,1087.22,1090.221518400436
2024-10-18,1087.52,1090.522346618755
2024-10-21,1087.88,1090.883340480737
2024-10-22,1087.58,1090.582512262418
2024-10-23,1087.48,1090.482236189645
2024-10-24,1087.72,1090.7228987643
2024-10-25,1087.73,1090.732926371577
2024-10-28,1087.69,1090.692815942468
2024-10-29,1088,1091.003671768064
2024-10-30,1088.01,1091.013699375341
2024-10-31,1087.75,1090.752981586132
2024-11-01,1085.06,1091.056397946084
2024-11-04,1085.41,1091.408332161041
2024-11-05,1085.18,1091.177061105497
2024-11-06,1085.28,1091.277613738342
2024-11-07,1085.6,1091.599382163445
2024-11-08,1085.69,1091.689879533006
2024-11-11,1086.56,1092.564687438756
2024-11-12,1086.42,1092.423913752773
2024-11-13,1086.29,1092.293195330075
2024-11-14,1086.09,1092.092090064385
2024-11-15,1086.14,1092.142366380808
2024-11-18,1087.07,1093.077505866265
2024-11-19,1086.92,1092.926676916997
2024-11-20,1086.81,1092.816069020868
2024-11-21,1086.81,1092.816069020868
2024-11-22,1086.6,1092.604908491894
2024-11-25,1086.79,1092.795958494299
2024-11-26,1086.97,1092.97695323342
2024-11-28,1087.28,1093.288666395239
2024-11-29,1087.3,1093.308776921808
2024-12-02,1084.53,1093.53236295646
2024-12-03,1084.6,1093.602944005768
2024-12-04,1084.67,1093.673525055077
2024-12-05,1084.92,1093.925600231181
2024-12-06,1084.69,1093.693691069166
2024-12-09,1084.65,1093.653359040989
2024-12-10,1084.43,1093.431532886018
2024-12-11,1084.58,1093.58277799168
2024-12-12,1084.46,1093.461781907151
2024-12-13,1084.32,1093.320619808533
2024-12-16,1084.51,1093.512196942371
2024-12-17,1084.48,1093.481947921239
2024-12-18,1084.29,1093.2903707874
2024-12-19,1083.83,1092.826552463371
2024-12-20,1082.97,1091.959413857576
2024-12-23,1083.42,1092.413149174562
2024-12-24,1083.39,1092.38290015343
2024-12-27,1083.8,1092.796303442239
2024-12-30,1084.42,1093.421449878974
2025-01-02,1082.08,1094.086928343841
2025-01-03,1082.6,1094.612698344894
2025-01-06,1083.14,1095.158690269064
2025-01-07,1083.36,1095.381131423355
2025-01-08,1083.52,1095.542906808294
2025-01-09,1083.54,1095.563128731412
2025-01-10,1083.48,1095.502462962059
2025-01-13,1083.62,1095.644016423881
2025-01-14,1083.78,1095.805791808821
2025-01-15,1083.98,1096.008011039995
2025-01-16,1084.71,1096.74611123378
2025-01-17,1085.5,1097.544877196917
2025-01-20,1085.99,1098.040314313293
2025-01-21,1086.32,1098.37397604473
2025-01-22,1086.87,1098.930078930459
2025-01-23,1087.03,1099.091854315398
2025-01-24,1087.48,1099.54684758554
2025-01-30,1088.34,1100.416390279588
2025-01-31,1088.26,1100.335502587118
2025-02-03,1085.59,1100.661722272881
2025-02-04,1085.87,1100.945609635731
2025-02-05,1086.51,1101.594495036532
2025-02-06,1087.05,1102.141992093457
2025-02-07,1087.23,1102.324491112432
2025-02-10,1088.19,1103.297819213632
2025-02-11,1088.3,1103.409346391895
2025-02-12,1088.39,1103.500595901382
2025-02-13,1088.44,1103.55129007332
2025-02-14,1089.09,1104.210314308507
2025-02-17,1089.71,1104.838922040533
2025-02-18,1090.22,1105.356002594295
2025-02-19,1090.6,1105.74127830102
2025-02-20,1091,1106.14683167652
2025-02-21,1091.27,1106.420580204983
2025-02-24,1091.78,1106.937660758746
2025-02-25,1091.69,1106.846411249258
2025-02-26,1091.39,1106.542246217633
2025-02-27,1091.06,1106.207664682845
2025-02-28,1090.76,1105.90349965122
2025-03-03,1088.25,1106.400302536439
2025-03-04,1088.71,1106.867974614699
2025-03-05,1089.19,1107.35598026158
2025-03-06,1089.16,1107.32547990865
2025-03-07,1089.33,1107.49831524192
2025-03-10,1089.93,1108.10832230052
2025-03-11,1089.92,1108.09815551621
2025-03-12,1089.84,1108.01682124173
2025-03-13,1089.89,1108.06765516328
2025-03-14,1089.81,1107.9863208888
2025-03-17,1090.49,1108.67766222188
2025-03-18,1090.56,1108.74882971205
2025-03-19,1090.57,1108.75899649636
2025-03-20,1090.55,1108.738662927741
2025-03-21,1090.37,1108.55566081016
2025-03-24,1090.29,1108.47432653568
2025-03-25,1089.7,1107.87448626139
2025-03-26,1089.92,1108.09815551621
2025-03-27,1090.49,1108.67766222188
2025-04-08,1088.4,1109.59699398874
2025-04-09,1088.22,1109.413488421928
2025-04-10,1088.72,1109.923226107517
2025-04-11,1088.91,1110.11692642804
2025-04-14,1089.33,1110.545106083934
2025-04-15,1089.67,1110.891727710135
2025-04-16,1090.19,1111.421854903146
2025-04-17,1090.53,1111.768476529346
2025-04-21,1091.04,1112.288408968647
2025-04-22,1091.38,1112.635030594847
2025-04-23,1091.67,1112.930678452488
2025-04-24,1092.01,1113.277300078688
2025-04-25,1092.5,1113.776843010565
2025-04-28,1092.99,1114.276385942441
2025-04-29,1093.58,1114.877876411435
2025-04-30,1094.15,1115.458977373006
2025-05-02,1091.54,1115.856572768218
2025-05-05,1091.9,1116.224592599097
2025-05-06,1092.19,1116.521053018415
2025-05-07,1092.46,1116.797067891573
2025-05-08,1092.65,1116.991300580092
2025-05-09,1092.76,1117.103751083972
2025-05-14,1093.66,1118.023800661167
2025-05-15,1093.67,1118.034023434247
2025-05-16,1094.02,1118.391820492044
2025-05-19,1094.26,1118.637167045963
2025-05-20,1094.52,1118.902959146042
2025-05-21,1094.8,1119.18919679228
2025-05-22,1094.79,1119.1789740192
2025-05-23,1095.03,1119.424320573119
2025-05-26,1095.29,1119.690112673197
2025-05-27,1095.02,1119.414097800039
2025-05-28,1095.08,1119.475434438519
2025-06-02,1092.43,1119.833231495868
2025-06-03,1092.76,1120.171509432572
2025-06-04,1092.85,1120.263767051673
2025-06-05,1093.16,1120.581543295244
2025-06-10,1093.8,1121.237597475518
2025-06-11,1093.86,1121.299102554919
2025-06-12,1094.33,1121.780892343558
2025-06-13,1094.36,1121.811644883258
2025-06-16,1094.9,1122.365190597865
2025-06-17,1095.24,1122.713719381136
2025-06-18,1095.62,1123.103251550674
2025-06-19,1095.58,1123.062248164407
2025-06-20,1095.7,1123.185258323208
2025-06-23,1095.88,1123.369773561411
2025-06-24,1096.11,1123.605543032447
2025-06-25,1096.5,1124.005326048552
2025-06-26,1096.81,1124.323102292122
2025-06-30,1097.36,1124.886898853295
2025-07-01,1094.51,1125.040661551366
2025-07-02,1094.28,1124.804245847392
2025-07-03,1094.44,1124.968708945809
2025-07-04,1094.62,1125.153729931528
2025-07-07,1095.08,1125.626561339476
2025-07-08,1095.28,1125.832140212498
2025-07-09,1095.62,1126.181624296633
2025-07-10,1096.02,1126.592782042676
2025-07-11,1096.24,1126.818918802999
2025-07-14,1096.68,1127.271192323645
2025-07-15,1096.88,1127.476771196666
2025-07-16,1097.01,1127.61039746413
2025-07-17,1097.21,1127.815976337151
2025-07-18,1097.62,1128.237413026844
2025-07-21,1098.28,1128.915823307813
2025-07-22,1098.82,1129.47088626497
2025-07-23,1099.35,1130.015670278476
2025-07-24,1099.48,1130.14929654594
2025-07-25,1099.84,1130.519338517378
2025-07-28,1100.31,1131.002448868977
2025-07-29,1100.39,1131.084680418186
2025-07-30,1100.39,1131.084680418186
2025-07-31,1100,1130.683801615794
2025-08-01,1097.03,1130.714638446431
2025-08-04,1097.62,1131.322754575145
2025-08-05,1097.72,1131.425825105436
2025-08-06,1098.06,1131.776264908423
2025-08-07,1098.64,1132.374073984109
2025-08-08,1099.58,1133.34293696884
2025-08-11,1099.85,1133.621227400624
2025-08-12,1100.09,1133.868596673322
2025-08-13,1100.46,1134.249957635397
2025-08-14,1100.26,1134.043816574816
2025-08-15,1100.73,1134.528248067181
2025-08-19,1101.83,1135.662023900377
2025-08-20,1101.7,1135.528032211
2025-08-21,1101.79,1135.620795688261
2025-08-22,1101.88,1135.713559165523
2025-08-25,1102.66,1136.517509301789
2025-08-26,1103.36,1137.239003013823
2025-08-27,1103.99,1137.888347354653
2025-08-28,1104.48,1138.393392953077
2025-08-29,1104.23,1138.135716627351
2025-09-01,1101.03,1137.9295755665
2025-09-02,1101.38,1138.291305357195
2025-09-03,1101.24,1138.146613440917
2025-09-04,1101.66,1138.58068918975
2025-09-08,1102.26,1139.200797402369
2025-09-09,1101.32,1138.229294535933
2025-09-10,1101.87,1138.797727064167
2025-09-11,1102.55,1139.500516371802
2025-09-12,1103.28,1140.254981363822
2025-09-15,1103.73,1140.720062523286
2025-09-16,1104.07,1141.071457177103
2025-09-17,1105.09,1142.125641138556
2025-09-18,1106.34,1143.417533248178
2025-09-19,1106.91,1144.006636050167
2025-09-22,1107.15,1144.254679335214
2025-09-23,1107.17,1144.275349608968
2025-09-24,1106.7,1143.78959817575
2025-09-25,1105.85,1142.911111541206
2025-09-26,1105.9,1142.962787225591
2025-09-29,1106.42,1143.500214343194
2025-09-30,1106.49,1143.572560301333
2025-10-01,1103.59,1143.675911669658
2025-10-02,1103.86,1143.955718931549
2025-10-03,1104.04,1144.142257106144
2025-10-06,1104.6,1144.722598093771
2025-10-07,1104.68,1144.805503949146
2025-10-08,1105.11,1145.251122921788
2025-10-09,1105.62,1145.779647749805
2025-10-10,1105.74,1145.904006532868
2025-10-13,1106.32,1146.505073984338
2025-10-14,1106.53,1146.722701854699
2025-10-15,1106.7,1146.898876797371
2025-10-16,1107.21,1147.427401625388
2025-10-17,1107.34,1147.562123640373
2025-10-20,1107.51,1147.738298583045
2025-10-21,1107.91,1148.152827859922
2025-10-22,1107.89,1148.132101396078
2025-10-23,1107.88,1148.121738164156
2025-10-24,1107.83,1148.069922004546
2025-10-27,1108.43,1148.691715919861
2025-10-28,1108.58,1148.847164398689
2025-10-29,1108.53,1148.79534823908
2025-10-30,1108.37,1148.629536528329
2025-10-31,1108.17,1148.422271889891
2025-11-03,1105.51,1148.766151920439
2025-11-04,1105.1,1148.340109530693
2025-11-05,1105.57,1148.828499587231
2025-11-06,1105.61,1148.870064698425
2025-11-07,1105.99,1149.264933254775
2025-11-10,1106.25,1149.53510647754
2025-11-11,1106.48,1149.774105866909
2025-11-12,1106.63,1149.92997503389
2025-11-13,1106.75,1150.054670367473
2025-11-14,1106.93,1150.24171336785
2025-11-17,1107.3,1150.6261906464
2025-11-18,1107.06,1150.376799979232
2025-11-19,1107.44,1150.771668535582
2025-11-20,1107.51,1150.844407480172
2025-11-21,1107.22,1150.543060424011
2025-11-24,1106.81,1150.117018034265
2025-11-25,1106.4,1149.69097564452
2025-11-26,1106.4,1149.69097564452
2025-11-27,1106.01,1149.285715810372
2025-11-28,1105.38,1148.631065309056
2025-12-01,1102.29,1148.52882941715
2025-12-02,1102.66,1148.914350166576
2025-12-03,1102.92,1149.185256639145
2025-12-04,1103.23,1149.508260510285
2025-12-05,1103.47,1149.758328023426
2025-12-08,1103.8,1150.102170853995
2025-12-09,1103.72,1150.018815016282
2025-12-10,1103.8,1150.102170853995
2025-12-11,1104.08,1150.393916285993
2025-12-12,1104.29,1150.612725359991
2025-12-15,1104.65,1150.987826629703
2025-12-16,1104.9,1151.248313622558
2025-12-17,1105.17,1151.529639574841
2025-12-18,1104.97,1151.321249980557
2025-12-19,1105.15,1151.508800615413
2025-12-22,1105.38,1151.74844864884
2025-12-23,1105.44,1151.810965527125
2025-12-24,1105.68,1152.061033040266
2025-12-29,1106.41,1152.821655059403
2025-12-30,1106.7,1153.123819971115
2026-01-02,1104.72,1154.181014446007
2026-01-05,1105.12,1154.598923423647
2026-01-06,1104.77,1154.233253068212
2026-01-07,1104.85,1154.31683486374
2026-01-08,1105.4,1154.891459707995
2026-01-09,1105.59,1155.089966472374
2026-01-12,1105.87,1155.382502756722
2026-01-13,1106.19,1155.716829938834
2026-01-14,1106.26,1155.789964009921
2026-01-15,1106.35,1155.88399352989
2026-01-19,1106.76,1156.312350231971
2026-01-20,1106.71,1156.260111609766
2026-01-21,1106.99,1156.552647894114
2026-01-22,1107.16,1156.730259209611
2026-01-23,1107.64,1157.231749982779
2026-01-26,1107.35,1156.92876597399
2026-01-27,1106.65,1156.19742526312
2026-01-28,1106.58,1156.124291192033
2026-01-29,1106.52,1156.061604845387
2026-01-30,1106.66,1156.207872987561
2026-02-02,1104.09,1156.649846303551
2026-02-03,1104.24,1156.806987004894
2026-02-04,1104.49,1157.068888173798
2026-02-05,1104.64,1157.226028875141
2026-02-06,1103.9,1156.450801415184
2026-02-09,1103.95,1156.503181648965
2026-02-10,1104.09,1156.649846303551
2026-02-11,1104.32,1156.890795378943
2026-02-12,1104.38,1156.953651659481
2026-02-13,1104.65,1157.236504921897
2026-02-18,1105.49,1158.116492849417
2026-02-19,1105.43,1158.05363656888
2026-02-20,1105.66,1158.294585644272
2026-02-23,1105.93,1158.577438906689
2026-02-24,1105.75,1158.388870065078
2026-02-25,1105.7,1158.336489831297
2026-02-26,1105.72,1158.357441924809
2026-02-27,1105.71,1158.346965878053
2026-03-02,1103.09,1158.737608699884
2026-03-03,1102.47,1158.086331544444
2026-03-04,1101.54,1157.109415811285
2026-03-05,1101.66,1157.235469454273
2026-03-06,1101.25,1156.804786174063
2026-03-09,1099.73,1155.208106696211
2026-03-10,1099.34,1154.798432356499
2026-03-11,1099.19,1154.640865302764
2026-03-12,1098.03,1153.422346753876
2026-03-13,1097.28,1152.634511485199
2026-03-16,1096.35,1151.65759575204
2026-03-17,1096.18,1151.479019757807
2026-03-25,1096.78,1152.109287972748
2026-03-26,1096.7,1152.025252210756
2026-03-27,1097.26,1152.613502544701
2026-03-30,1097.48,1152.84460089018
2026-03-31,1097.18,1152.529466782709
2026-04-01,1094.9,1153.279239981499
2026-04-02,1095.17,1153.563636177311
2026-04-06,1095.75,1154.174561338686
2026-04-07,1096.13,1154.574822651311
2026-04-08,1096.95,1155.438544431186
2026-04-09,1096.95,1155.438544431186
2026-04-10,1097.76,1156.291733018623
2026-04-13,1098.2,1156.755193485873
2026-04-14,1098.11,1156.660394753935
2026-04-15,1098.95,1157.545182918685
2026-04-16,1100.12,1158.777566433872
2026-04-17,1100.38,1159.051429437247
2026-04-20,1100.99,1159.693954175934
2026-04-21,1101.14,1159.851952062497
2026-04-22,1101.14,1159.851952062497
2026-04-23,1100.5,1159.177827746497
2026-04-24,1099.49,1158.11397531031
2026-04-27,1099.5,1158.124508502747
2026-04-28,1099.28,1157.892778269122
2026-04-29,1098.08,1156.628795176623
2026-04-30,1098.07,1156.618261984185
2026-05-04,1095.63,1157.201099080372
2026-05-05,1095.16,1156.704686498964
2026-05-06,1094.28,1155.775233155052
2026-05-07,1095.42,1156.979297714211
2026-05-08,1094.98,1156.514571042255
2026-05-11,1094.98,1156.514571042255
2026-05-12,1093.67,1155.130952996203
2026-05-13,1094.11,1155.595679668159
2026-05-18,1094.17,1155.659051487063
2026-05-19,1094.35,1155.849166943772
2026-05-20,1094.11,1155.595679668159
2026-05-21,1094.03,1155.511183909622
2026-05-22,1093.82,1155.289382543461
2026-05-25,1093.98,1155.458374060536
2026-05-26,1093.97,1155.447812090719
2026-05-29,1093.11,1154.539482686441
2026-06-02,1089.98,1154.390591524836
2026-06-03,1089.56,1153.945772309401
2026-06-04,1088.98,1153.331498154752
2026-06-05,1087.92,1152.208859182462
2026-06-08,1087.25,1151.499266624505
2026-06-09,1085.63,1149.783535364968
2026-06-10,1085.79,1149.952990304182
2026-06-11,1084.83,1148.9362606689
2026-06-12,1085.46,1149.603489492054
2026-06-15,1087.53,1151.795812768129
2026-06-17,1089.31,1153.680998966879
2026-06-18,1088.73,1153.06672481223
2026-06-19,1088.32,1152.632496530496
2026-06-22,1088.54,1152.865497071914
2026-06-23,1088.18,1152.484223458684
2026-06-24,1087.62,1151.891131171436
2026-06-25,1087.35,1151.605175961514
2026-06-26,1087.5,1151.764039967026
2026-06-29,1087.84,1152.124131712855
2026-06-30,1087.62,1151.891131171436
2026-07-01,1084.51,1151.762867953328
2026-07-02,1084.82,1152.092091740168
2026-07-03,1085.37,1152.676198458754
2026-07-06,1085.97,1153.313405788121
2026-07-07,1086.15,1153.504567986932
2026-07-08,1086.15,1153.504567986932
2026-07-09,1086.03,1153.377126521058
2026-07-10,1086.21,1153.568288719868
2026-07-13,1086.47,1153.844411895927
2026-07-14,1086.92,1154.322317392953
2026-07-15,1087.79,1155.246268020535
2026-07-16,1088.76,1156.276419869679
2026-07-17,1089.85,1157.434013184696
2026-07-20,1090.35,1157.965019292502
2026-07-21,1090.56,1158.18804185778
2026-07-22,1090.73,1158.368583934434
2026-07-23,1091.01,1158.665947354806
2026-07-24,1091.02,1158.676567476962
2026-07-27,1091.72,1159.41997602789
2026-07-28,1091.57,1159.260674195548
2026-07-29,1091.94,1159.653618715325
2026-07-30,1092.4,1160.142144334506
2026-07-31,1092.14,1159.866021158447
2026-08-03,1089.61,1160.367654253956
2026-08-04,1089.03,1159.749989915829
2026-08-05,1089.53,1160.282459172835
2026-08-06,1089.96,1160.740382733861
2026-08-07,1090.03,1160.814928429842
2026-08-10,1090.92,1161.762723707314
2026-08-11,1090.3,1161.102461828626
2026-08-12,1090.5,1161.315449531428
2026-08-13,1091.52,1162.401686815722
2026-08-14,1093.44,1164.446368762627
2026-08-18,1093.79,1164.819097242532
2026-08-19,1094.19,1165.245072648137
2026-08-20,1095.65,1166.799882878597
2026-08-21,1095.66,1166.810532263737
2026-08-24,1096.2,1167.385599061304
2026-08-26,1096.19,1167.374949676164
2026-08-27,1096.39,1167.587937378966
2026-08-28,1096.32,1167.513391682985
2026-08-31,1096.56,1167.768976926348
2026-09-01,1093.17,1096.169259218242
2026-09-02,1092.15,1092.15
2026-09-03,1092.89,1092.89
2026-09-04,1093.24,1093.24
2026-09-07,1093.43,1093.43
2026-09-08,1093.79,1093.79
2026-09-09,1094.2,1094.2
2026-09-10,1094.09,1094.09
2026-09-11,1094.01,1094.01
2026-09-14,1094.29,1094.29
2026-09-15,1094.42,1094.42
2026-09-16,1094.62,1094.62
2026-09-17,1095.15,1095.15
2026-09-18,1095.84,1095.84
2026-09-21,1096.43,1096.43
2026-09-22,1096.72,1096.72
2026-09-23,1096.71,1096.71
2026-09-24,1096.54,1096.54
2026-09-25,1096.7,1096.7
2026-09-28,1096.85,1096.85
2026-09-29,1096.73,1096.73
2026-09-30,1097.33,1097.33
2026-10-01,1094.84,1097.841507826605
2026-10-02,1094.99,1097.991919052149
