date,nav,nav_adjusted
2000-01-05,1218.226,1218.226
2000-01-06,1271.065,1271.065
2000-01-10,1271.098,1271.098
2000-01-11,1311.287,1311.287
2000-01-12,1281.662,1281.662
2000-01-13,1277.467,1277.467
2000-01-14,1250.696,1250.696
2000-01-17,1253.973,1253.973
2000-01-18,1228.774,1228.774
2000-01-19,1171.191,1171.191
2000-01-20,1212.222,1212.222
2000-01-21,1213.868,1213.868
2000-01-24,1214.195,1214.195
2000-01-25,1202.389,1202.389
2000-01-26,1215.586,1215.586
2000-01-27,1215.325,1215.325
2000-01-28,1198.458,1198.458
2000-01-31,1200.998,1200.998
2000-02-01,1178.682,1178.682
2000-02-02,1162.678,1162.678
2000-02-03,1173.205,1173.205
2000-02-04,1200.814,1200.814
2000-02-07,1206.019,1206.019
2000-02-08,1202.866,1202.866
2000-02-09,1228.319,1228.319
2000-02-10,1240.987,1240.987
2000-02-11,1237.981,1237.981
2000-02-14,1223.925,1223.925
2000-02-15,1232.335,1232.335
2000-02-16,1218.404,1218.404
2000-02-17,1194.713,1194.713
2000-02-18,1199.423,1199.423
2000-02-21,1194.257,1194.257
2000-02-22,1174.929,1174.929
2000-02-23,1171.334,1171.334
2000-02-24,1154.392,1154.392
2000-02-25,1144.233,1144.233
2000-02-28,1157.466,1157.466
2000-03-01,1145.495,1145.495
2000-03-02,1114.608,1114.608
2000-03-03,1102.499,1102.499
2000-03-06,1129.245,1129.245
2000-03-07,1139.549,1139.549
2000-03-08,1141.648,1141.648
2000-03-09,1162.251,1162.251
2000-03-10,1176.89,1176.89
2000-03-13,1168.141,1168.141
2000-03-14,1165.324,1165.324
2000-03-15,1167.307,1167.307
2000-03-17,1171.553,1171.553
2000-03-20,1166.137,1166.137
2000-03-21,1159.258,1159.258
2000-03-22,1163.488,1163.488
2000-03-23,1160.405,1160.405
2000-03-24,1152.971,1152.971
2000-03-27,1156.241,1156.241
2000-03-28,1151.273,1151.273
2000-03-29,1166.138,1166.138
2000-03-30,1149.989,1149.989
2000-04-03,1136.562,1136.562
2000-04-05,1116.056,1116.056
2000-04-07,1129.354,1129.354
2000-04-10,1129.127,1129.127
2000-04-11,1130.139,1130.139
2000-04-12,1123.001,1123.001
2000-04-13,1121.737,1121.737
2000-04-14,1122.558,1122.558
2000-04-17,1072.652,1072.652
2000-04-18,1073.92,1073.92
2000-04-19,1073.107,1073.107
2000-04-20,1067.165,1067.165
2000-04-24,1072.823,1072.823
2000-04-25,1051.652,1051.652
2000-04-26,1058.159,1058.159
2000-04-27,1059.372,1059.372
2000-04-28,1060.156,1060.156
2000-05-01,1059.016,1059.016
2000-05-02,1064.342,1064.342
2000-05-03,1069.779,1069.779
2000-05-04,1071.076,1071.076
2000-05-05,1085.276,1085.276
2000-05-08,1088.912,1088.912
2000-05-09,1092.307,1092.307
2000-05-10,1090.117,1090.117
2000-05-11,1052.228,1052.228
2000-05-12,1051.342,1051.342
2000-05-15,1032.106,1032.106
2000-05-16,995.084,995.084
2000-05-17,1025.224,1025.224
2000-05-19,1017.329,1017.329
2000-05-22,999.681,999.681
2000-05-23,993.928,993.928
2000-05-24,986.116,986.116
2000-05-25,987.479,987.479
2000-05-26,973.453,973.453
2000-05-29,930.725,930.725
2000-05-30,943.226,943.226
2000-05-31,923.374,923.374
2000-06-02,914.304,914.304
2000-06-05,922.475,922.475
2000-06-06,926.513,926.513
2000-06-07,929.095,929.095
2000-06-08,950.295,950.295
2000-06-09,941.307,941.307
2000-06-12,937.693,937.693
2000-06-13,929.467,929.467
2000-06-14,936.405,936.405
2000-06-16,947.103,947.103
2000-06-19,952.47,952.47
2000-06-20,950.237,950.237
2000-06-21,961.091,961.091
2000-06-22,967.192,967.192
2000-06-23,970.564,970.564
2000-06-26,979.591,979.591
2000-06-27,974.423,974.423
2000-06-28,984.887,984.887
2000-06-29,995.65,995.65
2000-06-30,997.259,997.259
2000-07-03,968.576,968.576
2000-07-04,978.314,978.314
2000-07-05,980.583,980.583
2000-07-06,982.693,982.693
2000-07-07,977.529,977.529
2000-07-10,976.718,976.718
2000-07-11,984.403,984.403
2000-07-12,985.473,985.473
2000-07-13,979.974,979.974
2000-07-14,974.672,974.672
2000-07-17,978.896,978.896
2000-07-18,980.881,980.881
2000-07-19,992.267,992.267
2000-07-20,989.26,989.26
2000-07-21,985.091,985.091
2000-07-24,987.281,987.281
2000-07-25,973.446,973.446
2000-07-26,964.273,964.273
2000-07-27,967.38,967.38
2000-07-28,962.997,962.997
2000-07-31,954.414,954.414
2000-08-01,949.691,949.691
2000-08-02,955.88,955.88
2000-08-03,958.229,958.229
2000-08-04,957.287,957.287
2000-08-07,955.605,955.605
2000-08-08,948.718,948.718
2000-08-09,946.352,946.352
2000-08-10,953.196,953.196
2000-08-11,973.88,973.88
2000-08-14,964.834,964.834
2000-08-15,962.759,962.759
2000-08-16,954.263,954.263
2000-08-18,949.068,949.068
2000-08-21,948.011,948.011
2000-08-22,950.718,950.718
2000-08-23,952.604,952.604
2000-08-24,923.074,923.074
2000-08-25,934.541,934.541
2000-08-28,925.098,925.098
2000-08-29,907.489,907.489
2000-08-30,911.723,911.723
2000-08-31,907.671,907.671
2000-09-01,907.807,907.807
2000-09-04,915.581,915.581
2000-09-05,920.671,920.671
2000-09-06,914.813,914.813
2000-09-07,912.639,912.639
2000-09-08,910.842,910.842
2000-09-11,899.266,899.266
2000-09-12,877.275,877.275
2000-09-13,865.411,865.411
2000-09-18,813.511,813.511
2000-09-19,843.591,843.591
2000-09-20,839.022,839.022
2000-09-21,833.221,833.221
2000-09-22,816.577,816.577
2000-09-25,823.458,823.458
2000-09-26,825.43,825.43
2000-09-27,824.469,824.469
2000-09-28,830.007,830.007
2000-09-29,840.932,840.932
2000-10-02,855.559,855.559
2000-10-03,848.565,848.565
2000-10-04,838.074,838.074
2000-10-05,844.903,844.903
2000-10-06,843.831,843.831
2000-10-09,832.088,832.088
2000-10-10,830.121,830.121
2000-10-11,829.04,829.04
2000-10-12,824.169,824.169
2000-10-13,821.288,821.288
2000-10-16,821.992,821.992
2000-10-17,834.777,834.777
2000-10-18,834.173,834.173
2000-10-19,840.638,840.638
2000-10-20,839.867,839.867
2000-10-23,835.58,835.58
2000-10-24,839.151,839.151
2000-10-26,832.52,832.52
2000-10-27,829.686,829.686
2000-10-30,818.887,818.887
2000-10-31,828.012,828.012
2000-11-01,834.136,834.136
2000-11-02,832.39,832.39
2000-11-03,833.735,833.735
2000-11-06,843.6,843.6
2000-11-07,847.072,847.072
2000-11-08,855.133,855.133
2000-11-09,849.932,849.932
2000-11-10,851.794,851.794
2000-11-13,844.581,844.581
2000-11-14,841.427,841.427
2000-11-15,830.85,830.85
2000-11-16,828.532,828.532
2000-11-17,836.507,836.507
2000-11-20,843.638,843.638
2000-11-21,841.769,841.769
2000-11-22,848.443,848.443
2000-11-23,857.148,857.148
2000-11-24,857.023,857.023
2000-11-27,849.949,849.949
2000-11-28,845.737,845.737
2000-11-29,844.389,844.389
2000-11-30,850.015,850.015
2000-12-01,848.633,848.633
2000-12-04,845.146,845.146
2000-12-05,842.452,842.452
2000-12-06,844.861,844.861
2000-12-07,838.151,838.151
2000-12-08,829.426,829.426
2000-12-11,814.195,814.195
2000-12-12,809.951,809.951
2000-12-13,817.395,817.395
2000-12-14,813.494,813.494
2000-12-15,807.878,807.878
2000-12-18,803.512,803.512
2000-12-19,804.922,804.922
2000-12-20,801.465,801.465
2000-12-21,799.181,799.181
2000-12-22,797.317,797.317
2001-01-02,781.267,781.267
2001-01-03,764.666,764.666
2001-01-04,773.445,773.445
2001-01-05,788.085,788.085
2001-01-08,784.939,784.939
2001-01-09,783.342,783.342
2001-01-10,786.726,786.726
2001-01-11,776.377,776.377
2001-01-12,772.64,772.64
2001-01-15,779.849,779.849
2001-01-16,783.46,783.46
2001-01-17,777.609,777.609
2001-01-18,784.529,784.529
2001-01-19,783.271,783.271
2001-01-22,790.558,790.558
2001-01-23,787.16,787.16
2001-01-24,789.591,789.591
2001-01-25,794.135,794.135
2001-01-26,792.035,792.035
2001-01-29,787.745,787.745
2001-01-30,802.778,802.778
2001-01-31,817.335,817.335
2001-02-01,819.63,819.63
2001-02-02,847.995,847.995
2001-02-05,854.991,854.991
2001-02-06,847.005,847.005
2001-02-07,839.695,839.695
2001-02-08,834.13,834.13
2001-02-09,822.808,822.808
2001-02-12,818.79,818.79
2001-02-13,821.686,821.686
2001-02-14,816.674,816.674
2001-02-15,842.635,842.635
2001-02-16,834.503,834.503
2001-02-19,839.385,839.385
2001-02-20,836.703,836.703
2001-02-21,835.411,835.411
2001-02-22,833.08,833.08
2001-02-23,836.911,836.911
2001-02-26,833.605,833.605
2001-02-27,830.385,830.385
2001-02-28,816.405,816.405
2001-03-01,813.59,813.59
2001-03-02,819.892,819.892
2001-03-06,824.849,824.849
2001-03-07,822.503,822.503
2001-03-08,806.533,806.533
2001-03-09,798.596,798.596
2001-03-12,772.905,772.905
2001-03-13,756.569,756.569
2001-03-14,762.603,762.603
2001-03-15,765.268,765.268
2001-03-16,751.666,751.666
2001-03-19,733.254,733.254
2001-03-20,723.449,723.449
2001-03-21,742.557,742.557
2001-03-22,734.052,734.052
2001-03-23,740.81,740.81
2001-03-27,737.229,737.229
2001-03-28,740.909,740.909
2001-03-29,750.321,750.321
2001-03-30,743.69,743.69
2001-04-02,727.835,727.835
2001-04-03,723.312,723.312
2001-04-04,705.306,705.306
2001-04-05,697.877,697.877
2001-04-06,698.4,698.4
2001-04-09,694.37,694.37
2001-04-10,710.087,710.087
2001-04-11,706.377,706.377
2001-04-12,710.415,710.415
2001-04-16,702.325,702.325
2001-04-17,693.843,693.843
2001-04-18,680.346,680.346
2001-04-19,657.335,657.335
2001-04-20,642.594,642.594
2001-04-23,647.959,647.959
2001-04-24,649.637,649.637
2001-04-25,662.964,662.964
2001-04-26,660.243,660.243
2001-04-27,663.175,663.175
2001-04-30,673.541,673.541
2001-05-01,683.699,683.699
2001-05-02,687.853,687.853
2001-05-03,701.292,701.292
2001-05-04,704.108,704.108
2001-05-08,701.188,701.188
2001-05-09,698.609,698.609
2001-05-10,695.127,695.127
2001-05-11,695.589,695.589
2001-05-14,696.677,696.677
2001-05-15,701.212,701.212
2001-05-16,711.565,711.565
2001-05-17,714.843,714.843
2001-05-18,711.669,711.669
2001-05-21,710.847,710.847
2001-05-22,707.969,707.969
2001-05-23,708.511,708.511
2001-05-25,722.89,722.89
2001-05-28,728.445,728.445
2001-05-29,767.492,767.492
2001-05-30,776.131,776.131
2001-05-31,779.586,779.586
2001-06-01,773.495,773.495
2001-06-05,770.628,770.628
2001-06-06,771.942,771.942
2001-06-07,771.925,771.925
2001-06-08,774.147,774.147
2001-06-11,776.916,776.916
2001-06-12,783.901,783.901
2001-06-13,782.816,782.816
2001-06-14,781.208,781.208
2001-06-15,781.931,781.931
2001-06-18,784.603,784.603
2001-06-19,789.818,789.818
2001-06-20,792.797,792.797
2001-06-21,792.941,792.941
2001-06-22,792.189,792.189
2001-06-25,796.741,796.741
2001-06-26,797.066,797.066
2001-06-27,797.202,797.202
2001-06-28,788.52,788.52
2001-07-02,801.381,801.381
2001-07-03,797.863,797.863
2001-07-04,797.679,797.679
2001-07-05,799.139,799.139
2001-07-06,777.917,777.917
2001-07-09,802.477,802.477
2001-07-10,805.833,805.833
2001-07-11,807.325,807.325
2001-07-12,809.077,809.077
2001-07-13,811.423,811.423
2001-07-16,807.236,807.236
2001-07-18,822.058,822.058
2001-07-24,834.683,834.683
2001-07-25,834.2,834.2
2001-07-26,824.898,824.898
2001-07-27,831.207,831.207
2001-07-30,833.75,833.75
2001-07-31,829.029,829.029
2001-08-01,827.377,827.377
2001-08-02,810.769,810.769
2001-08-06,807.218,807.218
2001-08-07,811.949,811.949
2001-08-08,830.749,830.749
2001-08-10,824.339,824.339
2001-08-13,834.928,834.928
2001-08-14,839.657,839.657
2001-08-16,830.147,830.147
2001-08-21,834.961,834.961
2001-08-22,839.657,839.657
2001-08-23,835.543,835.543
2001-08-27,832.176,832.176
2001-08-28,829.794,829.794
2001-08-29,823.824,823.824
2001-08-30,821.019,821.019
2001-09-03,816.911,816.911
2001-09-04,837.021,837.021
2001-09-05,831.553,831.553
2001-09-06,836.518,836.518
2001-09-07,829.673,829.673
2001-09-10,829.466,829.466
2001-09-13,815.256,815.256
2001-09-14,798.477,798.477
2001-09-17,772.766,772.766
2001-09-19,802.483,802.483
2001-09-21,784.292,784.292
2001-09-24,778.436,778.436
2001-09-25,773.364,773.364
2001-09-26,766.942,766.942
2001-10-08,701.76,701.76
2001-10-11,717.443,717.443
2001-10-18,727.131,727.131
2001-10-22,742.87,742.87
2001-10-23,743.192,743.192
2001-11-07,723.65,723.65
2001-11-08,726.93,726.93
2001-11-09,719.474,719.474
2001-11-14,723.29,723.29
2001-11-15,726.19,726.19
2001-11-16,725.3,725.3
2001-11-20,729.84,729.84
2001-11-21,734.91,734.91
2001-11-23,730.97,730.97
2001-11-26,738.08,738.08
2001-11-27,727.82,727.82
2001-11-28,734.94,734.94
2001-11-30,711.61,711.61
2001-12-03,711.61,711.61
2001-12-04,706.99,706.99
2001-12-05,706.41,706.41
2001-12-06,700.53,700.53
2001-12-07,698.15,698.15
2001-12-11,692.01,692.01
2001-12-12,692.14,692.14
2001-12-21,704.8,704.8
2001-12-26,701.8,701.8
2001-12-27,702.18,702.18
2001-12-28,705.24,705.24
2002-01-02,698.13,698.13
2002-01-03,703.84,703.84
2002-01-04,703.08,703.08
2002-01-07,704.31,704.31
2002-01-08,719.83,719.83
2002-01-09,706.54,706.54
2002-01-10,717.18,717.18
2002-01-11,711.96,711.96
2002-01-14,712,712
2002-01-15,710.84,710.84
2002-01-16,718.55,718.55
2002-01-17,722.64,722.64
2002-01-18,722.68,722.68
2002-01-21,731.84,731.84
2002-01-22,732.81,732.81
2002-01-23,735.83,735.83
2002-01-24,738.26,738.26
2002-01-25,746.45,746.45
2002-01-28,734.24,734.24
2002-01-29,730.87,730.87
2002-01-30,734.76,734.76
2002-01-31,750.39,750.39
2002-02-01,750.95,750.95
2002-02-04,750.96,750.96
2002-02-05,747.53,747.53
2002-02-06,750.6,750.6
2002-02-07,725.29,725.29
2002-02-08,730.65,730.65
2002-02-11,731.52,731.52
2002-02-13,730.65,730.65
2002-02-14,731.92,731.92
2002-02-15,742.92,742.92
2002-02-18,753.11,753.11
2002-02-19,748.03,748.03
2002-02-21,753.24,753.24
2002-02-25,743.68,743.68
2002-02-26,745.11,745.11
2002-02-27,753.32,753.32
2002-03-05,746.81,746.81
2002-03-06,756.56,756.56
2002-03-13,753.43,753.43
2002-03-14,748.15,748.15
2002-03-18,748.44,748.44
2002-04-24,866.806,866.806
2002-04-25,866.806,866.806
2002-04-26,866.806,866.806
2002-05-02,866.806,866.806
2002-05-03,866.806,866.806
2002-05-06,868.474,868.474
2002-05-07,871.579,871.579
2002-05-08,856.982,856.982
2002-05-10,848.317,848.317
2002-05-14,837.2,837.2
2002-05-15,846.407,846.407
2002-05-17,840.495,840.495
2002-05-20,833.484,833.484
2002-05-21,829.181,829.181
2002-05-22,820.26,820.26
2002-05-23,820.26,820.26
2002-05-27,820.26,820.26
2002-06-03,825.266,825.266
2002-06-05,828.151,828.151
2002-06-06,820.971,820.971
2002-06-11,813.205,813.205
2002-06-13,827.888,827.888
2002-06-17,823.083,823.083
2002-06-19,813.682,813.682
2002-06-24,792.793,792.793
2002-06-25,797.392,797.392
2002-06-26,774.071,774.071
2002-06-27,777.882,777.882
2002-06-28,770.166,770.166
2002-07-01,749.553,749.553
2002-07-02,740.308,740.308
2002-07-03,737.798,737.798
2002-07-04,749.284,749.284
2002-07-05,750.824,750.824
2002-07-08,744.543,744.543
2002-07-09,739.931,739.931
2002-07-10,736.306,736.306
2002-07-11,726.9,726.9
2002-07-12,741.14,741.14
2002-07-15,741.084,741.084
2002-07-16,734.669,734.669
2002-07-17,732.575,732.575
2002-07-18,740.738,740.738
2002-07-19,739.886,739.886
2002-07-22,720.113,720.113
2002-07-23,723.458,723.458
2002-07-24,694.828,694.828
2002-07-25,694.676,694.676
2002-07-26,682.914,682.914
2002-07-29,696.829,696.829
2002-07-30,706.727,706.727
2002-07-31,707.768,707.768
2002-08-01,705.88,705.88
2002-08-02,703.302,703.302
2002-08-05,696.766,696.766
2002-08-06,682.097,682.097
2002-08-07,689.314,689.314
2002-08-08,689.172,689.172
2002-08-09,691.52,691.52
2002-08-12,693.184,693.184
2002-08-14,688.768,688.768
2002-08-15,691.654,691.654
2002-08-16,720.045,720.045
2002-08-19,718.437,718.437
2002-08-20,717.655,717.655
2002-08-21,725.615,725.615
2002-08-22,725.424,725.424
2002-08-23,733.092,733.092
2002-08-26,728.776,728.776
2002-08-27,725.499,725.499
2002-08-28,713.717,713.717
2002-08-29,707.645,707.645
2002-08-30,715.363,715.363
2002-09-02,712.961,712.961
2002-09-03,700.323,700.323
2002-09-04,691.312,691.312
2002-09-05,694.921,694.921
2002-09-06,698.706,698.706
2002-09-09,704.182,704.182
2002-09-10,699.488,699.488
2002-09-11,700.905,700.905
2002-09-12,702.216,702.216
2002-09-13,693.331,693.331
2002-09-16,705.611,705.611
2002-09-17,699.505,699.505
2002-09-18,688.237,688.237
2002-09-19,671.919,671.919
2002-09-20,669.949,669.949
2002-09-23,670.55,670.55
2002-09-24,668.294,668.294
2002-09-25,667.814,667.814
2002-09-26,660.737,660.737
2002-09-27,660.532,660.532
2002-09-30,662.895,662.895
2002-10-01,657.106,657.106
2002-10-02,657.996,657.996
2002-10-03,659.328,659.328
2002-10-07,649.626,649.626
2002-10-08,648.418,648.418
2002-10-09,625.073,625.073
2002-10-10,614.122,614.122
2002-10-11,603.69,603.69
2002-10-14,603.69,603.69
2002-10-15,574.265,574.265
2002-10-16,587.884,587.884
2002-10-17,583.144,583.144
2002-10-18,589.578,589.578
2002-10-21,595.807,595.807
2002-10-22,595.807,595.807
2002-10-23,589.819,589.819
2002-10-24,588.047,588.047
2002-10-25,582.588,582.588
2002-10-28,593.95,593.95
2002-10-29,594.858,594.858
2002-10-30,594.317,594.317
2002-10-31,605.623,605.623
2002-11-01,608.727,608.727
2002-11-04,618.083,618.083
2002-11-05,610.982,610.982
2002-11-06,600.157,600.157
2002-11-07,603.15,603.15
2002-11-08,599.342,599.342
2002-11-11,586.249,586.249
2002-11-12,596.069,596.069
2002-11-13,592.064,592.064
2002-11-14,598.201,598.201
2002-11-15,604.222,604.222
2002-11-18,603.148,603.148
2002-11-19,608.62,608.62
2002-11-20,611.352,611.352
2002-11-21,610.122,610.122
2002-11-22,613.617,613.617
2002-11-25,605.219,605.219
2002-11-26,602.875,602.875
2002-11-27,602.188,602.188
2002-11-28,611.37,611.37
2002-11-29,608.446,608.446
2002-12-02,606.407,606.407
2002-12-03,614.059,614.059
2002-12-04,612.454,612.454
2002-12-11,604.37,604.37
2002-12-12,607.742,607.742
2002-12-13,602.67,602.67
2002-12-16,608.427,608.427
2002-12-17,613.406,613.406
2002-12-18,616.041,616.041
2002-12-19,629.709,629.709
2002-12-20,633.39,633.39
2002-12-23,633.584,633.584
2002-12-27,625.67,625.67
2003-01-03,609.491,609.491
2003-01-06,594.568,594.568
2003-01-07,596.145,596.145
2003-01-08,592.619,592.619
2003-01-09,598.016,598.016
2003-01-10,598.521,598.521
2003-01-13,546.867,546.867
2003-01-14,611.255,611.255
2003-01-15,604.192,604.192
2003-01-16,597.999,597.999
2003-01-17,601.326,601.326
2003-01-20,602.43,602.43
2003-01-21,605.108,605.108
2003-01-22,605.436,605.436
2003-01-23,606.439,606.439
2003-01-24,602.831,602.831
2003-01-27,591.597,591.597
2003-01-28,594.239,594.239
2003-01-29,593.415,593.415
2003-01-30,593.277,593.277
2003-01-31,589.348,589.348
2003-02-03,588.065,588.065
2003-02-04,594.153,594.153
2003-02-05,593.659,593.659
2003-02-06,595.848,595.848
2003-02-07,595.08,595.08
2003-02-10,597.57,597.57
2003-02-11,595.747,595.747
2003-02-13,597.338,597.338
2003-02-14,600.684,600.684
2003-02-17,605.805,605.805
2003-02-18,604.71,604.71
2003-02-19,605.25,605.25
2003-02-20,600.71,600.71
2003-02-21,603.75,603.75
2003-02-24,602.424,602.424
2003-02-25,597.976,597.976
2003-02-26,598.06,598.06
2003-02-27,600.2,600.2
2003-02-28,602.019,602.019
2003-03-04,602.01,602.01
2003-03-05,589.82,589.82
2003-03-06,590.693,590.693
2003-03-07,585.496,585.496
2003-03-10,577.973,577.973
2003-03-11,576.584,576.584
2003-03-12,587.267,587.267
2003-03-13,584.325,584.325
2003-03-14,586.31,586.31
2003-03-17,580.193,580.193
2003-03-18,583.099,583.099
2003-03-19,583.61,583.61
2003-03-20,592.102,592.102
2003-03-21,592.885,592.885
2003-03-24,595.278,595.278
2003-03-25,593.29,593.29
2003-03-26,598.934,598.934
2003-03-27,598.67,598.67
2003-03-28,599.923,599.923
2003-03-31,592.047,592.047
2003-04-01,590.48,590.48
2003-04-03,595.622,595.622
2003-04-04,598.973,598.973
2003-04-07,613.118,613.118
2003-04-08,608.862,608.862
2003-04-09,616.023,616.023
2003-04-10,615.03,615.03
2003-04-11,629.36,629.36
2003-04-14,629.741,629.741
2003-04-15,631.812,631.812
2003-04-16,632.904,632.904
2003-04-17,632.904,632.904
2003-04-21,643.177,643.177
2003-04-22,638.89,638.89
2003-04-23,642.8,642.8
2003-04-24,642.957,642.957
2003-04-25,636.27,636.27
2003-04-28,631.829,631.829
2003-04-29,640.397,640.397
2003-04-30,644.342,644.342
2003-05-01,642.543,642.543
2003-05-02,640.77,640.77
2003-05-05,649.14,649.14
2003-05-06,656.54,656.54
2003-05-07,663.1,663.1
2003-05-08,660.951,660.951
2003-05-09,662.9,662.9
2003-05-12,665.372,665.372
2003-05-13,668.627,668.627
2003-05-14,667.45,667.45
2003-05-19,654.427,654.427
2003-05-20,661.827,661.827
2003-05-21,658.989,658.989
2003-05-22,657.198,657.198
2003-05-23,664.27,664.27
2003-05-26,667.1,667.1
2003-05-27,671.321,671.321
2003-05-28,678.456,678.456
2003-05-29,682.007,682.007
2003-06-02,690.161,690.161
2003-06-03,688.919,688.919
2003-06-04,693.824,693.824
2003-06-05,696.59,696.59
2003-06-06,700.121,700.121
2003-06-09,701.58,701.58
2003-06-10,697.89,697.89
2003-06-11,693.35,693.35
2003-06-12,685.534,685.534
2003-06-13,690.017,690.017
2003-06-17,682.94,682.94
2003-06-18,677.932,677.932
2003-06-19,682.453,682.453
2003-06-20,688.038,688.038
2003-06-23,681.957,681.957
2003-06-24,677.917,677.917
2003-06-25,674.523,674.523
2003-06-26,667.1,667.1
2003-06-27,671.851,671.851
2003-06-30,672.679,672.679
2003-07-01,672.788,672.788
2003-07-02,649.733,649.733
2003-07-03,677.577,677.577
2003-07-04,674.349,674.349
2003-07-07,675.499,675.499
2003-07-08,681.038,681.038
2003-07-09,681.979,681.979
2003-07-10,679.703,679.703
2003-07-11,681.432,681.432
2003-07-14,691.929,691.929
2003-07-15,686.462,686.462
2003-07-16,679.115,679.115
2003-07-17,673.07,673.07
2003-07-18,672.9375,672.9375
2003-07-21,671.367,671.367
2003-07-22,664.255,664.255
2003-07-24,651.253,651.253
2003-07-25,655.097,655.097
2003-07-28,655.817,655.817
2003-07-29,657.4657,657.4657
2003-07-30,652.678,652.678
2003-07-31,652.389,652.389
2003-08-04,644.71,644.71
2003-08-05,632.795,632.795
2003-08-06,634.724,634.724
2003-08-07,648.463,648.463
2003-08-08,650.608,650.608
2003-08-11,642.908,642.908
2003-08-12,644.394,644.394
2003-08-13,650.783,650.783
2003-08-14,650.673,650.673
2003-08-15,657.6627,657.6627
2003-08-19,659.715,659.715
2003-08-20,663.925,663.925
2003-08-21,676.76,676.76
2003-08-22,684.7138,684.7138
2003-08-25,680.285,680.285
2003-08-26,684.926,684.926
2003-08-27,682.944,682.944
2003-08-28,681.84,681.84
2003-08-29,674.198,674.198
2003-09-01,680.641,680.641
2003-09-02,681.12,681.12
2003-09-03,702.743,702.743
2003-09-04,716.114,716.114
2003-09-05,724.58,724.58
2003-09-08,723.807,723.807
2003-09-09,720.764,720.764
2003-09-10,710.182,710.182
2003-09-11,703.467,703.467
2003-09-12,715.007,715.007
2003-09-15,713.445,713.445
2003-09-16,726.473,726.473
2003-09-17,739.082,739.082
2003-09-18,747.677,747.677
2003-09-19,743.806,743.806
2003-09-23,753.421,753.421
2003-09-24,766.585,766.585
2003-09-25,762.07,762.07
2003-09-26,759.09,759.09
2003-09-29,758.233,758.233
2003-09-30,755.55,755.55
2003-10-01,779.753,779.753
2003-10-02,787.982,787.982
2003-10-03,795.708,795.708
2003-10-06,784.326,784.326
2003-10-07,775.767,775.767
2003-10-08,782.697,782.697
2003-10-09,794.326,794.326
2003-10-10,814.92,814.92
2003-10-13,815.8,815.8
2003-10-14,819.752,819.752
2003-10-15,821.572,821.572
2003-10-16,809.643,809.643
2003-10-17,809.513,809.513
2003-10-20,807.605,807.605
2003-10-21,800.6808,800.6808
2003-10-22,791.3651,791.3651
2003-10-23,781.4982,781.4982
2003-10-24,790.9694,790.9694
2003-10-27,788.1176,788.1176
2003-10-28,786.1505,786.1505
2003-10-29,780.3009,780.3009
2003-10-30,785.71,785.71
2003-10-31,786.4775,786.4775
2003-11-03,774.069,774.069
2003-11-04,786.234,786.234
2003-11-05,797.1685,797.1685
2003-11-06,797.546,797.546
2003-11-07,786.7518,786.7518
2003-11-10,787.8861,787.8861
2003-11-11,796.1908,796.1908
2003-11-12,794.1828,794.1828
2003-11-13,790.8155,790.8155
2003-11-14,789.8663,789.8663
2003-11-17,794.6968,794.6968
2003-11-18,795.8192,795.8192
2003-11-19,791.0076,791.0076
2003-11-20,794.47,794.47
2003-11-21,802.85,802.85
2003-12-01,814.057,814.057
2003-12-02,814.7335,814.7335
2003-12-03,830.4755,830.4755
2003-12-04,832.7323,832.7323
2003-12-05,835.6045,835.6045
2003-12-08,836.5884,836.5884
2003-12-09,833.3927,833.3927
2003-12-10,834.4827,834.4827
2003-12-11,833.05,833.05
2003-12-12,837.1901,837.1901
2003-12-15,847.0341,847.0341
2003-12-16,837.9019,837.9019
2003-12-17,838.3726,838.3726
2003-12-18,843.4689,843.4689
2003-12-19,847.71,847.71
2003-12-22,849.081,849.081
2003-12-23,850.377,850.377
2003-12-29,857.349,857.349
2003-12-30,855.628,855.628
2004-01-02,859.891,859.891
2004-01-05,871.586,871.586
2004-01-06,864.56,864.56
2004-01-07,865.014,865.014
2004-01-08,877.118,877.118
2004-01-09,892.616,892.616
2004-01-12,890.1918,890.1918
2004-01-13,889.288,889.288
2004-01-14,899.276,899.276
2004-01-15,903.541,903.541
2004-01-16,897.746,897.746
2004-01-19,895.727,895.727
2004-01-20,904.04,904.04
2004-01-21,908.2328,908.2328
2004-01-23,909.2942,909.2942
2004-01-26,909.7067,909.7067
2004-01-27,902.6101,902.6101
2004-01-28,892.8818,892.8818
2004-01-29,882.508,882.508
2004-01-30,884.3383,884.3383
2004-02-03,859.0216,859.0216
2004-02-04,861.2063,861.2063
2004-02-05,868.7189,868.7189
2004-02-06,887.9472,887.9472
2004-02-09,893.0561,893.0561
2004-02-10,888.1828,888.1828
2004-02-11,888.312,888.312
2004-02-12,881.649,881.649
2004-02-13,888.6445,888.6445
2004-02-16,891.4042,891.4042
2004-02-17,904.1741,904.1741
2004-02-18,921.2197,921.2197
2004-02-19,934.9418,934.9418
2004-02-20,940.4329,940.4329
2004-02-24,925.8142,925.8142
2004-02-25,925.2234,925.2234
2004-02-26,928.0031,928.0031
2004-02-27,918.3945,918.3945
2004-03-01,914.4164,914.4164
2004-03-02,931.1702,931.1702
2004-03-03,942.3829,942.3829
2004-03-04,943.3266,943.3266
2004-03-05,944.2072,944.2072
2004-03-08,945.0688,945.0688
2004-03-09,938.0649,938.0649
2004-03-10,924.6485,924.6485
2004-03-11,905.917,905.917
2004-03-12,896.0299,896.0299
2004-03-15,889.1761,889.1761
2004-03-16,883.6087,883.6087
2004-03-17,896.0392,896.0392
2004-03-18,904.6944,904.6944
2004-03-19,911.4957,911.4957
2004-03-23,902.5553,902.5553
2004-03-24,905.279,905.279
2004-03-25,892.2324,892.2324
2004-03-26,881.6729,881.6729
2004-03-29,886.49,886.49
2004-03-30,903.1479,903.1479
2004-03-31,904.32,904.32
2004-04-01,906.1198,906.1198
2004-04-02,930.6736,930.6736
2004-04-06,955.5334,955.5334
2004-04-07,951.2811,951.2811
2004-04-08,948.8037,948.8037
2004-04-12,946.166,946.166
2004-04-13,943.7226,943.7226
2004-04-14,953.8249,953.8249
2004-04-15,952.5306,952.5306
2004-04-16,953.0594,953.0594
2004-04-19,960.156,960.156
2004-04-20,980.8795,980.8795
2004-04-21,982.6235,982.6235
2004-04-22,975.7124,975.7124
2004-04-23,984.6794,984.6794
2004-04-26,983.5434,983.5434
2004-04-27,983.3966,983.3966
2004-04-28,989.0937,989.0937
2004-04-29,975.4401,975.4401
2004-04-30,962.2915,962.2915
2004-05-04,956.1785,956.1785
2004-05-05,944.1141,944.1141
2004-05-06,928.3184,928.3184
2004-05-07,930.288,930.288
2004-05-10,897.2009,897.2009
2004-05-11,911.6557,911.6557
2004-05-12,931.3517,931.3517
2004-05-13,918.4017,918.4017
2004-05-14,898.3663,898.3663
2004-05-17,839.2221,839.2221
2004-05-18,850.6681,850.6681
2004-05-19,885.6722,885.6722
2004-05-21,901.9134,901.9134
2004-05-24,910.203,910.203
2004-05-25,898.249,898.249
2004-05-26,902.253,902.253
2004-05-27,916.3701,916.3701
2004-05-28,925.97,925.97
2004-05-31,922.1337,922.1337
2004-06-01,898.3663,898.3663
2004-06-04,889.3855,889.3855
2004-06-07,887.8157,887.8157
2004-06-08,892.5818,892.5818
2004-06-09,897.6796,897.6796
2004-06-10,897.4556,897.4556
2004-06-11,889.0209,889.0209
2004-06-14,884.1717,884.1717
2004-06-15,893.9449,893.9449
2004-06-16,891.193,891.193
2004-06-17,884.887,884.887
2004-06-18,880.6097,880.6097
2004-06-21,873.6229,873.6229
2004-06-22,879.9107,879.9107
2004-06-23,892.6902,892.6902
2004-06-24,899.3746,899.3746
2004-06-25,909.6818,909.6818
2004-06-28,908.0371,908.0371
2004-06-29,915.0551,915.0551
2004-06-30,927.5479,927.5479
2004-07-01,928.653,928.653
2004-07-02,961.9009,961.9009
2004-07-06,980.2151,980.2151
2004-07-07,995.7037,995.7037
2004-07-08,986.3274,986.3274
2004-07-09,989.9067,989.9067
2004-07-12,984.7444,984.7444
2004-07-13,981.0194,981.0194
2004-07-16,986.9597,986.9597
2004-07-19,984.3162,984.3162
2004-07-20,986.4574,986.4574
2004-07-21,993.5568,993.5568
2004-07-22,1001.409,1001.409
2004-07-23,1004.802,1004.802
2004-07-26,1002.039,1002.039
2004-07-27,1000.183,1000.183
2004-07-28,996.183,996.183
2004-07-29,998.1943,998.1943
2004-07-30,998.7636,998.7636
2004-08-02,986.4733,986.4733
2004-08-03,992.9661,992.9661
2004-08-04,994.918,994.918
2004-08-05,998.0464,998.0464
2004-08-06,994.018,994.018
2004-08-09,990.2169,990.2169
2004-08-10,990.5393,990.5393
2004-08-11,1002.388,1002.388
2004-08-12,1000.974,1000.974
2004-08-13,999.0417,999.0417
2004-08-16,990.9708,990.9708
2004-08-18,987.1443,987.1443
2004-08-19,995.8103,995.8103
2004-08-20,996.4468,996.4468
2004-08-23,992.4114,992.4114
2004-08-24,984.8441,984.8441
2004-08-25,974.9077,974.9077
2004-08-26,975.5546,975.5546
2004-08-27,986.1681,986.1681
2004-08-30,995.695,995.695
2004-08-31,997.9893,997.9893
2004-09-01,1012.851,1012.851
2004-09-02,1015.309,1015.309
2004-09-03,1016.306,1016.306
2004-09-06,1015.674,1015.674
2004-09-07,1020.316,1020.316
2004-09-08,1024.142,1024.142
2004-09-09,1014.549,1014.549
2004-09-10,1024.254,1024.254
2004-09-14,1031.304,1031.304
2004-09-15,1035.802,1035.802
2004-09-17,1033.721,1033.721
2004-09-21,1046.871,1046.871
2004-09-22,1040.23,1040.23
2004-09-23,1029.146,1029.146
2004-09-24,1031.242,1031.242
2004-09-27,1025.456,1025.456
2004-09-28,1025.012,1025.012
2004-09-29,1033.193,1033.193
2004-09-30,1044.153,1044.153
2004-10-01,1067.736,1067.736
2004-10-04,1079.948,1079.948
2004-10-05,1094.509,1094.509
2004-10-06,1086.504,1086.504
2004-10-07,1086.989,1086.989
2004-10-08,1091.07,1091.07
2004-10-11,1094.803,1094.803
2004-10-12,1085.509,1085.509
2004-10-13,1099.265,1099.265
2004-10-14,1089.832,1089.832
2004-10-15,1089.071,1089.071
2004-10-18,1086.824,1086.824
2004-10-19,1083.467,1083.467
2004-10-20,1071.545,1071.545
2004-10-21,1064.189,1064.189
2004-10-22,1083.631,1083.631
2004-10-25,1081.513,1081.513
2004-10-26,1074.428,1074.428
2004-10-27,1086.519,1086.519
2004-10-28,1103.687,1103.687
2004-10-29,1099.895,1099.895
2004-11-01,1101.123,1101.123
2004-11-02,1120.53,1120.53
2004-11-03,1131.604,1131.604
2004-11-04,1127.584,1127.584
2004-11-05,1137.17,1137.17
2004-11-08,1134.901,1134.901
2004-11-09,1153.954,1153.954
2004-11-10,1180.476,1180.476
2004-11-11,1190.354,1190.354
2004-11-12,1199.629,1199.629
2004-11-22,1199.124,1199.124
2004-11-23,1227.837,1227.837
2004-11-24,1236.027,1236.027
2004-11-25,1233.741,1233.741
2004-11-26,1247.69,1247.69
2004-11-29,1251.422,1251.422
2004-11-30,1275.173,1275.173
2004-12-01,1290.99,1290.99
2004-12-02,1298.7,1298.7
2004-12-03,1282.42,1282.42
2004-12-06,1283.463,1283.463
2004-12-07,1286.038,1286.038
2004-12-08,1289.199,1289.199
2004-12-09,1274.543,1274.543
2004-12-10,1250.946,1250.946
2004-12-13,1240.813,1240.813
2004-12-14,1226.218,1226.218
2004-12-15,1245.283,1245.283
2004-12-16,1276.577,1276.577
2004-12-17,1299.513,1299.513
2004-12-20,1297.895,1297.895
2004-12-21,1307.938,1307.938
2004-12-22,1321.75,1321.75
2004-12-23,1319.929,1319.929
2004-12-27,1328.252,1328.252
2004-12-28,1335.179,1335.179
2004-12-29,1337.522,1337.522
2004-12-30,1333.512,1333.512
2005-01-03,1342.698,1342.698
2005-01-04,1371.381,1371.381
2005-01-05,1365.554,1365.554
2005-01-06,1389.695,1389.695
2005-01-07,1418.176,1418.176
2005-01-10,1356.018,1356.018
2005-01-11,1348.559,1348.559
2005-01-12,1343.844,1343.844
2005-01-13,1362.235,1362.235
2005-01-14,1360.494,1360.494
2005-01-17,1370.433,1370.433
2005-01-18,1360.466,1360.466
2005-01-19,1381.961,1381.961
2005-01-20,1394.437,1394.437
2005-01-24,1385.48,1385.48
2005-01-25,1379.106,1379.106
2005-01-26,1395.229,1395.229
2005-01-27,1401.775,1401.775
2005-01-28,1407.771,1407.771
2005-01-31,1405.464,1405.464
2005-02-01,1415.47,1415.47
2005-02-02,1427.337,1427.337
2005-02-03,1421.524,1421.524
2005-02-04,1423.953,1423.953
2005-02-07,1416.693,1416.693
2005-02-08,1409.659,1409.659
2005-02-11,1415.915,1415.915
2005-02-14,1426.921,1426.921
2005-02-15,1451.84,1451.84
2005-02-16,1460.27,1460.27
2005-02-17,1471.998,1471.998
2005-02-18,1489.987,1489.987
2005-02-21,1496.082,1496.082
2005-02-22,1501.522,1501.522
2005-02-23,1507.64,1507.64
2005-02-24,1496.513,1496.513
2005-02-25,1484.129,1484.129
2005-02-28,1511.104,1511.104
2005-03-01,1497.523,1497.523
2005-03-02,1404.563,1404.563
2005-03-03,1403.798,1403.798
2005-03-04,1478.439,1478.439
2005-03-07,1462.981,1462.981
2005-03-08,1510.794,1510.794
2005-03-09,1439.432,1439.432
2005-03-10,1366.832,1366.832
2005-03-14,1485.903,1485.903
2005-03-15,1492.887,1492.887
2005-03-16,1564.001,1564.001
2005-03-17,1551.78,1551.78
2005-03-18,1568.71,1568.71
2005-03-21,1571.99,1571.99
2005-03-22,1567.26,1567.26
2005-03-23,1550.85,1550.85
2005-03-24,1511.35,1511.35
2005-03-28,1487.31,1487.31
2005-03-29,1448.57,1448.57
2005-03-30,1437.94,1437.94
2005-03-31,1462.35,1462.35
2005-04-01,1484.51,1484.51
2005-04-04,1492.91,1492.91
2005-04-05,1487.65,1487.65
2005-04-06,1496.63,1496.63
2005-04-07,1510.08,1510.08
2005-04-08,1510.27,1510.27
2005-04-11,1505.07,1505.07
2005-04-12,1512.82,1512.82
2005-04-13,1518.57,1518.57
2005-04-14,1505.12,1505.12
2005-04-15,1487.47,1487.47
2005-04-18,1442.36,1442.36
2005-04-19,1448.91,1448.91
2005-04-20,1465.94,1465.94
2005-04-21,1437.75,1437.75
2005-04-25,1394.92,1394.92
2005-04-26,1422.14,1422.14
2005-04-27,1429.13,1429.13
2005-04-28,1438.31,1438.31
2005-04-29,1426.72,1426.72
2005-05-02,1422.95,1422.95
2005-05-03,1434.72,1434.72
2005-05-04,1455.15,1455.15
2005-05-06,1484.01,1484.01
2005-05-09,1498.45,1498.45
2005-05-10,1490.25,1490.25
2005-05-11,1469.32,1469.32
2005-05-12,1483.32,1483.32
2005-05-13,1475.72,1475.72
2005-05-16,1462.26,1462.26
2005-05-17,1461.42,1461.42
2005-05-18,1456.67,1456.67
2005-05-19,1471.27,1471.27
2005-05-20,1474.11,1474.11
2005-05-23,1469.45,1469.45
2005-05-25,1471.24,1471.24
2005-05-26,1479.69,1479.69
2005-05-27,1495.34,1495.34
2005-05-30,1503.37,1503.37
2005-05-31,1535.93,1535.93
2005-06-01,1538.52,1538.52
2005-06-02,1555.06,1555.06
2005-06-03,1561.6,1561.6
2005-06-06,1556.04,1556.04
2005-06-07,1556.45,1556.45
2005-06-08,1568.11,1568.11
2005-06-09,1568.61,1568.61
2005-06-10,1564.21,1564.21
2005-06-13,1574.53,1574.53
2005-06-14,1585.56,1585.56
2005-06-15,1614.31,1614.31
2005-06-16,1624.96,1624.96
2005-06-17,1653.86,1653.86
2005-06-20,1662.48,1662.48
2005-06-21,1655.07,1655.07
2005-06-22,1657.31,1657.31
2005-06-23,1657.34,1657.34
2005-06-24,1660.04,1660.04
2005-06-27,1626.03,1626.03
2005-06-28,1639.12,1639.12
2005-06-29,1638.53,1638.53
2005-06-30,1633.59,1633.59
2005-07-01,1657.93,1657.93
2005-07-04,1655.71,1655.71
2005-07-05,1640.01,1640.01
2005-07-07,1613.1,1613.1
2005-07-08,1615.47,1615.47
2005-07-11,1639.36,1639.36
2005-07-12,1649.29,1649.29
2005-07-13,1652.27,1652.27
2005-07-14,1658.77,1658.77
2005-07-15,1651.42,1651.42
2005-07-18,1659.09,1659.09
2005-07-19,1665.74,1665.74
2005-07-20,1683.51,1683.51
2005-07-21,1710.31,1710.31
2005-07-22,1727.69,1727.69
2005-07-25,1717.96,1717.96
2005-07-26,1738.41,1738.41
2005-07-27,1737.98,1737.98
2005-07-28,1744.47,1744.47
2005-07-29,1744.47,1744.47
2005-08-01,1745.23,1745.23
2005-08-02,1756.65,1756.65
2005-08-03,1759.65,1759.65
2005-08-04,1753.74,1753.74
2005-08-05,1733.83,1733.83
2005-08-08,1714.3,1714.3
2005-08-09,1716.93,1716.93
2005-08-10,1736.53,1736.53
2005-08-11,1730.47,1730.47
2005-08-12,1712.73,1712.73
2005-08-15,1659.53,1659.53
2005-08-16,1650.66,1650.66
2005-08-18,1640.4,1640.4
2005-08-19,1618.04,1618.04
2005-08-22,1601.29,1601.29
2005-08-23,1589.12,1589.12
2005-08-24,1564.89,1564.89
2005-08-25,1602.66,1602.66
2005-08-26,1577.45,1577.45
2005-08-29,1489.71,1489.71
2005-08-30,1560.97,1560.97
2005-08-31,1586.02,1586.02
2005-09-01,1572.81,1572.81
2005-09-05,1556.71,1556.71
2005-09-06,1574.47,1574.47
2005-09-07,1589.78,1589.78
2005-09-08,1623.03,1623.03
2005-09-09,1643.09,1643.09
2005-09-12,1657.94,1657.94
2005-09-13,1624.9,1624.9
2005-09-14,1586.91,1586.91
2005-09-15,1581.13,1581.13
2005-09-16,1583.61,1583.61
2005-09-19,1596.45,1596.45
2005-09-20,1578.5,1578.5
2005-09-21,1560.81,1560.81
2005-09-22,1518.18,1518.18
2005-09-23,1508.81,1508.81
2005-09-26,1539.86,1539.86
2005-09-27,1547.63,1547.63
2005-09-28,1531.07,1531.07
2005-09-29,1563.15,1563.15
2005-09-30,1620.2,1620.2
2005-10-03,1646.21,1646.21
2005-10-04,1691.64,1691.64
2005-10-05,1682.64,1682.64
2005-10-06,1653.69,1653.69
2005-10-07,1656.81,1656.81
2005-10-10,1660,1660
2005-10-11,1664.91,1664.91
2005-10-12,1657.46,1657.46
2005-10-13,1645.93,1645.93
2005-10-14,1657.48,1657.48
2005-10-17,1657.91,1657.91
2005-10-18,1668.764,1668.764
2005-10-19,1633.827,1633.827
2005-10-20,1641.729,1641.729
2005-10-21,1640.917,1640.917
2005-10-24,1632.603,1632.603
2005-10-25,1622.351,1622.351
2005-10-26,1621.279,1621.279
2005-10-27,1629.351,1629.351
2005-10-28,1622.443,1622.443
2005-10-31,1629.563,1629.563
2005-11-01,1626.956,1626.956
2005-11-09,1603.187,1603.187
2005-11-10,1591.97,1591.97
2005-11-11,1569.916,1569.916
2005-11-14,1549.799,1549.799
2005-11-15,1562.994,1562.994
2005-11-16,1570.579,1570.579
2005-11-17,1589.12,1589.12
2005-11-18,1626.384,1626.384
2005-11-21,1638.529,1638.529
2005-11-22,1652.74,1652.74
2005-11-23,1651.151,1651.151
2005-11-24,1681.776,1681.776
2005-11-25,1676.424,1676.424
2005-11-28,1680.819,1680.819
2005-11-29,1686.811,1686.811
2005-11-30,1720.325,1720.325
2005-12-01,1715.66,1715.66
2005-12-02,1759.002,1759.002
2005-12-05,1760.853,1760.853
2005-12-06,1759.261,1759.261
2005-12-07,1792.577,1792.577
2005-12-08,1803.182,1803.182
2005-12-09,1810.274,1810.274
2005-12-12,1838.742,1838.742
2005-12-13,1837.519,1837.519
2005-12-14,1826.12,1826.12
2005-12-15,1790.644,1790.644
2005-12-16,1767.007,1767.007
2005-12-19,1798.691,1798.691
2005-12-20,1808.532,1808.532
2005-12-21,1798.518,1798.518
2005-12-23,1806.219,1806.219
2005-12-27,1822.1,1822.1
2005-12-28,1829.116,1829.116
2005-12-29,1823.288,1823.288
2006-01-02,1833.724,1833.724
2006-01-03,1852.488,1852.488
2006-01-04,1907.156,1907.156
2006-01-05,1915.137,1915.137
2006-01-06,1944.487,1944.487
2006-01-09,1989.524,1989.524
2006-01-11,2022.64,2022.64
2006-01-12,2031.238,2031.238
2006-01-13,2032.399,2032.399
2006-01-16,2003.015,2003.015
2006-01-17,1955.823,1955.823
2006-01-18,1918.395,1918.395
2006-01-19,1989.232,1989.232
2006-01-20,1978.661,1978.661
2006-01-23,1930.734,1930.734
2006-01-24,1947.105,1947.105
2006-01-25,1986.41,1986.41
2006-01-26,1982.831,1982.831
2006-01-27,1984.277,1984.277
2006-01-30,1996.204,1996.204
2006-02-01,2013.408,2013.408
2006-02-02,2015.013,2015.013
2006-02-03,2026.143,2026.143
2006-02-06,2035.84,2035.84
2006-02-07,2070.895,2070.895
2006-02-08,2032.764,2032.764
2006-02-09,2058.807,2058.807
2006-02-10,2080.097,2080.097
2006-02-13,2086.068,2086.068
2006-02-14,2030.212,2030.212
2006-02-15,2039.018,2039.018
2006-02-16,2039.785,2039.785
2006-02-17,2046.584,2046.584
2006-02-20,2066.334,2066.334
2006-02-21,2055.172,2055.172
2006-02-22,2044.219,2044.219
2006-02-23,2025.239,2025.239
2006-02-24,2011.681,2011.681
2006-02-27,2046.394,2046.394
2006-02-28,2046.541,2046.541
2006-03-01,2069.433,2069.433
2006-03-02,2076.969,2076.969
2006-03-03,2088.649,2088.649
2006-03-06,2097.716,2097.716
2006-03-07,2059.927,2059.927
2006-03-08,2031.219,2031.219
2006-03-09,2034.032,2034.032
2006-03-10,2066.561,2066.561
2006-03-13,2069.633,2069.633
2006-03-14,2072.535,2072.535
2006-03-15,2071.217,2071.217
2006-03-17,2186.597,2186.597
2006-03-20,2230.132,2230.132
2006-03-21,2225.076,2225.076
2006-03-22,2166.153,2166.153
2006-03-23,2162.804,2162.804
2006-03-24,2173.646,2173.646
2006-03-27,2171.378,2171.378
2006-03-28,2211.879,2211.879
2006-03-29,2213.646,2213.646
2006-04-03,2225.787,2225.787
2006-04-04,2213.244,2213.244
2006-04-05,2243.285,2243.285
2006-04-06,2270.068,2270.068
2006-04-07,2293.224,2293.224
2006-04-11,2292.436,2292.436
2006-04-12,2310.52,2310.52
2006-04-13,2316.617,2316.617
2006-04-17,2336.072,2336.072
2006-04-18,2384.35,2384.35
2006-04-19,2472.811,2472.811
2006-04-20,2491.04,2491.04
2006-04-21,2505.063,2505.063
2006-04-24,2481.452,2481.452
2006-04-25,2518.182,2518.182
2006-04-26,2577.429,2577.429
2006-04-27,2554.582,2554.582
2006-04-28,2534.765,2534.765
2006-05-01,2580.059,2580.059
2006-05-02,2586.866,2586.866
2006-05-03,2621.56,2621.56
2006-05-04,2615.556,2615.556
2006-05-08,2685.226,2685.226
2006-05-09,2716.944,2716.944
2006-05-10,2725.362,2725.362
2006-05-11,2790.121,2790.121
2006-05-12,2720.454,2720.454
2006-05-15,2498.124,2498.124
2006-05-16,2523.554,2523.554
2006-05-17,2630.92,2630.92
2006-05-18,2503.808,2503.808
2006-05-19,2490.982,2490.982
2006-05-22,2284.449,2284.449
2006-05-23,2348.211,2348.211
2006-05-24,2322.212,2322.212
2006-05-29,2351.858,2351.858
2006-05-30,2427.377,2427.377
2006-05-31,2372.004,2372.004
2006-06-01,2331.789,2331.789
2006-06-02,2369.953,2369.953
2006-06-05,2376.751,2376.751
2006-06-06,2323.49,2323.49
2006-06-07,2272.484,2272.484
2006-06-08,2191.815,2191.815
2006-06-09,2261.01,2261.01
2006-06-12,2268.488,2268.488
2006-06-13,2205.834,2205.834
2006-06-14,2169.886,2169.886
2006-06-15,2181.759,2181.759
2006-06-16,2308.28,2308.28
2006-06-19,2280.974,2280.974
2006-06-20,2277.088,2277.088
2006-06-21,2278.572,2278.572
2006-06-22,2309.163,2309.163
2006-06-23,2293.986,2293.986
2006-06-26,2288.104,2288.104
2006-06-27,2294.704,2294.704
2006-06-28,2276.361,2276.361
2006-06-29,2292.049,2292.049
2006-06-30,2354.683,2354.683
2006-07-03,2408.537,2408.537
2006-07-04,2441.149,2441.149
2006-07-05,2443.927,2443.927
2006-07-06,2442.204,2442.204
2006-07-07,2448.097,2448.097
2006-07-10,2438.575,2438.575
2006-07-11,2450.751,2450.751
2006-07-12,2450.41,2450.41
2006-07-13,2420.522,2420.522
2006-07-14,2352.201,2352.201
2006-07-17,2298.561,2298.561
2006-07-18,2308.835,2308.835
2006-07-19,2304.103,2304.103
2006-07-20,2371.82,2371.82
2006-07-21,2369.917,2369.917
2006-07-24,2358.096,2358.096
2006-07-25,2375.761,2375.761
2006-07-26,2382.426,2382.426
2006-07-27,2422.293,2422.293
2006-07-28,2414.473,2414.473
2006-07-31,2445.984,2445.984
2006-08-01,2489.457,2489.457
2006-08-02,2532.588,2532.588
2006-08-03,2510.236,2510.236
2006-08-04,2529.32,2529.32
2006-08-07,2552.61,2552.61
2006-08-08,2552.383,2552.383
2006-08-09,2596.86,2596.86
2006-08-10,2525.729,2525.729
2006-08-11,2561.225,2561.225
2006-08-14,2594.782,2594.782
2006-08-15,2617.277,2617.277
2006-08-16,2654.373,2654.373
2006-08-22,2645.81,2645.81
2006-08-23,2640.987,2640.987
2006-08-24,2617.403,2617.403
2006-08-25,2575.989,2575.989
2006-08-28,2570.944,2570.944
2006-08-29,2611.754,2611.754
2006-08-30,2593.436,2593.436
2006-08-31,2599.929,2599.929
2006-09-01,2630.091,2630.091
2006-09-04,2686.892,2686.892
2006-09-05,2679.473,2679.473
2006-09-06,2678.987,2678.987
2006-09-07,2666.152,2666.152
2006-09-08,2662.214,2662.214
2006-09-11,2614.284,2614.284
2006-09-12,2582.252,2582.252
2006-09-13,2615.658,2615.658
2006-09-14,2642.692,2642.692
2006-09-15,2646.739,2646.739
2006-09-18,2660.549,2660.549
2006-09-19,2683.365,2683.365
2006-09-20,2680.231,2680.231
2006-09-21,2733.419,2733.419
2006-09-22,2737.201,2737.201
2006-09-25,2731.412,2731.412
2006-09-26,2707.912,2707.912
2006-09-27,2744.639,2744.639
2006-09-28,2748.794,2748.794
2006-09-29,2745.507,2745.507
2006-10-02,2729.081,2729.081
2006-10-03,2751.349,2751.349
2006-10-04,2752.2,2752.2
2006-10-05,2768.934,2768.934
2006-10-06,2771.948,2771.948
2006-10-09,2756.292,2756.292
2006-10-10,2795.069,2795.069
2006-10-11,2790.267,2790.267
2006-10-12,2787.135,2787.135
2006-10-13,2839.174,2839.174
2006-10-16,2816.35,2816.35
2006-10-17,2822.404,2822.404
2006-10-18,2814.09,2814.09
2006-10-19,2822.058,2822.058
2006-10-20,2831.472,2831.472
2006-10-30,2846.232,2846.232
2006-10-31,2854.993,2854.993
2006-11-01,2864.942,2864.942
2006-11-02,2902.588,2902.588
2006-11-03,2914.623,2914.623
2006-11-06,2951.473,2951.473
2006-11-07,2968.87,2968.87
2006-11-08,2955.086,2955.086
2006-11-09,2975.17,2975.17
2006-11-10,2981.251,2981.251
2006-11-13,2928.616,2928.616
2006-11-14,2977.037,2977.037
2006-11-15,2981.097,2981.097
2006-11-16,2991.254,2991.254
2006-11-17,3008.996,3008.996
2006-11-20,3017.585,3017.585
2006-11-21,3021.83,3021.83
2006-11-22,3068.389,3068.389
2006-11-23,3066.045,3066.045
2006-11-24,3076.685,3076.685
2006-11-27,3099.714,3099.714
2006-11-28,3002.243,3002.243
2006-11-29,3046.717,3046.717
2006-11-30,3060.866,3060.866
2006-12-01,3097.817,3097.817
2006-12-04,3068.967,3068.967
2006-12-05,3150.397,3150.397
2006-12-06,3161.55,3161.55
2006-12-07,3168.418,3168.418
2006-12-08,3156.126,3156.126
2006-12-11,3120.385,3120.385
2006-12-12,3123.083,3123.083
2006-12-13,3115.043,3115.043
2006-12-14,3112.626,3112.626
2006-12-15,2158.062,2158.062
2006-12-18,3155.036,3155.036
2006-12-19,3053.549,3053.549
2006-12-20,3113.961,3113.961
2006-12-21,3158.994,3158.994
2006-12-22,3161.564,3161.564
2006-12-26,3149.32,3149.32
2006-12-27,3188.627,3188.627
2006-12-28,3176.168,3176.168
2007-01-02,3235.176,3235.176
2007-01-03,3243.016,3243.016
2007-01-04,3228.59,3228.59
2007-01-05,3247.692,3247.692
2007-01-08,3216.365,3216.365
2007-01-09,3141.268,3141.268
2007-01-10,2987.961,2987.961
2007-01-11,2967.103,2967.103
2007-01-12,2878.298,2878.298
2007-01-15,2992.532,2992.532
2007-01-16,3046.847,3046.847
2007-01-17,3053.595,3053.595
2007-01-18,3088.268,3088.268
2007-01-19,3113.326,3113.326
2007-01-22,3159.675,3159.675
2007-01-23,3147.505,3147.505
2007-01-24,3149.454,3149.454
2007-01-25,3086.366,3086.366
2007-01-26,3057.487,3057.487
2007-01-29,3074.876,3074.876
2007-01-30,3073.275,3073.275
2007-01-31,3058.302,3058.302
2007-02-01,3108.085,3108.085
2007-02-02,3114.605,3114.605
2007-02-05,3081.195,3081.195
2007-02-06,3064.579,3064.579
2007-02-07,3064.188,3064.188
2007-02-08,3041.007,3041.007
2007-02-09,3023.242,3023.242
2007-02-12,3001.382,3001.382
2007-02-13,2984.143,2984.143
2007-02-14,3016.217,3016.217
2007-02-15,3099.468,3099.468
2007-02-16,3089.577,3089.577
2007-02-19,3093.761,3093.761
2007-02-20,3093.284,3093.284
2007-02-21,3110.715,3110.715
2007-02-22,3090.485,3090.485
2007-02-23,3061.6,3061.6
2007-02-26,3042.949,3042.949
2007-02-27,2991.795,2991.795
2007-02-28,2951.928,2951.928
2007-03-01,2971.469,2971.469
2007-03-02,2963.783,2963.783
2007-03-05,2826.29,2826.29
2007-03-06,2908.676,2908.676
2007-03-07,2940.806,2940.806
2007-03-08,3001.051,3001.051
2007-03-09,2976.212,2976.212
2007-03-12,3036.506,3036.506
2007-03-13,3048.839,3048.839
2007-03-14,2971.579,2971.579
2007-03-15,3008.566,3008.566
2007-03-16,3014.15,3014.15
2007-03-20,3037.936,3037.936
2007-03-21,3055.855,3055.855
2007-03-22,3116.341,3116.341
2007-03-23,3095.713,3095.713
2007-03-26,3117.481,3117.481
2007-03-27,3121.146,3121.146
2007-03-28,3065.651,3065.651
2007-03-29,3093.874,3093.874
2007-03-30,3123.925,3123.925
2007-04-02,3172.466,3172.466
2007-04-03,3269.22,3269.22
2007-04-04,3344.785,3344.785
2007-04-05,3268.281,3268.281
2007-04-09,3304.948,3304.948
2007-04-10,3348.392,3348.392
2007-04-11,3359.814,3359.814
2007-04-12,3359.437,3359.437
2007-04-13,3366.715,3366.715
2007-04-16,3413.654,3413.654
2007-04-17,3424.611,3424.611
2007-04-18,3406.99,3406.99
2007-04-19,3315.006,3315.006
2007-04-20,3395.09,3395.09
2007-04-23,3437.944,3437.944
2007-04-24,3421.129,3421.129
2007-04-25,3429.92,3429.92
2007-04-26,3513.893,3513.893
2007-04-27,3498.624,3498.624
2007-04-30,3433.432,3433.432
2007-05-01,3468.241,3468.241
2007-05-02,3475.712,3475.712
2007-05-03,3497.324,3497.324
2007-05-04,3537.632,3537.632
2007-05-07,3551,3551
2007-05-08,3523.289,3523.289
2007-05-09,3546.189,3546.189
2007-05-10,3556,3556
2007-05-11,3511.404,3511.404
2007-05-14,3590.132,3590.132
2007-05-15,3588.605,3588.605
2007-05-16,3650.351,3650.351
2007-05-21,3696.269,3696.269
2007-05-22,3702.438,3702.438
2007-05-23,3730.205,3730.205
2007-05-24,3632.267,3632.267
2007-05-25,3598.562,3598.562
2007-05-28,3661.798,3661.798
2007-05-29,3645.481,3645.481
2007-05-30,3615.309,3615.309
2007-05-31,3682.543,3682.543
2007-06-04,3766.576,3766.576
2007-06-05,3743.292,3743.292
2007-06-06,3807.2,3807.2
2007-06-07,3776.393,3776.393
2007-06-08,3704.862,3704.862
2007-06-11,3759.974,3759.974
2007-06-12,3781.945,3781.945
2007-06-13,3715.11,3715.11
2007-06-14,3747.949,3747.949
2007-06-15,3775.427,3775.427
2007-06-18,3820.066,3820.066
2007-06-19,3882.798,3882.798
2007-06-20,3930.663,3930.663
2007-06-21,3892.711,3892.711
2007-06-22,3894.022,3894.022
2007-06-25,3902.288,3902.288
2007-06-26,3888.701,3888.701
2007-06-27,3833.058,3833.058
2007-06-28,3811.048,3811.048
2007-06-29,3875.15,3875.15
2007-07-02,3944.594,3944.594
2007-07-03,3981.881,3981.881
2007-07-04,3979.218,3979.218
2007-07-05,4030.581,4030.581
2007-07-06,4069.686,4069.686
2007-07-09,4158.94,4158.94
2007-07-10,4162.936,4162.936
2007-07-11,4136.5,4136.5
2007-07-12,4154.283,4154.283
2007-07-13,4186.924,4186.924
2007-07-16,4138.88,4138.88
2007-07-17,4185.581,4185.581
2007-07-18,4191.802,4191.802
2007-07-19,4271.824,4271.824
2007-07-20,4363.76,4363.76
2007-07-23,4433.084,4433.084
2007-07-24,4471.708,4471.708
2007-07-25,4450.623,4450.623
2007-07-26,4374.684,4374.684
2007-07-27,4243.066,4243.066
2007-07-30,4237.297,4237.297
2007-07-31,4326.516,4326.516
2007-08-01,4116.76,4116.76
2007-08-02,4118.741,4118.741
2007-08-03,4113.453,4113.453
2007-08-06,3960.433,3960.433
2007-08-07,3915.739,3915.739
2007-08-08,4098.561,4098.561
2007-08-09,4066.686,4066.686
2007-08-10,3989.015,3989.015
2007-08-13,3999.419,3999.419
2007-08-14,3886.164,3886.164
2007-08-15,3609.893,3609.893
2007-08-16,3358.225,3358.225
2007-08-20,3610.077,3610.077
2007-08-21,3485.462,3485.462
2007-08-22,3643.613,3643.613
2007-08-23,3764.442,3764.442
2007-08-24,3769.321,3769.321
2007-08-27,3845.017,3845.017
2007-08-28,3823.208,3823.208
2007-08-29,3800.294,3800.294
2007-08-30,3815.403,3815.403
2007-08-31,3923.539,3923.539
2007-09-03,3943.121,3943.121
2007-09-04,3926.976,3926.976
2007-09-05,3952.491,3952.491
2007-09-06,3995.89,3995.89
2007-09-07,4023.816,4023.816
2007-09-10,3965.702,3965.702
2007-09-11,3981.085,3981.085
2007-09-12,3963.972,3963.972
2007-09-13,3985.905,3985.905
2007-09-14,4001.546,4001.546
2007-09-17,4002.879,4002.879
2007-09-18,4055.603,4055.603
2007-09-19,4195.651,4195.651
2007-09-20,4166.568,4166.568
2007-09-21,4249.386,4249.386
2007-09-24,4301.927,4301.927
2007-09-25,4246.806,4246.806
2007-09-26,4299.56,4299.56
2007-09-27,4342.522,4342.522
2007-09-28,4307.014,4307.014
2007-10-01,4353.453,4353.453
2007-10-02,4442.914,4442.914
2007-10-03,4431.91,4431.91
2007-10-04,4494.657,4494.657
2007-10-05,4538.724,4538.724
2007-10-08,4603.148,4603.148
2007-10-09,4674.839,4674.839
2007-10-10,4781.927,4781.927
2007-10-11,4894.915,4894.915
2007-10-17,4963.737,4963.737
2007-10-18,4909.94,4909.94
2007-10-19,4777.003,4777.003
2007-10-22,4508.402,4508.402
2007-10-23,4739.178,4739.178
2007-10-24,4665.98,4665.98
2007-10-25,4830.246,4830.246
2007-10-26,4852.265,4852.265
2007-10-29,4962.412,4962.412
2007-10-30,4962.287,4962.287
2007-10-31,4957.104,4957.104
2007-11-01,5079.336,5079.336
2007-11-02,5094.665,5094.665
2007-11-05,4954.083,4954.083
2007-11-06,5057.359,5057.359
2007-11-07,5124.284,5124.284
2007-11-08,5102.368,5102.368
2007-11-09,5228.785,5228.785
2007-11-12,5185.646,5185.646
2007-11-13,5076.622,5076.622
2007-11-14,5199.227,5199.227
2007-11-15,5246.013,5246.013
2007-11-16,5160.045,5160.045
2007-11-19,5092.963,5092.963
2007-11-20,5098.398,5098.398
2007-11-21,4950.579,4950.579
2007-11-22,4938.399,4938.399
2007-11-23,4980.353,4980.353
2007-11-26,5172.462,5172.462
2007-11-27,5148.481,5148.481
2007-11-28,5243.983,5243.983
2007-11-29,5254.889,5254.889
2007-11-30,5254.445,5254.445
2007-12-03,5333.602,5333.602
2007-12-04,5411.428,5411.428
2007-12-05,5425.594,5425.594
2007-12-06,5468.721,5468.721
2007-12-07,5417.605,5417.605
2007-12-10,5411.389,5411.389
2007-12-11,5503.961,5503.961
2007-12-12,5482.583,5482.583
2007-12-13,5383.086,5383.086
2007-12-14,5344.925,5344.925
2007-12-17,5161.033,5161.033
2007-12-18,5119.678,5119.678
2007-12-19,5139.053,5139.053
2007-12-26,5280.373,5280.373
2007-12-27,5318.03,5318.03
2007-12-28,5333.917,5333.917
2008-01-02,5262.74,5262.74
2008-01-03,5202.923,5202.923
2008-01-04,5317.162,5317.162
2008-01-07,5342.585,5342.585
2008-01-08,5343.794,5343.794
2008-01-09,5427.206,5427.206
2008-01-14,5403.355,5403.355
2008-01-15,5241.689,5241.689
2008-01-16,4903.975,4903.975
2008-01-17,5028.186,5028.186
2008-01-18,4904.879,4904.879
2008-01-21,4599.681,4599.681
2008-01-22,4136.769,4136.769
2008-01-23,4609.922,4609.922
2008-01-24,4666.995,4666.995
2008-01-25,4932.438,4932.438
2008-01-28,4876.474,4876.474
2008-01-29,4974.735,4974.735
2008-01-30,4961.426,4961.426
2008-01-31,4985.88,4985.88
2008-02-01,5025.289,5025.289
2008-02-04,5135.944,5135.944
2008-02-05,5134.604,5134.604
2008-02-06,4986.479,4986.479
2008-02-08,4985.521,4985.521
2008-02-11,4843.794,4843.794
2008-02-12,4851.094,4851.094
2008-02-13,4869.132,4869.132
2008-02-14,5007.857,5007.857
2008-02-15,5064.73,5064.73
2008-02-18,5046.977,5046.977
2008-02-19,5111.142,5111.142
2008-02-20,5064.978,5064.978
2008-02-21,5176.32,5176.32
2008-02-22,5212.593,5212.593
2008-02-25,5258.848,5258.848
2008-02-26,5237.1,5237.1
2008-02-27,5199.187,5199.187
2008-02-28,5205.892,5205.892
2008-02-29,5128.764,5128.764
2008-03-03,4975.736,4975.736
2008-03-04,4933.832,4933.832
2008-03-05,4915.097,4915.097
2008-03-06,4956.826,4956.826
2008-03-10,4632.138,4632.138
2008-03-11,4625.868,4625.868
2008-03-12,4673.914,4673.914
2008-03-13,4394.741,4394.741
2008-03-14,4262.661,4262.661
2008-03-17,4056.001,4056.001
2008-03-18,4096.769,4096.769
2008-03-19,4019.814,4019.814
2008-03-24,4054.626,4054.626
2008-03-25,4254.982,4254.982
2008-03-26,4298.287,4298.287
2008-03-27,4356.693,4356.693
2008-03-28,4389.092,4389.092
2008-03-31,4320.461,4320.461
2008-04-01,4170.604,4170.604
2008-04-02,4023.889,4023.889
2008-04-03,3790.039,3790.039
2008-04-04,3870.93,3870.93
2008-04-07,3945.792,3945.792
2008-04-08,3888.619,3888.619
2008-04-09,3761.16,3761.16
2008-04-10,3883.789,3883.789
2008-04-11,4018.149,4018.149
2008-04-14,3958.792,3958.792
2008-04-15,4004.339,4004.339
2008-04-16,4108.018,4108.018
2008-04-17,4103.033,4103.033
2008-04-18,4124.381,4124.381
2008-04-21,4127.766,4127.766
2008-04-22,4059.705,4059.705
2008-04-23,4131.533,4131.533
2008-04-24,4011.704,4011.704
2008-04-25,3924.015,3924.015
2008-04-28,3953.816,3953.816
2008-04-29,4062.486,4062.486
2008-04-30,4045.829,4045.829
2008-05-02,4098.653,4098.653
2008-05-05,4170.925,4170.925
2008-05-06,4174.743,4174.743
2008-05-07,4235.217,4235.217
2008-05-08,4236.138,4236.138
2008-05-09,4219.776,4219.776
2008-05-12,4230.156,4230.156
2008-05-13,4305.75,4305.75
2008-05-14,4341.143,4341.143
2008-05-15,4331.798,4331.798
2008-05-16,4401.592,4401.592
2008-05-19,4523.841,4523.841
2008-05-21,4488.485,4488.485
2008-05-22,4511.095,4511.095
2008-05-23,4450.185,4450.185
2008-05-26,4378.46,4378.46
2008-05-27,4364.976,4364.976
2008-05-28,4444.775,4444.775
2008-05-29,4520.161,4520.161
2008-05-30,4520.288,4520.288
2008-06-02,4474.43,4474.43
2008-06-03,4404.039,4404.039
2008-06-04,4286.86,4286.86
2008-06-05,4343.633,4343.633
2008-06-06,4400.772,4400.772
2008-06-09,4419.058,4419.058
2008-06-10,4309.123,4309.123
2008-06-11,4285.819,4285.819
2008-06-12,4389.182,4389.182
2008-06-13,4355.626,4355.626
2008-06-16,4357.114,4357.114
2008-06-17,4365.13,4365.13
2008-06-18,4346.623,4346.623
2008-06-19,4386.94,4386.94
2008-06-20,4412.764,4412.764
2008-06-23,4398.089,4398.089
2008-06-24,4381.196,4381.196
2008-06-25,4322.331,4322.331
2008-06-26,4331.464,4331.464
2008-06-27,4285.864,4285.864
2008-06-30,4330.528,4330.528
2008-07-01,4388.139,4388.139
2008-07-02,4361.908,4361.908
2008-07-03,4191.367,4191.367
2008-07-04,4250.895,4250.895
2008-07-07,4241.228,4241.228
2008-07-08,4193.358,4193.358
2008-07-09,4184.418,4184.418
2008-07-10,4152.047,4152.047
2008-07-11,4154.042,4154.042
2008-07-14,4134.409,4134.409
2008-07-15,4068.653,4068.653
2008-07-16,4044.082,4044.082
2008-07-17,3948.616,3948.616
2008-07-18,3886.414,3886.414
2008-07-21,4012.554,4012.554
2008-07-22,4064.959,4064.959
2008-07-23,4069.563,4069.563
2008-07-24,4121.595,4121.595
2008-07-25,4105.875,4105.875
2008-07-28,4135.922,4135.922
2008-07-29,4137.536,4137.536
2008-07-31,4183.965,4183.965
2008-08-01,4083.68,4083.68
2008-08-04,4039.634,4039.634
2008-08-05,3949.098,3949.098
2008-08-06,3946.4,3946.4
2008-08-07,3986.835,3986.835
2008-08-08,3996.561,3996.561
2008-08-11,3871.797,3871.797
2008-08-12,3712.659,3712.659
2008-08-13,3725.617,3725.617
2008-08-14,3817.748,3817.748
2008-08-15,3762.788,3762.788
2008-08-19,3670.236,3670.236
2008-08-20,3719.94,3719.94
2008-08-21,3760.641,3760.641
2008-08-22,3806.197,3806.197
2008-08-25,3814.857,3814.857
2008-08-26,3777.408,3777.408
2008-08-27,3830.596,3830.596
2008-08-28,3855.397,3855.397
2008-08-29,3898.435,3898.435
2008-09-01,3908.735,3908.735
2008-09-02,3908.458,3908.458
2008-09-03,3792.113,3792.113
2008-09-04,3714.066,3714.066
2008-09-05,3608.06,3608.06
2008-09-08,3611.499,3611.499
2008-09-09,3461.13,3461.13
2008-09-10,3298.865,3298.865
2008-09-11,3257.691,3257.691
2008-09-12,3132.883,3132.883
2008-09-15,2957.29,2957.29
2008-09-16,3031.58,3031.58
2008-09-17,3083.862,3083.862
2008-09-18,3137.37,3137.37
2008-09-19,3374.95,3374.95
2008-09-22,3371.302,3371.302
2008-09-23,3314.527,3314.527
2008-09-24,3330.141,3330.141
2008-09-25,3274.965,3274.965
2008-09-26,3226.35,3226.35
2008-09-29,3177.207,3177.207
2008-09-30,5721.143,5721.143
2008-10-06,2758.368,2758.368
2008-10-07,2735.94,2735.94
2008-10-08,2410.717,2410.717
2008-10-09,2410.717,2410.717
2008-10-10,2410.717,2410.717
2008-10-13,2467.538,2467.538
2008-10-14,2650.491,2650.491
2008-10-15,2559.812,2559.812
2008-10-16,2441.543,2441.543
2008-10-17,2298.454,2298.454
2008-10-20,2355.331,2355.331
2008-10-21,2382.409,2382.409
2008-10-22,2259.593,2259.593
2008-10-23,2161.657,2161.657
2008-10-24,1989.418,1989.418
2008-10-27,1845.95,1845.95
2008-10-28,1757.614,1757.614
2008-10-29,1736.355,1736.355
2008-10-30,1862.333,1862.333
2008-10-31,2055.001,2055.001
2008-11-03,2304.826,2304.826
2008-11-04,2372.485,2372.485
2008-11-05,2304.621,2304.621
2008-11-06,2159.91,2159.91
2008-11-07,2267.195,2267.195
2008-11-10,2263.177,2263.177
2008-11-11,2248.14,2248.14
2008-11-12,2254.448,2254.448
2008-11-13,2108.271,2108.271
2008-11-14,2126.205,2126.205
2008-11-17,2063.099,2063.099
2008-11-18,1962.952,1962.952
2008-11-19,1932.984,1932.984
2008-11-20,1874.272,1874.272
2008-11-21,1889.969,1889.969
2008-11-24,1868.471,1868.471
2008-11-25,1895.145,1895.145
2008-11-26,1988.186,1988.186
2008-11-27,1998.101,1998.101
2008-11-28,2093.266,2093.266
2008-12-01,2042.415,2042.415
2008-12-02,1968.68,1968.68
2008-12-03,1958.796,1958.796
2008-12-04,2009.37,2009.37
2008-12-05,1995.347,1995.347
2008-12-09,2134.323,2134.323
2008-12-10,2275.648,2275.648
2008-12-11,2283.253,2283.253
2008-12-12,2135.907,2135.907
2008-12-15,2368.159,2368.159
2008-12-16,2320.344,2320.344
2008-12-17,2342.133,2342.133
2008-12-18,2330.058,2330.058
2008-12-19,2300.806,2300.806
2008-12-22,2271.072,2271.072
2008-12-23,2276.454,2276.454
2008-12-24,2255.493,2255.493
2008-12-26,2265.143,2265.143
2008-12-30,2280.759,2280.759
2009-01-05,2454.45,2454.45
2009-01-06,2454.183,2454.183
2009-01-07,2429.808,2429.808
2009-01-08,2376.372,2376.372
2009-01-09,2431.786,2431.786
2009-01-12,2406.27,2406.27
2009-01-13,2380.293,2380.293
2009-01-14,2358.119,2358.119
2009-01-15,2264.469,2264.469
2009-01-16,2319.774,2319.774
2009-01-19,2302.557,2302.557
2009-01-20,2298.013,2298.013
2009-01-21,2239.295,2239.295
2009-01-22,2255.983,2255.983
2009-01-23,2229.475,2229.475
2009-01-27,2278.596,2278.596
2009-01-28,2252.498,2252.498
2009-01-29,2255.97,2255.97
2009-01-30,2277.925,2277.925
2009-02-02,2230.325,2230.325
2009-02-03,2228.468,2228.468
2009-02-04,2242.229,2242.229
2009-02-05,2255.565,2255.565
2009-02-06,2313.402,2313.402
2009-02-09,2293.337,2293.337
2009-02-10,2266.81,2266.81
2009-02-11,2266.476,2266.476
2009-02-12,2254.778,2254.778
2009-02-13,2284.695,2284.695
2009-02-16,2283.713,2283.713
2009-02-17,2234.476,2234.476
2009-02-18,2260.767,2260.767
2009-02-19,2255.879,2255.879
2009-02-20,2222.027,2222.027
2009-02-23,2250.149,2250.149
2009-02-24,2216.453,2216.453
2009-02-25,2239.837,2239.837
2009-02-26,2212.253,2212.253
2009-02-27,2195.063,2195.063
2009-03-02,2117.844,2117.844
2009-03-03,2134.701,2134.701
2009-03-04,2194.505,2194.505
2009-03-05,2170.799,2170.799
2009-03-06,2168.576,2168.576
2009-03-10,2198.69,2198.69
2009-03-11,2220.326,2220.326
2009-03-12,2229.686,2229.686
2009-03-13,2266.847,2266.847
2009-03-16,2257.035,2257.035
2009-03-17,2230.396,2230.396
2009-03-18,2259.894,2259.894
2009-03-19,2289.028,2289.028
2009-03-20,2320.263,2320.263
2009-03-23,2420.306,2420.306
2009-03-24,2466.322,2466.322
2009-03-25,2438.177,2438.177
2009-03-27,2505.891,2505.891
2009-03-30,2406.766,2406.766
2009-03-31,2436.698,2436.698
2009-04-01,2498.774,2498.774
2009-04-02,2586.493,2586.493
2009-04-03,2592.672,2592.672
2009-04-06,2631.794,2631.794
2009-04-07,2572.895,2572.895
2009-04-08,2544.551,2544.551
2009-04-13,2714.473,2714.473
2009-04-14,2809.759,2809.759
2009-04-15,2844.657,2844.657
2009-04-16,2899.432,2899.432
2009-04-17,2918.594,2918.594
2009-04-20,2989.812,2989.812
2009-04-21,2920.849,2920.849
2009-04-22,2849.313,2849.313
2009-04-23,2796.077,2796.077
2009-04-24,2818.625,2818.625
2009-04-27,2784.924,2784.924
2009-04-28,2817.792,2817.792
2009-04-29,2922.604,2922.604
2009-04-30,3113.257,3113.257
2009-05-01,3122.736,3122.736
2009-05-04,3264.596,3264.596
2009-05-05,3245.1,3245.1
2009-05-06,3327.091,3327.091
2009-05-07,3455.453,3455.453
2009-05-08,3564.762,3564.762
2009-05-11,3520.972,3520.972
2009-05-12,3597.883,3597.883
2009-05-13,3631.825,3631.825
2009-05-14,3397.695,3397.695
2009-05-15,3286.14,3286.14
2009-05-18,3451.42,3451.42
2009-05-19,3629.951,3629.951
2009-05-20,3619.258,3619.258
2009-05-22,3596.227,3596.227
2009-05-25,3609.071,3609.071
2009-05-26,3507.51,3507.51
2009-05-27,3575.57,3575.57
2009-05-28,3589.831,3589.831
2009-05-29,3695.206,3695.206
2009-06-01,3921.039,3921.039
2009-06-02,3891.673,3891.673
2009-06-03,3919.482,3919.482
2009-06-04,3972.726,3972.726
2009-06-05,4113.012,4113.012
2009-06-08,4028.642,4028.642
2009-06-09,4084.741,4084.741
2009-06-10,4142.824,4142.824
2009-06-11,4056.298,4056.298
2009-06-12,4038.019,4038.019
2009-06-15,3942.515,3942.515
2009-06-16,3851.514,3851.514
2009-06-17,3842.575,3842.575
2009-06-18,3667.377,3667.377
2009-06-19,3737.155,3737.155
2009-06-22,3635.789,3635.789
2009-06-23,3455.266,3455.266
2009-06-24,3691.425,3691.425
2009-06-25,3817.044,3817.044
2009-06-26,3806.081,3806.081
2009-06-29,3812.671,3812.671
2009-06-30,3778.83,3778.83
2009-07-01,3820.48,3820.48
2009-07-02,3799.661,3799.661
2009-07-03,3793.134,3793.134
2009-07-06,3682.499,3682.499
2009-07-07,3827.607,3827.607
2009-07-09,3809.116,3809.116
2009-07-10,3761.824,3761.824
2009-07-13,3664.285,3664.285
2009-07-14,3734.798,3734.798
2009-07-15,3866.856,3866.856
2009-07-16,3858.762,3858.762
2009-07-17,3824.244,3824.244
2009-07-21,3954.796,3954.796
2009-07-22,3915.144,3915.144
2009-07-23,3974.308,3974.308
2009-07-24,4010.655,4010.655
2009-07-27,4035.888,4035.888
2009-07-28,4117.021,4117.021
2009-07-29,4077.541,4077.541
2009-07-30,4268.487,4268.487
2009-07-31,4374.378,4374.378
2009-08-03,4381.328,4381.328
2009-08-04,4429.904,4429.904
2009-08-05,4332.668,4332.668
2009-08-06,4456.021,4456.021
2009-08-07,4407.149,4407.149
2009-08-10,4498.466,4498.466
2009-08-11,4557.745,4557.745
2009-08-12,4434.614,4434.614
2009-08-13,4610.453,4610.453
2009-08-14,4588.778,4588.778
2009-08-18,4471.572,4471.572
2009-08-19,4261.514,4261.514
2009-08-20,4396.951,4396.951
2009-08-21,4396.408,4396.408
2009-08-24,4565.74,4565.74
2009-08-25,4565.437,4565.437
2009-08-26,4559.317,4559.317
2009-08-27,4477.043,4477.043
2009-08-28,4500,4500
2009-08-31,4394.255,4394.255
2009-09-01,4344.214,4344.214
2009-09-02,4248.18,4248.18
2009-09-03,4358.145,4358.145
2009-09-04,4334.6,4334.6
2009-09-07,4357.729,4357.729
2009-09-08,4481.349,4481.349
2009-09-09,4492.088,4492.088
2009-09-10,4557.862,4557.862
2009-09-11,4567.937,4567.937
2009-09-14,4466.559,4466.559
2009-09-15,4576.764,4576.764
2009-09-16,4648.187,4648.187
2009-09-17,4663.742,4663.742
2009-09-24,4639.113,4639.113
2009-09-25,4614.75,4614.75
2009-09-28,4507.986,4507.986
2009-09-29,4611.406,4611.406
2009-09-30,4666.092,4666.092
2009-10-01,4654.919,4654.919
2009-10-02,4636.122,4636.122
2009-10-05,4658.354,4658.354
2009-10-06,4747.219,4747.219
2009-10-07,4732.982,4732.982
2009-10-08,4676.507,4676.507
2009-10-09,4656.303,4656.303
2009-10-12,4618.298,4618.298
2009-10-13,4623.971,4623.971
2009-10-14,4724.532,4724.532
2009-10-15,4729.073,4729.073
2009-10-16,4717.264,4717.264
2009-10-19,4740.491,4740.491
2009-10-20,4674.56,4674.56
2009-10-21,4640.964,4640.964
2009-10-22,4547.094,4547.094
2009-10-23,4618.788,4618.788
2009-10-26,4621.073,4621.073
2009-10-27,4533.027,4533.027
2009-10-28,4340.059,4340.059
2009-10-29,4346.426,4346.426
2009-10-30,4381.845,4381.845
2009-11-02,4389.547,4389.547
2009-11-03,4288.17,4288.17
2009-11-04,4382.104,4382.104
2009-11-05,4350.179,4350.179
2009-11-06,4434.614,4434.614
2009-11-09,4445.371,4445.371
2009-11-10,4376.34,4376.34
2009-11-11,4460.639,4460.639
2009-11-12,4451.996,4451.996
2009-11-13,4480.37,4480.37
2009-11-16,4559.401,4559.401
2009-11-17,4566.715,4566.715
2009-11-18,4568.352,4568.352
2009-11-19,4516.066,4516.066
2009-11-20,4572.586,4572.586
2009-11-23,4562.434,4562.434
2009-11-24,4523.59,4523.59
2009-11-25,4480.735,4480.735
2009-11-26,4326.316,4326.316
2009-11-30,4348.856,4348.856
2009-12-01,4438.013,4438.013
2009-12-02,4482.134,4482.134
2009-12-03,4545.496,4545.496
2009-12-04,4561.614,4561.614
2009-12-07,4497.78,4497.78
2009-12-08,4483.486,4483.486
2009-12-09,4512.447,4512.447
2009-12-10,4510.318,4510.318
2009-12-11,4558.446,4558.446
2009-12-14,4533.7,4533.7
2009-12-15,4504.809,4504.809
2009-12-16,4554.555,4554.555
2009-12-17,4520.421,4520.421
2009-12-21,4348.917,4348.917
2009-12-22,4419.83,4419.83
2009-12-23,4433.343,4433.343
2009-12-28,4513.049,4513.049
2009-12-29,4546.545,4546.545
2009-12-30,4558.498,4558.498
2010-01-04,4619.947,4619.947
2010-01-05,4692.175,4692.175
2010-01-06,4720.161,4720.161
2010-01-07,4715.225,4715.225
2010-01-08,4784.68,4784.68
2010-01-11,4803.689,4803.689
2010-01-12,4856.39,4856.39
2010-01-13,4790.163,4790.163
2010-01-14,4836.044,4836.044
2010-01-15,4824.321,4824.321
2010-01-18,4788.145,4788.145
2010-01-19,4853.839,4853.839
2010-01-20,4855.387,4855.387
2010-01-21,4820.375,4820.375
2010-01-22,4745.596,4745.596
2010-01-25,4708.854,4708.854
2010-01-26,4649.234,4649.234
2010-01-27,4611.079,4611.079
2010-01-28,4733.195,4733.195
2010-01-29,4686.983,4686.983
2010-02-01,4646.659,4646.659
2010-02-02,4634.348,4634.348
2010-02-03,4693.809,4693.809
2010-02-04,4688.493,4688.493
2010-02-05,4526.842,4526.842
2010-02-08,4424.799,4424.799
2010-02-09,4460.375,4460.375
2010-02-10,4442.348,4442.348
2010-02-11,4485.176,4485.176
2010-02-12,4546.664,4546.664
2010-02-15,4497.334,4497.334
2010-02-16,4586.104,4586.104
2010-02-17,4638.933,4638.933
2010-02-18,4586.125,4586.125
2010-02-19,4570.457,4570.457
2010-02-22,4597.814,4597.814
2010-02-23,4654.345,4654.345
2010-02-24,4629.491,4629.491
2010-02-25,4571.198,4571.198
2010-03-01,4581.795,4581.795
2010-03-02,4622.659,4622.659
2010-03-03,4601.726,4601.726
2010-03-04,4588.294,4588.294
2010-03-05,4610.996,4610.996
2010-03-08,4691.628,4691.628
2010-03-09,4765.252,4765.252
2010-03-10,4778.596,4778.596
2010-03-11,4793.763,4793.763
2010-03-12,4762.303,4762.303
2010-03-15,4771.139,4771.139
2010-03-17,4909.553,4909.553
2010-03-18,4885.782,4885.782
2010-03-19,4908.633,4908.633
2010-03-22,4773.799,4773.799
2010-03-23,4789.708,4789.708
2010-03-24,4891.933,4891.933
2010-03-25,4943.25,4943.25
2010-03-26,4992.102,4992.102
2010-03-29,4961.697,4961.697
2010-03-30,4982.259,4982.259
2010-03-31,4928.368,4928.368
2010-04-01,5056.771,5056.771
2010-04-05,5131.809,5131.809
2010-04-06,5113.667,5113.667
2010-04-07,5125.101,5125.101
2010-04-08,5023.688,5023.688
2010-04-09,5036.787,5036.787
2010-04-12,5080.943,5080.943
2010-04-13,5095.132,5095.132
2010-04-14,5095.646,5095.646
2010-04-15,5115.295,5115.295
2010-04-16,5077.194,5077.194
2010-04-19,4987.691,4987.691
2010-04-20,5098.072,5098.072
2010-04-21,5144.325,5144.325
2010-04-22,5229.032,5229.032
2010-04-23,5212.976,5212.976
2010-04-26,5237.622,5237.622
2010-04-27,5223.899,5223.899
2010-04-28,5154.507,5154.507
2010-04-29,5203.321,5203.321
2010-04-30,5281.576,5281.576
2010-05-03,5212.995,5212.995
2010-05-04,5170.581,5170.581
2010-05-05,4896.191,4896.191
2010-05-06,4849.52,4849.52
2010-05-07,4686.229,4686.229
2010-05-10,4932.047,4932.047
2010-05-11,4856.888,4856.888
2010-05-12,4926.646,4926.646
2010-05-14,4938.952,4938.952
2010-05-17,4823.665,4823.665
2010-05-18,4859.963,4859.963
2010-05-19,4603.216,4603.216
2010-05-20,4522.623,4522.623
2010-05-21,4368.064,4368.064
2010-05-24,4264.404,4264.404
2010-05-25,4021.331,4021.331
2010-05-26,4409.973,4409.973
2010-05-27,4451.135,4451.135
2010-05-31,4600.456,4600.456
2010-06-01,4476.803,4476.803
2010-06-02,4453.168,4453.168
2010-06-03,4581.942,4581.942
2010-06-04,4606.261,4606.261
2010-06-07,4473.407,4473.407
2010-06-08,4511.177,4511.177
2010-06-09,4565.61,4565.61
2010-06-10,4543.589,4543.589
2010-06-11,4620.525,4620.525
2010-06-14,4652.741,4652.741
2010-06-15,4649.95,4649.95
2010-06-16,4713.433,4713.433
2010-06-17,4761.736,4761.736
2010-06-18,4829.619,4829.619
2010-06-21,4869.018,4869.018
2010-06-22,4832.738,4832.738
2010-06-23,4803.328,4803.328
2010-06-24,4772.784,4772.784
2010-06-25,4826.638,4826.638
2010-06-28,4846.285,4846.285
2010-06-29,4738.074,4738.074
2010-06-30,4797.268,4797.268
2010-07-01,4720.162,4720.162
2010-07-02,4714.924,4714.924
2010-07-05,4728.347,4728.347
2010-07-06,4779.547,4779.547
2010-07-07,4750.082,4750.082
2010-07-08,4892.966,4892.966
2010-07-09,5013.419,5013.419
2010-07-12,5037.081,5037.081
2010-07-13,5047.602,5047.602
2010-07-14,5085.662,5085.662
2010-07-15,5076.709,5076.709
2010-07-16,5095.986,5095.986
2010-07-19,5067.617,5067.617
2010-07-20,5102.244,5102.244
2010-07-21,5123.127,5123.127
2010-07-22,5116.953,5116.953
2010-07-23,5215.196,5215.196
2010-07-26,5128.65,5128.65
2010-07-27,5131.287,5131.287
2010-07-28,5150.892,5150.892
2010-07-29,5212.769,5212.769
2010-07-30,5163.245,5163.245
2010-08-02,5154.376,5154.376
2010-08-03,5032.713,5032.713
2010-08-04,5030.258,5030.258
2010-08-05,5141.476,5141.476
2010-08-06,5171.124,5171.124
2010-08-09,5213.097,5213.097
2010-08-10,5157.66,5157.66
2010-08-11,5089.295,5089.295
2010-08-12,5080.063,5080.063
2010-08-13,5137.389,5137.389
2010-08-16,5136.766,5136.766
2010-08-18,5190.635,5190.635
2010-08-19,5216.03,5216.03
2010-08-20,5217.851,5217.851
2010-08-23,5213.36,5213.36
2010-08-24,5200.402,5200.402
2010-08-25,5211.618,5211.618
2010-08-26,5229.905,5229.905
2010-08-27,5158.544,5158.544
2010-08-30,5155.005,5155.005
2010-08-31,5120.025,5120.025
2010-09-01,5194.245,5194.245
2010-09-02,5180.873,5180.873
2010-09-03,5238.414,5238.414
2010-09-06,5316.426,5316.426
2010-09-07,5322.46,5322.46
2010-09-08,5321.993,5321.993
2010-09-14,5319.228,5319.228
2010-09-15,5540.288,5540.288
2010-09-16,5519.075,5519.075
2010-09-17,5583.51,5583.51
2010-09-20,5540.552,5540.552
2010-09-21,5507.061,5507.061
2010-09-22,5479.511,5479.511
2010-09-23,5443.631,5443.631
2010-09-24,5541.093,5541.093
2010-09-27,5605.521,5605.521
2010-09-28,5617.779,5617.779
2010-09-29,5661.997,5661.997
2010-09-30,5721.143,5721.143
2010-10-01,5787.787,5787.787
2010-10-04,5798.992,5798.992
2010-10-05,5813.895,5813.895
2010-10-06,5876.96,5876.96
2010-10-07,5894.049,5894.049
2010-10-08,5840.716,5840.716
2010-10-11,5852.474,5852.474
2010-10-12,5853.73,5853.73
2010-10-13,5943.035,5943.035
2010-10-14,5928.903,5928.903
2010-10-15,5944.57,5944.57
2010-10-18,5877.645,5877.645
2010-10-19,5895.917,5895.917
2010-10-20,5856.625,5856.625
2010-10-21,5933.765,5933.765
2010-10-22,5907.777,5907.777
2010-10-25,5989.26,5989.26
2010-10-26,5964.207,5964.207
2010-10-27,5903.066,5903.066
2010-10-28,5927.141,5927.141
2010-10-29,5895.649,5895.649
2010-11-01,5918.664,5918.664
2010-11-02,5917.648,5917.648
2010-11-03,5850.506,5850.506
2010-11-04,5935.896,5935.896
2010-11-05,6023.893,6023.893
2010-11-08,6124.972,6124.972
2010-11-09,6206.542,6206.542
2010-11-10,6180.993,6180.993
2010-11-11,6152.653,6152.653
2010-11-12,6004.605,6004.605
2010-11-15,5945.147,5945.147
2010-11-16,5949.653,5949.653
2010-11-18,5947.292,5947.292
2010-11-19,6058.345,6058.345
2010-11-22,6090.5,6090.5
2010-11-23,5956.792,5956.792
2010-11-24,5917.667,5917.667
2010-11-25,6006.205,6006.205
2010-11-26,5928.032,5928.032
2010-11-29,5909.723,5909.723
2010-11-30,5788.131,5788.131
2010-12-01,5946.95,5946.95
2010-12-02,6073.494,6073.494
2010-12-03,6069.873,6069.873
2010-12-06,6152.409,6152.409
2010-12-08,6217.63,6217.63
2010-12-09,6217.411,6217.411
2010-12-10,6275.269,6275.269
2010-12-13,6243.59,6243.59
2010-12-14,6186.647,6186.647
2010-12-15,6129.903,6129.903
2010-12-16,5958.813,5958.813
2010-12-17,5968.368,5968.368
2010-12-20,5971.704,5971.704
2010-12-21,6101.028,6101.028
2010-12-22,6095.377,6095.377
2010-12-23,6074.834,6074.834
2010-12-27,6099.209,6099.209
2010-12-28,6195.296,6195.296
2010-12-29,6299.079,6299.079
2010-12-30,6318.467,6318.467
2011-01-03,6435.326,6435.326
2011-01-04,6558.33,6558.33
2011-01-05,6561.762,6561.762
2011-01-06,6455.971,6455.971
2011-01-07,6240.633,6240.633
2011-01-10,5940.807,5940.807
2011-01-11,5883.192,5883.192
2011-01-12,6109.563,6109.563
2011-01-13,6132.694,6132.694
2011-01-14,6104.058,6104.058
2011-01-17,6000.057,6000.057
2011-01-18,6032.423,6032.423
2011-01-19,6015.141,6015.141
2011-01-20,5809.013,5809.013
2011-01-21,5661.407,5661.407
2011-01-24,5586.709,5586.709
2011-01-25,5776.494,5776.494
2011-01-26,5872.458,5872.458
2011-01-27,5889.446,5889.446
2011-01-28,5781.372,5781.372
2011-01-31,5613.507,5613.507
2011-02-01,5718.144,5718.144
2011-02-02,5816.348,5816.348
2011-02-04,5827.077,5827.077
2011-02-07,5791.214,5791.214
2011-02-08,5759.083,5759.083
2011-02-09,5650.248,5650.248
2011-02-10,5580.924,5580.924
2011-02-11,5639.831,5639.831
2011-02-14,5692.186,5692.186
2011-02-16,5669.112,5669.112
2011-02-17,5694.302,5694.302
2011-02-18,5821.743,5821.743
2011-02-21,5835.017,5835.017
2011-02-22,5744.328,5744.328
2011-02-23,5807.877,5807.877
2011-02-24,5721.947,5721.947
2011-02-25,5711.867,5711.867
2011-02-28,5765.245,5765.245
2011-03-01,5829.158,5829.158
2011-03-02,5800.841,5800.841
2011-03-03,5830.016,5830.016
2011-03-04,5930.44,5930.44
2011-03-07,5964.199,5964.199
2011-03-08,6000.172,6000.172
2011-03-09,6016.901,6016.901
2011-03-10,6018.01,6018.01
2011-03-11,5902.227,5902.227
2011-03-14,5949.535,5949.535
2011-03-15,5877.771,5877.771
2011-03-16,5903.664,5903.664
2011-03-17,5828.499,5828.499
2011-03-18,5899.262,5899.262
2011-03-21,5943.236,5943.236
2011-03-22,5937.405,5937.405
2011-03-23,6004.575,6004.575
2011-03-24,6107.397,6107.397
2011-03-25,6076.422,6076.422
2011-03-28,6063.334,6063.334
2011-03-29,6061.337,6061.337
2011-03-30,6165.938,6165.938
2011-03-31,6177.645,6177.645
2011-04-01,6237.501,6237.501
2011-04-04,6236.325,6236.325
2011-04-05,6215.334,6215.334
2011-04-06,6303.373,6303.373
2011-04-07,6321.422,6321.422
2011-04-08,6326.54,6326.54
2011-04-11,6309.03,6309.03
2011-04-12,6255.129,6255.129
2011-04-13,6308.035,6308.035
2011-04-14,6265.028,6265.028
2011-04-15,6325.216,6325.216
2011-04-18,6315.081,6315.081
2011-04-19,6312.179,6312.179
2011-04-20,6422.005,6422.005
2011-04-21,6459.364,6459.364
2011-04-25,6447.273,6447.273
2011-04-26,6424.86,6424.86
2011-04-27,6452.997,6452.997
2011-04-28,6444.304,6444.304
2011-04-29,6464.351,6464.351
2011-05-02,6529.417,6529.417
2011-05-03,6459.531,6459.531
2011-05-04,6484.109,6484.109
2011-05-05,6476.396,6476.396
2011-05-06,6432.472,6432.472
2011-05-09,6411.079,6411.079
2011-05-10,6471.925,6471.925
2011-05-11,6548.771,6548.771
2011-05-12,6492.125,6492.125
2011-05-13,6549.682,6549.682
2011-05-16,6454.463,6454.463
2011-05-18,6533.152,6533.152
2011-05-19,6538.104,6538.104
2011-05-20,6539.102,6539.102
2011-05-23,6362.043,6362.043
2011-05-24,6372.742,6372.742
2011-05-25,6364.643,6364.643
2011-05-26,6421.706,6421.706
2011-05-27,6450.779,6450.779
2011-05-30,6432.906,6432.906
2011-05-31,6457.001,6457.001
2011-06-01,6505.733,6505.733
2011-06-03,6490.021,6490.021
2011-06-06,6482.638,6482.638
2011-06-07,6484.369,6484.369
2011-06-08,6453.823,6453.823
2011-06-09,6453.381,6453.381
2011-06-10,6415.505,6415.505
2011-06-13,6336.912,6336.912
2011-06-14,6375.785,6375.785
2011-06-15,6405.701,6405.701
2011-06-16,6330.308,6330.308
2011-06-17,6300.599,6300.599
2011-06-20,6299.975,6299.975
2011-06-21,6404.588,6404.588
2011-06-22,6445.409,6445.409
2011-06-23,6451.563,6451.563
2011-06-24,6463.161,6463.161
2011-06-27,6409.835,6409.835
2011-06-28,6439.238,6439.238
2011-06-30,6545.271,6545.271
2011-07-01,6636.506,6636.506
2011-07-04,6678.512,6678.512
2011-07-05,6606.474,6606.474
2011-07-06,6573.398,6573.398
2011-07-07,6649.122,6649.122
2011-07-08,6762.256,6762.256
2011-07-11,6764.67,6764.67
2011-07-12,6674.512,6674.512
2011-07-13,6786.325,6786.325
2011-07-14,6835.559,6835.559
2011-07-15,6858.396,6858.396
2011-07-18,6867.966,6867.966
2011-07-19,6851.588,6851.588
2011-07-20,6946.469,6946.469
2011-07-21,6941.684,6941.684
2011-07-22,7034.084,7034.084
2011-07-25,7054.724,7054.724
2011-07-26,7192.592,7192.592
2011-07-27,7308.887,7308.887
2011-07-28,7323.729,7323.729
2011-07-29,7257.925,7257.925
2011-08-01,7365.367,7365.367
2011-08-02,7291.087,7291.087
2011-08-03,7261.645,7261.645
2011-08-04,7168.941,7168.941
2011-08-05,6774.922,6774.922
2011-08-08,6682.26,6682.26
2011-08-09,6479.536,6479.536
2011-08-10,6762.98,6762.98
2011-08-11,6770.168,6770.168
2011-08-12,6799.989,6799.989
2011-08-15,7014.568,7014.568
2011-08-16,7074.446,7074.446
2011-08-18,7185.111,7185.111
2011-08-19,6819.542,6819.542
2011-08-22,6837.768,6837.768
2011-08-23,6905.76,6905.76
2011-08-24,6925.711,6925.711
2011-08-25,6962.004,6962.004
2011-08-26,6880.342,6880.342
2011-09-05,6909.371,6909.371
2011-09-06,6931.047,6931.047
2011-09-07,7098.981,7098.981
2011-09-08,7173.034,7173.034
2011-09-09,7178.026,7178.026
2011-09-12,6952.286,6952.286
2011-09-13,6892.803,6892.803
2011-09-14,6739.445,6739.445
2011-09-15,6692.664,6692.664
2011-09-16,6827.558,6827.558
2011-09-19,6664.017,6664.017
2011-09-20,6638.587,6638.587
2011-09-21,6507.374,6507.374
2011-09-22,5874.793,5874.793
2011-09-23,5984.153,5984.153
2011-09-26,5802.721,5802.721
2011-09-27,6146.153,6146.153
2011-09-28,6209.093,6209.093
2011-09-29,6263.301,6263.301
2011-09-30,6254.076,6254.076
2011-10-03,5844.193,5844.193
2011-10-04,5671.032,5671.032
2011-10-05,5714.114,5714.114
2011-10-06,6090.81,6090.81
2011-10-07,6016.998,6016.998
2011-10-10,6108.389,6108.389
2011-10-11,6295.819,6295.819
2011-10-12,6526.941,6526.941
2011-10-13,6604.748,6604.748
2011-10-14,6564.338,6564.338
2011-10-17,6803.867,6803.867
2011-10-18,6552.159,6552.159
2011-10-19,6707.879,6707.879
2011-10-20,6588.788,6588.788
2011-10-21,6564.134,6564.134
2011-10-24,6758.355,6758.355
2011-10-25,6729.794,6729.794
2011-10-26,6809.457,6809.457
2011-10-27,6927.645,6927.645
2011-10-28,6956.337,6956.337
2011-10-31,6868.881,6868.881
2011-11-01,6638.485,6638.485
2011-11-02,6821.804,6821.804
2011-11-03,6662.649,6662.649
2011-11-04,6835.293,6835.293
2011-11-07,6830.64,6830.64
2011-11-08,6844.942,6844.942
2011-11-09,6982.649,6982.649
2011-11-10,6808.5,6808.5
2011-11-11,6822.698,6822.698
2011-11-14,6929.11,6929.11
2011-11-15,6885.898,6885.898
2011-11-16,6884.104,6884.104
2011-11-17,6836.94,6836.94
2011-11-18,6753.956,6753.956
2011-11-21,6566.802,6566.802
2011-11-22,6690.665,6690.665
2011-11-23,6598.331,6598.331
2011-11-24,6609.72,6609.72
2011-11-25,6505.104,6505.104
2011-11-28,6543.564,6543.564
2011-11-29,6632.459,6632.459
2011-11-30,6644.075,6644.075
2011-12-01,6740.839,6740.839
2011-12-02,6791.63,6791.63
2011-12-05,6787.792,6787.792
2011-12-06,6715.646,6715.646
2011-12-07,6819.682,6819.682
2011-12-08,6773.073,6773.073
2011-12-09,6772.083,6772.083
2011-12-12,6824.506,6824.506
2011-12-13,6805.49,6805.49
2011-12-14,6785.113,6785.113
2011-12-15,6705.72,6705.72
2011-12-16,6825.724,6825.724
2011-12-19,6823.044,6823.044
2011-12-20,6758.315,6758.315
2011-12-21,6846.695,6846.695
2011-12-22,6839.847,6839.847
2011-12-23,6800.537,6800.537
2011-12-27,6778.7,6778.7
2011-12-28,6820.103,6820.103
2011-12-29,6857.396,6857.396
2011-12-30,6885.646,6885.646
2012-01-02,6879.283,6879.283
2012-01-03,6975.468,6975.468
2012-01-04,7031.263,7031.263
2012-01-05,7047.473,7047.473
2012-01-06,6990.496,6990.496
2012-01-09,7032.483,7032.483
2012-01-10,7093.989,7093.989
2012-01-11,7046.107,7046.107
2012-01-12,7031.725,7031.725
2012-01-13,7088.643,7088.643
2012-01-16,7084.851,7084.851
2012-01-17,7178.667,7178.667
2012-01-18,7194.776,7194.776
2012-01-19,7211.332,7211.332
2012-01-20,7113.703,7113.703
2012-01-24,7132.773,7132.773
2012-01-25,7103.429,7103.429
2012-01-26,7116.273,7116.273
2012-01-27,7183.338,7183.338
2012-01-30,7044.328,7044.328
2012-01-31,7125.634,7125.634
2012-02-01,7203.982,7203.982
2012-02-02,7266.717,7266.717
2012-02-03,7262.521,7262.521
2012-02-06,7156.724,7156.724
2012-02-07,7144.073,7144.073
2012-02-08,7247.052,7247.052
2012-02-09,7249.807,7249.807
2012-02-10,7127.15,7127.15
2012-02-13,7223.832,7223.832
2012-02-14,7248.284,7248.284
2012-02-15,7341.977,7341.977
2012-02-16,7278.266,7278.266
2012-02-17,7383.821,7383.821
2012-02-20,7371.158,7371.158
2012-02-21,7378.798,7378.798
2012-02-22,7357.142,7357.142
2012-02-23,7315.888,7315.888
2012-02-24,7190.297,7190.297
2012-02-27,7112.127,7112.127
2012-02-28,7205.243,7205.243
2012-02-29,7288.649,7288.649
2012-03-01,7263.479,7263.479
2012-03-02,7334.999,7334.999
2012-03-05,7310.648,7310.648
2012-03-06,7275.156,7275.156
2012-03-07,7278.759,7278.759
2012-03-08,7353.37,7353.37
2012-03-09,7399.411,7399.411
2012-03-12,7395.595,7395.595
2012-03-13,7458.108,7458.108
2012-03-14,7528.309,7528.309
2012-03-15,7522.689,7522.689
2012-03-16,7528.128,7528.128
2012-03-19,7484.578,7484.578
2012-03-20,7450.517,7450.517
2012-03-21,7467.657,7467.657
2012-03-22,7451,7451
2012-03-26,7380.848,7380.848
2012-03-27,7523.266,7523.266
2012-03-28,7574.34,7574.34
2012-03-29,7631.311,7631.311
2012-03-30,7649.347,7649.347
2012-04-02,7686.471,7686.471
2012-04-03,7762.184,7762.184
2012-04-04,7533.595,7533.595
2012-04-05,7619.877,7619.877
2012-04-09,7594.831,7594.831
2012-04-10,7631.133,7631.133
2012-04-11,7596.637,7596.637
2012-04-12,7691.641,7691.641
2012-04-13,7735.285,7735.285
2012-04-16,7671.065,7671.065
2012-04-17,7742.737,7742.737
2012-04-18,7822.477,7822.477
2012-04-19,7849.214,7849.214
2012-04-20,7871.396,7871.396
2012-04-23,7760.104,7760.104
2012-04-24,7795.815,7795.815
2012-04-25,7867.494,7867.494
2012-04-26,7866.523,7866.523
2012-04-27,7844.444,7844.444
2012-04-30,7855.718,7855.718
2012-05-01,7825.171,7825.171
2012-05-02,7891,7891
2012-05-03,7903.186,7903.186
2012-05-04,7881.547,7881.547
2012-05-07,7743.115,7743.115
2012-05-08,7786.301,7786.301
2012-05-09,7669.925,7669.925
2012-05-10,7667.126,7667.126
2012-05-11,7589.758,7589.758
2012-05-14,7405.665,7405.665
2012-05-15,7409.828,7409.828
2012-05-16,7271.608,7271.608
2012-05-21,7259.73,7259.73
2012-05-22,7406.367,7406.367
2012-05-23,7297.815,7297.815
2012-05-24,7323.994,7323.994
2012-05-25,7146.601,7146.601
2012-05-28,7187.996,7187.996
2012-05-29,7160.136,7160.136
2012-05-30,7114.36,7114.36
2012-05-31,7048.724,7048.724
2012-06-01,6937.113,6937.113
2012-06-04,6663.636,6663.636
2012-06-05,6828.999,6828.999
2012-06-06,7092.638,7092.638
2012-06-07,7059.371,7059.371
2012-06-08,6991.364,6991.364
2012-06-11,7128.817,7128.817
2012-06-12,7124.957,7124.957
2012-06-13,7161.548,7161.548
2012-06-14,6983.134,6983.134
2012-06-15,7030.309,7030.309
2012-06-18,7078.353,7078.353
2012-06-19,7095.934,7095.934
2012-06-20,7249.298,7249.298
2012-06-21,7152.692,7152.692
2012-06-22,7143.439,7143.439
2012-06-25,7078.604,7078.604
2012-06-26,7105.766,7105.766
2012-06-27,7208.014,7208.014
2012-06-28,7099.402,7099.402
2012-06-29,7260.72,7260.72
2012-07-02,7297.592,7297.592
2012-07-03,7425.152,7425.152
2012-07-04,7493.542,7493.542
2012-07-05,7458.174,7458.174
2012-07-06,7467.388,7467.388
2012-07-09,7308.723,7308.723
2012-07-10,7352.946,7352.946
2012-07-11,7398.273,7398.273
2012-07-12,7348.848,7348.848
2012-07-13,7428.105,7428.105
2012-07-16,7509.42,7509.42
2012-07-17,7597.713,7597.713
2012-07-18,7550.174,7550.174
2012-07-19,7589.414,7589.414
2012-07-20,7569.575,7569.575
2012-07-23,7412.448,7412.448
2012-07-24,7399.903,7399.903
2012-07-25,7474.995,7474.995
2012-07-26,7494.892,7494.892
2012-07-27,7581.433,7581.433
2012-07-30,7590.803,7590.803
2012-07-31,7652.149,7652.149
2012-08-01,7628.743,7628.743
2012-08-02,7528.701,7528.701
2012-08-03,7524.326,7524.326
2012-08-06,7536.39,7536.39
2012-08-07,7530.334,7530.334
2012-08-08,7497.315,7497.315
2012-08-09,7532.098,7532.098
2012-08-10,7557.656,7557.656
2012-08-13,7447.322,7447.322
2012-08-14,7483.286,7483.286
2012-08-15,7487.292,7487.292
2012-08-16,7547.193,7547.193
2012-08-23,7510,7510
2012-08-24,7462.4,7462.4
2012-08-27,7471.681,7471.681
2012-08-28,7460.622,7460.622
2012-08-29,7306.886,7306.886
2012-08-30,7139.173,7139.173
2012-08-31,7191.244,7191.244
2012-09-03,7271.529,7271.529
2012-09-04,7264.68,7264.68
2012-09-05,7240.488,7240.488
2012-09-06,7257.86,7257.86
2012-09-07,7328.985,7328.985
2012-09-10,7303.666,7303.666
2012-09-11,7302.78,7302.78
2012-09-12,7365.351,7365.351
2012-09-13,7350.055,7350.055
2012-09-14,7487.035,7487.035
2012-09-17,7497.501,7497.501
2012-09-18,7404.75,7404.75
2012-09-19,7441.015,7441.015
2012-09-20,7440.263,7440.263
2012-09-21,7438.968,7438.968
2012-09-24,7434.237,7434.237
2012-09-25,7522.831,7522.831
2012-09-26,7422.723,7422.723
2012-09-27,7478.462,7478.462
2012-09-28,7561.037,7561.037
2012-10-01,7541.614,7541.614
2012-10-02,7541.407,7541.407
2012-10-03,7543.008,7543.008
2012-10-04,7563.426,7563.426
2012-10-05,7599.814,7599.814
2012-10-08,7515.215,7515.215
2012-10-09,7563.681,7563.681
2012-10-10,7557.457,7557.457
2012-10-11,7547.024,7547.024
2012-10-12,7570.357,7570.357
2012-10-15,7626.213,7626.213
2012-10-16,7670.755,7670.755
2012-10-17,7669.871,7669.871
2012-10-18,7688.738,7688.738
2012-10-19,7672.239,7672.239
2012-10-22,7698.33,7698.33
2012-10-23,7659.231,7659.231
2012-10-24,7672.605,7672.605
2012-10-25,7678.907,7678.907
2012-10-29,7678.175,7678.175
2012-10-30,7720.864,7720.864
2012-10-31,7688.29,7688.29
2012-11-01,7648.04,7648.04
2012-11-02,7638.834,7638.834
2012-11-05,7560.304,7560.304
2012-11-06,7630.961,7630.961
2012-11-07,7721.146,7721.146
2012-11-08,7684.396,7684.396
2012-11-09,7712.362,7712.362
2012-11-12,7707.1,7707.1
2012-11-13,7770.332,7770.332
2012-11-14,7815.595,7815.595
2012-11-19,7725.17,7725.17
2012-11-20,7760.565,7760.565
2012-11-21,7777.54,7777.54
2012-11-22,7824.807,7824.807
2012-11-23,7889.815,7889.815
2012-11-26,7923.707,7923.707
2012-11-27,7921,7921
2012-11-28,7857.254,7857.254
2012-11-29,7887.339,7887.339
2012-11-30,7903.591,7903.591
2012-12-03,7939.989,7939.989
2012-12-04,7904.357,7904.357
2012-12-05,7935.183,7935.183
2012-12-06,7930.68,7930.68
2012-12-07,7930.508,7930.508
2012-12-10,7913.39,7913.39
2012-12-11,7915.431,7915.431
2012-12-12,7888.082,7888.082
2012-12-13,7863.124,7863.124
2012-12-14,7854.841,7854.841
2012-12-17,7899.726,7899.726
2012-12-18,7862.816,7862.816
2012-12-19,7832.762,7832.762
2012-12-20,7800.334,7800.334
2012-12-21,7772.262,7772.262
2012-12-26,7827.522,7827.522
2012-12-27,7875.028,7875.028
2012-12-28,7941.878,7941.878
2012-12-31,7939.119,7939.119
2013-01-02,7852.176,7852.176
2013-01-03,7898.701,7898.701
2013-01-04,7934.495,7934.495
2013-01-07,7891.44,7891.44
2013-01-08,7901.491,7901.491
2013-01-09,7845.225,7845.225
2013-01-10,7728.329,7728.329
2013-01-11,7770.401,7770.401
2013-01-14,7941.597,7941.597
2013-01-15,7966.326,7966.326
2013-01-16,8047.159,8047.159
2013-01-17,8036.105,8036.105
2013-01-18,8108.34,8108.34
2013-01-21,8046.306,8046.306
2013-01-22,8045.238,8045.238
2013-01-23,8047.693,8047.693
2013-01-25,8059.851,8059.851
2013-01-28,8041.253,8041.253
2013-01-29,8089.581,8089.581
2013-01-30,8119.905,8119.905
2013-01-31,8094.278,8094.278
2013-02-01,8161.207,8161.207
2013-02-04,8127.128,8127.128
2013-02-05,8081.085,8081.085
2013-02-06,8142.389,8142.389
2013-02-07,8165.945,8165.945
2013-02-08,8107.718,8107.718
2013-02-11,8085.822,8085.822
2013-02-12,8142.786,8142.786
2013-02-13,8158.314,8158.314
2013-02-14,8167.826,8167.826
2013-02-15,8185.837,8185.837
2013-02-18,8224.797,8224.797
2013-02-19,8169.668,8169.668
2013-02-20,8275.759,8275.759
2013-02-21,8286.981,8286.981
2013-02-22,8309.113,8309.113
2013-02-25,8386.996,8386.996
2013-02-26,8348.538,8348.538
2013-02-27,8435.089,8435.089
2013-02-28,8580.806,8580.806
2013-03-01,8652.206,8652.206
2013-03-04,8531.363,8531.363
2013-03-05,8542.486,8542.486
2013-03-06,8703.874,8703.874
2013-03-07,8776.376,8776.376
2013-03-08,8806.1,8806.1
2013-03-11,8758.744,8758.744
2013-03-13,8664.647,8664.647
2013-03-14,8558.682,8558.682
2013-03-15,8666.929,8666.929
2013-03-18,8611.09,8611.09
2013-03-19,8696.353,8696.353
2013-03-20,8764.195,8764.195
2013-03-21,8667.021,8667.021
2013-03-22,8499.52,8499.52
2013-03-25,8615.275,8615.275
2013-03-26,8752.485,8752.485
2013-03-27,8918.456,8918.456
2013-03-28,8900.194,8900.194
2013-04-01,8855.9,8855.9
2013-04-02,8890.651,8890.651
2013-04-03,8872.202,8872.202
2013-04-04,8742.812,8742.812
2013-04-05,8739.285,8739.285
2013-04-08,8669.393,8669.393
2013-04-09,8675.568,8675.568
2013-04-10,8625.325,8625.325
2013-04-11,8759.841,8759.841
2013-04-12,8772.714,8772.714
2013-04-15,8719.381,8719.381
2013-04-16,8794.167,8794.167
2013-04-17,8884.15,8884.15
2013-04-18,8933.452,8933.452
2013-04-19,8905.285,8905.285
2013-04-22,8852.042,8852.042
2013-04-23,8802.002,8802.002
2013-04-24,8855.61,8855.61
2013-04-25,8809.137,8809.137
2013-04-26,8823.014,8823.014
2013-04-29,8859.37,8859.37
2013-04-30,8854.129,8854.129
2013-05-01,8943.712,8943.712
2013-05-02,8741.065,8741.065
2013-05-03,8594.127,8594.127
2013-05-06,8680.559,8680.559
2013-05-07,8810.457,8810.457
2013-05-08,8838.482,8838.482
2013-05-10,8863.856,8863.856
2013-05-13,8772.883,8772.883
2013-05-14,8864.091,8864.091
2013-05-15,8907.413,8907.413
2013-05-16,8927.679,8927.679
2013-05-17,9001.854,9001.854
2013-05-20,9104.125,9104.125
2013-05-21,9071.438,9071.438
2013-05-22,9145.551,9145.551
2013-05-23,8950.504,8950.504
2013-05-24,8974.318,8974.318
2013-05-27,8918.595,8918.595
2013-05-28,9057.834,9057.834
2013-05-29,9093.759,9093.759
2013-05-30,9032.425,9032.425
2013-05-31,8961.875,8961.875
2013-06-03,8779.825,8779.825
2013-06-04,8797.843,8797.843
2013-06-05,8741.896,8741.896
2013-06-07,8512.636,8512.636
2013-06-10,8395.272,8395.272
2013-06-11,8102.72,8102.72
2013-06-12,8288.689,8288.689
2013-06-13,8125.041,8125.041
2013-06-14,8417.276,8417.276
2013-06-17,8397.219,8397.219
2013-06-18,8513.293,8513.293
2013-06-19,8439.577,8439.577
2013-06-20,8148.494,8148.494
2013-06-21,7927.063,7927.063
2013-06-24,7765.593,7765.593
2013-06-25,7758.714,7758.714
2013-06-26,8001.626,8001.626
2013-06-27,8162.24,8162.24
2013-06-28,8349.836,8349.836
2013-07-01,8274.256,8274.256
2013-07-02,8202.026,8202.026
2013-07-03,7971.989,7971.989
2013-07-04,7946.767,7946.767
2013-07-05,7962.84,7962.84
2013-07-08,7661.748,7661.748
2013-07-09,7622.2,7622.2
2013-07-10,7798.505,7798.505
2013-07-11,8026.501,8026.501
2013-07-12,8056.741,8056.741
2013-07-15,8063.126,8063.126
2013-07-16,8121.143,8121.143
2013-07-17,8164.682,8164.682
2013-07-18,8233.658,8233.658
2013-07-19,8202.001,8202.001
2013-07-22,8121.25,8121.25
2013-07-23,8279.095,8279.095
2013-07-24,8159.487,8159.487
2013-07-25,8082.208,8082.208
2013-07-26,8049.18,8049.18
2013-07-29,7938.234,7938.234
2013-07-30,7988.468,7988.468
2013-07-31,7996.924,7996.924
2013-08-01,8034.246,8034.246
2013-08-02,8074.719,8074.719
2013-08-12,7967.12,7967.12
2013-08-13,8040.522,8040.522
2013-08-14,8101.273,8101.273
2013-08-15,8088.415,8088.415
2013-08-16,7855.278,7855.278
2013-08-19,7418.667,7418.667
2013-08-20,7234.84,7234.84
2013-08-21,7296.355,7296.355
2013-08-22,7162.944,7162.944
2013-08-23,7159.583,7159.583
2013-08-26,7037.951,7037.951
2013-08-27,6766.906,6766.906
2013-08-28,6865.952,6865.952
2013-08-29,6991.445,6991.445
2013-08-30,7112.181,7112.181
2013-09-02,6927.49,6927.49
2013-09-03,7000.141,7000.141
2013-09-04,6871.738,6871.738
2013-09-05,6804.922,6804.922
2013-09-06,6835.944,6835.944
2013-09-09,7066.572,7066.572
2013-09-10,7410.489,7410.489
2013-09-11,7353.267,7353.267
2013-09-12,7373.399,7373.399
2013-09-13,7399.407,7399.407
2013-09-16,7662.109,7662.109
2013-09-17,7629.583,7629.583
2013-09-18,7517.209,7517.209
2013-09-19,7918.104,7918.104
2013-09-20,7790.096,7790.096
2013-09-23,7723.057,7723.057
2013-09-24,7525.192,7525.192
2013-09-25,7423.775,7423.775
2013-09-26,7440.956,7440.956
2013-09-27,7449.043,7449.043
2013-09-30,7246.471,7246.471
2013-10-01,7309.331,7309.331
2013-10-02,7390.692,7390.692
2013-10-03,7424.838,7424.838
2013-10-04,7382.379,7382.379
2013-10-07,7329.665,7329.665
2013-10-08,7437.487,7437.487
2013-10-09,7497.47,7497.47
2013-10-10,7563.514,7563.514
2013-10-11,7577.679,7577.679
2013-10-16,7515.547,7515.547
2013-10-17,7561.964,7561.964
2013-10-18,7626.429,7626.429
2013-10-21,7680.711,7680.711
2013-10-22,7555.396,7555.396
2013-10-23,7654.146,7654.146
2013-10-24,7768.896,7768.896
2013-10-25,7767.991,7767.991
2013-10-28,7771.714,7771.714
2013-10-29,7687.929,7687.929
2013-10-30,7688.818,7688.818
2013-10-31,7582.984,7582.984
2013-11-01,7434.23,7434.23
2013-11-04,7456.342,7456.342
2013-11-06,7467.613,7467.613
2013-11-07,7547.27,7547.27
2013-11-08,7526.089,7526.089
2013-11-11,7446.071,7446.071
2013-11-12,7303.435,7303.435
2013-11-13,7151.773,7151.773
2013-11-14,7272.338,7272.338
2013-11-15,7217.029,7217.029
2013-11-18,7273.521,7273.521
2013-11-19,7301.713,7301.713
2013-11-20,7218.84,7218.84
2013-11-21,7171.705,7171.705
2013-11-22,7171.247,7171.247
2013-11-25,7194.7,7194.7
2013-11-26,7023.42,7023.42
2013-11-27,7061.053,7061.053
2013-11-28,7048.867,7048.867
2013-11-29,7103.648,7103.648
2013-12-02,7231.533,7231.533
2013-12-03,7173.003,7173.003
2013-12-04,7088.78,7088.78
2013-12-05,7056.3,7056.3
2013-12-06,6984.104,6984.104
2013-12-09,7032.44,7032.44
2013-12-10,7143.755,7143.755
2013-12-11,7152.289,7152.289
2013-12-12,7036.71,7036.71
2013-12-13,6962.253,6962.253
2013-12-16,6853.171,6853.171
2013-12-17,6949.927,6949.927
2013-12-18,6989.761,6989.761
2013-12-19,7067.468,7067.468
2013-12-20,7005.802,7005.802
2013-12-23,6992.09,6992.09
2013-12-24,7040.364,7040.364
2013-12-27,7071.956,7071.956
2013-12-30,7134.335,7134.335
2013-12-31,7133.244,7133.244
2014-01-02,7223.055,7223.055
2014-01-03,7082.822,7082.822
2014-01-06,6975.223,6975.223
2014-01-07,6915.72,6915.72
2014-01-08,6977.403,6977.403
2014-01-09,6977.456,6977.456
2014-01-10,7065.678,7065.678
2014-01-13,7317.186,7317.186
2014-01-15,7407.637,7407.637
2014-01-16,7373.065,7373.065
2014-01-17,7377.551,7377.551
2014-01-20,7402.357,7402.357
2014-01-21,7430.548,7430.548
2014-01-22,7456.179,7456.179
2014-01-23,7506.087,7506.087
2014-01-24,7393.585,7393.585
2014-01-27,7150.256,7150.256
2014-01-28,7162.876,7162.876
2014-01-29,7322.233,7322.233
2014-01-30,7308.247,7308.247
2014-02-03,7269.06,7269.06
2014-02-04,7216.179,7216.179
2014-02-05,7282.353,7282.353
2014-02-06,7363.101,7363.101
2014-02-07,7438.875,7438.875
2014-02-10,7426.566,7426.566
2014-02-11,7472.363,7472.363
2014-02-12,7513.009,7513.009
2014-02-13,7494.499,7494.499
2014-02-14,7525.806,7525.806
2014-02-17,7625.828,7625.828
2014-02-18,7654.492,7654.492
2014-02-19,7743.296,7743.296
2014-02-20,7727.842,7727.842
2014-02-21,7818.443,7818.443
2014-02-24,7772.126,7772.126
2014-02-25,7669.498,7669.498
2014-02-26,7593.398,7593.398
2014-02-27,7647.083,7647.083
2014-02-28,7728.308,7728.308
2014-03-03,7671.78,7671.78
2014-03-04,7725.208,7725.208
2014-03-05,7840.799,7840.799
2014-03-06,7891.645,7891.645
2014-03-07,7889.818,7889.818
2014-03-10,7882.706,7882.706
2014-03-11,7917.659,7917.659
2014-03-12,7869.396,7869.396
2014-03-13,7945.215,7945.215
2014-03-14,8265.709,8265.709
2014-03-17,8248.845,8248.845
2014-03-18,8111.882,8111.882
2014-03-19,8166.359,8166.359
2014-03-20,7925.909,7925.909
2014-03-21,7925.206,7925.206
2014-03-24,7970.047,7970.047
2014-03-25,7941.692,7941.692
2014-03-26,7981.773,7981.773
2014-03-27,7978.551,7978.551
2014-03-28,8037.493,8037.493
2014-04-01,8232.859,8232.859
2014-04-02,8240.076,8240.076
2014-04-03,8272.022,8272.022
2014-04-04,8209.941,8209.941
2014-04-07,8318.343,8318.343
2014-04-08,8328.64,8328.64
2014-04-10,7959.834,7959.834
2014-04-11,8054.092,8054.092
2014-04-14,8193.562,8193.562
2014-04-15,8219.84,8219.84
2014-04-16,8252.32,8252.32
2014-04-17,8318.861,8318.861
2014-04-21,8266.011,8266.011
2014-04-22,8310.636,8310.636
2014-04-23,8311.468,8311.468
2014-04-24,8304.78,8304.78
2014-04-25,8316.591,8316.591
2014-04-28,8195.132,8195.132
2014-04-29,8227.316,8227.316
2014-04-30,8261.757,8261.757
2014-05-02,8268.242,8268.242
2014-05-05,8299.565,8299.565
2014-05-06,8268.698,8268.698
2014-05-07,8328.777,8328.777
2014-05-08,8362.716,8362.716
2014-05-09,8430.812,8430.812
2014-05-12,8478.25,8478.25
2014-05-13,8465.571,8465.571
2014-05-14,8603.883,8603.883
2014-05-16,8645.8,8645.8
2014-05-19,8598.02,8598.02
2014-05-20,8412.104,8412.104
2014-05-21,8386.586,8386.586
2014-05-22,8494.205,8494.205
2014-05-23,8500.245,8500.245
2014-05-26,8458.327,8458.327
2014-05-28,8502.927,8502.927
2014-05-30,8326.988,8326.988
2014-06-02,8351.96,8351.96
2014-06-03,8402.008,8402.008
2014-06-04,8380.369,8380.369
2014-06-05,8374.386,8374.386
2014-06-06,8374.021,8374.021
2014-06-09,8270.822,8270.822
2014-06-10,8380.83,8380.83
2014-06-11,8417.49,8417.49
2014-06-12,8349.64,8349.64
2014-06-13,8333.878,8333.878
2014-06-16,8267.451,8267.451
2014-06-17,8317.53,8317.53
2014-06-18,8266.903,8266.903
2014-06-19,8210.585,8210.585
2014-06-20,8188.146,8188.146
2014-06-23,8178.717,8178.717
2014-06-24,8206.756,8206.756
2014-06-25,8174.109,8174.109
2014-06-26,8239.439,8239.439
2014-06-27,8182.582,8182.582
2014-06-30,8237.123,8237.123
2014-07-01,8243.351,8243.351
2014-07-02,8278.039,8278.039
2014-07-03,8265.141,8265.141
2014-07-04,8321.625,8321.625
2014-07-07,8473.879,8473.879
2014-07-08,8542.884,8542.884
2014-07-10,8724.338,8724.338
2014-07-11,8588.166,8588.166
2014-07-14,8572.425,8572.425
2014-07-15,8676.095,8676.095
2014-07-16,8710.597,8710.597
2014-07-17,8615.363,8615.363
2014-07-18,8676.928,8676.928
2014-07-21,8788.542,8788.542
2014-07-22,8678.557,8678.557
2014-07-23,8683.661,8683.661
2014-07-24,8673.762,8673.762
2014-07-25,8679.409,8679.409
2014-08-04,8677.653,8677.653
2014-08-05,8673.106,8673.106
2014-08-06,8581.748,8581.748
2014-08-07,8622.833,8622.833
2014-08-08,8601.875,8601.875
2014-08-11,8714.336,8714.336
2014-08-12,8752.071,8752.071
2014-08-13,8812.983,8812.983
2014-08-14,8787.359,8787.359
2014-08-15,8766.948,8766.948
2014-08-18,8798.144,8798.144
2014-08-19,8838.476,8838.476
2014-08-20,8868.714,8868.714
2014-08-21,8908.92,8908.92
2014-08-22,8893.447,8893.447
2014-08-25,8875.033,8875.033
2014-08-26,8772.127,8772.127
2014-08-27,8804.265,8804.265
2014-08-28,8823.019,8823.019
2014-08-29,8751.381,8751.381
2014-09-01,8794.478,8794.478
2014-09-02,8841.331,8841.331
2014-09-03,8905.278,8905.278
2014-09-04,8891.028,8891.028
2014-09-05,8896.005,8896.005
2014-09-08,8929.475,8929.475
2014-09-09,8817.138,8817.138
2014-09-10,8688.382,8688.382
2014-09-11,8663.61,8663.61
2014-09-12,8656.097,8656.097
2014-09-15,8650.723,8650.723
2014-09-16,8602.53,8602.53
2014-09-17,8703.84,8703.84
2014-09-18,8734.833,8734.833
2014-09-19,8767.081,8767.081
2014-09-22,8748.454,8748.454
2014-09-23,8691.057,8691.057
2014-09-24,8648.231,8648.231
2014-09-25,8696.367,8696.367
2014-09-26,8528.564,8528.564
2014-09-29,8508.088,8508.088
2014-09-30,8513.161,8513.161
2014-10-01,8539.646,8539.646
2014-10-02,8334.901,8334.901
2014-10-03,8235.829,8235.829
2014-10-06,8323.873,8323.873
2014-10-07,8398.303,8398.303
2014-10-08,8271.935,8271.935
2014-10-09,8360.318,8360.318
2014-10-10,8337.131,8337.131
2014-10-13,8275.521,8275.521
2014-10-14,8323.739,8323.739
2014-10-15,8415.477,8415.477
2014-10-16,8430.786,8430.786
2014-10-17,8602.513,8602.513
2014-10-20,8598.616,8598.616
2014-10-21,8599.99,8599.99
2014-10-22,8669.067,8669.067
2014-10-23,8700.667,8700.667
2014-10-24,8648.641,8648.641
2014-10-27,8566.759,8566.759
2014-10-28,8518.907,8518.907
2014-10-29,8663.572,8663.572
2014-10-30,8644.73,8644.73
2014-10-31,8739.44,8739.44
2014-11-03,8746.966,8746.966
2014-11-04,8737.39,8737.39
2014-11-05,8708.609,8708.609
2014-11-06,8679.575,8679.575
2014-11-07,8638.623,8638.623
2014-11-10,8617.574,8617.574
2014-11-11,8749.526,8749.526
2014-11-12,8792.592,8792.592
2014-11-13,8808.64,8808.64
2014-11-14,8825.907,8825.907
2014-11-17,8862.781,8862.781
2014-11-18,8931.396,8931.396
2014-11-19,8976.182,8976.182
2014-11-20,8932.287,8932.287
2014-11-21,8961.104,8961.104
2014-11-24,9019.778,9019.778
2014-11-25,9007.785,9007.785
2014-11-26,9044.557,9044.557
2014-11-27,9069.707,9069.707
2014-11-28,9090.854,9090.854
2014-12-01,9180.786,9180.786
2014-12-02,9222.487,9222.487
2014-12-03,9230.748,9230.748
2014-12-04,9223.566,9223.566
2014-12-05,9225.931,9225.931
2014-12-08,9109.082,9109.082
2014-12-09,9113.811,9113.811
2014-12-10,9247.639,9247.639
2014-12-11,9245.709,9245.709
2014-12-12,9276.876,9276.876
2014-12-15,9189.453,9189.453
2014-12-16,8953.209,8953.209
2014-12-17,8996.125,8996.125
2014-12-18,9166.463,9166.463
2014-12-19,9262.099,9262.099
2014-12-22,9239.908,9239.908
2014-12-23,9264.791,9264.791
2014-12-24,9313.682,9313.682
2014-12-29,9355.021,9355.021
2014-12-30,9422.483,9422.483
2014-12-31,9421.53,9421.53
2015-01-02,9458.662,9458.662
2015-01-05,9392.734,9392.734
2015-01-06,9315.016,9315.016
2015-01-07,9450.11,9450.11
2015-01-08,9464.421,9464.421
2015-01-09,9438.213,9438.213
2015-01-12,9355.962,9355.962
2015-01-13,9367.829,9367.829
2015-01-14,9273.672,9273.672
2015-01-15,9340.672,9340.672
2015-01-16,9250.066,9250.066
2015-01-19,9248.307,9248.307
2015-01-20,9262.347,9262.347
2015-01-21,9300.26,9300.26
2015-01-22,9454.611,9454.611
2015-01-23,9585.389,9585.389
2015-01-26,9453.021,9453.021
2015-01-27,9522.121,9522.121
2015-01-28,9496.12,9496.12
2015-01-29,9493.039,9493.039
2015-01-30,9565.632,9565.632
2015-02-02,9551.92,9551.92
2015-02-03,9638.383,9638.383
2015-02-04,9603.843,9603.843
2015-02-05,9560.903,9560.903
2015-02-06,9664.801,9664.801
2015-02-09,9678.15,9678.15
2015-02-10,9623.026,9623.026
2015-02-11,9646.515,9646.515
2015-02-12,9640.605,9640.605
2015-02-13,9684.562,9684.562
2015-02-16,9595.822,9595.822
2015-02-17,9590.514,9590.514
2015-02-18,9697.165,9697.165
2015-02-20,9762.19,9762.19
2015-02-23,9759.483,9759.483
2015-02-24,9782.703,9782.703
2015-02-25,9814.384,9814.384
2015-02-26,9848.807,9848.807
2015-02-27,9862.363,9862.363
2015-03-02,9881.761,9881.761
2015-03-03,9834.489,9834.489
2015-03-04,9770.101,9770.101
2015-03-05,9759.226,9759.226
2015-03-06,9838.706,9838.706
2015-03-09,9696.008,9696.008
2015-03-10,9751.752,9751.752
2015-03-11,9625.307,9625.307
2015-03-12,9652.865,9652.865
2015-03-13,9609.025,9609.025
2015-03-16,9616.844,9616.844
2015-03-17,9636.421,9636.421
2015-03-18,9608.236,9608.236
2015-03-19,9724.417,9724.417
2015-03-20,9704.432,9704.432
2015-03-23,9666.283,9666.283
2015-03-24,9677.127,9677.127
2015-03-25,9604.039,9604.039
2015-03-26,9517.919,9517.919
2015-03-27,9561.405,9561.405
2015-03-30,9638.153,9638.153
2015-03-31,9789.241,9789.241
2015-04-01,9697.124,9697.124
2015-04-02,9654.738,9654.738
2015-04-06,9679.285,9679.285
2015-04-07,9806.875,9806.875
2015-04-08,9758.894,9758.894
2015-04-09,9745.339,9745.339
2015-04-10,9710.758,9710.758
2015-04-13,9653.126,9653.126
2015-04-14,9585.888,9585.888
2015-04-15,9620.49,9620.49
2015-04-16,9607.717,9607.717
2015-04-17,9603.545,9603.545
2015-04-20,9605.152,9605.152
2015-04-21,9685.615,9685.615
2015-04-22,9656.686,9656.686
2015-04-23,9674.765,9674.765
2015-04-24,9690.369,9690.369
2015-04-27,9370.79,9370.79
2015-04-28,9375.624,9375.624
2015-04-29,9129.865,9129.865
2015-04-30,9106.468,9106.468
2015-05-04,9198.688,9198.688
2015-05-05,9202.584,9202.584
2015-05-06,9278.435,9278.435
2015-05-07,9254.24,9254.24
2015-05-08,9242.276,9242.276
2015-05-11,9218.27,9218.27
2015-05-12,9215.824,9215.824
2015-05-13,9292.2,9292.2
2015-05-15,9269.465,9269.465
2015-05-18,9305.75,9305.75
2015-05-19,9359.192,9359.192
2015-05-20,9410.77,9410.77
2015-05-21,9440.097,9440.097
2015-05-22,9458.193,9458.193
2015-05-25,9412.961,9412.961
2015-05-26,9438.698,9438.698
2015-05-27,9322.77,9322.77
2015-05-28,9312.808,9312.808
2015-05-29,9296.123,9296.123
2015-06-01,9235.995,9235.995
2015-06-03,9105.566,9105.566
2015-06-04,9056.359,9056.359
2015-06-05,9044.668,9044.668
2015-06-08,8915.636,8915.636
2015-06-09,8729.413,8729.413
2015-06-10,8782.29,8782.29
2015-06-11,8735.989,8735.989
2015-06-12,8697.027,8697.027
2015-06-15,8518.509,8518.509
2015-06-16,8596.375,8596.375
2015-06-17,8710.815,8710.815
2015-06-18,8713.603,8713.603
2015-06-19,8756.682,8756.682
2015-06-22,8723.361,8723.361
2015-06-23,8718.39,8718.39
2015-06-24,8715.893,8715.893
2015-06-25,8696.109,8696.109
2015-06-26,8685.436,8685.436
2015-06-29,8588.746,8588.746
2015-06-30,8637.207,8637.207
2015-07-01,8643.79,8643.79
2015-07-02,8793.952,8793.952
2015-07-03,8871.113,8871.113
2015-07-06,8732.76,8732.76
2015-07-07,8776.169,8776.169
2015-07-08,8733.098,8733.098
2015-07-09,8699.786,8699.786
2015-07-10,8752.323,8752.323
2015-07-13,8829.343,8829.343
2015-07-14,8819.23,8819.23
2015-07-15,8760.328,8760.328
2015-07-22,8841.611,8841.611
2015-07-23,8865.661,8865.661
2015-07-24,8773.526,8773.526
2015-07-27,8611.673,8611.673
2015-07-28,8501.091,8501.091
2015-07-29,8492.357,8492.357
2015-07-30,8455.074,8455.074
2015-07-31,8614.656,8614.656
2015-08-03,8606.85,8606.85
2015-08-04,8566.381,8566.381
2015-08-05,8680.246,8680.246
2015-08-06,8614.319,8614.319
2015-08-07,8592.927,8592.927
2015-08-10,8544.022,8544.022
2015-08-11,8298.402,8298.402
2015-08-12,8036.529,8036.529
2015-08-13,8243.893,8243.893
2015-08-14,8271.674,8271.674
2015-08-18,8135.378,8135.378
2015-08-19,8097.915,8097.915
2015-08-20,8002.824,8002.824
2015-08-21,7769.822,7769.822
2015-08-24,7417.705,7417.705
2015-08-25,7481.819,7481.819
2015-08-26,7509.545,7509.545
2015-08-27,7838.201,7838.201
2015-08-28,7852.091,7852.091
2015-08-31,7994.722,7994.722
2015-09-01,7837.176,7837.176
2015-09-02,7815.589,7815.589
2015-09-03,7891.239,7891.239
2015-09-04,7844.849,7844.849
2015-09-07,7650.065,7650.065
2015-09-08,7689.244,7689.244
2015-09-09,7739.588,7739.588
2015-09-10,7721.724,7721.724
2015-09-11,7736.704,7736.704
2015-09-14,7768.745,7768.745
2015-09-15,7676.299,7676.299
2015-09-16,7643.047,7643.047
2015-09-17,7739.141,7739.141
2015-09-18,7753.295,7753.295
2015-09-21,7760.293,7760.293
2015-09-22,7671.982,7671.982
2015-09-23,7504.728,7504.728
2015-09-25,7449.91,7449.91
2015-09-28,7285.205,7285.205
2015-09-29,7381.013,7381.013
2015-09-30,7417.724,7417.724
2015-10-01,7464.682,7464.682
2015-10-02,7371.693,7371.693
2015-10-05,7601.787,7601.787
2015-10-06,7756.423,7756.423
2015-10-07,7824.019,7824.019
2015-10-08,7825.389,7825.389
2015-10-09,7973.055,7973.055
2015-10-12,8015.475,8015.475
2015-10-13,7786.214,7786.214
2015-10-15,7831.442,7831.442
2015-10-16,7801.869,7801.869
2015-10-19,7858.741,7858.741
2015-10-20,7900.958,7900.958
2015-10-21,7925.521,7925.521
2015-10-22,7892.543,7892.543
2015-10-23,8037.464,8037.464
2015-10-26,8200.069,8200.069
2015-10-27,8117.554,8117.554
2015-10-28,8090.493,8090.493
2015-10-29,7879.926,7879.926
2015-10-30,7845.101,7845.101
2015-11-02,7817.179,7817.179
2015-11-03,7919.873,7919.873
2015-11-04,8040.646,8040.646
2015-11-05,7981.739,7981.739
2015-11-06,7985.674,7985.674
2015-11-09,7848.612,7848.612
2015-11-10,7833.673,7833.673
2015-11-11,7820.62,7820.62
2015-11-12,7825.473,7825.473
2015-11-13,7848.589,7848.589
2015-11-16,7775.741,7775.741
2015-11-17,7860.905,7860.905
2015-11-18,7830.191,7830.191
2015-11-19,7872.586,7872.586
2015-11-20,7944.535,7944.535
2015-11-23,7919.852,7919.852
2015-11-24,7920.481,7920.481
2015-11-25,7986.808,7986.808
2015-11-26,8015.447,8015.447
2015-11-27,7932.198,7932.198
2015-11-30,7763.123,7763.123
2015-12-01,7950.085,7950.085
2015-12-02,7957.315,7957.315
2015-12-03,7952.922,7952.922
2015-12-04,7909.088,7909.088
2015-12-07,7918.389,7918.389
2015-12-08,7836.335,7836.335
2015-12-10,7843.415,7843.415
2015-12-11,7702.789,7702.789
2015-12-14,7664.862,7664.862
2015-12-15,7689.231,7689.231
2015-12-16,7816.583,7816.583
2015-12-17,7945.537,7945.537
2015-12-18,7818.323,7818.323
2015-12-21,7847.54,7847.54
2015-12-22,7875.97,7875.97
2015-12-23,7880.769,7880.769
2015-12-28,7948.555,7948.555
2015-12-29,7974.109,7974.109
2015-12-30,7965.211,7965.211
2015-12-31,7964.288,7964.288
2016-01-04,7858.941,7858.941
2016-01-05,7922.392,7922.392
2016-01-06,7982.53,7982.53
2016-01-07,7863.021,7863.021
2016-01-08,7895.633,7895.633
2016-01-11,7761.907,7761.907
2016-01-12,7864.866,7864.866
2016-01-13,7891.654,7891.654
2016-01-14,7853.079,7853.079
2016-01-15,7851.039,7851.039
2016-01-18,7771.025,7771.025
2016-01-19,7834.537,7834.537
2016-01-20,7700.74,7700.74
2016-01-21,7679.631,7679.631
2016-01-22,7756.445,7756.445
2016-01-25,7827.74,7827.74
2016-01-26,7825.849,7825.849
2016-01-27,7935.181,7935.181
2016-01-28,7955.164,7955.164
2016-01-29,7985.577,7985.577
2016-02-01,7989.868,7989.868
2016-02-02,7924.273,7924.273
2016-02-03,7955.656,7955.656
2016-02-04,8078.646,8078.646
2016-02-05,8297.255,8297.255
2016-02-09,8233.574,8233.574
2016-02-10,8193.508,8193.508
2016-02-11,8283.722,8283.722
2016-02-12,8176.816,8176.816
2016-02-15,8219.231,8219.231
2016-02-16,8229.414,8229.414
2016-02-17,8265.834,8265.834
2016-02-18,8254.948,8254.948
2016-02-19,8083.514,8083.514
2016-02-22,8073.212,8073.212
2016-02-23,7971.171,7971.171
2016-02-24,7983.708,7983.708
2016-02-25,7951.113,7951.113
2016-02-26,8089.896,8089.896
2016-02-29,8120.418,8120.418
2016-03-01,8134.438,8134.438
2016-03-02,8220.37,8220.37
2016-03-03,8242.75,8242.75
2016-03-04,8271.854,8271.854
2016-03-07,8243.492,8243.492
2016-03-08,8185.229,8185.229
2016-03-10,8197.909,8197.909
2016-03-11,8238.103,8238.103
2016-03-14,8353.157,8353.157
2016-03-15,8306.937,8306.937
2016-03-16,8309.737,8309.737
2016-03-17,8354.24,8354.24
2016-03-18,8347.246,8347.246
2016-03-21,8346.838,8346.838
2016-03-22,8298.531,8298.531
2016-03-23,8274.86,8274.86
2016-03-24,8231.012,8231.012
2016-03-28,8146.629,8146.629
2016-03-29,8151.582,8151.582
2016-03-30,8231.383,8231.383
2016-03-31,8291.099,8291.099
2016-04-01,8296.348,8296.348
2016-04-04,8320.89,8320.89
2016-04-05,8329.105,8329.105
2016-04-06,8335.794,8335.794
2016-04-07,8325.491,8325.491
2016-04-08,8303.108,8303.108
2016-04-11,8202.936,8202.936
2016-04-12,8272.643,8272.643
2016-04-13,8294.57,8294.57
2016-04-14,8225.716,8225.716
2016-04-15,8263.136,8263.136
2016-04-18,8349.069,8349.069
2016-04-19,8398.114,8398.114
2016-04-20,8388.551,8388.551
2016-04-21,8421.874,8421.874
2016-04-22,8455.488,8455.488
2016-04-25,8404.698,8404.698
2016-04-26,8307.387,8307.387
2016-04-27,8339.391,8339.391
2016-04-28,8334.821,8334.821
2016-04-29,8299.992,8299.992
2016-05-02,8260.775,8260.775
2016-05-03,8267.979,8267.979
2016-05-04,8289.045,8289.045
2016-05-09,8218.871,8218.871
2016-05-10,8262.739,8262.739
2016-05-11,8310.393,8310.393
2016-05-12,8318.252,8318.252
2016-05-13,8247.111,8247.111
2016-05-16,8209.198,8209.198
2016-05-17,8228.098,8228.098
2016-05-18,8223.635,8223.635
2016-05-19,8144.792,8144.792
2016-05-20,8174.308,8174.308
2016-05-23,8223.097,8223.097
2016-05-24,8160.631,8160.631
2016-05-25,8250.058,8250.058
2016-05-26,8268.263,8268.263
2016-05-27,8327.948,8327.948
2016-05-30,8332.368,8332.368
2016-05-31,8269.992,8269.992
2016-06-01,8328.439,8328.439
2016-06-02,8295.93,8295.93
2016-06-03,8343.431,8343.431
2016-06-06,8426.722,8426.722
2016-06-07,8471.238,8471.238
2016-06-08,8438.16,8438.16
2016-06-09,8389.18,8389.18
2016-06-10,8326.072,8326.072
2016-06-13,8271.884,8271.884
2016-06-14,8294.526,8294.526
2016-06-15,8294.218,8294.218
2016-06-16,8288.558,8288.558
2016-06-17,8329.202,8329.202
2016-06-20,8369.244,8369.244
2016-06-21,8425.022,8425.022
2016-06-22,8444.772,8444.772
2016-06-23,8392.997,8392.997
2016-06-24,8327.866,8327.866
2016-06-27,8346.343,8346.343
2016-06-28,8429.789,8429.789
2016-06-29,8600.443,8600.443
2016-06-30,8639.631,8639.631
2016-07-01,8559.989,8559.989
2016-07-11,8732.286,8732.286
2016-07-12,8767.134,8767.134
2016-07-13,8810.976,8810.976
2016-07-14,8707.187,8707.187
2016-07-15,8746.211,8746.211
2016-07-18,8769.906,8769.906
2016-07-19,8853.159,8853.159
2016-07-20,8958.166,8958.166
2016-07-21,8897.609,8897.609
2016-07-22,8867.852,8867.852
2016-07-25,8896.245,8896.245
2016-07-26,8906.955,8906.955
2016-07-27,8998.398,8998.398
2016-07-28,9040.387,9040.387
2016-07-29,8932.073,8932.073
2016-08-01,9147.429,9147.429
2016-08-02,9122.533,9122.533
2016-08-03,9048.81,9048.81
2016-08-04,9081.5,9081.5
2016-08-05,9229.284,9229.284
2016-08-08,9310.707,9310.707
2016-08-09,9275.707,9275.707
2016-08-10,9226.667,9226.667
2016-08-11,9179.161,9179.161
2016-08-12,9115.409,9115.409
2016-08-15,9050.763,9050.763
2016-08-16,9149.564,9149.564
2016-08-18,9303.442,9303.442
2016-08-19,9261.569,9261.569
2016-08-22,9231.512,9231.512
2016-08-23,9203.498,9203.498
2016-08-24,9176.656,9176.656
2016-08-25,9290.505,9290.505
2016-08-26,9235.361,9235.361
2016-08-29,9098.838,9098.838
2016-08-30,9083.589,9083.589
2016-08-31,9108.714,9108.714
2016-09-01,9026.456,9026.456
2016-09-02,9058.038,9058.038
2016-09-05,9072.431,9072.431
2016-09-06,9075.512,9075.512
2016-09-07,9123.364,9123.364
2016-09-08,9086.099,9086.099
2016-09-09,8931.942,8931.942
2016-09-13,8799.752,8799.752
2016-09-14,8690.741,8690.741
2016-09-15,8905.879,8905.879
2016-09-16,8914.807,8914.807
2016-09-19,9014.429,9014.429
2016-09-20,9018.608,9018.608
2016-09-21,9068.24,9068.24
2016-09-22,9123.511,9123.511
2016-09-23,9056.933,9056.933
2016-09-26,9001.207,9001.207
2016-09-27,9117.358,9117.358
2016-09-28,9083.848,9083.848
2016-09-29,9086.937,9086.937
2016-09-30,8948.904,8948.904
2016-10-03,9128.068,9128.068
2016-10-04,9116.353,9116.353
2016-10-05,9042.944,9042.944
2016-10-06,9016.795,9016.795
2016-10-07,8942.227,8942.227
2016-10-10,8912.395,8912.395
2016-10-11,8957.077,8957.077
2016-10-12,8930.016,8930.016
2016-10-13,8886.562,8886.562
2016-10-14,8972.488,8972.488
2016-10-17,8974.199,8974.199
2016-10-18,9007.711,9007.711
2016-10-19,8980.349,8980.349
2016-10-20,8956.72,8956.72
2016-10-21,8940.654,8940.654
2016-10-24,8936.434,8936.434
2016-10-25,8911.747,8911.747
2016-10-26,8898.181,8898.181
2016-10-27,8952.427,8952.427
2016-10-28,8969.54,8969.54
2016-10-31,8969.878,8969.878
2016-11-01,8967.578,8967.578
2016-11-02,8947.841,8947.841
2016-11-03,8818.466,8818.466
2016-11-04,8871.802,8871.802
2016-11-07,8945.845,8945.845
2016-11-08,9095.736,9095.736
2016-11-09,9025.901,9025.901
2016-11-10,9202.285,9202.285
2016-11-11,8857.069,8857.069
2016-11-14,8615.857,8615.857
2016-11-15,8513.593,8513.593
2016-11-16,8698.856,8698.856
2016-11-17,8650.968,8650.968
2016-11-18,8589.103,8589.103
2016-11-21,8579.857,8579.857
2016-11-22,8683.091,8683.091
2016-11-23,8710.994,8710.994
2016-11-24,8525.732,8525.732
2016-11-25,8538.84,8538.84
2016-11-28,8478.765,8478.765
2016-11-29,8521.76,8521.76
2016-11-30,8526.52,8526.52
2016-12-01,8647.935,8647.935
2016-12-02,8738.569,8738.569
2016-12-05,8744.346,8744.346
2016-12-06,8707.156,8707.156
2016-12-07,8668.974,8668.974
2016-12-08,8759.95,8759.95
2016-12-09,8766.847,8766.847
2016-12-13,8723.1,8723.1
2016-12-14,8659.666,8659.666
2016-12-15,8625.91,8625.91
2016-12-16,8583.82,8583.82
2016-12-19,8511.996,8511.996
2016-12-20,8403.582,8403.582
2016-12-21,8344.808,8344.808
2016-12-22,8205.131,8205.131
2016-12-23,8166.566,8166.566
2016-12-27,8291.92,8291.92
2016-12-28,8471.688,8471.688
2016-12-29,8606.197,8606.197
2016-12-30,8573.162,8573.162
2017-01-03,8540.264,8540.264
2017-01-04,8590.147,8590.147
2017-01-05,8599.125,8599.125
2017-01-06,8650.09,8650.09
2017-01-09,8600.587,8600.587
2017-01-10,8625.396,8625.396
2017-01-11,8607.563,8607.563
2017-01-12,8586.53,8586.53
2017-01-13,8588.882,8588.882
2017-01-16,8598.28,8598.28
2017-01-17,8603.4,8603.4
2017-01-18,8643.328,8643.328
2017-01-19,8627.723,8627.723
2017-01-20,8556.249,8556.249
2017-01-23,8544.27,8544.27
2017-01-24,8595.278,8595.278
2017-01-25,8605.253,8605.253
2017-01-26,8629.687,8629.687
2017-01-27,8594.536,8594.536
2017-01-30,8565.743,8565.743
2017-01-31,8547.187,8547.187
2017-02-01,8618.614,8618.614
2017-02-02,8650.838,8650.838
2017-02-03,8675.064,8675.064
2017-02-06,8712.208,8712.208
2017-02-07,8680.528,8680.528
2017-02-08,8627.695,8627.695
2017-02-09,8659.906,8659.906
2017-02-10,8622.732,8622.732
2017-02-13,8667.419,8667.419
2017-02-14,8610.848,8610.848
2017-02-16,8643.357,8643.357
2017-02-17,8610.704,8610.704
2017-02-20,8616.003,8616.003
2017-02-21,8626.506,8626.506
2017-02-22,8644.284,8644.284
2017-02-23,8667.312,8667.312
2017-02-24,8702.476,8702.476
2017-02-27,8658.168,8658.168
2017-02-28,8655.765,8655.765
2017-03-01,8592.385,8592.385
2017-03-02,8688.273,8688.273
2017-03-03,8642.156,8642.156
2017-03-06,8665.112,8665.112
2017-03-07,8638.247,8638.247
2017-03-08,8623.375,8623.375
2017-03-09,8636.882,8636.882
2017-03-10,8558.145,8558.145
2017-03-13,8570.847,8570.847
2017-03-14,8630.435,8630.435
2017-03-15,8664.755,8664.755
2017-03-16,8789.659,8789.659
2017-03-17,8811.441,8811.441
2017-03-20,8789.565,8789.565
2017-03-21,8830.867,8830.867
2017-03-22,8816.033,8816.033
2017-03-23,8889.651,8889.651
2017-03-24,8909.373,8909.373
2017-03-27,8862.795,8862.795
2017-03-29,8945.361,8945.361
2017-03-30,8951.229,8951.229
2017-03-31,8887.688,8887.688
2017-04-03,8987.135,8987.135
2017-04-04,9099.087,9099.087
2017-04-05,9081.179,9081.179
2017-04-06,9097.822,9097.822
2017-04-07,9041.641,9041.641
2017-04-10,8993.214,8993.214
2017-04-11,8986.165,8986.165
2017-04-12,9040.199,9040.199
2017-04-13,8968.995,8968.995
2017-04-17,8902.951,8902.951
2017-04-18,8962.395,8962.395
2017-04-20,8917.421,8917.421
2017-04-21,8996.858,8996.858
2017-04-25,9015.313,9015.313
2017-04-26,9083.296,9083.296
2017-04-27,9061.196,9061.196
2017-04-28,9011.647,9011.647
2017-05-02,8969.562,8969.562
2017-05-03,8923.53,8923.53
2017-05-04,8985.01,8985.01
2017-05-05,9001.774,9001.774
2017-05-08,9043.082,9043.082
2017-05-09,9017.014,9017.014
2017-05-10,8947.017,8947.017
2017-05-12,8974.548,8974.548
2017-05-15,8998.86,8998.86
2017-05-16,8910.963,8910.963
2017-05-17,8873.605,8873.605
2017-05-18,8927.757,8927.757
2017-05-19,9174.255,9174.255
2017-05-22,9083.526,9083.526
2017-05-23,9059.785,9059.785
2017-05-24,9017.566,9017.566
2017-05-26,9023.615,9023.615
2017-05-29,9001.53,9001.53
2017-05-30,8972.933,8972.933
2017-05-31,9056.978,9056.978
2017-06-02,9062.51,9062.51
2017-06-05,9085.972,9085.972
2017-06-06,9029.985,9029.985
2017-06-07,9053.051,9053.051
2017-06-08,9032.661,9032.661
2017-06-09,8997.775,8997.775
2017-06-12,9023.422,9023.422
2017-06-13,9061.141,9061.141
2017-06-14,9197.955,9197.955
2017-06-15,9161.538,9161.538
2017-06-16,9140.858,9140.858
2017-06-19,9150.666,9150.666
2017-06-20,9213.751,9213.751
2017-06-21,9234.299,9234.299
2017-06-22,9219.2,9219.2
2017-07-03,9344.233,9344.233
2017-07-04,9285.058,9285.058
2017-07-05,9220.666,9220.666
2017-07-06,9252.543,9252.543
2017-07-07,9200.164,9200.164
2017-07-10,9111.998,9111.998
2017-07-11,9110.04,9110.04
2017-07-12,9197.478,9197.478
2017-07-13,9200.226,9200.226
2017-07-14,9202.618,9202.618
2017-07-17,9202.93,9202.93
2017-07-18,9164.626,9164.626
2017-07-19,9135.983,9135.983
2017-07-20,9194.558,9194.558
2017-07-21,9066.768,9066.768
2017-07-24,9108.828,9108.828
2017-07-25,9121.569,9121.569
2017-07-26,9101.104,9101.104
2017-07-27,9114.5792,9114.5792
2017-07-28,9160.9815,9160.9815
2017-07-31,9172.0843,9172.0843
2017-08-01,9142.3244,9142.3244
2017-08-02,9159.0833,9159.0833
2017-08-03,9089.7894,9089.7894
2017-08-04,9082.2304,9082.2304
2017-08-07,9010.6041,9010.6041
2017-08-08,9112.9506,9112.9506
2017-08-09,9157.3477,9157.3477
2017-08-10,9144.3029,9144.3029
2017-08-11,9044.9281,9044.9281
2017-08-14,9090.5508,9090.5508
2017-08-15,9117.6964,9117.6964
2017-08-16,9205.1842,9205.1842
2017-08-18,9210.1005,9210.1005
2017-08-21,9174.478,9174.478
2017-08-22,9219.0853,9219.0853
2017-08-23,9278.5326,9278.5326
2017-08-24,9225.4507,9225.4507
2017-08-25,9254.4889,9254.4889
2017-08-28,9237.1916,9237.1916
2017-08-29,9205.7817,9205.7817
2017-08-30,9197.8483,9197.8483
2017-08-31,9179.2717,9179.2717
2017-09-04,9104.9231,9104.9231
2017-09-05,9134.7341,9134.7341
2017-09-06,9134.5579,9134.5579
2017-09-07,9143.2194,9143.2194
2017-09-08,9164.1642,9164.1642
2017-09-11,9197.9632,9197.9632
2017-09-12,9182.3294,9182.3294
2017-09-13,9120.2626,9120.2626
2017-09-14,9119.5337,9119.5337
2017-09-15,9142.896,9142.896
2017-09-18,9186.2421,9186.2421
2017-09-19,9194.7128,9194.7128
2017-09-20,9198.2397,9198.2397
2017-09-22,9207.6371,9207.6371
2017-09-25,9163.8932,9163.8932
2017-09-26,9114.3738,9114.3738
2017-09-27,9075.8273,9075.8273
2017-09-28,9037.3366,9037.3366
2017-09-29,9131.7576,9131.7576
2017-10-02,9140.1872,9140.1872
2017-10-03,9176.6116,9176.6116
2017-10-04,9212.7147,9212.7147
2017-10-05,9150.5989,9150.5989
2017-10-06,9181.07,9181.07
2017-10-09,9175.8153,9175.8153
2017-10-10,9162.777,9162.777
2017-10-11,9127.2393,9127.2393
2017-10-12,9218.0436,9218.0436
2017-10-13,9203.7577,9203.7577
2017-10-16,9237.8943,9237.8943
2017-10-17,9242.0277,9242.0277
2017-10-18,9209.1473,9209.1473
2017-10-19,9163.1478,9163.1478
2017-10-20,9178.665,9178.665
2017-10-23,9179.5969,9179.5969
2017-10-24,9143.2288,9143.2288
2017-10-25,9244.5122,9244.5122
2017-10-26,9195.8973,9195.8973
2017-10-27,9149.8001,9149.8001
2017-10-30,9160.0016,9160.0016
2017-10-31,9178.6936,9178.6936
2017-11-01,9437.3893,9437.3893
2017-11-02,9616.2653,9616.2653
2017-11-03,9639.4867,9639.4867
2017-11-06,9544.249,9544.249
2017-11-07,9625.3276,9625.3276
2017-11-08,9582.2982,9582.2982
2017-11-09,9598.6778,9598.6778
2017-11-10,9568.1752,9568.1752
2017-11-13,9537.9688,9537.9688
2017-11-14,9459.7318,9459.7318
2017-11-15,9426.8888,9426.8888
2017-11-16,9550.6376,9550.6376
2017-11-17,9585.1603,9585.1603
2017-11-20,9587.4922,9587.4922
2017-11-21,9555.1798,9555.1798
2017-11-22,9624.1561,9624.1561
2017-11-23,9597.7321,9597.7321
2017-11-24,9587.249,9587.249
2017-11-27,9537.5587,9537.5587
2017-11-28,9579.7585,9579.7585
2017-11-29,9578.4263,9578.4263
2017-11-30,9400.489,9400.489
2017-12-04,9494.8768,9494.8768
2017-12-05,9463.3756,9463.3756
2017-12-06,9481.9251,9481.9251
2017-12-07,9444.5519,9444.5519
2017-12-08,9500.9903,9500.9903
2017-12-11,9498.8485,9498.8485
2017-12-12,9536.8828,9536.8828
2017-12-13,9576.598,9576.598
2017-12-14,9627.6724,9627.6724
2017-12-15,9587.0022,9587.0022
2017-12-18,9622.502,9622.502
2017-12-19,9668.5093,9668.5093
2017-12-20,9559.241,9559.241
2017-12-21,9695.3994,9695.3994
2017-12-22,9720.73,9720.73
2017-12-27,9823.6961,9823.6961
2017-12-28,9865.1302,9865.1302
2017-12-29,9917.9808,9917.9808
2018-01-02,9885.2832,9885.2832
2018-01-03,9717.8982,9717.8982
2018-01-04,9858.6895,9858.6895
2018-01-05,9971.5636,9971.5636
2018-01-08,10068.6288,10068.6288
2018-01-09,10049.9439,10049.9439
2018-01-10,10115.8065,10115.8065
2018-01-11,10165.6611,10165.6611
2018-01-12,10160.9919,10160.9919
2018-01-15,10207.2502,10207.2502
2018-01-16,10280.1749,10280.1749
2018-01-17,10297.5799,10297.5799
2018-01-18,10326.7284,10326.7284
2018-01-19,10369.7231,10369.7231
2018-01-22,10417.0752,10417.0752
2018-01-23,10658.9249,10658.9249
2018-01-24,10642.2555,10642.2555
2018-01-25,10639.2384,10639.2384
2018-01-26,10734.8407,10734.8407
2018-01-29,10720.5062,10720.5062
2018-01-30,10559.9233,10559.9233
2018-01-31,10651.2682,10651.2682
2018-02-01,10632.38,10632.38
2018-02-02,10680.521,10680.521
2018-02-05,10626.7407,10626.7407
2018-02-06,10467.6647,10467.6647
2018-02-07,10550.0301,10550.0301
2018-02-08,10575.3327,10575.3327
2018-02-09,10489.8572,10489.8572
2018-02-12,10505.4343,10505.4343
2018-02-13,10565.0624,10565.0624
2018-02-14,10596.7324,10596.7324
2018-02-15,10594.8906,10594.8906
2018-02-19,10790.1556,10790.1556
2018-02-20,10777.5755,10777.5755
2018-02-21,10760.2801,10760.2801
2018-02-22,10684.5119,10684.5119
2018-02-23,10760.0032,10760.0032
2018-02-26,10633.43,10633.43
2018-02-27,10681.8743,10681.8743
2018-02-28,10737.9247,10737.9247
2018-03-01,10782.3087,10782.3087
2018-03-02,10777.3761,10777.3761
2018-03-05,10711.6991,10711.6991
2018-03-06,10645.3307,10645.3307
2018-03-07,10398.0371,10398.0371
2018-03-08,10557.8484,10557.8484
2018-03-09,10515.2996,10515.2996
2018-03-12,10636.6798,10636.6798
2018-03-13,10475.2023,10475.2023
2018-03-14,10400.4991,10400.4991
2018-03-15,10270.021,10270.021
2018-03-16,10215.9692,10215.9692
2018-03-19,10177.5214,10177.5214
2018-03-20,10149.8608,10149.8608
2018-03-21,10246.625,10246.625
2018-03-22,10148.1756,10148.1756
2018-03-23,10059.3519,10059.3519
2018-03-26,10099.6151,10099.6151
2018-03-27,10110.8393,10110.8393
2018-03-28,9998.4613,9998.4613
2018-03-29,10034.7579,10034.7579
2018-04-02,10153.5494,10153.5494
2018-04-03,10133.7338,10133.7338
2018-04-04,9981.846,9981.846
2018-04-05,10062.0428,10062.0428
2018-04-06,10022.3103,10022.3103
2018-04-09,10135.8935,10135.8935
2018-04-10,10284.0768,10284.0768
2018-04-11,10338.3033,10338.3033
2018-04-12,10310.2585,10310.2585
2018-04-13,10262.1645,10262.1645
2018-04-16,10267.1206,10267.1206
2018-04-17,10273.0813,10273.0813
2018-04-18,10348.7372,10348.7372
2018-04-19,10407.1861,10407.1861
2018-04-20,10388.6928,10388.6928
2018-04-23,10395.4936,10395.4936
2018-04-24,10285.4545,10285.4545
2018-04-25,9996.8096,9996.8096
2018-04-26,9688.332,9688.332
2018-04-27,9722.0561,9722.0561
2018-04-30,9895.7249,9895.7249
2018-05-02,10011.9656,10011.9656
2018-05-03,9827.1635,9827.1635
2018-05-04,9759.4806,9759.4806
2018-05-07,9851.2836,9851.2836
2018-05-08,9662.4266,9662.4266
2018-05-09,9874.0515,9874.0515
2018-05-11,9962.0064,9962.0064
2018-05-14,9959.278,9959.278
2018-05-15,9891.2235,9891.2235
2018-05-16,9969.725,9969.725
2018-05-17,9976.876,9976.876
2018-05-18,9919.9038,9919.9038
2018-05-21,9844.7914,9844.7914
2018-05-22,9896.5501,9896.5501
2018-05-23,10025.0265,10025.0265
2018-05-24,10251.2197,10251.2197
2018-05-25,10355.6573,10355.6573
2018-05-28,10437.1871,10437.1871
2018-05-30,10356.1575,10356.1575
2018-05-31,10351.2085,10351.2085
2018-06-04,10543.1591,10543.1591
2018-06-05,10750.0614,10750.0614
2018-06-06,10744.0743,10744.0743
2018-06-07,10798.7677,10798.7677
2018-06-08,10667.0559,10667.0559
2018-06-20,10468.0494,10468.0494
2018-06-21,10388.1119,10388.1119
2018-06-22,10421.1034,10421.1034
2018-06-25,10445.0507,10445.0507
2018-06-26,10310.6596,10310.6596
2018-06-27,10248.0566,10248.0566
2018-06-28,10009.9319,10009.9319
2018-06-29,10196.5262,10196.5262
2018-07-02,10115.6137,10115.6137
2018-07-03,9902.234,9902.234
2018-07-04,10020.5533,10020.5533
2018-07-05,10026.5862,10026.5862
2018-07-06,9942.0658,9942.0658
2018-07-09,10142.2881,10142.2881
2018-07-10,10297.9603,10297.9603
2018-07-11,10334.4616,10334.4616
2018-07-12,10660.6934,10660.6934
2018-07-13,10834.6504,10834.6504
2018-07-16,10730.3397,10730.3397
2018-07-17,10686.5279,10686.5279
2018-07-18,10796.8757,10796.8757
2018-07-19,10750.1776,10750.1776
2018-07-20,10714.3778,10714.3778
2018-07-23,10688.5998,10688.5998
2018-07-24,10658.22,10658.22
2018-07-25,10684.4214,10684.4214
2018-07-26,10755.3966,10755.3966
2018-07-27,10886.2137,10886.2137
2018-07-30,10926.1147,10926.1147
2018-07-31,10796.3036,10796.3036
2018-08-01,10931.0663,10931.0663
2018-08-02,10822.6246,10822.6246
2018-08-03,10775.586,10775.586
2018-08-06,10964.0762,10964.0762
2018-08-07,10964.7915,10964.7915
2018-08-08,11058.935,11058.935
2018-08-09,11050.1386,11050.1386
2018-08-10,11041.0753,11041.0753
2018-08-13,10601.6133,10601.6133
2018-08-14,10458.7238,10458.7238
2018-08-15,10480.7665,10480.7665
2018-08-16,10359.8358,10359.8358
2018-08-20,10590.0196,10590.0196
2018-08-21,10740.2276,10740.2276
2018-08-23,10771.1165,10771.1165
2018-08-24,10737.974,10737.974
2018-08-27,10856.9984,10856.9984
2018-08-28,10831.2078,10831.2078
2018-08-29,10887.507,10887.507
2018-08-30,10764.2104,10764.2104
2018-08-31,10722.877,10722.877
2018-09-03,10573.9758,10573.9758
2018-09-04,10419.2988,10419.2988
2018-09-05,9946.9222,9946.9222
2018-09-06,10105.6234,10105.6234
2018-09-07,10184.1321,10184.1321
2018-09-10,10154.2154,10154.2154
2018-09-12,10145.0075,10145.0075
2018-09-13,10247.5086,10247.5086
2018-09-14,10402.4929,10402.4929
2018-09-17,10218.1901,10218.1901
2018-09-18,10220.6187,10220.6187
2018-09-19,10312.8615,10312.8615
2018-09-20,10425.6654,10425.6654
2018-09-21,10459.7183,10459.7183
2018-09-24,10272.5007,10272.5007
2018-09-25,10218.4189,10218.4189
2018-09-26,10200.6067,10200.6067
2018-09-27,10273.3741,10273.3741
2018-09-28,10351.4368,10351.4368
2018-10-01,10301.0438,10301.0438
2018-10-02,10172.3982,10172.3982
2018-10-03,10163.3969,10163.3969
2018-10-04,9977.7879,9977.7879
2018-10-05,9997.7876,9997.7876
2018-10-08,9993.8031,9993.8031
2018-10-09,10042.341,10042.341
2018-10-10,10085.5558,10085.5558
2018-10-11,9880.6264,9880.6264
2018-10-12,9935.5151,9935.5151
2018-10-15,9862.9366,9862.9366
2018-10-16,9943.3637,9943.3637
2018-10-17,10035.5638,10035.5638
2018-10-18,10015.6868,10015.6868
2018-10-19,9976.0739,9976.0739
2018-10-22,10005.6197,10005.6197
2018-10-23,9915.2752,9915.2752
2018-10-24,9762.0511,9762.0511
2018-10-25,9853.3722,9853.3722
2018-10-26,9894.0152,9894.0152
2018-10-29,9825.5949,9825.5949
2018-10-30,9906.3823,9906.3823
2018-10-31,9985.5221,9985.5221
2018-11-01,9951.3952,9951.3952
2018-11-02,10063.3412,10063.3412
2018-11-05,10026.0564,10026.0564
2018-11-06,10055.3668,10055.3668
2018-11-07,10115.024,10115.024
2018-11-08,10224.114,10224.114
2018-11-09,10113.1475,10113.1475
2018-11-12,9906.6298,9906.6298
2018-11-13,10038.7155,10038.7155
2018-11-14,10088.9652,10088.9652
2018-11-15,10227.7161,10227.7161
2018-11-16,10341.5228,10341.5228
2018-11-19,10316.3439,10316.3439
2018-11-21,10158.2084,10158.2084
2018-11-22,10255.271,10255.271
2018-11-23,10325.0897,10325.0897
2018-11-26,10331.7002,10331.7002
2018-11-27,10304.1285,10304.1285
2018-11-28,10171.6199,10171.6199
2018-11-29,10365.1459,10365.1459
2018-11-30,10223.5453,10223.5453
2018-12-03,10344.2735,10344.2735
2018-12-04,10398.3949,10398.3949
2018-12-05,10320.8719,10320.8719
2018-12-06,10229.3658,10229.3658
2018-12-07,10241.4384,10241.4384
2018-12-10,10210.0643,10210.0643
2018-12-11,10163.8687,10163.8687
2018-12-12,10223.6452,10223.6452
2018-12-13,10353.8613,10353.8613
2018-12-14,10314.4682,10314.4682
2018-12-17,10178.166,10178.166
2018-12-18,10203.2704,10203.2704
2018-12-19,10363.694,10363.694
2018-12-20,10292.2321,10292.2321
2018-12-21,10277.7183,10277.7183
2018-12-26,10199.5957,10199.5957
2018-12-27,10286.7467,10286.7467
2018-12-28,10281.5471,10281.5471
2019-01-02,10240.4492,10240.4492
2019-01-03,10305.0121,10305.0121
2019-01-04,10421.1646,10421.1646
2019-01-07,10439.1851,10439.1851
2019-01-08,10395.1818,10395.1818
2019-01-09,10407.0304,10407.0304
2019-01-10,10486.9558,10486.9558
2019-01-11,10522.9635,10522.9635
2019-01-14,10431.7469,10431.7469
2019-01-15,10566.6015,10566.6015
2019-01-16,10580.6051,10580.6051
2019-01-17,10538.7489,10538.7489
2019-01-18,10567.6343,10567.6343
2019-01-21,10517.6833,10517.6833
2019-01-22,10527.2497,10527.2497
2019-01-23,10507.8417,10507.8417
2019-01-24,10563.1168,10563.1168
2019-01-25,10651.0032,10651.0032
2019-01-28,10591.0654,10591.0654
2019-01-29,10550.6506,10550.6506
2019-01-30,10629.4391,10629.4391
2019-01-31,10727.3993,10727.3993
2019-02-01,10786.7277,10786.7277
2019-02-04,10673.148,10673.148
2019-02-06,10801.4979,10801.4979
2019-02-07,10739.9303,10739.9303
2019-02-08,10681.1981,10681.1981
2019-02-11,10645.2662,10645.2662
2019-02-12,10516.8642,10516.8642
2019-02-13,10524.4741,10524.4741
2019-02-14,10631.9992,10631.9992
2019-02-15,10550.0375,10550.0375
2019-02-18,10695.2695,10695.2695
2019-02-19,10671.9637,10671.9637
2019-02-20,10663.3774,10663.3774
2019-02-21,10683.7351,10683.7351
2019-02-22,10626.6888,10626.6888
2019-02-25,10665.2859,10665.2859
2019-02-26,10644.0819,10644.0819
2019-02-27,10599.6131,10599.6131
2019-02-28,10497.6383,10497.6383
2019-03-01,10606.4863,10606.4863
2019-03-04,10569.1593,10569.1593
2019-03-05,10523.7318,10523.7318
2019-03-06,10493.5571,10493.5571
2019-03-08,10359.051,10359.051
2019-03-11,10350.2224,10350.2224
2019-03-12,10344.4437,10344.4437
2019-03-13,10415.857,10415.857
2019-03-14,10441.4777,10441.4777
2019-03-15,10495.1054,10495.1054
2019-03-18,10559.5367,10559.5367
2019-03-19,10524.3962,10524.3962
2019-03-20,10523.6054,10523.6054
2019-03-21,10562.7584,10562.7584
2019-03-22,10553.6365,10553.6365
2019-03-25,10328.4803,10328.4803
2019-03-26,10406.4625,10406.4625
2019-03-27,10371.5912,10371.5912
2019-03-28,10398.343,10398.343
2019-03-29,10392.4395,10392.4395
2019-04-01,10365.8889,10365.8889
2019-04-02,10357.4226,10357.4226
2019-04-04,10428.2534,10428.2534
2019-04-05,10428.6537,10428.6537
2019-04-08,10348.7054,10348.7054
2019-04-09,10446.639,10446.639
2019-04-10,10445.1273,10445.1273
2019-04-11,10356.9023,10356.9023
2019-04-12,10384.0418,10384.0418
2019-04-15,10457.6281,10457.6281
2019-04-16,10549.1837,10549.1837
2019-04-18,10635.5813,10635.5813
2019-04-22,10493.9137,10493.9137
2019-04-23,10599.9211,10599.9211
2019-04-24,10572.7203,10572.7203
2019-04-25,10420.1293,10420.1293
2019-04-26,10483.1421,10483.1421
2019-04-29,10534.012,10534.012
2019-04-30,10549.6229,10549.6229
2019-05-02,10407.1516,10407.1516
2019-05-03,10345.8057,10345.8057
2019-05-06,10230.7631,10230.7631
2019-05-07,10324.322,10324.322
2019-05-08,10274.164,10274.164
2019-05-09,10194.9574,10194.9574
2019-05-10,10219.1503,10219.1503
2019-05-13,10067.8872,10067.8872
2019-05-14,9970.0867,9970.0867
2019-05-15,9824.5987,9824.5987
2019-05-16,9673.6696,9673.6696
2019-05-17,9578.3688,9578.3688
2019-05-20,9688.9792,9688.9792
2019-05-21,9751.1298,9751.1298
2019-05-22,9739.6928,9739.6928
2019-05-23,9912.4287,9912.4287
2019-05-24,10000.5169,10000.5169
2019-05-27,10125.7293,10125.7293
2019-05-28,9927.5519,9927.5519
2019-05-29,10060.2334,10060.2334
2019-05-31,10211.6233,10211.6233
2019-06-10,10412.9153,10412.9153
2019-06-11,10456.7806,10456.7806
2019-06-12,10448.3518,10448.3518
2019-06-13,10443.8872,10443.8872
2019-06-14,10408.1183,10408.1183
2019-06-17,10266.5249,10266.5249
2019-06-18,10434.9751,10434.9751
2019-06-19,10563.9403,10563.9403
2019-06-20,10559.5019,10559.5019
2019-06-21,10509.963,10509.963
2019-06-24,10476.9207,10476.9207
2019-06-25,10494.1078,10494.1078
2019-06-26,10467.5107,10467.5107
2019-06-27,10528.5773,10528.5773
2019-06-28,10569.405,10569.405
2019-07-01,10628.2505,10628.2505
2019-07-02,10618.9017,10618.9017
2019-07-03,10550.0921,10550.0921
2019-07-04,10586.1989,10586.1989
2019-07-05,10558.1034,10558.1034
2019-07-08,10471.9439,10471.9439
2019-07-09,10552.3953,10552.3953
2019-07-10,10600.4737,10600.4737
2019-07-11,10683.123,10683.123
2019-07-12,10615.5681,10615.5681
2019-07-15,10710.9749,10710.9749
2019-07-16,10689.8792,10689.8792
2019-07-17,10682.0353,10682.0353
2019-07-18,10729.1338,10729.1338
2019-07-19,10817.5204,10817.5204
2019-07-22,10765.5003,10765.5003
2019-07-23,10755.7125,10755.7125
2019-07-24,10744.1724,10744.1724
2019-07-25,10777.2705,10777.2705
2019-07-26,10646.4283,10646.4283
2019-07-29,10643.4822,10643.4822
2019-07-30,10742.594,10742.594
2019-07-31,10740.8788,10740.8788
2019-08-01,10682.3793,10682.3793
2019-08-02,10623.1531,10623.1531
2019-08-05,10389.4345,10389.4345
2019-08-06,10351.6847,10351.6847
2019-08-07,10474.7579,10474.7579
2019-08-08,10580.6017,10580.6017
2019-08-09,10593.046,10593.046
2019-08-12,10561.163,10561.163
2019-08-13,10510.4434,10510.4434
2019-08-14,10589.3656,10589.3656
2019-08-15,10568.6837,10568.6837
2019-08-16,10578.4723,10578.4723
2019-08-19,10617.3651,10617.3651
2019-08-20,10657.0317,10657.0317
2019-08-21,10643.7702,10643.7702
2019-08-22,10647.2196,10647.2196
2019-08-23,10681.0196,10681.0196
2019-08-26,10625.3669,10625.3669
2019-08-27,10615.5614,10615.5614
2019-08-28,10637.1114,10637.1114
2019-08-29,10705.717,10705.717
2019-08-30,10783.9252,10783.9252
2019-09-02,10714.9011,10714.9011
2019-09-03,10677.8018,10677.8018
2019-09-04,10739.6105,10739.6105
2019-09-05,10745.2919,10745.2919
2019-09-06,10750.7016,10750.7016
2019-09-09,10793.9342,10793.9342
2019-09-10,10825.2463,10825.2463
2019-09-11,10888.8858,10888.8858
2019-09-12,10778.4125,10778.4125
2019-09-13,10722.0495,10722.0495
2019-09-16,10585.0874,10585.0874
2019-09-17,10593.0113,10593.0113
2019-09-18,10683.5355,10683.5355
2019-09-19,10603.3408,10603.3408
2019-09-20,10616.3004,10616.3004
2019-09-23,10573.323,10573.323
2019-09-24,10369.9671,10369.9671
2019-09-25,10447.2312,10447.2312
2019-09-26,10561.3377,10561.3377
2019-09-27,10501.0909,10501.0909
2019-09-30,10442.2974,10442.2974
2019-10-01,10376.208,10376.208
2019-10-02,10253.7595,10253.7595
2019-10-03,10276.1149,10276.1149
2019-10-04,10303.7949,10303.7949
2019-10-07,10258.1918,10258.1918
2019-10-08,10308.4951,10308.4951
2019-10-09,10331.2367,10331.2367
2019-10-10,10314.9453,10314.9453
2019-10-11,10455.8302,10455.8302
2019-10-14,10487.7692,10487.7692
2019-10-15,10522.3625,10522.3625
2019-10-16,10548.4681,10548.4681
2019-10-17,10514.0791,10514.0791
2019-10-18,10500.1997,10500.1997
2019-10-21,10530.5789,10530.5789
2019-10-22,10497.4075,10497.4075
2019-10-23,10584.5421,10584.5421
2019-10-24,10686.9769,10686.9769
2019-10-25,10563.1336,10563.1336
2019-10-28,10596.6779,10596.6779
2019-10-29,10587.6725,10587.6725
2019-10-30,10568.647,10568.647
2019-10-31,10512.6399,10512.6399
2019-11-01,10415.3591,10415.3591
2019-11-04,10342.1744,10342.1744
2019-11-05,10413.4297,10413.4297
2019-11-06,10328.9874,10328.9874
2019-11-07,10221.77,10221.77
2019-11-08,10207.2043,10207.2043
2019-11-11,10159.5724,10159.5724
2019-11-12,10163.2558,10163.2558
2019-11-13,10081.6341,10081.6341
2019-11-14,10071.9568,10071.9568
2019-11-15,10103.9335,10103.9335
2019-11-18,9999.6244,9999.6244
2019-11-19,10034.8551,10034.8551
2019-11-20,10039.1524,10039.1524
2019-11-21,10016.3591,10016.3591
2019-11-22,9963.8864,9963.8864
2019-11-25,9893.7227,9893.7227
2019-11-26,9818.4341,9818.4341
2019-11-27,9860.5936,9860.5936
2019-11-28,9754.7588,9754.7588
2019-11-29,9846.7784,9846.7784
2019-12-02,10076.964,10076.964
2019-12-03,10060.6058,10060.6058
2019-12-04,10054.004,10054.004
2019-12-05,10087.0956,10087.0956
2019-12-06,10125.6334,10125.6334
2019-12-09,10119.2759,10119.2759
2019-12-10,10104.1213,10104.1213
2019-12-11,10087.0631,10087.0631
2019-12-12,10046.9081,10046.9081
2019-12-13,10152.2264,10152.2264
2019-12-16,10167.9987,10167.9987
2019-12-17,10170.256,10170.256
2019-12-18,10201.3492,10201.3492
2019-12-19,10135.931,10135.931
2019-12-20,10138.0306,10138.0306
2019-12-23,10177.2206,10177.2206
2019-12-26,10249.4915,10249.4915
2019-12-27,10247.0777,10247.0777
2019-12-30,10210.4876,10210.4876
2020-01-02,10195.6003,10195.6003
2020-01-03,10281.4488,10281.4488
2020-01-06,10207.5816,10207.5816
2020-01-07,10218.8922,10218.8922
2020-01-08,10139.2109,10139.2109
2020-01-09,10202.1993,10202.1993
2020-01-10,10226.2738,10226.2738
2020-01-13,10213.6268,10213.6268
2020-01-14,10221.0358,10221.0358
2020-01-15,10121.8396,10121.8396
2020-01-16,10214.193,10214.193
2020-01-17,10211.3364,10211.3364
2020-01-20,10150.305,10150.305
2020-01-21,10131.9517,10131.9517
2020-01-22,10082.2398,10082.2398
2020-01-23,10101.3629,10101.3629
2020-01-24,10104.1801,10104.1801
2020-01-27,9890.2218,9890.2218
2020-01-28,9877.1618,9877.1618
2020-01-29,9899.9181,9899.9181
2020-01-30,9799.0766,9799.0766
2020-01-31,9636.5094,9636.5094
2020-02-03,9544.2351,9544.2351
2020-02-04,9636.5459,9636.5459
2020-02-05,9704.1767,9704.1767
2020-02-06,9739.954,9739.954
2020-02-07,9737.6919,9737.6919
2020-02-10,9630.9682,9630.9682
2020-02-11,9668.1835,9668.1835
2020-02-12,9600.9002,9600.9002
2020-02-13,9536.2162,9536.2162
2020-02-14,9546.0144,9546.0144
2020-02-17,9576.8167,9576.8167
2020-02-18,9627.753,9627.753
2020-02-19,9665.7404,9665.7404
2020-02-20,9672.1648,9672.1648
2020-02-21,9541.6884,9541.6884
2020-02-24,9387.6028,9387.6028
2020-02-25,9389.981,9389.981
2020-02-26,9192.4506,9192.4506
2020-02-27,9021.2374,9021.2374
2020-02-28,8909.3987,8909.3987
2020-03-02,8772.5248,8772.5248
2020-03-03,9000.7313,9000.7313
2020-03-04,9235.9879,9235.9879
2020-03-05,9201.3101,9201.3101
2020-03-06,8954.8715,8954.8715
2020-03-09,8366.3207,8366.3207
2020-03-10,8427.6317,8427.6317
2020-03-11,8312.6476,8312.6476
2020-03-12,7925.6858,7925.6858
2020-03-13,7947.9204,7947.9204
2020-03-16,7580.1735,7580.1735
2020-03-17,7208.2965,7208.2965
2020-03-18,6974.9366,6974.9366
2020-03-19,6634.6307,6634.6307
2020-03-20,6637.3814,6637.3814
2020-03-23,6306.156,6306.156
2020-03-24,6191.1674,6191.1674
2020-03-26,6712.9259,6712.9259
2020-03-27,6937.147,6937.147
2020-03-30,6734.1722,6734.1722
2020-03-31,6978.8233,6978.8233
2020-04-01,6842.4289,6842.4289
2020-04-02,6950.2918,6950.2918
2020-04-03,7097.9956,7097.9956
2020-04-06,7374.1175,7374.1175
2020-04-07,7306.6907,7306.6907
2020-04-08,7081.9411,7081.9411
2020-04-09,7116.9092,7116.9092
2020-04-13,7097.5357,7097.5357
2020-04-14,7244.2636,7244.2636
2020-04-15,7126.2719,7126.2719
2020-04-16,6904.6966,6904.6966
2020-04-17,7159.5069,7159.5069
2020-04-20,7079.422,7079.422
2020-04-21,6975.4292,6975.4292
2020-04-22,7109.5129,7109.5129
2020-04-23,7137.183,7137.183
2020-04-24,7000.3546,7000.3546
2020-04-27,7026.5573,7026.5573
2020-04-28,7070.6211,7070.6211
2020-04-29,7168.3795,7168.3795
2020-04-30,7386.3165,7386.3165
2020-05-04,7217.2891,7217.2891
2020-05-05,7229.2345,7229.2345
2020-05-06,7170.225,7170.225
2020-05-08,7184.0176,7184.0176
2020-05-11,7211.3216,7211.3216
2020-05-12,7095.6306,7095.6306
2020-05-13,7051.5347,7051.5347
2020-05-14,6982.0685,6982.0685
2020-05-15,6998.0839,6998.0839
2020-05-18,7035.6301,7035.6301
2020-05-19,7082.7904,7082.7904
2020-05-20,7048.299,7048.299
2020-05-26,7173.5006,7173.5006
2020-05-27,7203.5515,7203.5515
2020-05-28,7255.7248,7255.7248
2020-05-29,7310.5465,7310.5465
2020-06-02,7528.4092,7528.4092
2020-06-03,7726.3616,7726.3616
2020-06-04,7694.4182,7694.4182
2020-06-05,7804.9219,7804.9219
2020-06-08,8016.3683,8016.3683
2020-06-09,7932.002,7932.002
2020-06-10,7737.8617,7737.8617
2020-06-11,7623.4674,7623.4674
2020-06-12,7709.2269,7709.2269
2020-06-15,7597.5743,7597.5743
2020-06-16,7881.5931,7881.5931
2020-06-17,7893.8822,7893.8822
2020-06-18,7814.4636,7814.4636
2020-06-19,7830.7863,7830.7863
2020-06-22,7778.3318,7778.3318
2020-06-23,7711.6019,7711.6019
2020-06-24,7845.4391,7845.4391
2020-06-25,7742.7123,7742.7123
2020-06-26,7761.7806,7761.7806
2020-06-29,7753.4457,7753.4457
2020-06-30,7750.2942,7750.2942
2020-07-01,7771.7134,7771.7134
2020-07-02,7865.7177,7865.7177
2020-07-03,7862.8328,7862.8328
2020-07-06,7897.079,7897.079
2020-07-07,7898.2102,7898.2102
2020-07-08,8052.2603,8052.2603
2020-07-09,8001.7146,8001.7146
2020-07-10,7950.96,7950.96
2020-07-13,8013.1699,8013.1699
2020-07-14,8024.1383,8024.1383
2020-07-15,8017.0373,8017.0373
2020-07-16,8057.1422,8057.1422
2020-07-17,8035.7209,8035.7209
2020-07-20,7957.3672,7957.3672
2020-07-21,8102.992,8102.992
2020-07-22,8103.429,8103.429
2020-07-23,8169.3232,8169.3232
2020-07-24,8050.7327,8050.7327
2020-07-27,8154.1644,8154.1644
2020-07-28,8148.8772,8148.8772
2020-07-29,8141.8775,8141.8775
2020-07-30,8162.7128,8162.7128
2020-08-03,7930.6313,7930.6313
2020-08-04,8075.6881,8075.6881
2020-08-05,8175.386,8175.386
2020-08-06,8257.1354,8257.1354
2020-08-07,8217.9327,8217.9327
2020-08-10,8223.9635,8223.9635
2020-08-11,8275.7012,8275.7012
2020-08-12,8334.0668,8334.0668
2020-08-13,8323.8736,8323.8736
2020-08-14,8322.6615,8322.6615
2020-08-18,8404.6134,8404.6134
2020-08-19,8377.2958,8377.2958
2020-08-24,8363.4415,8363.4415
2020-08-25,8457.218,8457.218
2020-08-26,8446.8307,8446.8307
2020-08-27,8453.9204,8453.9204
2020-08-28,8413.5866,8413.5866
2020-08-31,8250.3263,8250.3263
2020-09-01,8346.5422,8346.5422
2020-09-02,8368.5242,8368.5242
2020-09-03,8293.1943,8293.1943
2020-09-04,8226.4368,8226.4368
2020-09-07,8194.02,8194.02
2020-09-08,8192.3355,8192.3355
2020-09-09,7989.5878,7989.5878
2020-09-10,7580.2783,7580.2783
2020-09-11,7759.9152,7759.9152
2020-09-14,7989.2307,7989.2307
2020-09-15,7882.7758,7882.7758
2020-09-16,7818.1775,7818.1775
2020-09-17,7744.0477,7744.0477
2020-09-18,7786.4511,7786.4511
2020-09-21,7681.5136,7681.5136
2020-09-22,7589.1219,7589.1219
2020-09-23,7561.6214,7561.6214
2020-09-24,7423.7617,7423.7617
2020-09-25,7591.6512,7591.6512
2020-09-28,7531.0867,7531.0867
2020-09-29,7486.245,7486.245
2020-09-30,7467.2569,7467.2569
2020-10-01,7633.6003,7633.6003
2020-10-02,7544.4981,7544.4981
2020-10-05,7591.8903,7591.8903
2020-10-06,7670.5144,7670.5144
2020-10-07,7658.6408,7658.6408
2020-10-08,7696.489,7696.489
2020-10-09,7718.092,7718.092
2020-10-12,7778.6584,7778.6584
2020-10-13,7832.7788,7832.7788
2020-10-14,7929.3041,7929.3041
2020-10-15,7811.2944,7811.2944
2020-10-16,7827.0149,7827.0149
2020-10-19,7888.8994,7888.8994
2020-10-20,7852.3997,7852.3997
2020-10-21,7893.1547,7893.1547
2020-10-22,7879.9865,7879.9865
2020-10-23,7894.3992,7894.3992
2020-10-26,7909.9514,7909.9514
2020-10-27,7879.1172,7879.1172
2020-11-02,7843.6105,7843.6105
2020-11-03,7907.3256,7907.3256
2020-11-04,7787.7848,7787.7848
2020-11-05,8021.9731,8021.9731
2020-11-06,8161.3335,8161.3335
2020-11-09,8229.4746,8229.4746
2020-11-10,8409.2346,8409.2346
2020-11-11,8468.6862,8468.6862
2020-11-12,8386.5111,8386.5111
2020-11-13,8414.0159,8414.0159
2020-11-16,8498.8471,8498.8471
2020-11-17,8575.4693,8575.4693
2020-11-18,8634.1581,8634.1581
2020-11-19,8666.152,8666.152
2020-11-20,8608.5227,8608.5227
2020-11-23,8740.1077,8740.1077
2020-11-24,8791.3723,8791.3723
2020-11-25,8743.3645,8743.3645
2020-11-26,8889.219,8889.219
2020-11-27,8942.9861,8942.9861
2020-11-30,8646.8617,8646.8617
2020-12-01,8805.5435,8805.5435
2020-12-02,8994.615,8994.615
2020-12-03,9048.2435,9048.2435
2020-12-04,9052.4764,9052.4764
2020-12-07,9212.8803,9212.8803
2020-12-08,9212.0321,9212.0321
2020-12-10,9195.1747,9195.1747
2020-12-11,9172.3614,9172.3614
2020-12-14,9319.9473,9319.9473
2020-12-15,9332.7043,9332.7043
2020-12-16,9567.3464,9567.3464
2020-12-17,9612.277,9612.277
2020-12-18,9649.2011,9649.2011
2020-12-21,9748.5959,9748.5959
2020-12-22,9440.1543,9440.1543
2020-12-23,9434.0528,9434.0528
2020-12-28,9590.1754,9590.1754
2020-12-29,9502.5822,9502.5822
2020-12-30,9378.4315,9378.4315
2021-01-04,9604.3462,9604.3462
2021-01-05,9656.8022,9656.8022
2021-01-06,9547.7719,9547.7719
2021-01-07,9742.4986,9742.4986
2021-01-08,9916.4005,9916.4005
2021-01-11,10002.5455,10002.5455
2021-01-12,10020.3327,10020.3327
2021-01-13,10173.3419,10173.3419
2021-01-14,10200.3791,10200.3791
2021-01-15,10196.4889,10196.4889
2021-01-18,10163.0069,10163.0069
2021-01-19,9995.8078,9995.8078
2021-01-20,10333.8537,10333.8537
2021-01-21,10334.9863,10334.9863
2021-01-22,10081.815,10081.815
2021-01-25,10057.9289,10057.9289
2021-01-26,9808.4444,9808.4444
2021-01-27,9867.4934,9867.4934
2021-01-28,9641.5458,9641.5458
2021-01-29,9463.9615,9463.9615
2021-02-01,9901.3036,9901.3036
2021-02-02,9740.3884,9740.3884
2021-02-03,9721.4031,9721.4031
2021-02-04,9834.3955,9834.3955
2021-02-05,9872.8587,9872.8587
2021-02-08,9973.1323,9973.1323
2021-02-09,9861.4911,9861.4911
2021-02-10,9924.0447,9924.0447
2021-02-11,9926.4892,9926.4892
2021-02-15,10039.3919,10039.3919
2021-02-16,10061.8836,10061.8836
2021-02-17,9942.1758,9942.1758
2021-02-18,9896.7834,9896.7834
2021-02-19,9997.6239,9997.6239
2021-02-22,10098.2804,10098.2804
2021-02-23,10072.5786,10072.5786
2021-02-24,9984.2967,9984.2967
2021-02-25,10026.1251,10026.1251
2021-02-26,9888.052,9888.052
2021-03-01,10065.9478,10065.9478
2021-03-02,10026.0861,10026.0861
2021-03-03,10017.7026,10017.7026
2021-03-04,9855.7467,9855.7467
2021-03-05,9706.7411,9706.7411
2021-03-08,9710.6123,9710.6123
2021-03-09,9625.2357,9625.2357
2021-03-10,9785.21,9785.21
2021-03-12,9911.1503,9911.1503
2021-03-15,9856.5796,9856.5796
2021-03-16,9806.6218,9806.6218
2021-03-17,9793.2701,9793.2701
2021-03-18,9934.3196,9934.3196
2021-03-19,9852.4386,9852.4386
2021-03-22,9737.3868,9737.3868
2021-03-23,9645.6305,9645.6305
2021-03-24,9554.9218,9554.9218
2021-03-25,9527.1865,9527.1865
2021-03-26,9702.2149,9702.2149
2021-03-29,9634.3024,9634.3024
2021-03-30,9458.1536,9458.1536
2021-03-31,9347.4175,9347.4175
2021-04-01,9372.1829,9372.1829
2021-04-05,9291.0819,9291.0819
2021-04-06,9433.9787,9433.9787
2021-04-07,9496.919,9496.919
2021-04-08,9549.8344,9549.8344
2021-04-09,9565.5378,9565.5378
2021-04-12,9378.6712,9378.6712
2021-04-13,9425.8617,9425.8617
2021-04-14,9613.854,9613.854
2021-04-15,9656.9751,9656.9751
2021-04-16,9668.0356,9668.0356
2021-04-19,9626.927,9626.927
2021-04-20,9677.9579,9677.9579
2021-04-21,9600.1058,9600.1058
2021-04-22,9610.4275,9610.4275
2021-04-23,9640.4945,9640.4945
2021-04-26,9578.7082,9578.7082
2021-04-27,9613.4373,9613.4373
2021-04-28,9644.9558,9644.9558
2021-04-29,9729.6616,9729.6616
2021-04-30,9673.6637,9673.6637
2021-05-03,9584.7874,9584.7874
2021-05-04,9630.7423,9630.7423
2021-05-05,9644.8617,9644.8617
2021-05-06,9638.6917,9638.6917
2021-05-07,9590.6275,9590.6275
2021-05-10,9709.3765,9709.3765
2021-05-11,9657.3655,9657.3655
2021-05-17,9515.1482,9515.1482
2021-05-18,9547.041,9547.041
2021-05-19,9436.7792,9436.7792
2021-05-20,9466.7779,9466.7779
2021-05-21,9390.9731,9390.9731
2021-05-24,9427.9691,9427.9691
2021-05-25,9480.1746,9480.1746
2021-05-27,9495.5103,9495.5103
2021-05-28,9521.4534,9521.4534
2021-05-31,9688.0638,9688.0638
2021-06-02,9789.99,9789.99
2021-06-03,9929.9249,9929.9249
2021-06-04,9858.8467,9858.8467
2021-06-07,9849.7725,9849.7725
2021-06-08,9810.3053,9810.3053
2021-06-09,9949.7136,9949.7136
2021-06-10,10001.4772,10001.4772
2021-06-11,9941.3525,9941.3525
2021-06-14,9888.5852,9888.5852
2021-06-15,9908.6697,9908.6697
2021-06-16,9867.9373,9867.9373
2021-06-17,9871.6475,9871.6475
2021-06-18,9783.7273,9783.7273
2021-06-21,9820.0722,9820.0722
2021-06-22,9960.7337,9960.7337
2021-06-23,10024.6107,10024.6107
2021-06-24,9926.904,9926.904
2021-06-25,9897.8383,9897.8383
2021-06-28,9709.7549,9709.7549
2021-06-29,9714.6713,9714.6713
2021-06-30,9807.7508,9807.7508
2021-07-01,9747.5733,9747.5733
2021-07-02,9740.9398,9740.9398
2021-07-05,9874.9928,9874.9928
2021-07-06,10013.9623,10013.9623
2021-07-07,10007.5555,10007.5555
2021-07-08,9997.7709,9997.7709
2021-07-09,10001.5146,10001.5146
2021-07-12,9971.7618,9971.7618
2021-07-13,9699.9882,9699.9882
2021-07-14,9718.529,9718.529
2021-07-15,9852.7119,9852.7119
2021-07-16,9888.4483,9888.4483
2021-07-19,9790.1504,9790.1504
2021-07-21,9759.2726,9759.2726
2021-07-22,9887.9556,9887.9556
2021-07-23,9880.1409,9880.1409
2021-07-26,10053.6284,10053.6284
2021-07-27,10061.0017,10061.0017
2021-07-28,10186.998,10186.998
2021-07-29,10255.5194,10255.5194
2021-07-30,10192.0648,10192.0648
2021-08-02,10206.6621,10206.6621
2021-08-03,10286.924,10286.924
2021-08-04,10340.5283,10340.5283
2021-08-05,10369.4303,10369.4303
2021-08-06,10493.4867,10493.4867
2021-08-09,10411.9197,10411.9197
2021-08-10,10265.5763,10265.5763
2021-08-12,10322.226,10322.226
2021-08-13,10304.5713,10304.5713
2021-08-16,10158.9137,10158.9137
2021-08-18,10077.4675,10077.4675
2021-08-19,9883.4108,9883.4108
2021-08-20,10005.7841,10005.7841
2021-08-23,10167.508,10167.508
2021-08-24,10096.5192,10096.5192
2021-08-25,10112.0378,10112.0378
2021-08-26,9961.7924,9961.7924
2021-08-27,9918.5883,9918.5883
2021-08-30,10115.9327,10115.9327
2021-08-31,10135.6855,10135.6855
2021-09-01,10014.1124,10014.1124
2021-09-02,9971.3033,9971.3033
2021-09-03,10088.764,10088.764
2021-09-06,10103.8054,10103.8054
2021-09-07,10096.078,10096.078
2021-09-08,9879.8839,9879.8839
2021-09-09,9916.3945,9916.3945
2021-09-10,9927.506,9927.506
2021-09-13,9941.5652,9941.5652
2021-09-14,9988.9439,9988.9439
2021-09-15,9976.4528,9976.4528
2021-09-16,9963.461,9963.461
2021-09-17,10004.5631,10004.5631
2021-09-20,9914.5304,9914.5304
2021-09-21,9883.8282,9883.8282
2021-09-22,9967.0815,9967.0815
2021-09-23,9959.5183,9959.5183
2021-09-24,9937.9061,9937.9061
2021-09-27,9910.4512,9910.4512
2021-09-28,9854.9208,9854.9208
2021-09-29,9865.4496,9865.4496
2021-09-30,10082.5748,10082.5748
2021-10-01,9992.4184,9992.4184
2021-10-04,10180.3947,10180.3947
2021-10-05,10068.369,10068.369
2021-10-06,10240.681,10240.681
2021-10-07,10125.9947,10125.9947
2021-10-08,10312.3244,10312.3244
2021-10-11,10287.708,10287.708
2021-10-12,10324.9861,10324.9861
2021-10-13,10362.1641,10362.1641
2021-10-14,10459.9332,10459.9332
2021-10-15,10498.1522,10498.1522
2021-10-18,10570.7973,10570.7973
2021-10-19,10556.6158,10556.6158
2021-10-21,10519.1247,10519.1247
2021-10-22,10564.7975,10564.7975
2021-10-25,10474.8914,10474.8914
2021-10-26,10496.612,10496.612
2021-10-27,10356.3771,10356.3771
2021-10-28,10263.65,10263.65
2021-10-29,10387.4155,10387.4155
2021-11-01,10331.3098,10331.3098
2021-11-02,10205.0771,10205.0771
2021-11-03,10320.4986,10320.4986
2021-11-04,10351.8533,10351.8533
2021-11-05,10315.2396,10315.2396
2021-11-08,10409.43,10409.43
2021-11-09,10403.89,10403.89
2021-11-10,10443.74,10443.74
2021-11-11,10435.93,10435.93
2021-11-12,10382.77,10382.77
2021-11-15,10357.91,10357.91
2021-11-16,10467.84,10467.84
2021-11-17,10535.27,10535.27
2021-11-18,10525.64,10525.64
2021-11-19,10620.26,10620.26
2021-11-22,10620.32,10620.32
2021-11-23,10529.62,10529.62
2021-11-24,10556.29,10556.29
2021-11-25,10624.22,10624.22
2021-11-26,10384.15,10384.15
2021-11-29,10532.36,10532.36
2021-11-30,10341.17,10341.17
2021-12-01,10335.98,10335.98
2021-12-02,10469.74,10469.74
2021-12-03,10423.73,10423.73
2021-12-06,10616.54,10616.54
2021-12-07,10688.75,10688.75
2021-12-08,10653.78,10653.78
2021-12-09,10729.99,10729.99
2021-12-10,10694.7,10694.7
2021-12-13,10684.68,10684.68
2021-12-14,10635.33,10635.33
2021-12-15,10663.06,10663.06
2021-12-16,10604.91,10604.91
2021-12-17,10643.24,10643.24
2021-12-20,10582.77,10582.77
2021-12-21,10601.35,10601.35
2021-12-22,10576.41,10576.41
2021-12-23,10608.56,10608.56
2021-12-24,10624.93,10624.93
2021-12-27,10608.53,10608.53
2021-12-28,10646.24,10646.24
2021-12-29,10624.43,10624.43
2021-12-30,10547.59,10547.59
2022-01-03,10692.43,10692.43
2022-01-04,10675.69,10675.69
2022-01-05,10522.35,10522.35
2022-01-06,10499.23,10499.23
2022-01-07,10589.16,10589.16
2022-01-10,10589.89,10589.89
2022-01-11,10493.64,10493.64
2022-01-12,10580.67,10580.67
2022-01-13,10608.59,10608.59
2022-01-14,10632.95,10632.95
2022-01-17,10578.11,10578.11
2022-01-18,10510.43,10510.43
2022-01-19,10475.01,10475.01
2022-01-20,10503.18,10503.18
2022-01-21,10608.55,10608.55
2022-01-24,10506.37,10506.37
2022-01-25,10367.96,10367.96
2022-01-26,10446.72,10446.72
2022-01-27,10456.55,10456.55
2022-01-28,10545.42,10545.42
2022-01-31,10436.37,10436.37
2022-02-02,10502.61,10502.61
2022-02-03,10459.29,10459.29
2022-02-04,10495.1,10495.1
2022-02-07,10570.69,10570.69
2022-02-08,10554.73,10554.73
2022-02-09,10601.54,10601.54
2022-02-10,10597.19,10597.19
2022-02-11,10617.69,10617.69
2022-02-14,10591.4,10591.4
2022-02-15,10775.57,10775.57
2022-02-16,10827.83,10827.83
2022-02-17,10799.88,10799.88
2022-02-18,10876.08,10876.08
2022-02-21,10878.25,10878.25
2022-02-22,10824.14,10824.14
2022-02-23,10967.33,10967.33
2022-02-24,10950.35,10950.35
2022-02-25,11003.2,11003.2
2022-03-01,11078.78,11078.78
2022-03-02,11127.52,11127.52
2022-03-04,11443.22,11443.22
2022-03-07,11441.07,11441.07
2022-03-08,11357.33,11357.33
2022-03-09,11376.7,11376.7
2022-03-10,11261.05,11261.05
2022-03-11,11267.97,11267.97
2022-03-14,11222.54,11222.54
2022-03-15,11205.98,11205.98
2022-03-16,11356.92,11356.92
2022-03-17,11280.39,11280.39
2022-03-18,11271.58,11271.58
2022-03-21,11291.19,11291.19
2022-03-22,11363.69,11363.69
2022-03-23,11433.26,11433.26
2022-03-24,11597.96,11597.96
2022-03-25,11518.41,11518.41
2022-03-28,11631.95,11631.95
2022-03-29,11499.73,11499.73
2022-03-30,11472.93,11472.93
2022-03-31,11523.51,11523.51
2022-04-01,11582.4,11582.4
2022-04-04,11647.7,11647.7
2022-04-05,11760.19,11760.19
2022-04-06,11731.69,11731.69
2022-04-07,11763.99,11763.99
2022-04-08,12034.44,12034.44
2022-04-11,11949.76,11949.76
2022-04-12,11955.58,11955.58
2022-04-13,12172.14,12172.14
2022-04-14,12128.57,12128.57
2022-04-18,12207.25,12207.25
2022-04-19,12089.93,12089.93
2022-04-20,12175,12175
2022-04-21,12236.12,12236.12
2022-04-22,12122.91,12122.91
2022-04-25,12132.91,12132.91
2022-04-26,12162.04,12162.04
2022-04-27,12175.12,12175.12
2022-04-28,12303.03,12303.03
2022-05-09,11753.01,11753.01
2022-05-10,11556.56,11556.56
2022-05-11,11557.24,11557.24
2022-05-12,11206.68,11206.68
2022-05-13,11282.35,11282.35
2022-05-17,11408,11408
2022-05-18,11479.07,11479.07
2022-05-19,11405.77,11405.77
2022-05-20,11525.13,11525.13
2022-05-23,11375.07,11375.07
2022-05-24,11521.77,11521.77
2022-05-25,11470.61,11470.61
2022-05-27,11671.48,11671.48
2022-05-30,11605.22,11605.22
2022-05-31,11799.21,11799.21
2022-06-02,11670.69,11670.69
2022-06-03,11743.09,11743.09
2022-06-06,11695.77,11695.77
2022-06-07,11727.01,11727.01
2022-06-08,11797.48,11797.48
2022-06-09,11747.51,11747.51
2022-06-10,11499.17,11499.17
2022-06-13,11306.16,11306.16
2022-06-14,11341.33,11341.33
2022-06-15,11193.15,11193.15
2022-06-16,11328.46,11328.46
2022-06-17,11119.83,11119.83
2022-06-20,11170.46,11170.46
2022-06-21,11262.66,11262.66
2022-06-22,11165.42,11165.42
2022-06-23,11156.32,11156.32
2022-06-24,11197.62,11197.62
2022-06-27,11137.93,11137.93
2022-06-28,11121.47,11121.47
2022-06-29,11033.21,11033.21
2022-06-30,10964.12,10964.12
2022-07-01,10770.8,10770.8
2022-07-04,10565.07,10565.07
2022-07-05,10683.41,10683.41
2022-07-06,10624.51,10624.51
2022-07-07,10608.69,10608.69
2022-07-08,10735.73,10735.73
2022-07-11,10683.81,10683.81
2022-07-12,10676.61,10676.61
2022-07-13,10590.42,10590.42
2022-07-14,10617.98,10617.98
2022-07-15,10563.42,10563.42
2022-07-18,10634.2,10634.2
2022-07-19,10740.89,10740.89
2022-07-20,10972.02,10972.02
2022-07-21,10958.31,10958.31
2022-07-22,10966.01,10966.01
2022-07-25,10931.1,10931.1
2022-07-26,11012.55,11012.55
2022-07-27,11071.46,11071.46
2022-07-28,11145.52,11145.52
2022-07-29,11160.77,11160.77
2022-08-01,11229.43,11229.43
2022-08-02,11275.83,11275.83
2022-08-03,11418.17,11418.17
2022-08-04,11391.74,11391.74
2022-08-05,11447.42,11447.42
2022-08-08,11462.5,11462.5
2022-08-09,11472.92,11472.92
2022-08-10,11426.52,11426.52
2022-08-11,11525.85,11525.85
2022-08-12,11489.86,11489.86
2022-08-15,11416.14,11416.14
2022-08-16,11390.68,11390.68
2022-08-18,11477.03,11477.03
2022-08-19,11465.07,11465.07
2022-08-22,11312.5,11312.5
2022-08-23,11423.24,11423.24
2022-08-24,11479.5,11479.5
2022-08-25,11493.6,11493.6
2022-08-26,11478.55,11478.55
2022-08-29,11508.43,11508.43
2022-08-30,11519.98,11519.98
2022-08-31,11591.14,11591.14
2022-09-01,11625.71,11625.71
2022-09-02,11661.4,11661.4
2022-09-05,11919.23,11919.23
2022-09-06,12010.86,12010.86
2022-09-07,11829.61,11829.61
2022-09-08,11840.83,11840.83
2022-09-09,11852.33,11852.33
2022-09-12,11944.32,11944.32
2022-09-13,12048.87,12048.87
2022-09-14,12045.57,12045.57
2022-09-15,12115.66,12115.66
2022-09-16,11871.31,11871.31
2022-09-19,11857.68,11857.68
2022-09-20,11786.29,11786.29
2022-09-21,11785.03,11785.03
2022-09-22,11855.93,11855.93
2022-09-23,11746.72,11746.72
2022-09-26,11564.97,11564.97
2022-09-27,11600.61,11600.61
2022-09-28,11517.72,11517.72
2022-09-29,11440.59,11440.59
2022-09-30,11505.33,11505.33
2022-10-03,11486.97,11486.97
2022-10-04,11636.57,11636.57
2022-10-05,11632.97,11632.97
2022-10-06,11707.52,11707.52
2022-10-07,11687.16,11687.16
2022-10-10,11597.73,11597.73
2022-10-11,11562.19,11562.19
2022-10-12,11571.7,11571.7
2022-10-13,11567.01,11567.01
2022-10-14,11498.72,11498.72
2022-10-17,11499.75,11499.75
2022-10-18,11492.24,11492.24
2022-10-19,11593.63,11593.63
2022-10-20,11811.12,11811.12
2022-10-21,11916.56,11916.56
2022-10-24,12011.72,12011.72
2022-10-25,11965.18,11965.18
2022-10-26,11884.02,11884.02
2022-10-27,11955.88,11955.88
2022-10-28,11878.31,11878.31
2022-10-31,11926.76,11926.76
2022-11-01,11759.43,11759.43
2022-11-02,11627.38,11627.38
2022-11-03,11635.74,11635.74
2022-11-04,11594.88,11594.88
2022-11-07,11643.12,11643.12
2022-11-08,11554.46,11554.46
2022-11-09,11548.7,11548.7
2022-11-10,11437.68,11437.68
2022-11-11,11581.93,11581.93
2022-11-14,11424.39,11424.39
2022-11-15,11426.31,11426.31
2022-11-16,11281.55,11281.55
2022-11-17,11306.97,11306.97
2022-11-18,11382.36,11382.36
2022-11-21,11355.91,11355.91
2022-11-22,11376.98,11376.98
2022-11-23,11461.59,11461.59
2022-11-24,11514.87,11514.87
2022-11-25,11453.95,11453.95
2022-11-28,11350.77,11350.77
2022-11-29,11380.96,11380.96
2022-11-30,11540.7,11540.7
2022-12-01,11494.54,11494.54
2022-12-02,11489.34,11489.34
2022-12-05,11450.45,11450.45
2022-12-06,11294.1,11294.1
2022-12-07,11144.73,11144.73
2022-12-08,11182.94,11182.94
2022-12-09,11109.21,11109.21
2022-12-12,11155.8,11155.8
2022-12-13,11221.15,11221.15
2022-12-14,11181,11181
2022-12-15,11090.22,11090.22
2022-12-16,11156.12,11156.12
2022-12-19,11109.39,11109.39
2022-12-20,11041.37,11041.37
2022-12-21,11028.95,11028.95
2022-12-22,11023.44,11023.44
2022-12-23,10949.01,10949.01
2022-12-26,10984.17,10984.17
2022-12-27,10987.04,10987.04
2022-12-28,10925.64,10925.64
2022-12-29,10970.54,10970.54
2022-12-30,10966.63,10966.63
2023-01-02,10947.25,10947.25
2023-01-03,11042.44,11042.44
2023-01-04,10967.91,10967.91
2023-01-05,10755.39,10755.39
2023-01-06,10780.75,10780.75
2023-01-09,10815.44,10815.44
2023-01-10,10662.17,10662.17
2023-01-11,10598.75,10598.75
2023-01-12,10665.05,10665.05
2023-01-13,10655.15,10655.15
2023-01-16,10706.52,10706.52
2023-01-17,10871.98,10871.98
2023-01-18,10858.56,10858.56
2023-01-19,10948.56,10948.56
2023-01-20,10977.97,10977.97
2023-01-24,10967.84,10967.84
2023-01-25,10870.87,10870.87
2023-01-26,11004,11004
2023-01-27,11042.99,11042.99
2023-01-30,10990.85,10990.85
2023-01-31,10960.92,10960.92
2023-02-01,11005.65,11005.65
2023-02-02,11099.51,11099.51
2023-02-03,11167.62,11167.62
2023-02-06,11068.94,11068.94
2023-02-07,11161.82,11161.82
2023-02-08,11200.39,11200.39
2023-02-09,11205.19,11205.19
2023-02-10,11240.77,11240.77
2023-02-13,11253.06,11253.06
2023-02-14,11315.94,11315.94
2023-02-15,11296.16,11296.16
2023-02-16,11256.99,11256.99
2023-02-17,11282.12,11282.12
2023-02-20,11334.48,11334.48
2023-02-21,11340.33,11340.33
2023-02-22,11158.12,11158.12
2023-02-23,11220.48,11220.48
2023-02-24,11254.44,11254.44
2023-02-27,11199.84,11199.84
2023-02-28,11146.29,11146.29
2023-03-01,11154.88,11154.88
2023-03-02,11216.18,11216.18
2023-03-03,11162.68,11162.68
2023-03-06,11188.67,11188.67
2023-03-07,11192.22,11192.22
2023-03-08,11221.61,11221.61
2023-03-09,11272,11272
2023-03-10,11185.52,11185.52
2023-03-13,11159.87,11159.87
2023-03-14,10922.41,10922.41
2023-03-15,10920.21,10920.21
2023-03-16,10892.19,10892.19
2023-03-17,11008.84,11008.84
2023-03-20,10894.75,10894.75
2023-03-21,10996.72,10996.72
2023-03-24,11192.82,11192.82
2023-03-27,11130.4,11130.4
2023-03-28,11208.69,11208.69
2023-03-29,11342.81,11342.81
2023-03-30,11296.91,11296.91
2023-03-31,11228.48,11228.48
2023-04-03,11231.09,11231.09
2023-04-04,11219.66,11219.66
2023-04-05,11262.03,11262.03
2023-04-06,11250.59,11250.59
2023-04-10,11242.1,11242.1
2023-04-11,11294.47,11294.47
2023-04-12,11296.37,11296.37
2023-04-13,11303.31,11303.31
2023-04-14,11328.55,11328.55
2023-04-17,11282.8,11282.8
2023-04-18,11382.85,11382.85
2023-04-26,11492.35,11492.35
2023-04-27,11549.11,11549.11
2023-04-28,11602.42,11602.42
2023-05-02,11565.44,11565.44
2023-05-03,11531.66,11531.66
2023-05-04,11540.76,11540.76
2023-05-05,11509.67,11509.67
2023-05-08,11483,11483
2023-05-09,11508.08,11508.08
2023-05-10,11549.17,11549.17
2023-05-11,11517.74,11517.74
2023-05-12,11486.87,11486.87
2023-05-15,11511.42,11511.42
2023-05-16,11458.08,11458.08
2023-05-17,11475.51,11475.51
2023-05-19,11580.18,11580.18
2023-05-22,11622.34,11622.34
2023-05-23,11647.71,11647.71
2023-05-24,11712.61,11712.61
2023-05-25,11748.16,11748.16
2023-05-26,11776.78,11776.78
2023-05-29,11810.45,11810.45
2023-05-30,11800.17,11800.17
2023-05-31,11757.35,11757.35
2023-06-05,11825.81,11825.81
2023-06-06,11847.09,11847.09
2023-06-07,11919.62,11919.62
2023-06-08,11905.03,11905.03
2023-06-09,11978.39,11978.39
2023-06-12,12042.39,12042.39
2023-06-13,12051.37,12051.37
2023-06-14,11977.61,11977.61
2023-06-15,12032.2,12032.2
2023-06-16,12051.54,12051.54
2023-06-19,11984.06,11984.06
2023-06-20,11991.63,11991.63
2023-06-21,12109.59,12109.59
2023-06-22,12021.39,12021.39
2023-06-23,11980.01,11980.01
2023-06-26,11984.69,11984.69
2023-06-27,12019.64,12019.64
2023-07-03,12100.49,12100.49
2023-07-04,12085.38,12085.38
2023-07-05,12103.81,12103.81
2023-07-06,12123.82,12123.82
2023-07-07,12057.9,12057.9
2023-07-10,12040.27,12040.27
2023-07-11,12156.16,12156.16
2023-07-12,12215.49,12215.49
2023-07-13,12123.82,12123.82
2023-07-14,12199.19,12199.19
2023-07-17,12161.86,12161.86
2023-07-18,12129.89,12129.89
2023-07-20,12266.78,12266.78
2023-07-21,12265.73,12265.73
2023-07-24,12217.38,12217.38
2023-07-25,12171.77,12171.77
2023-07-26,12265.24,12265.24
2023-07-27,12253.15,12253.15
2023-07-28,12298.08,12298.08
2023-07-31,12350.89,12350.89
2023-08-01,12288.03,12288.03
2023-08-02,12250.78,12250.78
2023-08-03,12303.69,12303.69
2023-08-04,12238.44,12238.44
2023-08-07,12332.69,12332.69
2023-08-08,12347.43,12347.43
2023-08-09,12414.58,12414.58
2023-08-10,12423.25,12423.25
2023-08-11,12371.22,12371.22
2023-08-14,12374.83,12374.83
2023-08-15,12364.03,12364.03
2023-08-16,12329.1,12329.1
2023-08-18,12243.34,12243.34
2023-08-21,12177.47,12177.47
2023-08-22,12283.11,12283.11
2023-08-23,12289.86,12289.86
2023-08-24,12257.18,12257.18
2023-08-25,12232.07,12232.07
2023-08-28,12258.67,12258.67
2023-08-29,12260.65,12260.65
2023-08-30,12294.77,12294.77
2023-08-31,12244.52,12244.52
2023-09-01,12274.92,12274.92
2023-09-04,12339.58,12339.58
2023-09-05,12344.82,12344.82
2023-09-06,12384.97,12384.97
2023-09-07,12198.74,12198.74
2023-09-08,12156.29,12156.29
2023-09-11,12254.17,12254.17
2023-09-12,12271.5,12271.5
2023-09-13,12295.69,12295.69
2023-09-14,12350.45,12350.45
2023-09-15,12416.88,12416.88
2023-09-18,12383.67,12383.67
2023-09-19,12494,12494
2023-09-20,12533.9,12533.9
2023-09-21,12451.34,12451.34
2023-09-22,12539.34,12539.34
2023-09-25,12489.7,12489.7
2023-09-26,12282.91,12282.91
2023-09-27,12374.68,12374.68
2023-09-29,12361.89,12361.89
2023-10-02,12390.29,12390.29
2023-10-03,12351.55,12351.55
2023-10-04,12201.38,12201.38
2023-10-05,12118.89,12118.89
2023-10-06,12094.51,12094.51
2023-10-09,12058.06,12058.06
2023-10-10,12154.12,12154.12
2023-10-11,12158.58,12158.58
2023-10-12,12208.4,12208.4
2023-10-13,12169.07,12169.07
2023-10-16,12058.69,12058.69
2023-10-17,12034.46,12034.46
2023-10-18,11971.83,11971.83
2023-10-19,11825.62,11825.62
2023-10-20,11847.76,11847.76
2023-10-23,11652.06,11652.06
2023-10-24,11751.34,11751.34
2023-10-25,11765.6,11765.6
2023-10-26,11558.3,11558.3
2023-10-27,11643.57,11643.57
2023-10-30,11546.37,11546.37
2023-10-31,11556.04,11556.04
2023-11-01,11393.4,11393.4
2023-11-02,11528.09,11528.09
2023-11-03,11564.78,11564.78
2023-11-06,11705.68,11705.68
2023-11-07,11646.47,11646.47
2023-11-08,11603.41,11603.41
2023-11-09,11624.66,11624.66
2023-11-13,11521.32,11521.32
2023-11-14,11509.93,11509.93
2023-11-15,11700.55,11700.55
2023-11-16,11622.87,11622.87
2023-11-17,11628.56,11628.56
2023-11-20,11640.22,11640.22
2023-11-21,11612.27,11612.27
2023-11-22,11569.88,11569.88
2023-11-23,11716.62,11716.62
2023-11-24,11678.69,11678.69
2023-11-27,11679.86,11679.86
2023-11-28,11675.57,11675.57
2023-11-29,11677.55,11677.55
2023-11-30,11768.2,11768.2
2023-12-01,11812.85,11812.85
2023-12-04,11799.94,11799.94
2023-12-05,11785.98,11785.98
2023-12-06,11724.34,11724.34
2023-12-07,11795.59,11795.59
2023-12-08,11843.68,11843.68
2023-12-11,11731.89,11731.89
2023-12-12,11783.38,11783.38
2023-12-13,11701.01,11701.01
2023-12-14,11908.58,11908.58
2023-12-15,11908.37,11908.37
2023-12-18,11735.39,11735.39
2023-12-19,11837.03,11837.03
2023-12-20,11872.8,11872.8
2023-12-21,11858.58,11858.58
2023-12-22,11911.83,11911.83
2023-12-27,11929.54,11929.54
2023-12-28,12038.08,12038.08
2023-12-29,11995.4,11995.4
2024-01-02,12038.94,12038.94
2024-01-03,12013.78,12013.78
2024-01-04,12147.69,12147.69
2024-01-05,12086.32,12086.32
2024-01-08,11990.18,11990.18
2024-01-09,11945.39,11945.39
2024-01-10,11959.21,11959.21
2024-01-11,12015.33,12015.33
2024-01-12,12038.56,12038.56
2024-01-15,12054.59,12054.59
2024-01-16,12020.31,12020.31
2024-01-17,11925.55,11925.55
2024-01-18,11912.67,11912.67
2024-01-19,11894.26,11894.26
2024-01-22,11944.06,11944.06
2024-01-23,11930.72,11930.72
2024-01-24,11865.18,11865.18
2024-01-25,11798.54,11798.54
2024-01-26,11715.14,11715.14
2024-01-29,11779.02,11779.02
2024-01-30,11841.67,11841.67
2024-01-31,11888.46,11888.46
2024-02-01,11880.49,11880.49
2024-02-02,11920.81,11920.81
2024-02-05,11835.55,11835.55
2024-02-06,11892.79,11892.79
2024-02-07,11917.81,11917.81
2024-02-12,12071.49,12071.49
2024-02-13,11962.35,11962.35
2024-02-15,12113.38,12113.38
2024-02-16,12067.23,12067.23
2024-02-19,11960.46,11960.46
2024-02-20,12072.63,12072.63
2024-02-21,12089.53,12089.53
2024-02-22,12115.23,12115.23
2024-02-23,12087.2,12087.2
2024-02-26,12043.91,12043.91
2024-02-27,12075.56,12075.56
2024-02-28,12152.74,12152.74
2024-02-29,12121.13,12121.13
2024-03-01,12128.48,12128.48
2024-03-04,12055.09,12055.09
2024-03-05,11997.58,11997.58
2024-03-06,12000.59,12000.59
2024-03-07,12052.53,12052.53
2024-03-08,12060.14,12060.14
2024-03-13,12146.58,12146.58
2024-03-14,12177.5,12177.5
2024-03-15,12010,12010
2024-03-18,12012.07,12012.07
2024-03-19,12056.18,12056.18
2024-03-20,12125.66,12125.66
2024-03-21,12080.03,12080.03
2024-03-22,12076.13,12076.13
2024-03-25,12160.44,12160.44
2024-03-26,12153.43,12153.43
2024-03-27,12104.35,12104.35
2024-03-28,12062.16,12062.16
2024-04-01,11911.61,11911.61
2024-04-02,11957.64,11957.64
2024-04-03,11891.62,11891.62
2024-04-04,12000.43,12000.43
2024-04-05,11970.78,11970.78
2024-04-16,11812.14,11812.14
2024-04-17,11727.9,11727.9
2024-04-18,11753.08,11753.08
2024-04-19,11653.9,11653.9
2024-04-22,11649.97,11649.97
2024-04-23,11690.5,11690.5
2024-04-24,11694.84,11694.84
2024-04-25,11579.42,11579.42
2024-04-26,11341.34,11341.34
2024-04-29,11523.74,11523.74
2024-04-30,11627.41,11627.41
2024-05-02,11361.42,11361.42
2024-05-03,11391.16,11391.16
2024-05-06,11425.93,11425.93
2024-05-07,11441.71,11441.71
2024-05-08,11392.6,11392.6
2024-05-13,11423.55,11423.55
2024-05-14,11434.05,11434.05
2024-05-15,11484.32,11484.32
2024-05-16,11550.84,11550.84
2024-05-17,11661.26,11661.26
2024-05-20,11619.48,11619.48
2024-05-21,11520.93,11520.93
2024-05-22,11554.57,11554.57
2024-05-27,11361.22,11361.22
2024-05-28,11508.45,11508.45
2024-05-29,11398.14,11398.14
2024-05-30,11307.07,11307.07
2024-05-31,11233.19,11233.19
2024-06-03,11378.57,11378.57
2024-06-04,11393.98,11393.98
2024-06-05,11108.48,11108.48
2024-06-06,11189.4,11189.4
2024-06-07,11163.07,11163.07
2024-06-10,11164.43,11164.43
2024-06-11,11054.82,11054.82
2024-06-12,10906.89,10906.89
2024-06-13,10898.24,10898.24
2024-06-14,10695.87,10695.87
2024-06-19,10659.51,10659.51
2024-06-20,10829.65,10829.65
2024-06-21,11024.56,11024.56
2024-06-24,10990.5,10990.5
2024-06-25,10905.17,10905.17
2024-06-26,10907.12,10907.12
2024-06-27,11017,11017
2024-06-28,11151.59,11151.59
2024-07-01,11231.58,11231.58
2024-07-02,11173.72,11173.72
2024-07-03,11223.72,11223.72
2024-07-04,11264.42,11264.42
2024-07-05,11317.74,11317.74
2024-07-08,11302.05,11302.05
2024-07-09,11388.01,11388.01
2024-07-10,11382.4,11382.4
2024-07-11,11418.67,11418.67
2024-07-12,11447.17,11447.17
2024-07-15,11346.57,11346.57
2024-07-16,11288.23,11288.23
2024-07-17,11309.21,11309.21
2024-07-18,11442.85,11442.85
2024-07-19,11363.41,11363.41
2024-07-22,11432.99,11432.99
2024-07-23,11393.03,11393.03
2024-07-24,11302.47,11302.47
2024-07-25,11284.41,11284.41
2024-07-26,11319.84,11319.84
2024-07-29,11276.04,11276.04
2024-07-30,11164.41,11164.41
2024-07-31,11204.22,11204.22
2024-08-01,11269.46,11269.46
2024-08-02,11204.56,11204.56
2024-08-05,10787.91,10787.91
2024-08-06,10934.77,10934.77
2024-08-07,11047.48,11047.48
2024-08-08,11066.24,11066.24
2024-08-09,11103.36,11103.36
2024-08-12,11168.23,11168.23
2024-08-13,11259.69,11259.69
2024-08-14,11347.68,11347.68
2024-08-15,11294.21,11294.21
2024-08-16,11355.92,11355.92
2024-08-19,11345.1,11345.1
2024-08-20,11454.56,11454.56
2024-08-21,11465.67,11465.67
2024-08-22,11297.02,11297.02
2024-08-23,11398.44,11398.44
2024-08-26,11478.58,11478.58
2024-08-27,11427.67,11427.67
2024-08-28,11536.05,11536.05
2024-08-29,11513.33,11513.33
2024-08-30,11561.41,11561.41
2024-09-02,11657.81,11657.81
2024-09-03,11539.83,11539.83
2024-09-04,11577.31,11577.31
2024-09-05,11630.46,11630.46
2024-09-06,11662.4,11662.4
2024-09-09,11584.22,11584.22
2024-09-10,11657.33,11657.33
2024-09-11,11677.68,11677.68
2024-09-12,11808.21,11808.21
2024-09-13,11707.84,11707.84
2024-09-17,11757.79,11757.79
2024-09-18,11734.52,11734.52
2024-09-19,11819.89,11819.89
2024-09-20,11645.79,11645.79
2024-09-23,11733.05,11733.05
2024-09-24,11771.07,11771.07
2024-09-25,11678.19,11678.19
2024-09-26,11704.57,11704.57
2024-09-27,11673.61,11673.61
2024-09-30,11490.04,11490.04
2024-10-01,11643.95,11643.95
2024-10-02,11459.01,11459.01
2024-10-03,11470.18,11470.18
2024-10-04,11376.45,11376.45
2024-10-07,11377.87,11377.87
2024-10-08,11429.78,11429.78
2024-10-09,11297.21,11297.21
2024-10-10,11305.13,11305.13
2024-10-11,11340.43,11340.43
2024-10-14,11371.16,11371.16
2024-10-15,11448.07,11448.07
2024-10-16,11447.46,11447.46
2024-10-17,11560.99,11560.99
2024-10-21,11623.73,11623.73
2024-10-22,11663.73,11663.73
2024-10-23,11659.02,11659.02
2024-10-24,11564.38,11564.38
2024-10-25,11508.54,11508.54
2024-10-28,11418.82,11418.82
2024-10-29,11379.8,11379.8
2024-10-30,11369.5,11369.5
2024-10-31,11398.94,11398.94
2024-11-01,11349.81,11349.81
2024-11-04,11352.91,11352.91
2024-11-05,11448.63,11448.63
2024-11-06,11228.3,11228.3
2024-11-07,11112.38,11112.38
2024-11-08,11075.84,11075.84
2024-11-11,11065.46,11065.46
2024-11-12,11179.81,11179.81
2024-11-13,11153.03,11153.03
2024-11-14,10957.23,10957.23
2024-11-15,10879.82,10879.82
2024-11-18,10769.65,10769.65
2024-11-19,10857.1,10857.1
2024-11-20,10865.94,10865.94
2024-11-21,10781.98,10781.98
2024-11-22,10860.61,10860.61
2024-11-25,11017.81,11017.81
2024-11-26,10901.04,10901.04
2024-11-28,10738.86,10738.86
2024-11-29,10771.1,10771.1
2024-12-02,10710.01,10710.01
2024-12-03,10932.37,10932.37
2024-12-04,11124.51,11124.51
2024-12-05,11051.91,11051.91
2024-12-06,11156.62,11156.62
2024-12-09,11325.99,11325.99
2024-12-10,11382.05,11382.05
2024-12-11,11380.57,11380.57
2024-12-12,11184.13,11184.13
2024-12-13,11095.79,11095.79
2024-12-16,11026.7,11026.7
2024-12-17,10846.14,10846.14
2024-12-18,10782.21,10782.21
2024-12-19,10583.86,10583.86
2024-12-20,10584.6,10584.6
2024-12-23,10759.63,10759.63
2024-12-24,10706.03,10706.03
2024-12-27,10727.54,10727.54
2024-12-30,10750.23,10750.23
2025-01-02,10874.26,10874.26
2025-01-03,10894.7,10894.7
2025-01-06,10700.67,10700.67
2025-01-07,10653.21,10653.21
2025-01-08,10656.63,10656.63
2025-01-09,10637.86,10637.86
2025-01-10,10682.65,10682.65
2025-01-13,10557.96,10557.96
2025-01-14,10500.83,10500.83
2025-01-15,10681.43,10681.43
2025-01-16,10717.47,10717.47
2025-01-17,10739.04,10739.04
2025-01-20,10776.6,10776.6
2025-01-21,10791.99,10791.99
2025-01-22,10880.08,10880.08
2025-01-23,10849.41,10849.41
2025-01-24,10749.63,10749.63
2025-01-30,10643.42,10643.42
2025-01-31,10718.23,10718.23
2025-02-03,10568.72,10568.72
2025-02-04,10607.23,10607.23
2025-02-05,10499.35,10499.35
2025-02-06,10270.92,10270.92
2025-02-07,10263.27,10263.27
2025-02-10,10141.29,10141.29
2025-02-11,10005.08,10005.08
2025-02-12,10145.47,10145.47
2025-02-13,10111.71,10111.71
2025-02-14,10143.81,10143.81
2025-02-17,10403.68,10403.68
2025-02-18,10482.49,10482.49
2025-02-19,10305.46,10305.46
2025-02-20,10260.91,10260.91
2025-02-21,10216.41,10216.41
2025-02-24,10151.44,10151.44
2025-02-25,9927.87,9927.87
2025-02-26,9877.46,9877.46
2025-02-27,9695.55,9695.55
2025-02-28,9416.15,9416.15
2025-03-03,9782.29,9782.29
2025-03-04,9578.4,9578.4
2025-03-05,9770.56,9770.56
2025-03-06,9914.69,9914.69
2025-03-07,9920.42,9920.42
2025-03-10,9791.87,9791.87
2025-03-11,9669.78,9669.78
2025-03-12,9805.26,9805.26
2025-03-13,9697.1,9697.1
2025-03-17,9566.1,9566.1
2025-03-18,9297.65,9297.65
2025-03-19,9378.72,9378.72
2025-03-20,9350.19,9350.19
2025-03-21,9176.19,9176.19
2025-03-24,9060.58,9060.58
2025-03-25,9199.74,9199.74
2025-03-26,9587.94,9587.94
2025-03-27,9603.01,9603.01
2025-04-08,8832.18,8832.18
2025-04-09,8810.65,8810.65
2025-04-10,9266.16,9266.16
2025-04-11,9329.03,9329.03
2025-04-14,9591.85,9591.85
2025-04-15,9622.57,9622.57
2025-04-16,9572.9,9572.9
2025-04-17,9617.11,9617.11
2025-04-21,9610.07,9610.07
2025-04-22,9695.77,9695.77
2025-04-23,9850.91,9850.91
2025-04-24,9838.06,9838.06
2025-04-25,9939.24,9939.24
2025-04-28,9978.67,9978.67
2025-04-29,10021.25,10021.25
2025-04-30,10057.36,10057.36
2025-05-02,10112.88,10112.88
2025-05-05,10166.82,10166.82
2025-05-06,10271.5,10271.5
2025-05-07,10348.27,10348.27
2025-05-08,10186.96,10186.96
2025-05-09,10183.54,10183.54
2025-05-14,10409.82,10409.82
2025-05-15,10510.18,10510.18
2025-05-16,10628.43,10628.43
2025-05-19,10703.98,10703.98
2025-05-20,10619.24,10619.24
2025-05-21,10744.86,10744.86
2025-05-22,10762.23,10762.23
2025-05-23,10825.03,10825.03
2025-05-26,10792.01,10792.01
2025-05-27,10763.86,10763.86
2025-05-28,10713.61,10713.61
2025-06-02,10553,10553
2025-06-03,10515.99,10515.99
2025-06-04,10564.59,10564.59
2025-06-05,10552.86,10552.86
2025-06-10,10677.71,10677.71
2025-06-11,10725.08,10725.08
2025-06-12,10674.59,10674.59
2025-06-13,10627.54,10627.54
2025-06-16,10578.01,10578.01
2025-06-17,10620.19,10620.19
2025-06-18,10569.88,10569.88
2025-06-19,10333.11,10333.11
2025-06-20,10237.38,10237.38
2025-06-23,10089.17,10089.17
2025-06-24,10189.22,10189.22
2025-06-25,10054.46,10054.46
2025-06-26,10163.68,10163.68
2025-06-30,10249.19,10249.19
2025-07-01,10217.57,10217.57
2025-07-02,10163.18,10163.18
2025-07-03,10197.75,10197.75
2025-07-04,10168.88,10168.88
2025-07-07,10219.22,10219.22
2025-07-08,10205.03,10205.03
2025-07-09,10253.31,10253.31
2025-07-10,10380.84,10380.84
2025-07-11,10463.88,10463.88
2025-07-14,10529.71,10529.71
2025-07-15,10618.27,10618.27
2025-07-16,10611.9,10611.9
2025-07-17,10717.99,10717.99
2025-07-18,10770.46,10770.46
2025-07-21,10830.87,10830.87
2025-07-22,10677.23,10677.23
2025-07-23,10780.42,10780.42
2025-07-24,10822.17,10822.17
2025-07-25,10762.22,10762.22
2025-07-28,10886.14,10886.14
2025-07-29,10929.69,10929.69
2025-07-30,10841.75,10841.75
2025-07-31,10711,10711
2025-08-01,10804.22,10804.22
2025-08-04,10723.76,10723.76
2025-08-05,10772.93,10772.93
2025-08-06,10778.31,10778.31
2025-08-07,10740.6,10740.6
2025-08-08,10780.4,10780.4
2025-08-11,10863.75,10863.75
2025-08-12,11081.99,11081.99
2025-08-13,11114.12,11114.12
2025-08-14,11105.22,11105.22
2025-08-15,10992.58,10992.58
2025-08-19,10992.02,10992.02
2025-08-20,11115.7,11115.7
2025-08-21,11088.8,11088.8
2025-08-22,11051.2,11051.2
2025-08-25,11165.62,11165.62
2025-08-26,11124.01,11124.01
2025-08-27,11098.34,11098.34
2025-08-28,11086.83,11086.83
2025-08-29,10875.4,10875.4
2025-09-01,10777.04,10777.04
2025-09-02,10889.22,10889.22
2025-09-03,10922.29,10922.29
2025-09-04,10914.66,10914.66
2025-09-08,10730.53,10730.53
2025-09-09,10626.97,10626.97
2025-09-10,10674.24,10674.24
2025-09-11,10753.85,10753.85
2025-09-12,10876.05,10876.05
2025-09-15,10977.38,10977.38
2025-09-16,10955.42,10955.42
2025-09-17,11027.76,11027.76
2025-09-18,11007.66,11007.66
2025-09-19,11066.95,11066.95
2025-09-22,11071.69,11071.69
2025-09-23,11246.37,11246.37
2025-09-24,11213.29,11213.29
2025-09-25,11020,11020
2025-09-26,11131.9,11131.9
2025-09-29,11228.99,11228.99
2025-09-30,11131.11,11131.11
2025-10-01,11121.84,11121.84
2025-10-02,11231.77,11231.77
2025-10-03,11295.69,11295.69
2025-10-06,11360.5,11360.5
2025-10-07,11488.7,11488.7
2025-10-08,11547.64,11547.64
2025-10-09,11572.01,11572.01
2025-10-10,11590.03,11590.03
2025-10-13,11600.35,11600.35
2025-10-14,11369.1,11369.1
2025-10-15,11371.61,11371.61
2025-10-16,11435.73,11435.73
2025-10-17,11269.76,11269.76
2025-10-20,11483.13,11483.13
2025-10-21,11647.78,11647.78
2025-10-22,11467.53,11467.53
2025-10-23,11600.43,11600.43
2025-10-24,11556.32,11556.32
2025-10-27,11449.04,11449.04
2025-10-28,11435.02,11435.02
2025-10-29,11605.49,11605.49
2025-10-30,11604.56,11604.56
2025-10-31,11524.19,11524.19
2025-11-03,11633.57,11633.57
2025-11-04,11601.69,11601.69
2025-11-05,11718.45,11718.45
2025-11-06,11707.42,11707.42
2025-11-07,11768.83,11768.83
2025-11-10,11831.34,11831.34
2025-11-11,11755.9,11755.9
2025-11-12,11751.12,11751.12
2025-11-13,11676.2,11676.2
2025-11-14,11626.72,11626.72
2025-11-17,11615.78,11615.78
2025-11-18,11501.74,11501.74
2025-11-19,11552.62,11552.62
2025-11-20,11528.35,11528.35
2025-11-21,11536.16,11536.16
2025-11-24,11704.76,11704.76
2025-11-25,11662.9,11662.9
2025-11-26,11690.88,11690.88
2025-11-27,11621.65,11621.65
2025-11-28,11574.89,11574.89
2025-12-01,11597.98,11597.98
2025-12-02,11658.72,11658.72
2025-12-03,11621.49,11621.49
2025-12-04,11690.38,11690.38
2025-12-05,11757.97,11757.97
2025-12-08,11810.89,11810.89
2025-12-09,11598.6,11598.6
2025-12-10,11624.3,11624.3
2025-12-11,11548.68,11548.68
2025-12-12,11696.8,11696.8
2025-12-15,11756.53,11756.53
2025-12-16,11744.72,11744.72
2025-12-17,11749.01,11749.01
2025-12-18,11730.95,11730.95
2025-12-19,11717.93,11717.93
2025-12-22,11722.51,11722.51
2025-12-23,11633.63,11633.63
2025-12-24,11572.28,11572.28
2025-12-29,11715.94,11715.94
2025-12-30,11674.05,11674.05
2026-01-02,11767.25,11767.25
2026-01-05,11864.18,11864.18
2026-01-06,12038.31,12038.31
2026-01-07,12102.48,12102.48
2026-01-08,11986.12,11986.12
2026-01-09,12001.4,12001.4
2026-01-12,11937.09,11937.09
2026-01-13,12023.89,12023.89
2026-01-14,12162.28,12162.28
2026-01-15,12190.91,12190.91
2026-01-19,12229.02,12229.02
2026-01-20,12361.86,12361.86
2026-01-21,12231.94,12231.94
2026-01-22,12156.06,12156.06
2026-01-23,12173.72,12173.72
2026-01-26,12224.73,12224.73
2026-01-27,12082.44,12082.44
2026-01-28,11481.6,11481.6
2026-01-29,11417.92,11417.92
2026-01-30,11499.62,11499.62
2026-02-02,11047.3,11047.3
2026-02-03,11357.11,11357.11
2026-02-04,11470.64,11470.64
2026-02-05,11405.28,11405.28
2026-02-06,11236.94,11236.94
2026-02-09,11415.92,11415.92
2026-02-10,11515.31,11515.31
2026-02-11,11688.42,11688.42
2026-02-12,11732.25,11732.25
2026-02-13,11622.47,11622.47
2026-02-18,11780.5,11780.5
2026-02-19,11819.15,11819.15
2026-02-20,11820.04,11820.04
2026-02-23,12044.69,12044.69
2026-02-24,11908.11,11908.11
2026-02-25,12021.32,12021.32
2026-02-26,11872.81,11872.81
2026-02-27,11889.07,11889.07
2026-03-02,11756.28,11756.28
2026-03-03,11602.5,11602.5
2026-03-04,11142.39,11142.39
2026-03-05,11336.28,11336.28
2026-03-06,11089.04,11089.04
2026-03-09,10780.97,10780.97
2026-03-10,10998.31,10998.31
2026-03-11,10867.88,10867.88
2026-03-12,10865.21,10865.21
2026-03-13,10646.28,10646.28
2026-03-16,10586.04,10586.04
2026-03-17,10770.66,10770.66
2026-03-25,11006.68,11006.68
2026-03-26,10809.82,10809.82
2026-03-27,10683.4,10683.4
2026-03-30,10695.87,10695.87
2026-03-31,10684.12,10684.12
2026-04-01,10862.06,10862.06
2026-04-02,10684.83,10684.83
2026-04-06,10692.56,10692.56
2026-04-07,10530.75,10530.75
2026-04-08,10940.9,10940.9
2026-04-09,10769.92,10769.92
2026-04-10,10903.19,10903.19
2026-04-13,10844.46,10844.46
2026-04-14,11045.51,11045.51
2026-04-15,11006.66,11006.66
2026-04-16,11008.44,11008.44
2026-04-17,11027.13,11027.13
2026-04-20,10962.13,10962.13
2026-04-21,11059.3,11059.3
2026-04-22,11091.3,11091.3
2026-04-23,10931.38,10931.38
2026-04-24,10678.33,10678.33
2026-04-27,10691.99,10691.99
2026-04-28,10599.22,10599.22
2026-04-29,10611.7,10611.7
2026-04-30,10411.74,10411.74
2026-05-04,10468.33,10468.33
2026-05-05,10446.83,10446.83
2026-05-06,10539.17,10539.17
2026-05-07,10704.76,10704.76
2026-05-08,10315.86,10315.86
2026-05-11,10322.8,10322.8
2026-05-12,10335.45,10335.45
2026-05-13,10235.95,10235.95
2026-05-18,10043.67,10043.67
2026-05-19,9731.88,9731.88
2026-05-20,9690.25,9690.25
2026-05-21,9438.84,9438.84
2026-05-22,9721.59,9721.59
2026-05-25,9828.55,9828.55
2026-05-26,9632.82,9632.82
2026-05-29,9492.77,9492.77
2026-06-02,9560.16,9560.16
2026-06-03,9015.17,9015.17
2026-06-04,8991.36,8991.36
2026-06-05,8755.36,8755.36
2026-06-08,8372.4,8372.4
2026-06-09,8944.36,8944.36
2026-06-10,9120.96,9120.96
2026-06-11,9000.6,9000.6
2026-06-12,9257.13,9257.13
2026-06-15,9730.38,9730.38
2026-06-17,9720.99,9720.99
2026-06-18,9727.87,9727.87
2026-06-19,9679.4,9679.4
2026-06-22,9550.43,9550.43
2026-06-23,9533.62,9533.62
2026-06-24,9199.87,9199.87
2026-06-25,9340.72,9340.72
2026-06-26,9180.9,9180.9
2026-06-29,9080.51,9080.51
2026-06-30,8765.26,8765.26
2026-07-01,8839.77,8839.77
2026-07-02,8941.64,8941.64
2026-07-03,9182,9182
2026-07-06,9218.55,9218.55
2026-07-07,9312.83,9312.83
2026-07-08,9099.51,9099.51
2026-07-09,9185.31,9185.31
2026-07-10,9218.47,9218.47
2026-07-13,9388.52,9388.52
2026-07-14,9397.27,9397.27
2026-07-15,9422.85,9422.85
2026-07-16,9535.67,9535.67
2026-07-17,9660.99,9660.99
2026-07-20,9772.21,9772.21
2026-07-21,9912.5,9912.5
2026-07-22,9893.51,9893.51
2026-07-23,9863.95,9863.95
2026-07-24,9674.84,9674.84
2026-07-27,9634.08,9634.08
2026-07-28,9577.77,9577.77
2026-07-29,9543.54,9543.54
2026-07-30,9716.64,9716.64
2026-07-31,9814.56,9814.56
2026-08-03,9809.73,9809.73
2026-08-04,9987.29,9987.29
2026-08-05,10058.23,10058.23
2026-08-06,10014.72,10014.72
2026-08-07,10148.41,10148.41
2026-08-10,10083.75,10083.75
2026-08-11,9943.71,9943.71
2026-08-12,10042.52,10042.52
2026-08-13,9896.03,9896.03
2026-08-14,10009.28,10009.28
2026-08-18,10028.25,10028.25
2026-08-19,9967.32,9967.32
2026-08-20,10143.05,10143.05
2026-08-21,10213.29,10213.29
2026-08-24,10215.02,10215.02
2026-08-26,10102.37,10102.37
2026-08-27,10244.05,10244.05
2026-08-28,10223.79,10223.79
2026-08-31,10227.06,10227.06
2026-09-01,10254.73,10254.73
2026-09-02,10185.78,10185.78
2026-09-03,10320.76,10320.76
2026-09-04,10308.48,10308.48
2026-09-07,10286.07,10286.07
2026-09-08,10397.36,10397.36
2026-09-09,10403.71,10403.71
2026-09-10,10293.96,10293.96
2026-09-11,10228.38,10228.38
2026-09-14,10238.21,10238.21
2026-09-15,10146.24,10146.24
2026-09-16,10098.53,10098.53
2026-09-17,10123.63,10123.63
2026-09-18,10056.04,10056.04
2026-09-21,9991.47,9991.47
2026-09-22,9870.4,9870.4
2026-09-23,10022.16,10022.16
2026-09-24,9886.21,9886.21
2026-09-25,9827.99,9827.99
2026-09-28,9663.93,9663.93
2026-09-29,9634.53,9634.53
2026-09-30,9570.45,9570.45
2026-10-01,9465.91,9465.91
2026-10-02,9504.11,9504.11
2026-10-05,9590.8,9590.8
2026-10-06,9660.07,9660.07
2026-10-07,9604.04,9604.04
2026-10-08,9447.3,9447.3
2026-10-09,9567.48,9567.48
