date,nav,nav_adjusted
2007-09-25,1000,1000
2007-09-26,1000.68,1000.68
2007-09-27,1001.29,1001.29
2007-09-28,1000.85,1000.85
2007-10-01,1001.94,1001.94
2007-10-02,1001.94,1001.94
2007-10-03,1002.58,1002.58
2007-10-04,1002.29,1002.29
2007-10-05,1002.91,1002.91
2007-10-08,1004.31,1004.31
2007-10-09,1004.95,1004.95
2007-10-10,1004.81,1004.81
2007-10-11,1005.77,1005.77
2007-10-18,1009.08,1009.08
2007-10-19,1008.56,1008.56
2007-10-22,1008.06,1008.06
2007-10-23,1007.36,1007.36
2007-10-24,1003.97,1003.97
2007-10-25,1002.11,1002.11
2007-10-26,1003.86,1003.86
2007-10-29,1006.04,1006.04
2007-10-30,1006.38,1006.38
2007-10-31,1007.87,1007.87
2007-11-01,1010.24,1010.24
2007-11-02,1009.36,1009.36
2007-11-05,1007.89,1007.89
2007-11-06,1003.98,1003.98
2007-11-07,1003.27,1003.27
2007-11-08,992.7,992.7
2007-11-09,990.2,990.2
2007-11-12,989.23,989.23
2007-11-13,987.3,987.3
2007-11-14,986.18,986.18
2007-11-15,985.7,985.7
2007-11-16,973.76,973.76
2007-11-19,972.86,972.86
2007-11-20,961.75,961.75
2007-11-21,955.71,955.71
2007-11-22,950.44,950.44
2007-11-23,950.46,950.46
2007-11-26,953.18,953.18
2007-11-27,953.24,953.24
2007-11-28,953.28,953.28
2007-11-29,956.19,956.19
2007-11-30,967.27,967.27
2007-12-04,982.36,982.36
2007-12-05,981.11,981.11
2007-12-06,984.57,984.57
2007-12-07,987.96,987.96
2007-12-10,988.7,988.7
2007-12-11,993.07,993.07
2007-12-12,991.95,991.95
2007-12-13,993.17,993.17
2007-12-14,992.43,992.43
2007-12-17,989.11,989.11
2007-12-18,981.78,981.78
2007-12-19,982.13,982.13
2007-12-26,983.24,983.24
2007-12-27,983.55,983.55
2007-12-28,984.32,984.32
2008-01-02,986.14,986.14
2008-01-03,985.34,985.34
2008-01-04,987.71,987.71
2008-01-07,988.84,988.84
2008-01-08,990.71,990.71
2008-01-09,991.66,991.66
2008-01-14,994.91,994.91
2008-01-15,995.39,995.39
2008-01-16,994.86,994.86
2008-01-17,995.03,995.03
2008-01-18,995.77,995.77
2008-01-21,996.53,996.53
2008-01-22,993.46,993.46
2008-01-23,994.23,994.23
2008-01-24,995.7,995.7
2008-01-25,994.49,994.49
2008-01-28,995.69,995.69
2008-01-29,996.91,996.91
2008-01-30,997.12,997.12
2008-01-31,997.31,997.31
2008-02-01,996.82,996.82
2008-02-04,997.09,997.09
2008-02-05,997.38,997.38
2008-02-06,997.33,997.33
2008-02-08,997.33,997.33
2008-02-11,997.33,997.33
2008-02-12,996.74,996.74
2008-02-13,996.76,996.76
2008-02-14,997.7,997.7
2008-02-15,997.94,997.94
2008-02-18,999.27,999.27
2008-02-19,999.44,999.44
2008-02-20,999.07,999.07
2008-02-21,997.52,997.52
2008-02-22,997.35,997.35
2008-02-25,997.7,997.7
2008-02-26,998.62,998.62
2008-02-27,997.91,997.91
2008-02-28,995.81,995.81
2008-02-29,996.66,996.66
2008-03-03,996.5,996.5
2008-03-04,996.63,996.63
2008-03-05,997.41,997.41
2008-03-06,997.37,997.37
2008-03-10,996.84,996.84
2008-03-11,995.99,995.99
2008-03-12,994.33,994.33
2008-03-13,991.23,991.23
2008-03-14,987.29,987.29
2008-03-17,979.97,979.97
2008-03-19,982.04,982.04
2008-03-24,983.48,983.48
2008-03-25,981.54,981.54
2008-03-26,980.64,980.64
2008-03-27,976.3,976.3
2008-03-28,973.43,973.43
2008-03-31,968.32,968.32
2008-04-01,968.24,968.24
2008-04-02,958.17,958.17
2008-04-03,953.52,953.52
2008-04-04,949.91,949.91
2008-04-07,945.27,945.27
2008-04-08,946.7,946.7
2008-04-09,951.38,951.38
2008-04-10,957.74,957.74
2008-04-11,961.83,961.83
2008-04-14,959.93,959.93
2008-04-15,957.45,957.45
2008-04-16,956.93,956.93
2008-04-17,956.07,956.07
2008-04-18,954.29,954.29
2008-04-21,950.38,950.38
2008-04-22,943.84,943.84
2008-04-23,938.3,938.3
2008-04-24,933.96,933.96
2008-04-25,936.89,936.89
2008-04-28,937.54,937.54
2008-04-29,937.63,937.63
2008-04-30,937.61,937.61
2008-05-02,936.68,936.68
2008-05-05,937.5,937.5
2008-05-06,937.35,937.35
2008-05-07,938.72,938.72
2008-05-08,938.78,938.78
2008-05-09,938.94,938.94
2008-05-12,940.45,940.45
2008-05-13,941.59,941.59
2008-05-14,942.59,942.59
2008-05-15,942.43,942.43
2008-05-16,945.24,945.24
2008-05-19,947.27,947.27
2008-05-21,948.24,948.24
2008-05-22,947.47,947.47
2008-05-23,943.55,943.55
2008-05-26,940.89,940.89
2008-05-27,939.79,939.79
2008-05-28,942.45,942.45
2008-05-29,942.04,942.04
2008-05-30,941.75,941.75
2008-06-02,941.41,941.41
2008-06-03,939.73,939.73
2008-06-04,939.04,939.04
2008-06-05,938.22,938.22
2008-06-06,936.75,936.75
2008-06-09,934.95,934.95
2008-06-10,932.82,932.82
2008-06-11,929.92,929.92
2008-06-12,929.3,929.3
2008-06-13,930,930
2008-06-16,930.86,930.86
2008-06-17,931.9,931.9
2008-06-18,941.93,941.93
2008-06-19,937.03,937.03
2008-06-20,936.85,936.85
2008-06-23,937.86,937.86
2008-06-24,937.18,937.18
2008-06-25,937.33,937.33
2008-06-26,937.34,937.34
2008-06-27,937.02,937.02
2008-06-30,936.49,936.49
2008-07-01,937.63,937.63
2008-07-02,940.29,940.29
2008-07-03,939.79,939.79
2008-07-04,940.71,940.71
2008-07-07,942.48,942.48
2008-07-08,945.75,945.75
2008-07-09,951.54,951.54
2008-07-10,957.15,957.15
2008-07-11,959.93,959.93
2008-07-14,959.35,959.35
2008-07-15,958.7,958.7
2008-07-16,957.42,957.42
2008-07-17,959.89,959.89
2008-07-18,961.58,961.58
2008-07-21,963.21,963.21
2008-07-22,966,966
2008-07-23,967.77,967.77
2008-07-24,972.22,972.22
2008-07-25,974.98,974.98
2008-07-28,974.14,974.14
2008-07-29,974.82,974.82
2008-07-31,974.89,974.89
2008-08-01,977.05,977.05
2008-08-04,980.58,980.58
2008-08-05,983.62,983.62
2008-08-06,985.78,985.78
2008-08-07,984.01,984.01
2008-08-08,979.71,979.71
2008-08-11,974.18,974.18
2008-08-12,973.97,973.97
2008-08-13,977.38,977.38
2008-08-14,976.76,976.76
2008-08-15,976.24,976.24
2008-08-19,974.32,974.32
2008-08-20,973.84,973.84
2008-08-21,973.4,973.4
2008-08-22,971.21,971.21
2008-08-25,972.07,972.07
2008-08-26,972.28,972.28
2008-08-27,971.11,971.11
2008-08-28,971.4,971.4
2008-08-29,972.03,972.03
2008-09-01,974.3,974.3
2008-09-02,977.11,977.11
2008-09-03,978.47,978.47
2008-09-04,977.25,977.25
2008-09-05,974.42,974.42
2008-09-08,972.18,972.18
2008-09-09,970.8,970.8
2008-09-10,968.49,968.49
2008-09-11,953.44,953.44
2008-09-12,953.61,953.61
2008-09-15,952.38,952.38
2008-09-16,950.22,950.22
2008-09-17,947.98,947.98
2008-09-18,949.88,949.88
2008-09-19,956.24,956.24
2008-09-22,965.28,965.28
2008-09-23,963.55,963.55
2008-09-24,960.56,960.56
2008-09-25,958.79,958.79
2008-09-26,958.03,958.03
2008-09-29,957.32,957.32
2008-10-06,950.69,950.69
2008-10-07,924.25,924.25
2008-10-08,919.37,919.37
2008-10-09,910.55,910.55
2008-10-10,912.15,912.15
2008-10-13,901.11,901.11
2008-10-14,906.87,906.87
2008-10-15,936.44,936.44
2008-10-16,910.73,910.73
2008-10-17,904.59,904.59
2008-10-20,905.59,905.59
2008-10-21,908.03,908.03
2008-10-22,906.91,906.91
2008-10-23,902.65,902.65
2008-10-24,874.78,874.78
2008-10-27,849.58,849.58
2008-10-28,808.16,808.16
2008-10-29,821.68,821.68
2008-10-30,882.48,882.48
2008-10-31,882.17,882.17
2008-11-03,890.5,890.5
2008-11-04,897.53,897.53
2008-11-05,906.05,906.05
2008-11-06,915.71,915.71
2008-11-07,910.39,910.39
2008-11-10,919.73,919.73
2008-11-11,927.37,927.37
2008-11-12,928.3,928.3
2008-11-13,921.76,921.76
2008-11-14,919.35,919.35
2008-11-17,908.28,908.28
2008-11-18,906.95,906.95
2008-11-19,905.2,905.2
2008-11-20,898.38,898.38
2008-11-21,890.38,890.38
2008-11-24,884.78,884.78
2008-11-25,900.29,900.29
2008-11-26,908.8,908.8
2008-11-27,925.58,925.58
2008-11-28,926,926
2008-12-01,928.29,928.29
2008-12-02,930.54,930.54
2008-12-03,926.31,926.31
2008-12-04,942.3,942.3
2008-12-05,948.39,948.39
2008-12-09,968.17,968.17
2008-12-10,965.08,965.08
2008-12-11,966.73,966.73
2008-12-12,966.99,966.99
2008-12-15,968.14,968.14
2008-12-16,968.4,968.4
2008-12-17,975.1,975.1
2008-12-18,990.85,990.85
2008-12-19,991.35,991.35
2008-12-22,992.16,992.16
2008-12-23,987.38,987.38
2008-12-24,987.17,987.17
2008-12-26,987.81,987.81
2008-12-30,988.52,988.52
2009-01-05,991.92,991.92
2009-01-06,1001.54,1001.54
2009-01-07,1001.81,1001.81
2009-01-08,1000.51,1000.51
2009-01-09,991.65,991.65
2009-01-12,992.76,992.76
2009-01-13,993.38,993.38
2009-01-14,991.26,991.26
2009-01-15,990.81,990.81
2009-01-16,990.69,990.69
2009-01-19,991.92,991.92
2009-01-20,992.85,992.85
2009-01-21,991.61,991.61
2009-01-22,998.2,998.2
2009-01-23,1000.6,1000.6
2009-01-27,1002.08,1002.08
2009-01-28,1005.02,1005.02
2009-01-29,1008.7,1008.7
2009-01-30,1009.36,1009.36
2009-02-02,1008.95,1008.95
2009-02-03,1009.97,1009.97
2009-02-04,1011.12,1011.12
2009-02-05,1007.51,1007.51
2009-02-06,1007.02,1007.02
2009-02-09,1007.21,1007.21
2009-02-10,1006.02,1006.02
2009-02-11,1003.48,1003.48
2009-02-12,1000.92,1000.92
2009-02-13,999.36,999.36
2009-02-16,998.17,998.17
2009-02-17,997.48,997.48
2009-02-18,987.84,987.84
2009-02-19,981.23,981.23
2009-02-20,981,981
2009-02-23,984.83,984.83
2009-02-24,992.01,992.01
2009-02-25,992.96,992.96
2009-02-26,991.81,991.81
2009-02-27,987.95,987.95
2009-03-02,982.04,982.04
2009-03-03,981.79,981.79
2009-03-04,985,985
2009-03-05,989.95,989.95
2009-03-06,991.16,991.16
2009-03-10,995.22,995.22
2009-03-11,998.56,998.56
2009-03-12,998.17,998.17
2009-03-13,998.76,998.76
2009-03-16,1002.71,1002.71
2009-03-17,1010.41,1010.41
2009-03-18,1014,1014
2009-03-19,1024.64,1024.64
2009-03-20,1030.58,1030.58
2009-03-23,1032.25,1032.25
2009-03-24,1034.2,1034.2
2009-03-25,1028.96,1028.96
2009-03-27,1027.54,1027.54
2009-03-30,1019.72,1019.72
2009-03-31,1019.1,1019.1
2009-04-01,1025.35,1025.35
2009-04-02,1033.69,1033.69
2009-04-03,1036.19,1036.19
2009-04-06,1039.03,1039.03
2009-04-07,1037.28,1037.28
2009-04-13,1041.29,1041.29
2009-04-14,1044.83,1044.83
2009-04-15,1042.97,1042.97
2009-04-16,1044.53,1044.53
2009-04-17,1047.76,1047.76
2009-04-20,1047.41,1047.41
2009-04-21,1044.95,1044.95
2009-04-22,1044.64,1044.64
2009-04-23,1043.47,1043.47
2009-04-24,1042.49,1042.49
2009-04-27,1043.44,1043.44
2009-04-28,1043.5,1043.5
2009-04-29,1042.16,1042.16
2009-04-30,1045.55,1045.55
2009-05-01,1048.35,1048.35
2009-05-04,1055.32,1055.32
2009-05-05,1059.14,1059.14
2009-05-06,1061.41,1061.41
2009-05-07,1064.54,1064.54
2009-05-08,1064.59,1064.59
2009-05-11,1068.76,1068.76
2009-05-12,1068.29,1068.29
2009-05-13,1073.34,1073.34
2009-05-14,1070.7,1070.7
2009-05-15,1073.94,1073.94
2009-05-18,1073.94,1073.94
2009-05-19,1075.32,1075.32
2009-05-20,1077.97,1077.97
2009-05-22,1087.95,1087.95
2009-05-25,1090.85,1090.85
2009-05-26,1095.66,1095.66
2009-05-27,1109.31,1109.31
2009-05-28,1110.5,1110.5
2009-05-29,1125.21,1125.21
2009-06-01,1137.28,1137.28
2009-06-02,1137.89,1137.89
2009-06-03,1134.48,1134.48
2009-06-04,1134.7,1134.7
2009-06-05,1137.82,1137.82
2009-06-08,1136.03,1136.03
2009-06-09,1124.5,1124.5
2009-06-10,1124.6,1124.6
2009-06-11,1105.37,1105.37
2009-06-12,1104.56,1104.56
2009-06-15,1101.7,1101.7
2009-06-16,1085.59,1085.59
2009-06-17,1087.18,1087.18
2009-06-18,1081.34,1081.34
2009-06-19,1079.04,1079.04
2009-06-22,1081.76,1081.76
2009-06-23,1081.96,1081.96
2009-06-25,1093.14,1093.14
2009-06-26,1098.4,1098.4
2009-06-29,1099.06,1099.06
2009-06-30,1099.97,1099.97
2009-07-01,1103.94,1103.94
2009-07-02,1113.5,1113.5
2009-07-03,1114.35,1114.35
2009-07-06,1118.2,1118.2
2009-07-07,1120.24,1120.24
2009-07-09,1134.73,1134.73
2009-07-10,1134.62,1134.62
2009-07-13,1134.62,1134.62
2009-07-14,1134.18,1134.18
2009-07-15,1136.84,1136.84
2009-07-16,1136.71,1136.71
2009-07-17,1133.79,1133.79
2009-07-21,1137.83,1137.83
2009-07-22,1139.55,1139.55
2009-07-23,1140.45,1140.45
2009-07-24,1145.03,1145.03
2009-07-27,1151.05,1151.05
2009-07-28,1150.77,1150.77
2009-07-29,1152.48,1152.48
2009-07-30,1151.35,1151.35
2009-07-31,1160.12,1160.12
2009-08-03,1160.74,1160.74
2009-08-04,1162.28,1162.28
2009-08-05,1156.72,1156.72
2009-08-06,1154.04,1154.04
2009-08-07,1142.09,1142.09
2009-08-10,1143.53,1143.53
2009-08-11,1136.34,1136.34
2009-08-12,1132.28,1132.28
2009-08-13,1135.45,1135.45
2009-08-14,1138.68,1138.68
2009-08-18,1134.35,1134.35
2009-08-19,1132.63,1132.63
2009-08-20,1133.38,1133.38
2009-08-21,1136.04,1136.04
2009-08-24,1142.43,1142.43
2009-08-25,1146.42,1146.42
2009-08-26,1147.68,1147.68
2009-08-27,1148.19,1148.19
2009-08-28,1149.96,1149.96
2009-08-31,1151.71,1151.71
2009-09-01,1152.22,1152.22
2009-09-02,1149.12,1149.12
2009-09-03,1149.65,1149.65
2009-09-04,1149.15,1149.15
2009-09-07,1152.28,1152.28
2009-09-08,1153.18,1153.18
2009-09-09,1155.94,1155.94
2009-09-10,1155.59,1155.59
2009-09-11,1156.3,1156.3
2009-09-14,1157.92,1157.92
2009-09-15,1157.34,1157.34
2009-09-16,1163.01,1163.01
2009-09-17,1173.59,1173.59
2009-09-24,1177.51,1177.51
2009-09-25,1178.83,1178.83
2009-09-28,1179.99,1179.99
2009-09-29,1182.01,1182.01
2009-09-30,1188.85,1188.85
2009-10-01,1191.28,1191.28
2009-10-02,1190.84,1190.84
2009-10-05,1191.89,1191.89
2009-10-06,1192.26,1192.26
2009-10-07,1193.22,1193.22
2009-10-08,1194.34,1194.34
2009-10-09,1193.58,1193.58
2009-10-12,1194.38,1194.38
2009-10-13,1192.95,1192.95
2009-10-14,1194.57,1194.57
2009-10-15,1195.44,1195.44
2009-10-16,1197.94,1197.94
2009-10-19,1196.46,1196.46
2009-10-20,1199.71,1199.71
2009-10-21,1199.67,1199.67
2009-10-22,1199.68,1199.68
2009-10-23,1194.03,1194.03
2009-10-26,1194.24,1194.24
2009-10-27,1190.36,1190.36
2009-10-28,1188.08,1188.08
2009-10-29,1181.64,1181.64
2009-10-30,1191.12,1191.12
2009-11-02,1187.52,1187.52
2009-11-03,1189.88,1189.88
2009-11-04,1187.91,1187.91
2009-11-05,1187.24,1187.24
2009-11-06,1187.22,1187.22
2009-11-09,1187.45,1187.45
2009-11-10,1190.29,1190.29
2009-11-12,1190.81,1190.81
2009-11-13,1191.59,1191.59
2009-11-16,1191.73,1191.73
2009-11-17,1191.77,1191.77
2009-11-18,1192.26,1192.26
2009-11-19,1191.54,1191.54
2009-11-20,1191.17,1191.17
2009-11-23,1190.42,1190.42
2009-11-24,1191.23,1191.23
2009-11-25,1195.27,1195.27
2009-11-26,1198.75,1198.75
2009-11-30,1198.9,1198.9
2009-12-01,1198.65,1198.65
2009-12-02,1200.33,1200.33
2009-12-03,1201.71,1201.71
2009-12-04,1205.76,1205.76
2009-12-07,1213.12,1213.12
2009-12-08,1214.11,1214.11
2009-12-09,1211.02,1211.02
2009-12-10,1212.52,1212.52
2009-12-11,1213.15,1213.15
2009-12-14,1217.48,1217.48
2009-12-15,1217.71,1217.71
2009-12-16,1217.48,1217.48
2009-12-17,1216.86,1216.86
2009-12-21,1216.39,1216.39
2009-12-22,1215.51,1215.51
2009-12-23,1213.91,1213.91
2009-12-28,1215.32,1215.32
2009-12-29,1215.03,1215.03
2009-12-30,1215.67,1215.67
2010-01-04,1217.79,1217.79
2010-01-05,1227.17,1227.17
2010-01-06,1236.35,1236.35
2010-01-07,1242.96,1242.96
2010-01-08,1242.73,1242.73
2010-01-11,1247.54,1247.54
2010-01-12,1255.68,1255.68
2010-01-14,1255.15,1255.15
2010-01-15,1251.54,1251.54
2010-01-18,1252.35,1252.35
2010-01-19,1252.82,1252.82
2010-01-20,1253.22,1253.22
2010-01-21,1250.86,1250.86
2010-01-22,1244.34,1244.34
2010-01-25,1246.22,1246.22
2010-01-26,1243.77,1243.77
2010-01-27,1243.45,1243.45
2010-01-28,1243.81,1243.81
2010-01-29,1244.9,1244.9
2010-02-01,1245.13,1245.13
2010-02-02,1245.13,1245.13
2010-02-03,1247.69,1247.69
2010-02-04,1248.9,1248.9
2010-02-05,1246.51,1246.51
2010-02-08,1244.62,1244.62
2010-02-09,1243.6,1243.6
2010-02-10,1246.29,1246.29
2010-02-11,1245.78,1245.78
2010-02-12,1246.3,1246.3
2010-02-15,1248.12,1248.12
2010-02-16,1247.76,1247.76
2010-02-17,1247.28,1247.28
2010-02-18,1247.89,1247.89
2010-02-19,1246.04,1246.04
2010-02-22,1247,1247
2010-02-23,1246.7,1246.7
2010-02-24,1249.12,1249.12
2010-02-25,1250.46,1250.46
2010-03-01,1255.27,1255.27
2010-03-02,1259.99,1259.99
2010-03-03,1262.41,1262.41
2010-03-04,1262.61,1262.61
2010-03-05,1263.91,1263.91
2010-03-08,1268.9,1268.9
2010-03-09,1275.92,1275.92
2010-03-10,1274.18,1274.18
2010-03-11,1273.49,1273.49
2010-03-12,1275.08,1275.08
2010-03-15,1278.84,1278.84
2010-03-17,1289,1289
2010-03-18,1297.54,1297.54
2010-03-19,1299.36,1299.36
2010-03-22,1298.73,1298.73
2010-03-23,1299.29,1299.29
2010-03-24,1300.84,1300.84
2010-03-25,1298.43,1298.43
2010-03-26,1297.76,1297.76
2010-03-29,1300.45,1300.45
2010-03-30,1305.8,1305.8
2010-03-31,1306.13,1306.13
2010-04-01,1306.88,1306.88
2010-04-05,1308.22,1308.22
2010-04-07,1314.34,1314.34
2010-04-08,1315.92,1315.92
2010-04-09,1316.5,1316.5
2010-04-12,1324.37,1324.37
2010-04-13,1331.93,1331.93
2010-04-14,1334.85,1334.85
2010-04-15,1334.96,1334.96
2010-04-16,1332.44,1332.44
2010-04-19,1325.23,1325.23
2010-04-20,1324.87,1324.87
2010-04-21,1340.86,1340.86
2010-04-22,1342.49,1342.49
2010-04-23,1343.93,1343.93
2010-04-26,1347.54,1347.54
2010-04-27,1349.85,1349.85
2010-04-28,1347.04,1347.04
2010-04-29,1342.65,1342.65
2010-04-30,1347.27,1347.27
2010-05-03,1349.13,1349.13
2010-05-04,1348.5,1348.5
2010-05-05,1331.26,1331.26
2010-05-06,1300.11,1300.11
2010-05-07,1299.1,1299.1
2010-05-10,1336.21,1336.21
2010-05-11,1339.79,1339.79
2010-05-12,1337.06,1337.06
2010-05-14,1336.37,1336.37
2010-05-17,1328.4,1328.4
2010-05-18,1328.07,1328.07
2010-05-19,1326.32,1326.32
2010-05-20,1345.65,1345.65
2010-05-21,1318.46,1318.46
2010-05-24,1318.44,1318.44
2010-05-25,1304.3,1304.3
2010-05-26,1305.96,1305.96
2010-05-27,1319.04,1319.04
2010-05-31,1327.24,1327.24
2010-06-01,1329.11,1329.11
2010-06-02,1327.54,1327.54
2010-06-03,1329.85,1329.85
2010-06-04,1331.48,1331.48
2010-06-07,1329.19,1329.19
2010-06-08,1327.88,1327.88
2010-06-09,1329.42,1329.42
2010-06-10,1332.25,1332.25
2010-06-11,1338.36,1338.36
2010-06-14,1341.01,1341.01
2010-06-15,1341.07,1341.07
2010-06-16,1342.65,1342.65
2010-06-17,1352.38,1352.38
2010-06-18,1363.26,1363.26
2010-06-21,1382.6,1382.6
2010-06-22,1388.06,1388.06
2010-06-23,1388.05,1388.05
2010-06-24,1384.74,1384.74
2010-06-25,1381.09,1381.09
2010-06-28,1377.82,1377.82
2010-06-29,1374.35,1374.35
2010-06-30,1364.74,1364.74
2010-07-01,1362.86,1362.86
2010-07-02,1361.77,1361.77
2010-07-05,1364.93,1364.93
2010-07-06,1369.29,1369.29
2010-07-07,1371.92,1371.92
2010-07-08,1376.25,1376.25
2010-07-09,1378.86,1378.86
2010-07-12,1379.13,1379.13
2010-07-13,1379.27,1379.27
2010-07-14,1381.45,1381.45
2010-07-15,1386.6,1386.6
2010-07-16,1390.24,1390.24
2010-07-19,1388.29,1388.29
2010-07-20,1383.43,1383.43
2010-07-21,1385.89,1385.89
2010-07-22,1387.72,1387.72
2010-07-23,1387.31,1387.31
2010-07-26,1389.93,1389.93
2010-07-27,1397.34,1397.34
2010-07-28,1399.73,1399.73
2010-07-29,1403.66,1403.66
2010-07-30,1404.6,1404.6
2010-08-02,1405.51,1405.51
2010-08-03,1408.14,1408.14
2010-08-04,1417.19,1417.19
2010-08-05,1424.67,1424.67
2010-08-06,1432.85,1432.85
2010-08-09,1433.86,1433.86
2010-08-10,1434.68,1434.68
2010-08-11,1433.73,1433.73
2010-08-12,1426.56,1426.56
2010-08-13,1425.34,1425.34
2010-08-16,1420.93,1420.93
2010-08-18,1412.82,1412.82
2010-08-19,1419.29,1419.29
2010-08-20,1429.99,1429.99
2010-08-23,1430.64,1430.64
2010-08-24,1431.15,1431.15
2010-08-25,1431.45,1431.45
2010-08-26,1428.66,1428.66
2010-08-27,1427.81,1427.81
2010-08-30,1421.01,1421.01
2010-08-31,1415.65,1415.65
2010-09-01,1419.67,1419.67
2010-09-02,1422.8,1422.8
2010-09-03,1422.26,1422.26
2010-09-06,1420.63,1420.63
2010-09-07,1420.06,1420.06
2010-09-15,1434.13,1434.13
2010-09-16,1440.47,1440.47
2010-09-17,1442.12,1442.12
2010-09-20,1442.88,1442.88
2010-09-21,1445.77,1445.77
2010-09-22,1450.89,1450.89
2010-09-23,1450.4,1450.4
2010-09-24,1452.94,1452.94
2010-09-27,1455.16,1455.16
2010-09-28,1459.7,1459.7
2010-09-29,1463.15,1463.15
2010-09-30,1466.84,1466.84
2010-10-01,1474.67,1474.67
2010-10-04,1477.1,1477.1
2010-10-05,1476.42,1476.42
2010-10-06,1493.83,1493.83
2010-10-07,1492.38,1492.38
2010-10-08,1495.27,1495.27
2010-10-11,1510.96,1510.96
2010-10-12,1508.18,1508.18
2010-10-13,1508.71,1508.71
2010-10-14,1515.46,1515.46
2010-10-15,1513.58,1513.58
2010-10-18,1513.48,1513.48
2010-10-19,1513.08,1513.08
2010-10-20,1508.94,1508.94
2010-10-21,1506.77,1506.77
2010-10-22,1504.16,1504.16
2010-10-25,1502.87,1502.87
2010-10-26,1502.07,1502.07
2010-10-27,1496.71,1496.71
2010-10-28,1474.66,1474.66
2010-10-29,1486.73,1486.73
2010-11-01,1498.93,1498.93
2010-11-02,1496.84,1496.84
2010-11-03,1493.34,1493.34
2010-11-04,1492.46,1492.46
2010-11-05,1488.38,1488.38
2010-11-08,1487.13,1487.13
2010-11-09,1487.09,1487.09
2010-11-10,1477.9,1477.9
2010-11-11,1468.66,1468.66
2010-11-12,1457.09,1457.09
2010-11-15,1439.23,1439.23
2010-11-16,1440.98,1440.98
2010-11-18,1451.66,1451.66
2010-11-19,1480.14,1480.14
2010-11-22,1484.23,1484.23
2010-11-23,1465.73,1465.73
2010-11-24,1461.07,1461.07
2010-11-25,1461.3,1461.3
2010-11-26,1455.64,1455.64
2010-11-29,1456.83,1456.83
2010-11-30,1455.86,1455.86
2010-12-01,1452.54,1452.54
2010-12-02,1457.62,1457.62
2010-12-03,1463.58,1463.58
2010-12-06,1470.13,1470.13
2010-12-08,1476.28,1476.28
2010-12-09,1468.96,1468.96
2010-12-10,1471.73,1471.73
2010-12-13,1465.47,1465.47
2010-12-14,1459,1459
2010-12-15,1440.78,1440.78
2010-12-16,1430.99,1430.99
2010-12-17,1427.55,1427.55
2010-12-20,1414.77,1414.77
2010-12-21,1425.77,1425.77
2010-12-22,1427.19,1427.19
2010-12-23,1432.94,1432.94
2010-12-27,1429.87,1429.87
2010-12-28,1431.58,1431.58
2010-12-29,1435.76,1435.76
2010-12-30,1445.64,1445.64
2011-01-03,1470.13,1470.13
2011-01-04,1486.94,1486.94
2011-01-05,1476.79,1476.79
2011-01-06,1461.4,1461.4
2011-01-07,1448.55,1448.55
2011-01-10,1443.45,1443.45
2011-01-11,1398.78,1398.78
2011-01-12,1413.65,1413.65
2011-01-13,1396.74,1396.74
2011-01-14,1376.32,1376.32
2011-01-17,1370.87,1370.87
2011-01-18,1369.27,1369.27
2011-01-19,1370.24,1370.24
2011-01-20,1341.28,1341.28
2011-01-21,1327.13,1327.13
2011-01-24,1340.76,1340.76
2011-01-25,1355.87,1355.87
2011-01-26,1363.09,1363.09
2011-01-27,1372.86,1372.86
2011-01-28,1376.57,1376.57
2011-01-31,1372.93,1372.93
2011-02-01,1368.86,1368.86
2011-02-02,1370.42,1370.42
2011-02-04,1385.76,1385.76
2011-02-07,1393.38,1393.38
2011-02-08,1392.67,1392.67
2011-02-09,1377.95,1377.95
2011-02-10,1373.92,1373.92
2011-02-11,1364.24,1364.24
2011-02-14,1365.94,1365.94
2011-02-16,1372.3,1372.3
2011-02-17,1376.11,1376.11
2011-02-18,1383.26,1383.26
2011-02-21,1385.36,1385.36
2011-02-22,1388.49,1388.49
2011-02-23,1392.85,1392.85
2011-02-24,1393.65,1393.65
2011-02-25,1388.02,1388.02
2011-02-28,1394.35,1394.35
2011-03-01,1395.74,1395.74
2011-03-02,1386.94,1386.94
2011-03-03,1408.82,1408.82
2011-03-04,1421.54,1421.54
2011-03-07,1416.97,1416.97
2011-03-08,1417.77,1417.77
2011-03-09,1421.5,1421.5
2011-03-10,1436.31,1436.31
2011-03-11,1430.06,1430.06
2011-03-14,1431.36,1431.36
2011-03-15,1429.59,1429.59
2011-03-16,1433.42,1433.42
2011-03-17,1433.25,1433.25
2011-03-18,1434.79,1434.79
2011-03-21,1440.01,1440.01
2011-03-22,1447.97,1447.97
2011-03-23,1456.97,1456.97
2011-03-24,1461.52,1461.52
2011-03-25,1462.97,1462.97
2011-03-28,1462.39,1462.39
2011-03-29,1461.56,1461.56
2011-03-30,1464.96,1464.96
2011-03-31,1469.05,1469.05
2011-04-01,1476.06,1476.06
2011-04-04,1486.15,1486.15
2011-04-05,1490.76,1490.76
2011-04-06,1505.15,1505.15
2011-04-07,1501.14,1501.14
2011-04-08,1502.46,1502.46
2011-04-11,1508.4,1508.4
2011-04-12,1510.58,1510.58
2011-04-13,1516.97,1516.97
2011-04-14,1509.49,1509.49
2011-04-15,1504.43,1504.43
2011-04-18,1500.86,1500.86
2011-04-19,1500.05,1500.05
2011-04-20,1508.49,1508.49
2011-04-21,1511.13,1511.13
2011-04-25,1513.84,1513.84
2011-04-26,1513.01,1513.01
2011-04-27,1513.71,1513.71
2011-04-28,1515.59,1515.59
2011-04-29,1525.57,1525.57
2011-05-02,1526.27,1526.27
2011-05-03,1527.43,1527.43
2011-05-04,1521.41,1521.41
2011-05-05,1521.1,1521.1
2011-05-06,1521.89,1521.89
2011-05-09,1521.9,1521.9
2011-05-10,1522.52,1522.52
2011-05-11,1524.71,1524.71
2011-05-12,1527.23,1527.23
2011-05-13,1527.24,1527.24
2011-05-16,1527.83,1527.83
2011-05-18,1529.59,1529.59
2011-05-19,1534.31,1534.31
2011-05-20,1537.89,1537.89
2011-05-23,1538.44,1538.44
2011-05-24,1536.54,1536.54
2011-05-25,1535.53,1535.53
2011-05-26,1537.3,1537.3
2011-05-27,1537.18,1537.18
2011-05-30,1538.49,1538.49
2011-05-31,1540.56,1540.56
2011-06-01,1544.82,1544.82
2011-06-03,1546.01,1546.01
2011-06-06,1547.76,1547.76
2011-06-07,1549.2,1549.2
2011-06-08,1550.92,1550.92
2011-06-09,1550.24,1550.24
2011-06-10,1550.48,1550.48
2011-06-13,1550.24,1550.24
2011-06-14,1549.74,1549.74
2011-06-15,1550.8,1550.8
2011-06-16,1545.42,1545.42
2011-06-17,1535.22,1535.22
2011-06-20,1535.31,1535.31
2011-06-21,1534.5,1534.5
2011-06-22,1540.1,1540.1
2011-06-23,1545.31,1545.31
2011-06-24,1548.42,1548.42
2011-06-27,1547.16,1547.16
2011-06-28,1547.32,1547.32
2011-06-30,1547.94,1547.94
2011-07-01,1550.23,1550.23
2011-07-04,1553.39,1553.39
2011-07-05,1555.3,1555.3
2011-07-06,1559.81,1559.81
2011-07-07,1566.86,1566.86
2011-07-08,1575.03,1575.03
2011-07-11,1573.95,1573.95
2011-07-12,1570.33,1570.33
2011-07-13,1571.01,1571.01
2011-07-14,1572.18,1572.18
2011-07-15,1571.29,1571.29
2011-07-18,1570.59,1570.59
2011-07-19,1572.83,1572.83
2011-07-20,1574.44,1574.44
2011-07-21,1576.34,1576.34
2011-07-22,1577.52,1577.52
2011-07-25,1577.95,1577.95
2011-07-26,1582.51,1582.51
2011-07-27,1590.22,1590.22
2011-07-28,1592.14,1592.14
2011-07-29,1594.02,1594.02
2011-08-01,1600.85,1600.85
2011-08-02,1610.32,1610.32
2011-08-03,1609.88,1609.88
2011-08-04,1612.96,1612.96
2011-08-05,1606.88,1606.88
2011-08-08,1596.93,1596.93
2011-08-09,1585.86,1585.86
2011-08-10,1596.72,1596.72
2011-08-11,1597.85,1597.85
2011-08-12,1608.43,1608.43
2011-08-15,1622.65,1622.65
2011-08-16,1623.48,1623.48
2011-08-18,1629.16,1629.16
2011-08-19,1627.22,1627.22
2011-08-22,1633.7,1633.7
2011-08-23,1640.14,1640.14
2011-08-24,1638.96,1638.96
2011-08-25,1637.21,1637.21
2011-08-26,1637.28,1637.28
2011-09-05,1640.26,1640.26
2011-09-06,1643.8,1643.8
2011-09-07,1655.68,1655.68
2011-09-08,1673.19,1673.19
2011-09-09,1712.64,1712.64
2011-09-12,1691.84,1691.84
2011-09-13,1687.56,1687.56
2011-09-14,1670.81,1670.81
2011-09-15,1643.85,1643.85
2011-09-16,1646.87,1646.87
2011-09-19,1645.66,1645.66
2011-09-20,1633.07,1633.07
2011-09-21,1620.19,1620.19
2011-09-22,1608.55,1608.55
2011-09-23,1621.75,1621.75
2011-09-26,1639.84,1639.84
2011-09-27,1641.97,1641.97
2011-09-28,1652.32,1652.32
2011-09-29,1668.48,1668.48
2011-09-30,1679.01,1679.01
2011-10-03,1681.5,1681.5
2011-10-04,1673.51,1673.51
2011-10-05,1658.24,1658.24
2011-10-06,1663.58,1663.58
2011-10-07,1687.68,1687.68
2011-10-10,1715.72,1715.72
2011-10-11,1729.89,1729.89
2011-10-12,1727.67,1727.67
2011-10-13,1736.35,1736.35
2011-10-14,1741.48,1741.48
2011-10-17,1747.63,1747.63
2011-10-18,1743.94,1743.94
2011-10-19,1745.94,1745.94
2011-10-20,1746.44,1746.44
2011-10-21,1742.7,1742.7
2011-10-24,1741.57,1741.57
2011-10-25,1739.16,1739.16
2011-10-26,1738.67,1738.67
2011-10-27,1739.38,1739.38
2011-10-28,1742.59,1742.59
2011-10-31,1744.5,1744.5
2011-11-01,1742.31,1742.31
2011-11-02,1739.32,1739.32
2011-11-03,1743.77,1743.77
2011-11-04,1749.68,1749.68
2011-11-07,1751.13,1751.13
2011-11-08,1752.27,1752.27
2011-11-09,1753.54,1753.54
2011-11-10,1752.27,1752.27
2011-11-11,1752.34,1752.34
2011-11-14,1754.39,1754.39
2011-11-15,1751.75,1751.75
2011-11-16,1749.08,1749.08
2011-11-17,1747.75,1747.75
2011-11-18,1744.22,1744.22
2011-11-21,1744.31,1744.31
2011-11-22,1741.08,1741.08
2011-11-23,1728.17,1728.17
2011-11-24,1711.91,1711.91
2011-11-25,1699.49,1699.49
2011-11-28,1701.99,1701.99
2011-11-29,1704.72,1704.72
2011-11-30,1710.31,1710.31
2011-12-01,1728.7,1728.7
2011-12-02,1763.87,1763.87
2011-12-05,1768.07,1768.07
2011-12-06,1777.71,1777.71
2011-12-07,1770.78,1770.78
2011-12-08,1764.3,1764.3
2011-12-09,1758.43,1758.43
2011-12-12,1759.1,1759.1
2011-12-13,1759.83,1759.83
2011-12-14,1751.03,1751.03
2011-12-15,1748.55,1748.55
2011-12-16,1760.34,1760.34
2011-12-19,1764.2,1764.2
2011-12-20,1768.07,1768.07
2011-12-21,1772.24,1772.24
2011-12-22,1776.32,1776.32
2011-12-23,1777.11,1777.11
2011-12-27,1778.69,1778.69
2011-12-28,1779.31,1779.31
2011-12-29,1782.31,1782.31
2011-12-30,1784.56,1784.56
2012-01-02,1782.45,1782.45
2012-01-03,1784.04,1784.04
2012-01-04,1784.33,1784.33
2012-01-05,1778.57,1778.57
2012-01-06,1777.13,1777.13
2012-01-09,1776.21,1776.21
2012-01-10,1776.63,1776.63
2012-01-11,1778.3,1778.3
2012-01-12,1779.69,1779.69
2012-01-13,1781.81,1781.81
2012-01-16,1784.44,1784.44
2012-01-17,1787.96,1787.96
2012-01-18,1802.57,1802.57
2012-01-19,1819.01,1819.01
2012-01-20,1823.64,1823.64
2012-01-24,1822.06,1822.06
2012-01-25,1822.23,1822.23
2012-01-26,1827.87,1827.87
2012-01-27,1836.38,1836.38
2012-01-30,1844.37,1844.37
2012-01-31,1854.61,1854.61
2012-02-01,1858.75,1858.75
2012-02-02,1862.25,1862.25
2012-02-03,1863.89,1863.89
2012-02-06,1867.33,1867.33
2012-02-07,1873.52,1873.52
2012-02-08,1886.08,1886.08
2012-02-09,1904.75,1904.75
2012-02-10,1890.61,1890.61
2012-02-13,1889.94,1889.94
2012-02-14,1889.63,1889.63
2012-02-15,1889.46,1889.46
2012-02-16,1880.41,1880.41
2012-02-17,1878.07,1878.07
2012-02-20,1882.62,1882.62
2012-02-21,1882.48,1882.48
2012-02-22,1881.17,1881.17
2012-02-23,1866.87,1866.87
2012-02-24,1855.65,1855.65
2012-02-27,1825.01,1825.01
2012-02-28,1838.85,1838.85
2012-02-29,1841.44,1841.44
2012-03-01,1848.06,1848.06
2012-03-02,1838.92,1838.92
2012-03-05,1832.31,1832.31
2012-03-06,1822.73,1822.73
2012-03-07,1808.01,1808.01
2012-03-08,1806.48,1806.48
2012-03-09,1816.53,1816.53
2012-03-12,1809.85,1809.85
2012-03-13,1808.71,1808.71
2012-03-14,1801.55,1801.55
2012-03-15,1797.66,1797.66
2012-03-16,1801.72,1801.72
2012-03-19,1811.9,1811.9
2012-03-20,1808.73,1808.73
2012-03-21,1808.22,1808.22
2012-03-22,1811.96,1811.96
2012-03-26,1809.66,1809.66
2012-03-27,1808.31,1808.31
2012-03-28,1809.73,1809.73
2012-03-29,1808.93,1808.93
2012-03-30,1807.74,1807.74
2012-04-02,1816.31,1816.31
2012-04-03,1816.69,1816.69
2012-04-04,1815.46,1815.46
2012-04-05,1814.72,1814.72
2012-04-09,1810.7,1810.7
2012-04-10,1810.9,1810.9
2012-04-11,1808.52,1808.52
2012-04-12,1804.64,1804.64
2012-04-13,1802.31,1802.31
2012-04-16,1795.21,1795.21
2012-04-17,1796.12,1796.12
2012-04-18,1805.46,1805.46
2012-04-19,1814.31,1814.31
2012-04-20,1820.32,1820.32
2012-04-23,1819.28,1819.28
2012-04-24,1818.67,1818.67
2012-04-25,1818.87,1818.87
2012-04-26,1819.74,1819.74
2012-04-27,1817.25,1817.25
2012-04-30,1812.74,1812.74
2012-05-01,1809.9,1809.9
2012-05-02,1806.9,1806.9
2012-05-03,1808.7,1808.7
2012-05-04,1806.6,1806.6
2012-05-07,1803.82,1803.82
2012-05-08,1799.72,1799.72
2012-05-09,1790.35,1790.35
2012-05-10,1787.83,1787.83
2012-05-11,1783.03,1783.03
2012-05-14,1777.08,1777.08
2012-05-15,1763.12,1763.12
2012-05-16,1748.66,1748.66
2012-05-21,1751.32,1751.32
2012-05-22,1757.9,1757.9
2012-05-23,1760.06,1760.06
2012-05-24,1753.74,1753.74
2012-05-25,1749.13,1749.13
2012-05-28,1747.64,1747.64
2012-05-29,1747.13,1747.13
2012-05-30,1749.17,1749.17
2012-05-31,1750.03,1750.03
2012-06-01,1753.61,1753.61
2012-06-04,1753.26,1753.26
2012-06-05,1751.02,1751.02
2012-06-06,1751.42,1751.42
2012-06-07,1758.94,1758.94
2012-06-08,1759.65,1759.65
2012-06-11,1763.46,1763.46
2012-06-12,1762.03,1762.03
2012-06-13,1763.96,1763.96
2012-06-14,1764.49,1764.49
2012-06-15,1770.99,1770.99
2012-06-18,1772.63,1772.63
2012-06-19,1771.83,1771.83
2012-06-20,1779.11,1779.11
2012-06-21,1797.82,1797.82
2012-06-22,1796.41,1796.41
2012-06-25,1792.64,1792.64
2012-06-26,1787.2,1787.2
2012-06-27,1786.61,1786.61
2012-06-28,1791.29,1791.29
2012-06-29,1799.82,1799.82
2012-07-02,1811.72,1811.72
2012-07-03,1813.1,1813.1
2012-07-04,1815.65,1815.65
2012-07-05,1818.26,1818.26
2012-07-06,1818.02,1818.02
2012-07-09,1814.33,1814.33
2012-07-10,1811.34,1811.34
2012-07-11,1815.85,1815.85
2012-07-12,1818.46,1818.46
2012-07-13,1822.06,1822.06
2012-07-16,1828.37,1828.37
2012-07-17,1834.62,1834.62
2012-07-18,1851.93,1851.93
2012-07-19,1860.23,1860.23
2012-07-20,1867.08,1867.08
2012-07-23,1858.89,1858.89
2012-07-24,1859.13,1859.13
2012-07-25,1856.92,1856.92
2012-07-26,1859.42,1859.42
2012-07-27,1865.34,1865.34
2012-07-30,1868.52,1868.52
2012-07-31,1870.56,1870.56
2012-08-01,1870.49,1870.49
2012-08-02,1870.39,1870.39
2012-08-03,1869.7,1869.7
2012-08-06,1873.39,1873.39
2012-08-07,1869.66,1869.66
2012-08-08,1868.93,1868.93
2012-08-09,1869,1869
2012-08-10,1867.94,1867.94
2012-08-13,1849.26,1849.26
2012-08-14,1851.49,1851.49
2012-08-15,1850.04,1850.04
2012-08-16,1848.03,1848.03
2012-08-23,1841.84,1841.84
2012-08-24,1836.23,1836.23
2012-08-27,1830.34,1830.34
2012-08-28,1826.79,1826.79
2012-08-29,1815.24,1815.24
2012-08-30,1809.9,1809.9
2012-08-31,1812.58,1812.58
2012-09-03,1835.73,1835.73
2012-09-04,1840.3,1840.3
2012-09-05,1836.35,1836.35
2012-09-06,1841.62,1841.62
2012-09-07,1847.74,1847.74
2012-09-10,1851.54,1851.54
2012-09-11,1852.58,1852.58
2012-09-12,1855,1855
2012-09-13,1857.07,1857.07
2012-09-14,1863.02,1863.02
2012-09-17,1864.88,1864.88
2012-09-18,1862.63,1862.63
2012-09-19,1861.34,1861.34
2012-09-20,1857.86,1857.86
2012-09-21,1855.73,1855.73
2012-09-24,1855.15,1855.15
2012-09-25,1854.08,1854.08
2012-09-26,1846.67,1846.67
2012-09-27,1847.85,1847.85
2012-09-28,1851.91,1851.91
2012-10-01,1860.06,1860.06
2012-10-02,1863.31,1863.31
2012-10-03,1864.35,1864.35
2012-10-04,1866.59,1866.59
2012-10-05,1870.28,1870.28
2012-10-08,1867.85,1867.85
2012-10-09,1866.74,1866.74
2012-10-10,1865.74,1865.74
2012-10-11,1865.78,1865.78
2012-10-12,1868.18,1868.18
2012-10-15,1870.57,1870.57
2012-10-16,1876.66,1876.66
2012-10-17,1879.37,1879.37
2012-10-18,1880.64,1880.64
2012-10-19,1880.93,1880.93
2012-10-22,1881.18,1881.18
2012-10-23,1882.06,1882.06
2012-10-24,1882.06,1882.06
2012-10-25,1883.42,1883.42
2012-10-29,1885.49,1885.49
2012-10-30,1886.06,1886.06
2012-10-31,1888.89,1888.89
2012-11-01,1894.34,1894.34
2012-11-02,1900.07,1900.07
2012-11-05,1904.73,1904.73
2012-11-06,1902.86,1902.86
2012-11-07,1902.38,1902.38
2012-11-08,1902.71,1902.71
2012-11-09,1908.98,1908.98
2012-11-12,1918.34,1918.34
2012-11-13,1927.73,1927.73
2012-11-14,1932.35,1932.35
2012-11-19,1932.19,1932.19
2012-11-20,1931.61,1931.61
2012-11-21,1930.86,1930.86
2012-11-22,1931.53,1931.53
2012-11-23,1934.33,1934.33
2012-11-26,1936.15,1936.15
2012-11-27,1934.83,1934.83
2012-11-28,1936.31,1936.31
2012-11-29,1938.86,1938.86
2012-11-30,1940.41,1940.41
2012-12-03,1944.35,1944.35
2012-12-04,1943.65,1943.65
2012-12-05,1941.56,1941.56
2012-12-06,1940.21,1940.21
2012-12-07,1938.27,1938.27
2012-12-10,1935.87,1935.87
2012-12-11,1938,1938
2012-12-12,1942.96,1942.96
2012-12-13,1948.11,1948.11
2012-12-14,1947.23,1947.23
2012-12-17,1948.25,1948.25
2012-12-18,1948.81,1948.81
2012-12-19,1950.51,1950.51
2012-12-20,1951.32,1951.32
2012-12-21,1951.05,1951.05
2012-12-26,1951.45,1951.45
2012-12-27,1951.72,1951.72
2012-12-28,1951.72,1951.72
2013-01-02,1959.05,1959.05
2013-01-03,1958.38,1958.38
2013-01-04,1960.08,1960.08
2013-01-07,1955.26,1955.26
2013-01-08,1959.4,1959.4
2013-01-09,1951.28,1951.28
2013-01-10,1938.65,1938.65
2013-01-11,1939.86,1939.86
2013-01-14,1932.01,1932.01
2013-01-15,1930.62,1930.62
2013-01-16,1932.63,1932.63
2013-01-17,1923.5,1923.5
2013-01-18,1925.05,1925.05
2013-01-21,1931.49,1931.49
2013-01-22,1932.01,1932.01
2013-01-23,1936.67,1936.67
2013-01-25,1941.44,1941.44
2013-01-28,1940.81,1940.81
2013-01-29,1942.2,1942.2
2013-01-30,1934.53,1934.53
2013-01-31,1931.02,1931.02
2013-02-01,1927.54,1927.54
2013-02-04,1934.71,1934.71
2013-02-05,1934.11,1934.11
2013-02-06,1937.77,1937.77
2013-02-07,1935.56,1935.56
2013-02-08,1939.37,1939.37
2013-02-11,1938.64,1938.64
2013-02-12,1938.41,1938.41
2013-02-13,1939.1,1939.1
2013-02-14,1939.6,1939.6
2013-02-15,1942.4,1942.4
2013-02-18,1944.97,1944.97
2013-02-19,1945.24,1945.24
2013-02-20,1946.28,1946.28
2013-02-21,1947.2,1947.2
2013-02-22,1948.16,1948.16
2013-02-25,1950.56,1950.56
2013-02-26,1949.65,1949.65
2013-02-27,1949.48,1949.48
2013-02-28,1947.44,1947.44
2013-03-01,1944.6,1944.6
2013-03-04,1945.64,1945.64
2013-03-05,1947.74,1947.74
2013-03-06,1955.34,1955.34
2013-03-07,1953.75,1953.75
2013-03-08,1954.67,1954.67
2013-03-11,1953.24,1953.24
2013-03-13,1950.57,1950.57
2013-03-14,1949.79,1949.79
2013-03-15,1945.62,1945.62
2013-03-18,1945.05,1945.05
2013-03-19,1946.81,1946.81
2013-03-20,1946.03,1946.03
2013-03-21,1945.68,1945.68
2013-03-22,1942.61,1942.61
2013-03-25,1940.62,1940.62
2013-03-26,1934.85,1934.85
2013-03-27,1914.2,1914.2
2013-03-28,1917.03,1917.03
2013-04-01,1919.93,1919.93
2013-04-02,1920.97,1920.97
2013-04-03,1922.61,1922.61
2013-04-04,1923.19,1923.19
2013-04-05,1919.72,1919.72
2013-04-08,1913.09,1913.09
2013-04-09,1907.96,1907.96
2013-04-10,1920.6,1920.6
2013-04-11,1923.27,1923.27
2013-04-12,1937.44,1937.44
2013-04-15,1936.16,1936.16
2013-04-16,1934.16,1934.16
2013-04-17,1937.58,1937.58
2013-04-18,1936.86,1936.86
2013-04-19,1940.93,1940.93
2013-04-22,1943.03,1943.03
2013-04-23,1941.56,1941.56
2013-04-24,1943.5,1943.5
2013-04-25,1943.86,1943.86
2013-04-26,1944.64,1944.64
2013-04-29,1944.81,1944.81
2013-04-30,1942.68,1942.68
2013-05-01,1943.74,1943.74
2013-05-02,1942.8,1942.8
2013-05-03,1936.86,1936.86
2013-05-06,1933.23,1933.23
2013-05-07,1932.45,1932.45
2013-05-08,1941.03,1941.03
2013-05-10,1949.61,1949.61
2013-05-13,1948.73,1948.73
2013-05-14,1947.31,1947.31
2013-05-15,1945.53,1945.53
2013-05-16,1942.67,1942.67
2013-05-17,1936.03,1936.03
2013-05-20,1936.75,1936.75
2013-05-21,1935.49,1935.49
2013-05-22,1931.13,1931.13
2013-05-23,1922.67,1922.67
2013-05-24,1906.91,1906.91
2013-05-27,1906.91,1906.91
2013-05-28,1900.7,1900.7
2013-05-29,1895.91,1895.91
2013-05-30,1894.19,1894.19
2013-05-31,1895.62,1895.62
2013-06-03,1890.92,1890.92
2013-06-04,1891.5,1891.5
2013-06-05,1879.94,1879.94
2013-06-07,1869.58,1869.58
2013-06-10,1852.3,1852.3
2013-06-11,1833.32,1833.32
2013-06-12,1823.52,1823.52
2013-06-13,1828.9,1828.9
2013-06-14,1846.87,1846.87
2013-06-17,1839.52,1839.52
2013-06-18,1839.43,1839.43
2013-06-19,1817.04,1817.04
2013-06-20,1800.4,1800.4
2013-06-21,1778.47,1778.47
2013-06-24,1759.26,1759.26
2013-06-25,1759.93,1759.93
2013-06-26,1754.11,1754.11
2013-06-27,1742.07,1742.07
2013-06-28,1760.52,1760.52
2013-07-01,1759.36,1759.36
2013-07-02,1754.28,1754.28
2013-07-03,1746.07,1746.07
2013-07-04,1741.79,1741.79
2013-07-05,1735.19,1735.19
2013-07-08,1711.92,1711.92
2013-07-09,1680.02,1680.02
2013-07-10,1674.57,1674.57
2013-07-11,1678.38,1678.38
2013-07-12,1652.11,1652.11
2013-07-15,1637.97,1637.97
2013-07-16,1646.23,1646.23
2013-07-17,1635.02,1635.02
2013-07-18,1653.81,1653.81
2013-07-19,1670.7,1670.7
2013-07-22,1691.72,1691.72
2013-07-23,1735.62,1735.62
2013-07-24,1712.66,1712.66
2013-07-25,1686.73,1686.73
2013-07-26,1679.53,1679.53
2013-07-29,1677.64,1677.64
2013-07-30,1672.09,1672.09
2013-07-31,1683.37,1683.37
2013-08-01,1700.04,1700.04
2013-08-02,1719.09,1719.09
2013-08-12,1716.34,1716.34
2013-08-13,1709.32,1709.32
2013-08-14,1702.45,1702.45
2013-08-15,1682.56,1682.56
2013-08-16,1668.14,1668.14
2013-08-19,1640.89,1640.89
2013-08-20,1626.56,1626.56
2013-08-21,1607.25,1607.25
2013-08-22,1612.23,1612.23
2013-08-23,1614.81,1614.81
2013-08-26,1607.68,1607.68
2013-08-27,1597.96,1597.96
2013-08-28,1584.44,1584.44
2013-08-29,1592.79,1592.79
2013-08-30,1617.59,1617.59
2013-09-02,1627.56,1627.56
2013-09-03,1617.74,1617.74
2013-09-04,1596.52,1596.52
2013-09-05,1589.47,1589.47
2013-09-06,1576.57,1576.57
2013-09-09,1576.1,1576.1
2013-09-10,1575.15,1575.15
2013-09-11,1597.15,1597.15
2013-09-12,1598.04,1598.04
2013-09-13,1633.3,1633.3
2013-09-16,1680.06,1680.06
2013-09-17,1655.02,1655.02
2013-09-18,1646.84,1646.84
2013-09-19,1698.09,1698.09
2013-09-20,1703.79,1703.79
2013-09-23,1705.23,1705.23
2013-09-24,1694.79,1694.79
2013-09-25,1690.35,1690.35
2013-09-26,1679.41,1679.41
2013-09-27,1658.34,1658.34
2013-09-30,1632.64,1632.64
2013-10-01,1646.35,1646.35
2013-10-02,1665.82,1665.82
2013-10-03,1680.73,1680.73
2013-10-04,1682.59,1682.59
2013-10-07,1677.52,1677.52
2013-10-08,1678.62,1678.62
2013-10-09,1677.23,1677.23
2013-10-10,1677.52,1677.52
2013-10-11,1685.5,1685.5
2013-10-16,1708.62,1708.62
2013-10-17,1719.96,1719.96
2013-10-18,1734.01,1734.01
2013-10-21,1755.18,1755.18
2013-10-22,1752.5,1752.5
2013-10-23,1785.7,1785.7
2013-10-24,1789.11,1789.11
2013-10-25,1804.83,1804.83
2013-10-28,1811.58,1811.58
2013-10-29,1798.7,1798.7
2013-10-30,1775.89,1775.89
2013-10-31,1755.99,1755.99
2013-11-01,1734,1734
2013-11-04,1719.78,1719.78
2013-11-06,1694.63,1694.63
2013-11-07,1707.88,1707.88
2013-11-08,1691.79,1691.79
2013-11-11,1665.76,1665.76
2013-11-12,1648.19,1648.19
2013-11-13,1636.37,1636.37
2013-11-14,1648.39,1648.39
2013-11-15,1642.79,1642.79
2013-11-18,1637.54,1637.54
2013-11-19,1637.97,1637.97
2013-11-20,1635.52,1635.52
2013-11-21,1622.75,1622.75
2013-11-22,1615.23,1615.23
2013-11-25,1616.65,1616.65
2013-11-26,1615.98,1615.98
2013-11-27,1619.81,1619.81
2013-11-28,1615.71,1615.71
2013-11-29,1609.51,1609.51
2013-12-02,1612.09,1612.09
2013-12-03,1619.2,1619.2
2013-12-04,1616.77,1616.77
2013-12-05,1606.76,1606.76
2013-12-06,1603.85,1603.85
2013-12-09,1604.38,1604.38
2013-12-10,1605.99,1605.99
2013-12-11,1609.51,1609.51
2013-12-12,1613.78,1613.78
2013-12-13,1622.72,1622.72
2013-12-16,1633.9,1633.9
2013-12-17,1636.55,1636.55
2013-12-18,1641.08,1641.08
2013-12-19,1641.36,1641.36
2013-12-20,1644.53,1644.53
2013-12-23,1642.76,1642.76
2013-12-24,1638.17,1638.17
2013-12-27,1640.53,1640.53
2013-12-30,1644.8,1644.8
2014-01-02,1649.65,1649.65
2014-01-03,1624.16,1624.16
2014-01-06,1591.84,1591.84
2014-01-07,1584.74,1584.74
2014-01-08,1588.74,1588.74
2014-01-09,1591.58,1591.58
2014-01-10,1599.92,1599.92
2014-01-13,1634.3,1634.3
2014-01-15,1639.6,1639.6
2014-01-16,1649.26,1649.26
2014-01-17,1650.18,1650.18
2014-01-20,1654.2,1654.2
2014-01-21,1647.79,1647.79
2014-01-22,1646.65,1646.65
2014-01-23,1632.31,1632.31
2014-01-24,1630.79,1630.79
2014-01-27,1585.59,1585.59
2014-01-28,1593.21,1593.21
2014-01-29,1605.34,1605.34
2014-01-30,1595.89,1595.89
2014-02-03,1589.7,1589.7
2014-02-04,1584.29,1584.29
2014-02-05,1582.98,1582.98
2014-02-06,1584.81,1584.81
2014-02-07,1582.02,1582.02
2014-02-10,1584.79,1584.79
2014-02-11,1589.56,1589.56
2014-02-12,1602.13,1602.13
2014-02-13,1610.77,1610.77
2014-02-14,1619.94,1619.94
2014-02-17,1638.48,1638.48
2014-02-18,1650.76,1650.76
2014-02-19,1662.75,1662.75
2014-02-20,1666.31,1666.31
2014-02-21,1667.92,1667.92
2014-02-24,1660.01,1660.01
2014-02-25,1653.75,1653.75
2014-02-26,1654.6,1654.6
2014-02-27,1656.23,1656.23
2014-02-28,1666.94,1666.94
2014-03-03,1689.48,1689.48
2014-03-04,1691.15,1691.15
2014-03-05,1703.96,1703.96
2014-03-06,1707.28,1707.28
2014-03-07,1706.89,1706.89
2014-03-10,1707.29,1707.29
2014-03-11,1712.83,1712.83
2014-03-12,1711.24,1711.24
2014-03-13,1715.16,1715.16
2014-03-14,1718.35,1718.35
2014-03-17,1724.36,1724.36
2014-03-18,1731.51,1731.51
2014-03-19,1731.37,1731.37
2014-03-20,1717.57,1717.57
2014-03-21,1714.87,1714.87
2014-03-24,1712.23,1712.23
2014-03-25,1707.54,1707.54
2014-03-26,1704.04,1704.04
2014-03-27,1709.34,1709.34
2014-03-28,1719.25,1719.25
2014-04-01,1736.84,1736.84
2014-04-02,1744.03,1744.03
2014-04-03,1744.75,1744.75
2014-04-04,1746.83,1746.83
2014-04-07,1746.61,1746.61
2014-04-08,1749.99,1749.99
2014-04-10,1751.07,1751.07
2014-04-11,1750.66,1750.66
2014-04-14,1748.97,1748.97
2014-04-15,1748.5,1748.5
2014-04-16,1745.8,1745.8
2014-04-17,1747.71,1747.71
2014-04-21,1749.65,1749.65
2014-04-22,1742.56,1742.56
2014-04-23,1737.72,1737.72
2014-04-24,1735.97,1735.97
2014-04-25,1738.79,1738.79
2014-04-28,1746.65,1746.65
2014-04-29,1746.26,1746.26
2014-04-30,1741.23,1741.23
2014-05-02,1738.79,1738.79
2014-05-05,1739.16,1739.16
2014-05-06,1739.76,1739.76
2014-05-07,1735.63,1735.63
2014-05-08,1732.99,1732.99
2014-05-09,1734.29,1734.29
2014-05-12,1735.95,1735.95
2014-05-13,1733.15,1733.15
2014-05-14,1739.53,1739.53
2014-05-16,1747.11,1747.11
2014-05-19,1751.16,1751.16
2014-05-20,1749.09,1749.09
2014-05-21,1745.37,1745.37
2014-05-22,1742.23,1742.23
2014-05-23,1740.15,1740.15
2014-05-26,1738.29,1738.29
2014-05-28,1735.86,1735.86
2014-05-30,1737.55,1737.55
2014-06-02,1735.23,1735.23
2014-06-03,1737.19,1737.19
2014-06-04,1739,1739
2014-06-05,1739.13,1739.13
2014-06-06,1740.69,1740.69
2014-06-09,1744.7,1744.7
2014-06-10,1742.78,1742.78
2014-06-11,1743.98,1743.98
2014-06-12,1745.11,1745.11
2014-06-13,1746,1746
2014-06-16,1746.7,1746.7
2014-06-17,1747.22,1747.22
2014-06-18,1743.27,1743.27
2014-06-19,1742.91,1742.91
2014-06-20,1743.05,1743.05
2014-06-23,1741.75,1741.75
2014-06-24,1739.58,1739.58
2014-06-25,1733.8,1733.8
2014-06-26,1729.22,1729.22
2014-06-27,1719.94,1719.94
2014-06-30,1722.86,1722.86
2014-07-01,1728.41,1728.41
2014-07-02,1735.41,1735.41
2014-07-03,1736.48,1736.48
2014-07-04,1735.92,1735.92
2014-07-07,1738.33,1738.33
2014-07-08,1739.1,1739.1
2014-07-10,1743.31,1743.31
2014-07-11,1743.02,1743.02
2014-07-14,1738.24,1738.24
2014-07-15,1737.78,1737.78
2014-07-16,1740.99,1740.99
2014-07-17,1744.27,1744.27
2014-07-18,1748.91,1748.91
2014-07-21,1752.57,1752.57
2014-07-22,1753.3,1753.3
2014-07-23,1752.8,1752.8
2014-07-24,1756.14,1756.14
2014-07-25,1755.2,1755.2
2014-08-04,1752.49,1752.49
2014-08-05,1749.64,1749.64
2014-08-06,1746.39,1746.39
2014-08-07,1742.34,1742.34
2014-08-08,1737.96,1737.96
2014-08-11,1736.89,1736.89
2014-08-12,1737.6,1737.6
2014-08-13,1738.13,1738.13
2014-08-14,1740.9,1740.9
2014-08-15,1741.68,1741.68
2014-08-18,1741,1741
2014-08-19,1738,1738
2014-08-20,1737.01,1737.01
2014-08-21,1735.41,1735.41
2014-08-22,1738.07,1738.07
2014-08-25,1740.89,1740.89
2014-08-26,1741.62,1741.62
2014-08-27,1743.36,1743.36
2014-08-28,1747.18,1747.18
2014-08-29,1752.94,1752.94
2014-09-01,1757.57,1757.57
2014-09-02,1757.61,1757.61
2014-09-03,1760.74,1760.74
2014-09-04,1772.88,1772.88
2014-09-05,1783.42,1783.42
2014-09-08,1784.92,1784.92
2014-09-09,1783.84,1783.84
2014-09-10,1777.59,1777.59
2014-09-11,1768.6,1768.6
2014-09-12,1763.94,1763.94
2014-09-15,1757.3,1757.3
2014-09-16,1754.92,1754.92
2014-09-17,1758.34,1758.34
2014-09-18,1753.03,1753.03
2014-09-19,1759.02,1759.02
2014-09-22,1761.58,1761.58
2014-09-23,1763.41,1763.41
2014-09-24,1766.06,1766.06
2014-09-25,1766.72,1766.72
2014-09-26,1761.65,1761.65
2014-09-29,1753.67,1753.67
2014-09-30,1742.51,1742.51
2014-10-01,1731.79,1731.79
2014-10-02,1735.7,1735.7
2014-10-03,1733.32,1733.32
2014-10-06,1730.42,1730.42
2014-10-07,1734.73,1734.73
2014-10-08,1736.81,1736.81
2014-10-09,1739.69,1739.69
2014-10-10,1743,1743
2014-10-13,1745.19,1745.19
2014-10-14,1749.03,1749.03
2014-10-15,1758.13,1758.13
2014-10-16,1761.41,1761.41
2014-10-17,1760.73,1760.73
2014-10-20,1771.82,1771.82
2014-10-21,1787.93,1787.93
2014-10-22,1793.48,1793.48
2014-10-23,1793.83,1793.83
2014-10-24,1794.88,1794.88
2014-10-27,1796.17,1796.17
2014-10-28,1794.28,1794.28
2014-10-29,1788.99,1788.99
2014-10-30,1787.52,1787.52
2014-10-31,1792.37,1792.37
2014-11-03,1799.34,1799.34
2014-11-04,1804.26,1804.26
2014-11-05,1809.67,1809.67
2014-11-06,1804.58,1804.58
2014-11-07,1802.22,1802.22
2014-11-10,1801.94,1801.94
2014-11-11,1801.2,1801.2
2014-11-12,1799.06,1799.06
2014-11-13,1800.1,1800.1
2014-11-14,1806.2,1806.2
2014-11-17,1808.3,1808.3
2014-11-18,1812.33,1812.33
2014-11-19,1814.59,1814.59
2014-11-20,1820.45,1820.45
2014-11-21,1825.73,1825.73
2014-11-24,1833.17,1833.17
2014-11-25,1836.87,1836.87
2014-11-26,1837.59,1837.59
2014-11-27,1840.89,1840.89
2014-11-28,1839.61,1839.61
2014-12-01,1841.26,1841.26
2014-12-02,1840.96,1840.96
2014-12-03,1838.55,1838.55
2014-12-04,1830.79,1830.79
2014-12-05,1831.28,1831.28
2014-12-08,1828.9,1828.9
2014-12-09,1825.83,1825.83
2014-12-10,1820.33,1820.33
2014-12-11,1818.11,1818.11
2014-12-12,1806.4,1806.4
2014-12-15,1777.24,1777.24
2014-12-16,1761.85,1761.85
2014-12-17,1765.11,1765.11
2014-12-18,1806.15,1806.15
2014-12-19,1807.61,1807.61
2014-12-22,1813.2,1813.2
2014-12-23,1821.81,1821.81
2014-12-24,1826.13,1826.13
2014-12-29,1827.23,1827.23
2014-12-30,1827.72,1827.72
2015-01-02,1843.07,1843.07
2015-01-05,1830.51,1830.51
2015-01-06,1823.31,1823.31
2015-01-07,1827.83,1827.83
2015-01-08,1834.85,1834.85
2015-01-09,1847.01,1847.01
2015-01-12,1851.95,1851.95
2015-01-13,1857.27,1857.27
2015-01-14,1861.83,1861.83
2015-01-15,1863.37,1863.37
2015-01-16,1868.28,1868.28
2015-01-19,1870.21,1870.21
2015-01-20,1874.26,1874.26
2015-01-21,1915.88,1915.88
2015-01-22,1921.69,1921.69
2015-01-23,1930.25,1930.25
2015-01-26,1930.5,1930.5
2015-01-27,1931.82,1931.82
2015-01-28,1937.92,1937.92
2015-01-29,1938.79,1938.79
2015-01-30,1941.83,1941.83
2015-02-02,1949.6,1949.6
2015-02-03,1954.86,1954.86
2015-02-04,1960.34,1960.34
2015-02-05,1955.07,1955.07
2015-02-06,1954.26,1954.26
2015-02-09,1949.52,1949.52
2015-02-10,1947.68,1947.68
2015-02-11,1940.75,1940.75
2015-02-12,1920.51,1920.51
2015-02-13,1916.55,1916.55
2015-02-16,1920.42,1920.42
2015-02-17,1929.86,1929.86
2015-02-18,1952.81,1952.81
2015-02-20,1947.64,1947.64
2015-02-23,1949.83,1949.83
2015-02-24,1950.62,1950.62
2015-02-25,1955.17,1955.17
2015-02-26,1962.84,1962.84
2015-02-27,1968.53,1968.53
2015-03-02,1967.12,1967.12
2015-03-03,1964.98,1964.98
2015-03-04,1951.81,1951.81
2015-03-05,1938.65,1938.65
2015-03-06,1933.69,1933.69
2015-03-09,1922.05,1922.05
2015-03-10,1918.48,1918.48
2015-03-11,1897.36,1897.36
2015-03-12,1911.36,1911.36
2015-03-13,1920.72,1920.72
2015-03-16,1927.56,1927.56
2015-03-17,1921.8,1921.8
2015-03-18,1928.42,1928.42
2015-03-19,1933.76,1933.76
2015-03-20,1929.69,1929.69
2015-03-23,1933.06,1933.06
2015-03-24,1939.8,1939.8
2015-03-25,1943.95,1943.95
2015-03-26,1940.9,1940.9
2015-03-27,1938.67,1938.67
2015-03-30,1935.06,1935.06
2015-03-31,1932,1932
2015-04-01,1932.25,1932.25
2015-04-02,1934.93,1934.93
2015-04-06,1943.24,1943.24
2015-04-07,1942.71,1942.71
2015-04-08,1943.6,1943.6
2015-04-09,1945.66,1945.66
2015-04-10,1947.62,1947.62
2015-04-13,1949.2,1949.2
2015-04-14,1944.27,1944.27
2015-04-15,1940.7,1940.7
2015-04-16,1936.52,1936.52
2015-04-17,1924.3,1924.3
2015-04-20,1924.84,1924.84
2015-04-21,1923.21,1923.21
2015-04-22,1927.18,1927.18
2015-04-23,1924.06,1924.06
2015-04-24,1920.84,1920.84
2015-04-27,1910.88,1910.88
2015-04-28,1900.06,1900.06
2015-04-29,1897.59,1897.59
2015-04-30,1898.22,1898.22
2015-05-04,1897.58,1897.58
2015-05-05,1883.28,1883.28
2015-05-06,1871.12,1871.12
2015-05-07,1855.84,1855.84
2015-05-08,1842.74,1842.74
2015-05-11,1846.18,1846.18
2015-05-12,1839.72,1839.72
2015-05-13,1855.17,1855.17
2015-05-15,1876.58,1876.58
2015-05-18,1874.95,1874.95
2015-05-19,1869.11,1869.11
2015-05-20,1868.41,1868.41
2015-05-21,1866.39,1866.39
2015-05-22,1868.14,1868.14
2015-05-25,1865.72,1865.72
2015-05-26,1861.38,1861.38
2015-05-27,1863.18,1863.18
2015-05-28,1865.31,1865.31
2015-05-29,1863.32,1863.32
2015-06-01,1859.88,1859.88
2015-06-03,1857.7,1857.7
2015-06-04,1841.61,1841.61
2015-06-05,1823.02,1823.02
2015-06-08,1807.57,1807.57
2015-06-09,1803.31,1803.31
2015-06-10,1811.13,1811.13
2015-06-11,1806.12,1806.12
2015-06-12,1803.64,1803.64
2015-06-15,1807.37,1807.37
2015-06-16,1807.44,1807.44
2015-06-17,1810.5,1810.5
2015-06-18,1821.19,1821.19
2015-06-19,1826.57,1826.57
2015-06-22,1836.27,1836.27
2015-06-23,1846.1,1846.1
2015-06-24,1867.89,1867.89
2015-06-25,1860.83,1860.83
2015-06-26,1858.43,1858.43
2015-06-29,1850.04,1850.04
2015-06-30,1853.95,1853.95
2015-07-01,1861.49,1861.49
2015-07-02,1861.04,1861.04
2015-07-03,1866.18,1866.18
2015-07-06,1868.45,1868.45
2015-07-07,1872.71,1872.71
2015-07-08,1847.46,1847.46
2015-07-09,1844.66,1844.66
2015-07-10,1849.35,1849.35
2015-07-13,1861.82,1861.82
2015-07-14,1859.05,1859.05
2015-07-15,1859.07,1859.07
2015-07-22,1859.56,1859.56
2015-07-23,1863.59,1863.59
2015-07-24,1864.84,1864.84
2015-07-27,1861.64,1861.64
2015-07-28,1845.21,1845.21
2015-07-29,1827.97,1827.97
2015-07-30,1826.35,1826.35
2015-07-31,1827.65,1827.65
2015-08-03,1824.73,1824.73
2015-08-04,1824.44,1824.44
2015-08-05,1825.97,1825.97
2015-08-06,1831.07,1831.07
2015-08-07,1830.4,1830.4
2015-08-10,1831.47,1831.47
2015-08-11,1821.63,1821.63
2015-08-12,1796.59,1796.59
2015-08-13,1804.7,1804.7
2015-08-14,1804.7,1804.7
2015-08-18,1806.62,1806.62
2015-08-19,1811.4,1811.4
2015-08-20,1807.08,1807.08
2015-08-21,1792.43,1792.43
2015-08-24,1779.88,1779.88
2015-08-25,1780.45,1780.45
2015-08-26,1780.55,1780.55
2015-08-27,1785.15,1785.15
2015-08-28,1794.17,1794.17
2015-08-31,1796.78,1796.78
2015-09-01,1797.91,1797.91
2015-09-02,1798.51,1798.51
2015-09-03,1793.76,1793.76
2015-09-04,1790.79,1790.79
2015-09-07,1781.63,1781.63
2015-09-08,1770.27,1770.27
2015-09-09,1770.44,1770.44
2015-09-10,1765.09,1765.09
2015-09-11,1761.47,1761.47
2015-09-14,1758.55,1758.55
2015-09-15,1752.37,1752.37
2015-09-16,1742.29,1742.29
2015-09-17,1752.71,1752.71
2015-09-18,1771.68,1771.68
2015-09-21,1784.63,1784.63
2015-09-22,1776.94,1776.94
2015-09-23,1757.49,1757.49
2015-09-25,1741.97,1741.97
2015-09-28,1733.67,1733.67
2015-09-29,1713.32,1713.32
2015-09-30,1714.37,1714.37
2015-10-01,1748.07,1748.07
2015-10-02,1753.15,1753.15
2015-10-05,1787.98,1787.98
2015-10-06,1831.42,1831.42
2015-10-07,1839.72,1839.72
2015-10-08,1820.49,1820.49
2015-10-09,1837.64,1837.64
2015-10-12,1848.69,1848.69
2015-10-13,1848.33,1848.33
2015-10-15,1837.05,1837.05
2015-10-16,1833.71,1833.71
2015-10-19,1837.86,1837.86
2015-10-20,1831.11,1831.11
2015-10-21,1820.41,1820.41
2015-10-22,1817.19,1817.19
2015-10-23,1832.06,1832.06
2015-10-26,1838.03,1838.03
2015-10-27,1838.88,1838.88
2015-10-28,1840.73,1840.73
2015-10-29,1835.07,1835.07
2015-10-30,1820.88,1820.88
2015-11-02,1818.29,1818.29
2015-11-03,1820,1820
2015-11-04,1828.16,1828.16
2015-11-05,1831.02,1831.02
2015-11-06,1840.3,1840.3
2015-11-09,1836.44,1836.44
2015-11-10,1835.33,1835.33
2015-11-11,1847.63,1847.63
2015-11-12,1848.71,1848.71
2015-11-13,1848.49,1848.49
2015-11-16,1850.8,1850.8
2015-11-17,1850.68,1850.68
2015-11-18,1855.89,1855.89
2015-11-19,1855.8,1855.8
2015-11-20,1856.22,1856.22
2015-11-23,1855.82,1855.82
2015-11-24,1857.38,1857.38
2015-11-25,1857.79,1857.79
2015-11-26,1863.29,1863.29
2015-11-27,1864.2,1864.2
2015-11-30,1864.41,1864.41
2015-12-01,1868.66,1868.66
2015-12-02,1877.02,1877.02
2015-12-03,1878.11,1878.11
2015-12-04,1874.29,1874.29
2015-12-07,1871.22,1871.22
2015-12-08,1871.22,1871.22
2015-12-10,1870.3,1870.3
2015-12-11,1861.87,1861.87
2015-12-14,1833.58,1833.58
2015-12-15,1816.56,1816.56
2015-12-16,1824.59,1824.59
2015-12-17,1844.57,1844.57
2015-12-18,1853.14,1853.14
2015-12-21,1850.71,1850.71
2015-12-22,1851.03,1851.03
2015-12-23,1849.69,1849.69
2015-12-28,1847.54,1847.54
2015-12-29,1847.16,1847.16
2015-12-30,1845.33,1845.33
2016-01-04,1845.3,1845.3
2016-01-05,1842.16,1842.16
2016-01-06,1840.9,1840.9
2016-01-07,1841.77,1841.77
2016-01-08,1846.07,1846.07
2016-01-11,1846.54,1846.54
2016-01-12,1854.95,1854.95
2016-01-13,1860.53,1860.53
2016-01-14,1878.19,1878.19
2016-01-15,1878.88,1878.88
2016-01-18,1874.02,1874.02
2016-01-19,1868.5,1868.5
2016-01-20,1873.01,1873.01
2016-01-21,1876.62,1876.62
2016-01-22,1888.23,1888.23
2016-01-25,1893.26,1893.26
2016-01-26,1888.42,1888.42
2016-01-27,1885.84,1885.84
2016-01-28,1885.76,1885.76
2016-01-29,1904.5,1904.5
2016-02-01,1924.34,1924.34
2016-02-02,1928.7,1928.7
2016-02-03,1923.55,1923.55
2016-02-04,1922.67,1922.67
2016-02-05,1931.72,1931.72
2016-02-09,1936,1936
2016-02-10,1935.94,1935.94
2016-02-11,1938.71,1938.71
2016-02-12,1940.25,1940.25
2016-02-15,1942.2,1942.2
2016-02-16,1942.71,1942.71
2016-02-17,1938.13,1938.13
2016-02-18,1935.38,1935.38
2016-02-19,1932.75,1932.75
2016-02-22,1928,1928
2016-02-23,1926.44,1926.44
2016-02-24,1917.88,1917.88
2016-02-25,1913.21,1913.21
2016-02-26,1913.43,1913.43
2016-02-29,1912.62,1912.62
2016-03-01,1912.23,1912.23
2016-03-02,1922.68,1922.68
2016-03-03,1937.15,1937.15
2016-03-04,1945.15,1945.15
2016-03-07,1962.54,1962.54
2016-03-08,1956.9,1956.9
2016-03-10,1957.52,1957.52
2016-03-11,1965.49,1965.49
2016-03-14,1969.81,1969.81
2016-03-15,1966.78,1966.78
2016-03-16,1965.42,1965.42
2016-03-17,1971.71,1971.71
2016-03-18,1977.01,1977.01
2016-03-21,1976.22,1976.22
2016-03-22,1972.32,1972.32
2016-03-23,1969.79,1969.79
2016-03-24,1970.79,1970.79
2016-03-28,1971.2,1971.2
2016-03-29,1967.31,1967.31
2016-03-30,1974.94,1974.94
2016-03-31,1980.51,1980.51
2016-04-01,1992.26,1992.26
2016-04-04,1994.45,1994.45
2016-04-05,1991.31,1991.31
2016-04-06,1994.8,1994.8
2016-04-07,1997.47,1997.47
2016-04-08,2000.98,2000.98
2016-04-11,2004.99,2004.99
2016-04-12,2010.6,2010.6
2016-04-13,2022.31,2022.31
2016-04-14,2019.48,2019.48
2016-04-15,2021.36,2021.36
2016-04-18,2023.82,2023.82
2016-04-19,2023.33,2023.33
2016-04-20,2023.86,2023.86
2016-04-21,2024.92,2024.92
2016-04-22,2019.27,2019.27
2016-04-25,2014.34,2014.34
2016-04-26,2013.42,2013.42
2016-04-27,2015.26,2015.26
2016-04-28,2013.72,2013.72
2016-04-29,2009.82,2009.82
2016-05-02,2005.79,2005.79
2016-05-03,2005.95,2005.95
2016-05-04,2007.15,2007.15
2016-05-09,2004.41,2004.41
2016-05-10,2001.76,2001.76
2016-05-11,2001.47,2001.47
2016-05-12,2000.7,2000.7
2016-05-13,2003.45,2003.45
2016-05-16,2008.18,2008.18
2016-05-17,2014.04,2014.04
2016-05-18,2013.14,2013.14
2016-05-19,2005.58,2005.58
2016-05-20,1998.47,1998.47
2016-05-23,1997.1,1997.1
2016-05-24,1994.3,1994.3
2016-05-25,1996.19,1996.19
2016-05-26,2000.03,2000.03
2016-05-27,2003.04,2003.04
2016-05-30,2003.41,2003.41
2016-05-31,2003.85,2003.85
2016-06-01,2004.33,2004.33
2016-06-02,2002.91,2002.91
2016-06-03,2005.81,2005.81
2016-06-06,2009.37,2009.37
2016-06-07,2013.46,2013.46
2016-06-08,2019.59,2019.59
2016-06-09,2023.87,2023.87
2016-06-10,2023.18,2023.18
2016-06-13,2023.34,2023.34
2016-06-14,2024.32,2024.32
2016-06-15,2022.05,2022.05
2016-06-16,2022.39,2022.39
2016-06-17,2022.27,2022.27
2016-06-20,2023.8,2023.8
2016-06-21,2023.64,2023.64
2016-06-22,2024.49,2024.49
2016-06-23,2026.27,2026.27
2016-06-24,2013.1,2013.1
2016-06-27,2021.74,2021.74
2016-06-28,2028.76,2028.76
2016-06-29,2037.34,2037.34
2016-06-30,2040.6,2040.6
2016-07-01,2053.43,2053.43
2016-07-11,2079.17,2079.17
2016-07-12,2083.17,2083.17
2016-07-13,2077.01,2077.01
2016-07-14,2077.72,2077.72
2016-07-15,2078.22,2078.22
2016-07-18,2078.78,2078.78
2016-07-19,2089.61,2089.61
2016-07-20,2094.41,2094.41
2016-07-21,2096.02,2096.02
2016-07-22,2088.44,2088.44
2016-07-25,2082.79,2082.79
2016-07-26,2085.14,2085.14
2016-07-27,2092.35,2092.35
2016-07-28,2099.83,2099.83
2016-07-29,2108.11,2108.11
2016-08-01,2114.01,2114.01
2016-08-02,2120.58,2120.58
2016-08-03,2114.48,2114.48
2016-08-04,2111.59,2111.59
2016-08-05,2113.79,2113.79
2016-08-08,2112,2112
2016-08-09,2114.03,2114.03
2016-08-10,2118.31,2118.31
2016-08-11,2119.02,2119.02
2016-08-12,2118.79,2118.79
2016-08-15,2119.74,2119.74
2016-08-16,2117.77,2117.77
2016-08-18,2122.04,2122.04
2016-08-19,2119.72,2119.72
2016-08-22,2114.97,2114.97
2016-08-23,2098,2098
2016-08-24,2095.6,2095.6
2016-08-25,2099.29,2099.29
2016-08-26,2101.68,2101.68
2016-08-29,2097.23,2097.23
2016-08-30,2093.96,2093.96
2016-08-31,2094.3,2094.3
2016-09-01,2102.63,2102.63
2016-09-02,2112.23,2112.23
2016-09-05,2119.97,2119.97
2016-09-06,2123.53,2123.53
2016-09-07,2123.97,2123.97
2016-09-08,2123.19,2123.19
2016-09-09,2120.93,2120.93
2016-09-13,2113.78,2113.78
2016-09-14,2107.37,2107.37
2016-09-15,2104.81,2104.81
2016-09-16,2108.81,2108.81
2016-09-19,2113.25,2113.25
2016-09-20,2112.09,2112.09
2016-09-21,2117.45,2117.45
2016-09-22,2127.85,2127.85
2016-09-23,2127.07,2127.07
2016-09-26,2128.23,2128.23
2016-09-27,2125.76,2125.76
2016-09-28,2126.32,2126.32
2016-09-29,2122.74,2122.74
2016-09-30,2115.95,2115.95
2016-10-03,2120.81,2120.81
2016-10-04,2122.65,2122.65
2016-10-05,2121.51,2121.51
2016-10-06,2120.3,2120.3
2016-10-07,2114.68,2114.68
2016-10-10,2111.24,2111.24
2016-10-11,2105.06,2105.06
2016-10-12,2106.16,2106.16
2016-10-13,2108.01,2108.01
2016-10-14,2111.14,2111.14
2016-10-17,2110.07,2110.07
2016-10-18,2105.27,2105.27
2016-10-19,2097.29,2097.29
2016-10-20,2094.55,2094.55
2016-10-21,2099.7,2099.7
2016-10-24,2102.9,2102.9
2016-10-25,2101.88,2101.88
2016-10-26,2099.06,2099.06
2016-10-27,2094.36,2094.36
2016-10-28,2078.62,2078.62
2016-10-31,2072.58,2072.58
2016-11-01,2078.81,2078.81
2016-11-02,2077.13,2077.13
2016-11-03,2071.75,2071.75
2016-11-04,2067.07,2067.07
2016-11-07,2065.68,2065.68
2016-11-08,2075.51,2075.51
2016-11-09,2061.76,2061.76
2016-11-10,2052.18,2052.18
2016-11-11,2008.45,2008.45
2016-11-14,1992.31,1992.31
2016-11-15,1985,1985
2016-11-16,2003.47,2003.47
2016-11-17,2009.18,2009.18
2016-11-18,2005.44,2005.44
2016-11-21,2001.8,2001.8
2016-11-22,1993.25,1993.25
2016-11-23,1982.79,1982.79
2016-11-24,1974.59,1974.59
2016-11-25,1969.59,1969.59
2016-11-28,1973.66,1973.66
2016-11-29,1991.78,1991.78
2016-11-30,1998.83,1998.83
2016-12-01,1999.01,1999.01
2016-12-02,1999.9,1999.9
2016-12-05,2002.38,2002.38
2016-12-06,2010.42,2010.42
2016-12-07,2043.34,2043.34
2016-12-08,2057.47,2057.47
2016-12-09,2049.15,2049.15
2016-12-13,2042.81,2042.81
2016-12-14,2037.4,2037.4
2016-12-15,2007.58,2007.58
2016-12-16,2006.75,2006.75
2016-12-19,2008.19,2008.19
2016-12-20,2020.08,2020.08
2016-12-21,2027.45,2027.45
2016-12-22,2033.24,2033.24
2016-12-23,2027.03,2027.03
2016-12-27,2028.8,2028.8
2016-12-28,2023.89,2023.89
2016-12-29,2021.6,2021.6
2016-12-30,2020.57,2020.57
2017-01-03,2020.91,2020.91
2017-01-04,2030.94,2030.94
2017-01-05,2043.95,2043.95
2017-01-06,2039.72,2039.72
2017-01-09,2039.42,2039.42
2017-01-10,2041.24,2041.24
2017-01-11,2041.28,2041.28
2017-01-12,2051.6,2051.6
2017-01-13,2058.99,2058.99
2017-01-16,2055.04,2055.04
2017-01-17,2057.24,2057.24
2017-01-18,2058.76,2058.76
2017-01-19,2054.13,2054.13
2017-01-20,2053.38,2053.38
2017-01-23,2056.48,2056.48
2017-01-24,2060.95,2060.95
2017-01-25,2056.41,2056.41
2017-01-26,2048.47,2048.47
2017-01-27,2044.06,2044.06
2017-01-30,2042.12,2042.12
2017-01-31,2042.44,2042.44
2017-02-01,2040.34,2040.34
2017-02-02,2040.5,2040.5
2017-02-03,2043.93,2043.93
2017-02-06,2048.02,2048.02
2017-02-07,2051.66,2051.66
2017-02-08,2052.79,2052.79
2017-02-09,2061.58,2061.58
2017-02-10,2058.51,2058.51
2017-02-13,2058.25,2058.25
2017-02-14,2056.94,2056.94
2017-02-16,2054.22,2054.22
2017-02-17,2058.03,2058.03
2017-02-20,2058.48,2058.48
2017-02-21,2053.12,2053.12
2017-02-22,2057.32,2057.32
2017-02-23,2057.8,2057.8
2017-02-24,2060.81,2060.81
2017-02-27,2061.19,2061.19
2017-02-28,2061.98,2061.98
2017-03-01,2065.54,2065.54
2017-03-02,2069.57,2069.57
2017-03-03,2071.06,2071.06
2017-03-06,2073.94,2073.94
2017-03-07,2077.57,2077.57
2017-03-08,2094.17,2094.17
2017-03-09,2088.24,2088.24
2017-03-10,2078.68,2078.68
2017-03-13,2080.94,2080.94
2017-03-14,2081.44,2081.44
2017-03-15,2087.41,2087.41
2017-03-16,2104.54,2104.54
2017-03-17,2108.07,2108.07
2017-03-20,2114.26,2114.26
2017-03-21,2124.1,2124.1
2017-03-22,2121.34,2121.34
2017-03-23,2122.18,2122.18
2017-03-24,2122.92,2122.92
2017-03-27,2123.32,2123.32
2017-03-29,2126.85,2126.85
2017-03-30,2137.66,2137.66
2017-03-31,2138.39,2138.39
2017-04-03,2140.87,2140.87
2017-04-04,2142.69,2142.69
2017-04-05,2142.32,2142.32
2017-04-06,2141.42,2141.42
2017-04-07,2131.73,2131.73
2017-04-10,2131.43,2131.43
2017-04-11,2136.32,2136.32
2017-04-12,2138.18,2138.18
2017-04-13,2141.83,2141.83
2017-04-17,2142.54,2142.54
2017-04-18,2143.42,2143.42
2017-04-20,2139.48,2139.48
2017-04-21,2137.83,2137.83
2017-04-25,2142.78,2142.78
2017-04-26,2146,2146
2017-04-27,2147.41,2147.41
2017-04-28,2146.89,2146.89
2017-05-02,2148.32,2148.32
2017-05-03,2148.81,2148.81
2017-05-04,2147.01,2147.01
2017-05-05,2141.34,2141.34
2017-05-08,2143.27,2143.27
2017-05-09,2140.26,2140.26
2017-05-10,2131.79,2131.79
2017-05-12,2130.92,2130.92
2017-05-15,2144.24,2144.24
2017-05-16,2148.5,2148.5
2017-05-17,2147.76,2147.76
2017-05-18,2146.04,2146.04
2017-05-19,2159.2,2159.2
2017-05-22,2164.27,2164.27
2017-05-23,2169.55,2169.55
2017-05-24,2168.39,2168.39
2017-05-26,2168.09,2168.09
2017-05-29,2168.49,2168.49
2017-05-30,2168.59,2168.59
2017-05-31,2168.9,2168.9
2017-06-02,2170.2,2170.2
2017-06-05,2171.17,2171.17
2017-06-06,2172.52,2172.52
2017-06-07,2172.3,2172.3
2017-06-08,2172.56,2172.56
2017-06-09,2175.55,2175.55
2017-06-12,2175.72,2175.72
2017-06-13,2177.43,2177.43
2017-06-14,2180.86,2180.86
2017-06-15,2184.06,2184.06
2017-06-16,2184.62,2184.62
2017-06-19,2188.45,2188.45
2017-06-20,2188.21,2188.21
2017-06-21,2186.41,2186.41
2017-06-22,2186.18,2186.18
2017-07-03,2184.45,2184.45
2017-07-04,2183.72,2183.72
2017-07-05,2184.38,2184.38
2017-07-06,2173.84,2173.84
2017-07-07,2155.3,2155.3
2017-07-10,2151.69,2151.69
2017-07-11,2154.44,2154.44
2017-07-12,2167.67,2167.67
2017-07-13,2178.6,2178.6
2017-07-14,2176.33,2176.33
2017-07-17,2178.34,2178.34
2017-07-18,2180.46,2180.46
2017-07-19,2185.16,2185.16
2017-07-20,2185.85,2185.85
2017-07-21,2191.52,2191.52
2017-07-24,2193.08,2193.08
2017-07-25,2191.97,2191.97
2017-07-26,2188.77,2188.77
2017-07-27,2188.94,2188.94
2017-07-28,2187.99,2187.99
2017-07-31,2188.81,2188.81
2017-08-01,2192.89,2192.89
2017-08-02,2192.54,2192.54
2017-08-03,2192.61,2192.61
2017-08-04,2194.13,2194.13
2017-08-07,2195.39,2195.39
2017-08-08,2198.57,2198.57
2017-08-09,2202.4,2202.4
2017-08-10,2200.01,2200.01
2017-08-11,2198.89,2198.89
2017-08-14,2200.78,2200.78
2017-08-15,2200.74,2200.74
2017-08-16,2201.45,2201.45
2017-08-18,2204.21,2204.21
2017-08-21,2203.86,2203.86
2017-08-22,2206.43,2206.43
2017-08-23,2210.49,2210.49
2017-08-24,2210.86,2210.86
2017-08-25,2214.25,2214.25
2017-08-28,2218.9,2218.9
2017-08-29,2220.63,2220.63
2017-08-30,2226.3,2226.3
2017-08-31,2232.48,2232.48
2017-09-04,2233.58,2233.58
2017-09-05,2238.01,2238.01
2017-09-06,2243.05,2243.05
2017-09-07,2244.01,2244.01
2017-09-08,2252.47,2252.47
2017-09-11,2263.57,2263.57
2017-09-12,2254.89,2254.89
2017-09-13,2253.47,2253.47
2017-09-14,2247.24,2247.24
2017-09-15,2245.89,2245.89
2017-09-18,2250.82,2250.82
2017-09-19,2251.14,2251.14
2017-09-20,2253.37,2253.37
2017-09-22,2257.59,2257.59
2017-09-25,2271.41,2271.41
2017-09-26,2261.7,2261.7
2017-09-27,2258.62,2258.62
2017-09-28,2246.33,2246.33
2017-09-29,2257.24,2257.24
2017-10-02,2254.98,2254.98
2017-10-03,2251.56,2251.56
2017-10-04,2251.93,2251.93
2017-10-05,2252.49,2252.49
2017-10-06,2248.47,2248.47
2017-10-09,2247.37,2247.37
2017-10-10,2245.55,2245.55
2017-10-11,2244.05,2244.05
2017-10-12,2244.76,2244.76
2017-10-13,2247.18,2247.18
2017-10-16,2248.7,2248.7
2017-10-17,2246.92,2246.92
2017-10-18,2245.08,2245.08
2017-10-19,2245.02,2245.02
2017-10-20,2243.79,2243.79
2017-10-23,2235.92,2235.92
2017-10-24,2235.71,2235.71
2017-10-25,2227.34,2227.34
2017-10-26,2224.22,2224.22
2017-10-27,2228.5,2228.5
2017-10-30,2227.95,2227.95
2017-10-31,2230.71,2230.71
2017-11-01,2235.14,2235.14
2017-11-02,2240.9,2240.9
2017-11-03,2248.43,2248.43
2017-11-06,2247.18,2247.18
2017-11-07,2251.74,2251.74
2017-11-08,2250.67,2250.67
2017-11-09,2250.95,2250.95
2017-11-10,2251.12,2251.12
2017-11-13,2249.24,2249.24
2017-11-14,2250.29,2250.29
2017-11-15,2251.37,2251.37
2017-11-16,2252.17,2252.17
2017-11-17,2256.98,2256.98
2017-11-20,2257.25,2257.25
2017-11-21,2258.67,2258.67
2017-11-22,2261.43,2261.43
2017-11-23,2262.81,2262.81
2017-11-24,2265.23,2265.23
2017-11-27,2264.51,2264.51
2017-11-28,2263.75,2263.75
2017-11-29,2270.44,2270.44
2017-11-30,2271.4,2271.4
2017-12-04,2271.07,2271.07
2017-12-05,2273.56,2273.56
2017-12-06,2274.03,2274.03
2017-12-07,2273.03,2273.03
2017-12-08,2272.51,2272.51
2017-12-11,2275.35,2275.35
2017-12-12,2277.11,2277.11
2017-12-13,2276.66,2276.66
2017-12-14,2278.65,2278.65
2017-12-15,2278.41,2278.41
2017-12-18,2279.25,2279.25
2017-12-19,2279.97,2279.97
2017-12-20,2280.85,2280.85
2017-12-21,2288.65,2288.65
2017-12-22,2288.97,2288.97
2017-12-27,2290.83,2290.83
2017-12-28,2295.4,2295.4
2017-12-29,2298.58,2298.58
2018-01-02,2300.7,2300.7
2018-01-03,2308.93,2308.93
2018-01-04,2319.01,2319.01
2018-01-05,2321.94,2321.94
2018-01-08,2329.45,2329.45
2018-01-09,2326.99,2326.99
2018-01-10,2314.77,2314.77
2018-01-11,2315.25,2315.25
2018-01-12,2323.72,2323.72
2018-01-15,2324.46,2324.46
2018-01-16,2331.12,2331.12
2018-01-17,2328.3,2328.3
2018-01-18,2327.84,2327.84
2018-01-19,2326.84,2326.84
2018-01-22,2325.2,2325.2
2018-01-23,2322.85,2322.85
2018-01-24,2319.69,2319.69
2018-01-25,2321.49,2321.49
2018-01-26,2318.76,2318.76
2018-01-29,2310.71,2310.71
2018-01-30,2306.2,2306.2
2018-01-31,2313.02,2313.02
2018-02-01,2316.41,2316.41
2018-02-02,2314.43,2314.43
2018-02-05,2309.46,2309.46
2018-02-06,2305.79,2305.79
2018-02-07,2305.62,2305.62
2018-02-08,2306.63,2306.63
2018-02-09,2306.73,2306.73
2018-02-12,2305.69,2305.69
2018-02-13,2304.19,2304.19
2018-02-14,2302.86,2302.86
2018-02-15,2301.17,2301.17
2018-02-19,2298.89,2298.89
2018-02-20,2300.24,2300.24
2018-02-21,2300.68,2300.68
2018-02-22,2290.36,2290.36
2018-02-23,2290.85,2290.85
2018-02-26,2295.8,2295.8
2018-02-27,2295.05,2295.05
2018-02-28,2281.01,2281.01
2018-03-01,2281.6,2281.6
2018-03-02,2282.76,2282.76
2018-03-05,2285.3,2285.3
2018-03-06,2276.18,2276.18
2018-03-07,2274.12,2274.12
2018-03-08,2269.44,2269.44
2018-03-09,2262.29,2262.29
2018-03-12,2260.78,2260.78
2018-03-13,2270.13,2270.13
2018-03-14,2278.91,2278.91
2018-03-15,2280.47,2280.47
2018-03-16,2278.38,2278.38
2018-03-19,2282.85,2282.85
2018-03-20,2281.03,2281.03
2018-03-21,2279.97,2279.97
2018-03-22,2279.15,2279.15
2018-03-23,2272.59,2272.59
2018-03-26,2272.05,2272.05
2018-03-27,2274.69,2274.69
2018-03-28,2282.77,2282.77
2018-03-29,2292.16,2292.16
2018-04-02,2303.31,2303.31
2018-04-03,2303.08,2303.08
2018-04-04,2309.64,2309.64
2018-04-05,2310.96,2310.96
2018-04-06,2307.36,2307.36
2018-04-09,2305.34,2305.34
2018-04-10,2309.9,2309.9
2018-04-11,2312.69,2312.69
2018-04-12,2309.8,2309.8
2018-04-13,2312.35,2312.35
2018-04-16,2307.41,2307.41
2018-04-17,2305.21,2305.21
2018-04-18,2303.98,2303.98
2018-04-19,2299.68,2299.68
2018-04-20,2289.27,2289.27
2018-04-23,2283.98,2283.98
2018-04-24,2273,2273
2018-04-25,2261.29,2261.29
2018-04-26,2248.85,2248.85
2018-04-27,2264.28,2264.28
2018-04-30,2274.83,2274.83
2018-05-02,2266.51,2266.51
2018-05-03,2265.61,2265.61
2018-05-04,2268.2,2268.2
2018-05-07,2258.46,2258.46
2018-05-08,2235.19,2235.19
2018-05-09,2219.03,2219.03
2018-05-11,2236.12,2236.12
2018-05-14,2242.45,2242.45
2018-05-15,2245.34,2245.34
2018-05-16,2231.1,2231.1
2018-05-17,2229.52,2229.52
2018-05-18,2214.64,2214.64
2018-05-21,2200,2200
2018-05-22,2194.68,2194.68
2018-05-23,2186.03,2186.03
2018-05-24,2192.34,2192.34
2018-05-25,2207.78,2207.78
2018-05-28,2237.33,2237.33
2018-05-30,2238.34,2238.34
2018-05-31,2263.95,2263.95
2018-06-04,2262.63,2262.63
2018-06-05,2255.83,2255.83
2018-06-06,2243.02,2243.02
2018-06-07,2238.94,2238.94
2018-06-08,2237.47,2237.47
2018-06-20,2241.1,2241.1
2018-06-21,2209.74,2209.74
2018-06-22,2203.04,2203.04
2018-06-25,2195.86,2195.86
2018-06-26,2177.65,2177.65
2018-06-27,2177.97,2177.97
2018-06-28,2154.28,2154.28
2018-06-29,2171.11,2171.11
2018-07-02,2166.94,2166.94
2018-07-03,2157.7,2157.7
2018-07-04,2170.68,2170.68
2018-07-05,2173.96,2173.96
2018-07-06,2185.61,2185.61
2018-07-09,2208.16,2208.16
2018-07-10,2220.62,2220.62
2018-07-11,2209.31,2209.31
2018-07-12,2201.99,2201.99
2018-07-13,2206.31,2206.31
2018-07-16,2203.23,2203.23
2018-07-17,2201.58,2201.58
2018-07-18,2194.29,2194.29
2018-07-19,2179.29,2179.29
2018-07-20,2170.16,2170.16
2018-07-23,2177.65,2177.65
2018-07-24,2175.61,2175.61
2018-07-25,2180.9,2180.9
2018-07-26,2182.58,2182.58
2018-07-27,2186.91,2186.91
2018-07-30,2184.99,2184.99
2018-07-31,2186.25,2186.25
2018-08-01,2191.76,2191.76
2018-08-02,2189.88,2189.88
2018-08-03,2183.1,2183.1
2018-08-06,2185.82,2185.82
2018-08-07,2188.73,2188.73
2018-08-08,2199.9,2199.9
2018-08-09,2209.49,2209.49
2018-08-10,2203.68,2203.68
2018-08-13,2181.11,2181.11
2018-08-14,2170.17,2170.17
2018-08-15,2174.75,2174.75
2018-08-16,2173.26,2173.26
2018-08-20,2185.57,2185.57
2018-08-21,2190.18,2190.18
2018-08-23,2186.48,2186.48
2018-08-24,2184.2,2184.2
2018-08-27,2186.97,2186.97
2018-08-28,2187.55,2187.55
2018-08-29,2187.15,2187.15
2018-08-30,2180.94,2180.94
2018-08-31,2161.88,2161.88
2018-09-03,2147.27,2147.27
2018-09-04,2137.41,2137.41
2018-09-05,2112.25,2112.25
2018-09-06,2110.01,2110.01
2018-09-07,2118.71,2118.71
2018-09-10,2113.46,2113.46
2018-09-12,2107.91,2107.91
2018-09-13,2110.07,2110.07
2018-09-14,2124.71,2124.71
2018-09-17,2124.59,2124.59
2018-09-18,2128.57,2128.57
2018-09-19,2141.71,2141.71
2018-09-20,2146.05,2146.05
2018-09-21,2152.55,2152.55
2018-09-24,2151.13,2151.13
2018-09-25,2148.16,2148.16
2018-09-26,2150.61,2150.61
2018-09-27,2156,2156
2018-09-28,2164.22,2164.22
2018-10-01,2177.17,2177.17
2018-10-02,2165.72,2165.72
2018-10-03,2158.1,2158.1
2018-10-04,2144.38,2144.38
2018-10-05,2148.26,2148.26
2018-10-08,2137.74,2137.74
2018-10-09,2127.7,2127.7
2018-10-10,2129.99,2129.99
2018-10-11,2117.55,2117.55
2018-10-12,2106.18,2106.18
2018-10-15,2100.07,2100.07
2018-10-16,2096.81,2096.81
2018-10-17,2116.03,2116.03
2018-10-18,2118.21,2118.21
2018-10-19,2112.66,2112.66
2018-10-22,2115.05,2115.05
2018-10-23,2114.96,2114.96
2018-10-24,2124.05,2124.05
2018-10-25,2120.87,2120.87
2018-10-26,2118.94,2118.94
2018-10-29,2119.68,2119.68
2018-10-30,2122.63,2122.63
2018-10-31,2127.65,2127.65
2018-11-01,2134.47,2134.47
2018-11-02,2152.22,2152.22
2018-11-05,2155.62,2155.62
2018-11-06,2163.01,2163.01
2018-11-07,2176.97,2176.97
2018-11-08,2192.05,2192.05
2018-11-09,2185.11,2185.11
2018-11-12,2176.62,2176.62
2018-11-13,2173.07,2173.07
2018-11-14,2182.54,2182.54
2018-11-15,2182.96,2182.96
2018-11-16,2190.37,2190.37
2018-11-19,2189.69,2189.69
2018-11-21,2195.72,2195.72
2018-11-22,2197.67,2197.67
2018-11-23,2204.66,2204.66
2018-11-26,2206.53,2206.53
2018-11-27,2215.47,2215.47
2018-11-28,2209.64,2209.64
2018-11-29,2213.31,2213.31
2018-11-30,2222.07,2222.07
2018-12-03,2225.11,2225.11
2018-12-04,2220.91,2220.91
2018-12-05,2211.5,2211.5
2018-12-06,2206.09,2206.09
2018-12-07,2204.95,2204.95
2018-12-10,2190.54,2190.54
2018-12-11,2179.18,2179.18
2018-12-12,2187.02,2187.02
2018-12-13,2199.36,2199.36
2018-12-14,2197.15,2197.15
2018-12-17,2191.94,2191.94
2018-12-18,2197.16,2197.16
2018-12-19,2209.05,2209.05
2018-12-20,2210.26,2210.26
2018-12-21,2215.17,2215.17
2018-12-26,2216.81,2216.81
2018-12-27,2216.8,2216.8
2018-12-28,2216.08,2216.08
2019-01-02,2214.1,2214.1
2019-01-03,2208.14,2208.14
2019-01-04,2210.65,2210.65
2019-01-07,2221.4,2221.4
2019-01-08,2219.44,2219.44
2019-01-09,2215.86,2215.86
2019-01-10,2216.55,2216.55
2019-01-11,2213.14,2213.14
2019-01-14,2212.57,2212.57
2019-01-15,2209.08,2209.08
2019-01-16,2207.04,2207.04
2019-01-17,2204.19,2204.19
2019-01-18,2203.18,2203.18
2019-01-21,2207,2207
2019-01-22,2206.35,2206.35
2019-01-23,2208,2208
2019-01-24,2208.91,2208.91
2019-01-25,2209.13,2209.13
2019-01-28,2209.52,2209.52
2019-01-29,2209.83,2209.83
2019-01-30,2207.81,2207.81
2019-01-31,2221.63,2221.63
2019-02-01,2235.47,2235.47
2019-02-04,2238.41,2238.41
2019-02-06,2260.29,2260.29
2019-02-07,2253.5,2253.5
2019-02-08,2248.57,2248.57
2019-02-11,2241.97,2241.97
2019-02-12,2244.42,2244.42
2019-02-13,2245.06,2245.06
2019-02-14,2236.41,2236.41
2019-02-15,2232.25,2232.25
2019-02-18,2235.96,2235.96
2019-02-19,2238.45,2238.45
2019-02-20,2244.71,2244.71
2019-02-21,2245.16,2245.16
2019-02-22,2246.73,2246.73
2019-02-25,2252.32,2252.32
2019-02-26,2256.05,2256.05
2019-02-27,2260.71,2260.71
2019-02-28,2259.99,2259.99
2019-03-01,2260.41,2260.41
2019-03-04,2260.82,2260.82
2019-03-05,2259.69,2259.69
2019-03-06,2258.04,2258.04
2019-03-08,2252.82,2252.82
2019-03-11,2255.08,2255.08
2019-03-12,2261.87,2261.87
2019-03-13,2264.66,2264.66
2019-03-14,2269.47,2269.47
2019-03-15,2275.22,2275.22
2019-03-18,2280.38,2280.38
2019-03-19,2280.98,2280.98
2019-03-20,2285.88,2285.88
2019-03-21,2300.2,2300.2
2019-03-22,2299.15,2299.15
2019-03-25,2294.66,2294.66
2019-03-26,2300.27,2300.27
2019-03-27,2296.57,2296.57
2019-03-28,2290.43,2290.43
2019-03-29,2294.22,2294.22
2019-04-01,2297.48,2297.48
2019-04-02,2296.12,2296.12
2019-04-04,2300.34,2300.34
2019-04-05,2301.55,2301.55
2019-04-08,2299.09,2299.09
2019-04-09,2296.7,2296.7
2019-04-10,2295.82,2295.82
2019-04-11,2295.07,2295.07
2019-04-12,2293.85,2293.85
2019-04-15,2298.44,2298.44
2019-04-16,2303.76,2303.76
2019-04-18,2308.25,2308.25
2019-04-22,2304.85,2304.85
2019-04-23,2303.81,2303.81
2019-04-24,2299.49,2299.49
2019-04-25,2293.07,2293.07
2019-04-26,2289.95,2289.95
2019-04-29,2288.89,2288.89
2019-04-30,2279.78,2279.78
2019-05-02,2280.18,2280.18
2019-05-03,2272.84,2272.84
2019-05-06,2264.87,2264.87
2019-05-07,2261.07,2261.07
2019-05-08,2253.21,2253.21
2019-05-09,2250.86,2250.86
2019-05-10,2256.53,2256.53
2019-05-13,2255.04,2255.04
2019-05-14,2250.33,2250.33
2019-05-15,2257.12,2257.12
2019-05-16,2257.21,2257.21
2019-05-17,2252.66,2252.66
2019-05-20,2248.78,2248.78
2019-05-21,2246.34,2246.34
2019-05-22,2246.8,2246.8
2019-05-23,2264.85,2264.85
2019-05-24,2272.16,2272.16
2019-05-27,2278.72,2278.72
2019-05-28,2270.12,2270.12
2019-05-29,2264.68,2264.68
2019-05-31,2278.19,2278.19
2019-06-10,2302.48,2302.48
2019-06-11,2311.79,2311.79
2019-06-12,2313.84,2313.84
2019-06-13,2323.51,2323.51
2019-06-14,2324.13,2324.13
2019-06-17,2327.05,2327.05
2019-06-18,2331.57,2331.57
2019-06-19,2343.13,2343.13
2019-06-20,2359.77,2359.77
2019-06-21,2359,2359
2019-06-24,2355.72,2355.72
2019-06-25,2362.49,2362.49
2019-06-26,2365.1,2365.1
2019-06-27,2369.63,2369.63
2019-06-28,2375.49,2375.49
2019-07-01,2377.51,2377.51
2019-07-02,2381.82,2381.82
2019-07-03,2391.28,2391.28
2019-07-04,2399.89,2399.89
2019-07-05,2403.13,2403.13
2019-07-08,2400.67,2400.67
2019-07-09,2398.27,2398.27
2019-07-10,2394.23,2394.23
2019-07-11,2406.3,2406.3
2019-07-12,2407.09,2407.09
2019-07-15,2424.76,2424.76
2019-07-16,2427.5,2427.5
2019-07-17,2424.91,2424.91
2019-07-18,2426.31,2426.31
2019-07-19,2423.88,2423.88
2019-07-22,2417.59,2417.59
2019-07-23,2411.59,2411.59
2019-07-24,2411.57,2411.57
2019-07-25,2418.1,2418.1
2019-07-26,2416.58,2416.58
2019-07-29,2410.45,2410.45
2019-07-30,2406.38,2406.38
2019-07-31,2398.57,2398.57
2019-08-01,2386.28,2386.28
2019-08-02,2368.78,2368.78
2019-08-05,2356.8,2356.8
2019-08-06,2353.24,2353.24
2019-08-07,2365.8,2365.8
2019-08-08,2393.56,2393.56
2019-08-09,2396.51,2396.51
2019-08-12,2394.98,2394.98
2019-08-13,2381.32,2381.32
2019-08-14,2387.96,2387.96
2019-08-15,2384.25,2384.25
2019-08-16,2391.48,2391.48
2019-08-19,2401.14,2401.14
2019-08-20,2399.14,2399.14
2019-08-21,2404.85,2404.85
2019-08-22,2412.05,2412.05
2019-08-23,2407.5,2407.5
2019-08-26,2405.7,2405.7
2019-08-27,2401.79,2401.79
2019-08-28,2397.29,2397.29
2019-08-29,2393.66,2393.66
2019-08-30,2396.59,2396.59
2019-09-02,2402.13,2402.13
2019-09-03,2397.97,2397.97
2019-09-04,2400.21,2400.21
2019-09-05,2403.57,2403.57
2019-09-06,2401.17,2401.17
2019-09-09,2408.3,2408.3
2019-09-10,2411.49,2411.49
2019-09-11,2408.99,2408.99
2019-09-12,2412.3,2412.3
2019-09-13,2422.31,2422.31
2019-09-16,2415.17,2415.17
2019-09-17,2416.16,2416.16
2019-09-18,2419.42,2419.42
2019-09-19,2418.97,2418.97
2019-09-20,2416.01,2416.01
2019-09-23,2416.57,2416.57
2019-09-24,2412.36,2412.36
2019-09-25,2408.87,2408.87
2019-09-26,2410.32,2410.32
2019-09-27,2411.82,2411.82
2019-09-30,2415.31,2415.31
2019-10-01,2416.08,2416.08
2019-10-02,2417.95,2417.95
2019-10-03,2419.53,2419.53
2019-10-04,2423.45,2423.45
2019-10-07,2423.06,2423.06
2019-10-08,2421.2,2421.2
2019-10-09,2419.4,2419.4
2019-10-10,2418.79,2418.79
2019-10-11,2421.72,2421.72
2019-10-14,2427.68,2427.68
2019-10-15,2430.43,2430.43
2019-10-16,2434.25,2434.25
2019-10-17,2435.48,2435.48
2019-10-18,2436.45,2436.45
2019-10-21,2443.36,2443.36
2019-10-22,2447.68,2447.68
2019-10-23,2450.44,2450.44
2019-10-24,2450.66,2450.66
2019-10-25,2452.56,2452.56
2019-10-28,2457.45,2457.45
2019-10-29,2459.02,2459.02
2019-10-30,2465.09,2465.09
2019-10-31,2469.31,2469.31
2019-11-01,2467.68,2467.68
2019-11-04,2470.08,2470.08
2019-11-05,2472.39,2472.39
2019-11-06,2471.76,2471.76
2019-11-07,2473.83,2473.83
2019-11-08,2480.92,2480.92
2019-11-11,2476.07,2476.07
2019-11-12,2472.98,2472.98
2019-11-13,2467.22,2467.22
2019-11-14,2468.11,2468.11
2019-11-15,2471.68,2471.68
2019-11-18,2471.2,2471.2
2019-11-19,2472.8,2472.8
2019-11-20,2473.18,2473.18
2019-11-21,2465.59,2465.59
2019-11-22,2466.15,2466.15
2019-11-25,2467.75,2467.75
2019-11-26,2467.12,2467.12
2019-11-27,2464.89,2464.89
2019-11-28,2466.03,2466.03
2019-11-29,2465.36,2465.36
2019-12-02,2457.22,2457.22
2019-12-03,2456.22,2456.22
2019-12-04,2456.57,2456.57
2019-12-05,2462.39,2462.39
2019-12-06,2464.44,2464.44
2019-12-09,2465.4,2465.4
2019-12-10,2466.86,2466.86
2019-12-11,2463,2463
2019-12-12,2453.23,2453.23
2019-12-13,2452.67,2452.67
2019-12-16,2445.63,2445.63
2019-12-17,2435.15,2435.15
2019-12-18,2437.76,2437.76
2019-12-19,2446.89,2446.89
2019-12-20,2456.5,2456.5
2019-12-23,2463.54,2463.54
2019-12-26,2467.18,2467.18
2019-12-27,2468.68,2468.68
2019-12-30,2471.83,2471.83
2020-01-02,2480,2480
2020-01-03,2480.36,2480.36
2020-01-06,2475.93,2475.93
2020-01-07,2481.84,2481.84
2020-01-08,2483.79,2483.79
2020-01-09,2490.06,2490.06
2020-01-10,2498.13,2498.13
2020-01-13,2503.47,2503.47
2020-01-14,2499.87,2499.87
2020-01-15,2500.62,2500.62
2020-01-16,2503.65,2503.65
2020-01-17,2505.27,2505.27
2020-01-20,2506.85,2506.85
2020-01-21,2512.58,2512.58
2020-01-22,2521.96,2521.96
2020-01-23,2528.02,2528.02
2020-01-24,2536.25,2536.25
2020-01-27,2528.95,2528.95
2020-01-28,2522.31,2522.31
2020-01-29,2527.28,2527.28
2020-01-30,2529.09,2529.09
2020-01-31,2525.37,2525.37
2020-02-03,2520.93,2520.93
2020-02-04,2532.81,2532.81
2020-02-05,2530.83,2530.83
2020-02-06,2537.53,2537.53
2020-02-07,2542.83,2542.83
2020-02-10,2539.86,2539.86
2020-02-11,2543.09,2543.09
2020-02-12,2551.47,2551.47
2020-02-13,2554.11,2554.11
2020-02-14,2552.24,2552.24
2020-02-17,2554.76,2554.76
2020-02-18,2560.55,2560.55
2020-02-19,2562.59,2562.59
2020-02-20,2562.81,2562.81
2020-02-21,2561.9,2561.9
2020-02-24,2557.55,2557.55
2020-02-25,2557.07,2557.07
2020-02-26,2550.44,2550.44
2020-02-27,2534.65,2534.65
2020-02-28,2513.1,2513.1
2020-03-02,2503.28,2503.28
2020-03-03,2518.37,2518.37
2020-03-04,2565.7,2565.7
2020-03-05,2566.3,2566.3
2020-03-06,2548.14,2548.14
2020-03-09,2509.67,2509.67
2020-03-10,2514.31,2514.31
2020-03-11,2516.28,2516.28
2020-03-12,2494.84,2494.84
2020-03-13,2466.54,2466.54
2020-03-16,2471.81,2471.81
2020-03-17,2451.79,2451.79
2020-03-18,2443.53,2443.53
2020-03-19,2389.57,2389.57
2020-03-20,2386.01,2386.01
2020-03-23,2366.73,2366.73
2020-03-24,2354.97,2354.97
2020-03-26,2379.98,2379.98
2020-03-27,2406.51,2406.51
2020-03-30,2401.86,2401.86
2020-03-31,2402.94,2402.94
2020-04-01,2396.26,2396.26
2020-04-02,2385.95,2385.95
2020-04-03,2385.93,2385.93
2020-04-06,2381.3,2381.3
2020-04-07,2375.91,2375.91
2020-04-08,2381.24,2381.24
2020-04-09,2390.3,2390.3
2020-04-13,2394.48,2394.48
2020-04-14,2397.75,2397.75
2020-04-15,2421.31,2421.31
2020-04-16,2406.65,2406.65
2020-04-17,2418.29,2418.29
2020-04-20,2435.61,2435.61
2020-04-21,2436.14,2436.14
2020-04-22,2430.97,2430.97
2020-04-23,2433.81,2433.81
2020-04-24,2430.69,2430.69
2020-04-27,2415.01,2415.01
2020-04-28,2411.39,2411.39
2020-04-29,2413.41,2413.41
2020-04-30,2432.49,2432.49
2020-05-04,2417.26,2417.26
2020-05-05,2409.62,2409.62
2020-05-06,2401.05,2401.05
2020-05-08,2402.89,2402.89
2020-05-11,2407.99,2407.99
2020-05-12,2417.16,2417.16
2020-05-13,2426.46,2426.46
2020-05-14,2433.85,2433.85
2020-05-15,2441.69,2441.69
2020-05-18,2453.32,2453.32
2020-05-19,2461.33,2461.33
2020-05-20,2473.71,2473.71
2020-05-26,2488.79,2488.79
2020-05-27,2506.08,2506.08
2020-05-28,2491.66,2491.66
2020-05-29,2495.46,2495.46
2020-06-02,2514.38,2514.38
2020-06-03,2537.22,2537.22
2020-06-04,2524.9,2524.9
2020-06-05,2519.66,2519.66
2020-06-08,2508.59,2508.59
2020-06-09,2509.72,2509.72
2020-06-10,2507.04,2507.04
2020-06-11,2517.74,2517.74
2020-06-12,2510.73,2510.73
2020-06-15,2510.59,2510.59
2020-06-16,2519.42,2519.42
2020-06-17,2519.65,2519.65
2020-06-18,2521.17,2521.17
2020-06-19,2520.12,2520.12
2020-06-22,2522.75,2522.75
2020-06-23,2524.18,2524.18
2020-06-24,2532.46,2532.46
2020-06-25,2529.7,2529.7
2020-06-26,2530.61,2530.61
2020-06-29,2527.27,2527.27
2020-06-30,2531.73,2531.73
2020-07-01,2529.21,2529.21
2020-07-02,2529.68,2529.68
2020-07-03,2530.37,2530.37
2020-07-06,2531.66,2531.66
2020-07-07,2538.46,2538.46
2020-07-08,2540.8,2540.8
2020-07-09,2543.84,2543.84
2020-07-10,2548.24,2548.24
2020-07-13,2549.36,2549.36
2020-07-14,2548.18,2548.18
2020-07-15,2550.86,2550.86
2020-07-16,2556.93,2556.93
2020-07-17,2553.82,2553.82
2020-07-20,2554.35,2554.35
2020-07-21,2559.65,2559.65
2020-07-22,2570.16,2570.16
2020-07-23,2581.74,2581.74
2020-07-24,2578.8,2578.8
2020-07-27,2579.48,2579.48
2020-07-28,2584.98,2584.98
2020-07-29,2585.21,2585.21
2020-07-30,2589.16,2589.16
2020-08-03,2587.72,2587.72
2020-08-04,2588.24,2588.24
2020-08-05,2594.39,2594.39
2020-08-06,2598.2,2598.2
2020-08-07,2597.75,2597.75
2020-08-10,2599.1,2599.1
2020-08-11,2602.85,2602.85
2020-08-12,2606.46,2606.46
2020-08-13,2604.1,2604.1
2020-08-14,2606.42,2606.42
2020-08-18,2613.73,2613.73
2020-08-19,2617.84,2617.84
2020-08-24,2621.52,2621.52
2020-08-25,2625.4,2625.4
2020-08-26,2621.89,2621.89
2020-08-27,2619.76,2619.76
2020-08-28,2614.78,2614.78
2020-08-31,2617.41,2617.41
2020-09-01,2619.64,2619.64
2020-09-02,2613.9,2613.9
2020-09-03,2612.93,2612.93
2020-09-04,2614.03,2614.03
2020-09-07,2617.39,2617.39
2020-09-08,2619.12,2619.12
2020-09-09,2617.15,2617.15
2020-09-10,2612.25,2612.25
2020-09-11,2611.23,2611.23
2020-09-14,2615.15,2615.15
2020-09-15,2617.4,2617.4
2020-09-16,2616.7,2616.7
2020-09-17,2615.56,2615.56
2020-09-18,2619.5,2619.5
2020-09-21,2619.57,2619.57
2020-09-22,2617.21,2617.21
2020-09-23,2616,2616
2020-09-24,2613.99,2613.99
2020-09-25,2611.91,2611.91
2020-09-28,2614.08,2614.08
2020-09-29,2611.86,2611.86
2020-09-30,2608.23,2608.23
2020-10-01,2611.5,2611.5
2020-10-02,2609.96,2609.96
2020-10-05,2611.75,2611.75
2020-10-06,2614.17,2614.17
2020-10-07,2611.35,2611.35
2020-10-08,2611.97,2611.97
2020-10-09,2612.28,2612.28
2020-10-12,2615.26,2615.26
2020-10-13,2617.51,2617.51
2020-10-14,2620.56,2620.56
2020-10-15,2627.04,2627.04
2020-10-16,2631.18,2631.18
2020-10-19,2636.8,2636.8
2020-10-20,2640.46,2640.46
2020-10-21,2645.06,2645.06
2020-10-22,2645.71,2645.71
2020-10-23,2644.5,2644.5
2020-10-26,2646.05,2646.05
2020-10-27,2646.63,2646.63
2020-11-02,2647.24,2647.24
2020-11-03,2649.13,2649.13
2020-11-04,2646.01,2646.01
2020-11-05,2656.63,2656.63
2020-11-06,2669.61,2669.61
2020-11-09,2679.4,2679.4
2020-11-10,2673.76,2673.76
2020-11-11,2672.27,2672.27
2020-11-12,2669.79,2669.79
2020-11-13,2675.46,2675.46
2020-11-16,2682.89,2682.89
2020-11-17,2693.04,2693.04
2020-11-18,2693.5,2693.5
2020-11-19,2694.75,2694.75
2020-11-20,2692.15,2692.15
2020-11-23,2694.06,2694.06
2020-11-24,2696.36,2696.36
2020-11-25,2700.76,2700.76
2020-11-26,2706.71,2706.71
2020-11-27,2704.74,2704.74
2020-11-30,2707.57,2707.57
2020-12-01,2709.34,2709.34
2020-12-02,2709.35,2709.35
2020-12-03,2707.05,2707.05
2020-12-04,2709.04,2709.04
2020-12-07,2711.23,2711.23
2020-12-08,2710.74,2710.74
2020-12-10,2714.27,2714.27
2020-12-11,2719.72,2719.72
2020-12-14,2719.82,2719.82
2020-12-15,2719.58,2719.58
2020-12-16,2729.38,2729.38
2020-12-17,2740.8,2740.8
2020-12-18,2738.15,2738.15
2020-12-21,2725.71,2725.71
2020-12-22,2719.21,2719.21
2020-12-23,2725.59,2725.59
2020-12-28,2738.9,2738.9
2020-12-29,2744.03,2744.03
2020-12-30,2736.62,2736.62
2021-01-04,2736.54,2736.54
2021-01-05,2730.19,2730.19
2021-01-06,2727.09,2727.09
2021-01-07,2723.98,2723.98
2021-01-08,2713.71,2713.71
2021-01-11,2707.09,2707.09
2021-01-12,2704.16,2704.16
2021-01-13,2705.73,2705.73
2021-01-14,2705.3,2705.3
2021-01-15,2706.62,2706.62
2021-01-18,2705.63,2705.63
2021-01-19,2701.51,2701.51
2021-01-20,2698.09,2698.09
2021-01-21,2699.23,2699.23
2021-01-22,2699.79,2699.79
2021-01-25,2700.3,2700.3
2021-01-26,2702.39,2702.39
2021-01-27,2704.54,2704.54
2021-01-28,2707.73,2707.73
2021-01-29,2710.95,2710.95
2021-02-01,2719.6,2719.6
2021-02-02,2723.76,2723.76
2021-02-03,2726.83,2726.83
2021-02-04,2723.8,2723.8
2021-02-05,2722.97,2722.97
2021-02-08,2721.53,2721.53
2021-02-09,2717.26,2717.26
2021-02-10,2715.93,2715.93
2021-02-11,2718.41,2718.41
2021-02-15,2716.22,2716.22
2021-02-16,2713.87,2713.87
2021-02-17,2697.97,2697.97
2021-02-18,2691.91,2691.91
2021-02-19,2680.09,2680.09
2021-02-22,2667.89,2667.89
2021-02-23,2668.58,2668.58
2021-02-24,2683.37,2683.37
2021-02-25,2675.93,2675.93
2021-02-26,2660.57,2660.57
2021-03-01,2667.91,2667.91
2021-03-02,2669.09,2669.09
2021-03-03,2674.13,2674.13
2021-03-04,2672.31,2672.31
2021-03-05,2660.81,2660.81
2021-03-08,2645.03,2645.03
2021-03-09,2636.77,2636.77
2021-03-10,2640.39,2640.39
2021-03-12,2647.95,2647.95
2021-03-15,2643.53,2643.53
2021-03-16,2644.9,2644.9
2021-03-17,2644.84,2644.84
2021-03-18,2645.97,2645.97
2021-03-19,2640.51,2640.51
2021-03-22,2645.26,2645.26
2021-03-23,2651.21,2651.21
2021-03-24,2661.37,2661.37
2021-03-25,2660.4,2660.4
2021-03-26,2660.52,2660.52
2021-03-29,2659.09,2659.09
2021-03-30,2653.5,2653.5
2021-03-31,2652.74,2652.74
2021-04-01,2662.89,2662.89
2021-04-05,2672.5,2672.5
2021-04-06,2681.15,2681.15
2021-04-07,2696.14,2696.14
2021-04-08,2696.62,2696.62
2021-04-09,2699.26,2699.26
2021-04-12,2689.52,2689.52
2021-04-13,2683.42,2683.42
2021-04-14,2681.71,2681.71
2021-04-15,2681.26,2681.26
2021-04-16,2692.19,2692.19
2021-04-19,2697.02,2697.02
2021-04-20,2702.16,2702.16
2021-04-21,2701.39,2701.39
2021-04-22,2704.8,2704.8
2021-04-23,2703.27,2703.27
2021-04-26,2704.38,2704.38
2021-04-27,2701.7,2701.7
2021-04-28,2695.86,2695.86
2021-04-29,2700.39,2700.39
2021-04-30,2702.6,2702.6
2021-05-03,2703.8,2703.8
2021-05-04,2707.32,2707.32
2021-05-05,2707.63,2707.63
2021-05-06,2710.51,2710.51
2021-05-07,2712.89,2712.89
2021-05-10,2716.82,2716.82
2021-05-11,2715.76,2715.76
2021-05-17,2714.5,2714.5
2021-05-18,2713.87,2713.87
2021-05-19,2714.34,2714.34
2021-05-20,2710.63,2710.63
2021-05-21,2715.02,2715.02
2021-05-24,2718.91,2718.91
2021-05-25,2718.59,2718.59
2021-05-27,2719.85,2719.85
2021-05-28,2721.43,2721.43
2021-05-31,2725.79,2725.79
2021-06-02,2730.42,2730.42
2021-06-03,2735.94,2735.94
2021-06-04,2733.05,2733.05
2021-06-07,2736.35,2736.35
2021-06-08,2737.57,2737.57
2021-06-09,2740.92,2740.92
2021-06-10,2744.82,2744.82
2021-06-11,2751.39,2751.39
2021-06-14,2749.1,2749.1
2021-06-15,2747.88,2747.88
2021-06-16,2747.28,2747.28
2021-06-17,2741.43,2741.43
2021-06-18,2736.17,2736.17
2021-06-21,2727.51,2727.51
2021-06-22,2729.77,2729.77
2021-06-23,2728.57,2728.57
2021-06-24,2733.58,2733.58
2021-06-25,2737.6,2737.6
2021-06-28,2736.43,2736.43
2021-06-29,2732.08,2732.08
2021-06-30,2731.81,2731.81
2021-07-01,2731.94,2731.94
2021-07-02,2731.15,2731.15
2021-07-05,2734.99,2734.99
2021-07-06,2736.49,2736.49
2021-07-07,2740.33,2740.33
2021-07-08,2740.51,2740.51
2021-07-09,2738.43,2738.43
2021-07-12,2739.86,2739.86
2021-07-13,2744.33,2744.33
2021-07-14,2750.26,2750.26
2021-07-15,2757.46,2757.46
2021-07-16,2758.47,2758.47
2021-07-19,2763,2763
2021-07-21,2765.51,2765.51
2021-07-22,2765.66,2765.66
2021-07-23,2764.87,2764.87
2021-07-26,2765.26,2765.26
2021-07-27,2765.46,2765.46
2021-07-28,2767.21,2767.21
2021-07-29,2770.52,2770.52
2021-07-30,2773.12,2773.12
2021-08-02,2775.91,2775.91
2021-08-03,2779.19,2779.19
2021-08-04,2781.62,2781.62
2021-08-05,2779.78,2779.78
2021-08-06,2776.94,2776.94
2021-08-09,2774.76,2774.76
2021-08-10,2772.88,2772.88
2021-08-12,2772.13,2772.13
2021-08-13,2769.67,2769.67
2021-08-16,2772.03,2772.03
2021-08-18,2774.77,2774.77
2021-08-19,2775.71,2775.71
2021-08-20,2773.43,2773.43
2021-08-23,2774.53,2774.53
2021-08-24,2783.27,2783.27
2021-08-25,2794.04,2794.04
2021-08-26,2795.07,2795.07
2021-08-27,2792.86,2792.86
2021-08-30,2796.29,2796.29
2021-08-31,2802.69,2802.69
2021-09-01,2801.04,2801.04
2021-09-02,2799.13,2799.13
2021-09-03,2800.1,2800.1
2021-09-06,2801.79,2801.79
2021-09-07,2801.25,2801.25
2021-09-08,2798.91,2798.91
2021-09-09,2797.5,2797.5
2021-09-10,2800.58,2800.58
2021-09-13,2801.58,2801.58
2021-09-14,2803.95,2803.95
2021-09-15,2807.63,2807.63
2021-09-16,2805.12,2805.12
2021-09-17,2805.08,2805.08
2021-09-20,2804.58,2804.58
2021-09-21,2798.95,2798.95
2021-09-22,2797.88,2797.88
2021-09-23,2801.04,2801.04
2021-09-24,2796.18,2796.18
2021-09-27,2797.6,2797.6
2021-09-28,2796.61,2796.61
2021-09-29,2793.14,2793.14
2021-09-30,2789.1,2789.1
2021-10-01,2790.04,2790.04
2021-10-04,2789.49,2789.49
2021-10-05,2792.78,2792.78
2021-10-06,2792.32,2792.32
2021-10-07,2789.64,2789.64
2021-10-08,2787.11,2787.11
2021-10-11,2786.31,2786.31
2021-10-12,2787.92,2787.92
2021-10-13,2788.66,2788.66
2021-10-14,2795.72,2795.72
2021-10-15,2801.97,2801.97
2021-10-18,2801.15,2801.15
2021-10-19,2802.89,2802.89
2021-10-21,2801.45,2801.45
2021-10-22,2803.52,2803.52
2021-10-25,2805.6,2805.6
2021-10-26,2809.05,2809.05
2021-10-27,2809.88,2809.88
2021-10-28,2808.13,2808.13
2021-10-29,2806.66,2806.66
2021-11-01,2804.68,2804.68
2021-11-02,2802.1,2802.1
2021-11-03,2804.18,2804.18
2021-11-04,2804.32,2804.32
2021-11-05,2807.29,2807.29
2021-11-08,2812.85,2812.85
2021-11-09,2814.59,2814.59
2021-11-10,2814.78,2814.78
2021-11-11,2813.17,2813.17
2021-11-12,2813.24,2813.24
2021-11-15,2814.62,2814.62
2021-11-16,2817.13,2817.13
2021-11-17,2816.34,2816.34
2021-11-18,2817.53,2817.53
2021-11-19,2818.21,2818.21
2021-11-22,2817.95,2817.95
2021-11-23,2818.11,2818.11
2021-11-24,2819,2819
2021-11-25,2819.74,2819.74
2021-11-26,2817.53,2817.53
2021-11-29,2815.4,2815.4
2021-11-30,2815.05,2815.05
2021-12-01,2808.08,2808.08
2021-12-02,2802.75,2802.75
2021-12-03,2798.03,2798.03
2021-12-06,2793.4,2793.4
2021-12-07,2796.56,2796.56
2021-12-08,2803.42,2803.42
2021-12-09,2808.8,2808.8
2021-12-13,2806.15,2806.15
2021-12-14,2802.53,2802.53
2021-12-15,2800.2,2800.2
2021-12-16,2794.81,2794.81
2021-12-20,2800.03,2800.03
2021-12-21,2802.77,2802.77
2021-12-22,2808.77,2808.77
2021-12-23,2809.92,2809.92
2021-12-24,2810.77,2810.77
2021-12-27,2812.24,2812.24
2021-12-28,2811.92,2811.92
2021-12-29,2810.63,2810.63
2021-12-30,2810.89,2810.89
2022-01-03,2809.48,2809.48
2022-01-04,2810.13,2810.13
2022-01-05,2806.64,2806.64
2022-01-06,2801.84,2801.84
2022-01-07,2795.68,2795.68
2022-01-10,2795.33,2795.33
2022-01-11,2796.4,2796.4
2022-01-12,2800.07,2800.07
2022-01-13,2799.73,2799.73
2022-01-14,2802.17,2802.17
2022-01-17,2803.04,2803.04
2022-01-18,2803.66,2803.66
2022-01-19,2801.74,2801.74
2022-01-20,2801.68,2801.68
2022-01-24,2800.69,2800.69
2022-01-25,2800.26,2800.26
2022-01-26,2800.18,2800.18
2022-01-27,2796.71,2796.71
2022-01-28,2799.47,2799.47
2022-01-31,2803.38,2803.38
2022-02-02,2804.5,2804.5
2022-02-03,2805.68,2805.68
2022-02-08,2804.05,2804.05
2022-02-09,2806.64,2806.64
2022-02-10,2806.85,2806.85
2022-02-11,2805.29,2805.29
2022-02-14,2804.89,2804.89
2022-02-15,2806.2,2806.2
2022-02-16,2807.14,2807.14
2022-02-17,2810.01,2810.01
2022-02-18,2810.89,2810.89
2022-02-21,2813.26,2813.26
2022-02-22,2813.66,2813.66
2022-02-23,2814.03,2814.03
2022-02-24,2813.94,2813.94
2022-03-01,2815.06,2815.06
2022-03-02,2811.12,2811.12
2022-03-04,2805.82,2805.82
2022-03-07,2795.91,2795.91
2022-03-08,2788.27,2788.27
2022-03-09,2778.17,2778.17
2022-03-10,2783.63,2783.63
2022-03-14,2788.31,2788.31
2022-03-15,2785.5,2785.5
2022-03-16,2784.93,2784.93
2022-03-17,2788.78,2788.78
2022-03-18,2787.51,2787.51
2022-03-21,2790.54,2790.54
2022-03-22,2788.84,2788.84
2022-03-23,2789.71,2789.71
2022-03-24,2791.38,2791.38
2022-03-25,2793.72,2793.72
2022-03-28,2791.62,2791.62
2022-03-29,2786.83,2786.83
2022-03-30,2788.79,2788.79
2022-03-31,2790.04,2790.04
2022-04-04,2789.87,2789.87
2022-04-05,2792.95,2792.95
2022-04-06,2790.23,2790.23
2022-04-07,2791.45,2791.45
2022-04-08,2791.67,2791.67
2022-04-11,2784.89,2784.89
2022-04-12,2782.77,2782.77
2022-04-13,2781.89,2781.89
2022-04-14,2779.51,2779.51
2022-04-18,2779.16,2779.16
2022-04-19,2776.58,2776.58
2022-04-20,2772.86,2772.86
2022-04-21,2771.56,2771.56
2022-04-22,2767.23,2767.23
2022-04-25,2761.76,2761.76
2022-04-26,2759.9,2759.9
2022-04-27,2758.06,2758.06
2022-04-28,2755.27,2755.27
2022-05-09,2731.05,2731.05
2022-05-10,2693.77,2693.77
2022-05-11,2680.1,2680.1
2022-05-12,2680.54,2680.54
2022-05-13,2682.36,2682.36
2022-05-17,2685.84,2685.84
2022-05-18,2690.02,2690.02
2022-05-19,2695.52,2695.52
2022-05-20,2711.88,2711.88
2022-05-24,2725.78,2725.78
2022-05-25,2733.53,2733.53
2022-05-27,2751.67,2751.67
2022-05-30,2761.11,2761.11
2022-05-31,2759.58,2759.58
2022-06-02,2764.51,2764.51
2022-06-03,2777.07,2777.07
2022-06-06,2779,2779
2022-06-07,2776.46,2776.46
2022-06-08,2772.43,2772.43
2022-06-09,2759.42,2759.42
2022-06-10,2756.9,2756.9
2022-06-13,2748.57,2748.57
2022-06-14,2718.82,2718.82
2022-06-15,2718.79,2718.79
2022-06-16,2729.33,2729.33
2022-06-17,2722.6,2722.6
2022-06-20,2721.58,2721.58
2022-06-21,2717.56,2717.56
2022-06-22,2722.66,2722.66
2022-06-23,2730.94,2730.94
2022-06-24,2739.28,2739.28
2022-06-27,2750.41,2750.41
2022-06-28,2754.1,2754.1
2022-06-29,2757.12,2757.12
2022-06-30,2762.42,2762.42
2022-07-01,2759.42,2759.42
2022-07-04,2760.65,2760.65
2022-07-05,2757.31,2757.31
2022-07-06,2758.13,2758.13
2022-07-07,2762.02,2762.02
2022-07-08,2760.29,2760.29
2022-07-11,2760.06,2760.06
2022-07-12,2762.63,2762.63
2022-07-13,2766.53,2766.53
2022-07-14,2758.93,2758.93
2022-07-15,2753.07,2753.07
2022-07-18,2749.7,2749.7
2022-07-19,2739.84,2739.84
2022-07-20,2732.81,2732.81
2022-07-21,2733.6,2733.6
2022-07-22,2730.43,2730.43
2022-07-25,2735.48,2735.48
2022-07-26,2739.89,2739.89
2022-07-27,2745.89,2745.89
2022-07-28,2755.91,2755.91
2022-07-29,2771.35,2771.35
2022-08-01,2774.41,2774.41
2022-08-02,2774.18,2774.18
2022-08-03,2769.35,2769.35
2022-08-04,2771.05,2771.05
2022-08-05,2777.5,2777.5
2022-08-08,2779.44,2779.44
2022-08-09,2786.59,2786.59
2022-08-10,2785.61,2785.61
2022-08-11,2794.91,2794.91
2022-08-12,2799.51,2799.51
2022-08-15,2797.71,2797.71
2022-08-16,2796.11,2796.11
2022-08-18,2797.24,2797.24
2022-08-19,2795.22,2795.22
2022-08-22,2792.55,2792.55
2022-08-23,2789.67,2789.67
2022-08-24,2794.23,2794.23
2022-08-25,2794.62,2794.62
2022-08-29,2788.9,2788.9
2022-08-30,2791.14,2791.14
2022-08-31,2791.34,2791.34
2022-09-01,2789.95,2789.95
2022-09-02,2788.21,2788.21
2022-09-05,2785.38,2785.38
2022-09-06,2784.25,2784.25
2022-09-07,2778.3,2778.3
2022-09-08,2781.83,2781.83
2022-09-09,2784.13,2784.13
2022-09-12,2787.95,2787.95
2022-09-13,2789.3,2789.3
2022-09-14,2785.93,2785.93
2022-09-15,2784.04,2784.04
2022-09-16,2779.26,2779.26
2022-09-19,2780.19,2780.19
2022-09-20,2781.58,2781.58
2022-09-21,2778.96,2778.96
2022-09-22,2776.06,2776.06
2022-09-23,2768.41,2768.41
2022-09-26,2761.31,2761.31
2022-09-27,2758.01,2758.01
2022-09-28,2754.07,2754.07
2022-09-29,2756.5,2756.5
2022-09-30,2753.17,2753.17
2022-10-03,2755.89,2755.89
2022-10-04,2761,2761
2022-10-05,2771.22,2771.22
2022-10-06,2769.44,2769.44
2022-10-10,2763.42,2763.42
2022-10-11,2760.56,2760.56
2022-10-12,2759.76,2759.76
2022-10-13,2759.37,2759.37
2022-10-17,2753.12,2753.12
2022-10-18,2753.83,2753.83
2022-10-19,2751.12,2751.12
2022-10-20,2745.11,2745.11
2022-10-21,2734.49,2734.49
2022-10-24,2735.55,2735.55
2022-10-25,2733.65,2733.65
2022-10-26,2731.17,2731.17
2022-10-27,2734.21,2734.21
2022-10-28,2736.78,2736.78
2022-10-31,2736.86,2736.86
2022-11-01,2742.81,2742.81
2022-11-02,2752.69,2752.69
2022-11-03,2749.27,2749.27
2022-11-04,2745.22,2745.22
2022-11-07,2747.95,2747.95
2022-11-08,2748.63,2748.63
2022-11-09,2753.83,2753.83
2022-11-10,2756.94,2756.94
2022-11-11,2768.75,2768.75
2022-11-14,2778.71,2778.71
2022-11-15,2788.35,2788.35
2022-11-16,2792.13,2792.13
2022-11-17,2791.54,2791.54
2022-11-18,2791.59,2791.59
2022-11-21,2790.01,2790.01
2022-11-22,2790.97,2790.97
2022-11-23,2801,2801
2022-11-24,2810.69,2810.69
2022-11-25,2813.09,2813.09
2022-11-28,2816.59,2816.59
2022-11-29,2819.29,2819.29
2022-11-30,2826.72,2826.72
2022-12-01,2838.04,2838.04
2022-12-02,2842.74,2842.74
2022-12-05,2839.72,2839.72
2022-12-06,2836.19,2836.19
2022-12-07,2833.14,2833.14
2022-12-08,2833.14,2833.14
2022-12-09,2835.36,2835.36
2022-12-12,2837.85,2837.85
2022-12-13,2838.07,2838.07
2022-12-14,2838.89,2838.89
2022-12-15,2841.05,2841.05
2022-12-16,2841.85,2841.85
2022-12-19,2843.75,2843.75
2022-12-20,2843.5,2843.5
2022-12-21,2843.4,2843.4
2022-12-22,2843.72,2843.72
2022-12-23,2843.85,2843.85
2022-12-26,2845.4,2845.4
2022-12-27,2846.88,2846.88
2022-12-28,2847.26,2847.26
2022-12-29,2847.14,2847.14
2022-12-30,2847.6,2847.6
2023-01-02,2849.25,2849.25
2023-01-03,2845.33,2845.33
2023-01-04,2845.93,2845.93
2023-01-05,2847.89,2847.89
2023-01-06,2850.22,2850.22
2023-01-09,2853.55,2853.55
2023-01-10,2861.47,2861.47
2023-01-11,2867.46,2867.46
2023-01-12,2876.23,2876.23
2023-01-13,2880.47,2880.47
2023-01-16,2878.56,2878.56
2023-01-17,2877.4,2877.4
2023-01-18,2878.78,2878.78
2023-01-19,2884.88,2884.88
2023-01-20,2881.82,2881.82
2023-01-24,2885.76,2885.76
2023-01-25,2882.82,2882.82
2023-01-26,2881.21,2881.21
2023-01-27,2881.12,2881.12
2023-01-30,2882.4,2882.4
2023-01-31,2883.79,2883.79
2023-02-01,2885.68,2885.68
2023-02-02,2890.02,2890.02
2023-02-03,2892.24,2892.24
2023-02-06,2889.31,2889.31
2023-02-07,2885.85,2885.85
2023-02-08,2889.36,2889.36
2023-02-09,2892.25,2892.25
2023-02-10,2890.36,2890.36
2023-02-13,2888.63,2888.63
2023-02-14,2888.1,2888.1
2023-02-15,2887.82,2887.82
2023-02-16,2887.89,2887.89
2023-02-17,2889.2,2889.2
2023-02-20,2889.23,2889.23
2023-02-21,2887.59,2887.59
2023-02-22,2884.47,2884.47
2023-02-23,2881.63,2881.63
2023-02-24,2881.5,2881.5
2023-02-27,2878.21,2878.21
2023-02-28,2878.2,2878.2
2023-03-01,2878.7,2878.7
2023-03-02,2873.15,2873.15
2023-03-03,2871.65,2871.65
2023-03-06,2871.71,2871.71
2023-03-07,2870,2870
2023-03-08,2865.93,2865.93
2023-03-09,2865.11,2865.11
2023-03-10,2867.65,2867.65
2023-03-13,2876,2876
2023-03-14,2886.05,2886.05
2023-03-15,2883.74,2883.74
2023-03-16,2881.48,2881.48
2023-03-17,2879.16,2879.16
2023-03-20,2879.63,2879.63
2023-03-21,2879.93,2879.93
2023-03-24,2888.57,2888.57
2023-03-27,2895.31,2895.31
2023-03-28,2896.59,2896.59
2023-03-29,2895.74,2895.74
2023-03-30,2895.14,2895.14
2023-03-31,2898.3,2898.3
2023-04-03,2900.4,2900.4
2023-04-04,2903.9,2903.9
2023-04-05,2905.84,2905.84
2023-04-06,2907.38,2907.38
2023-04-10,2907.44,2907.44
2023-04-11,2909.23,2909.23
2023-04-12,2908.12,2908.12
2023-04-13,2910.1,2910.1
2023-04-14,2909.19,2909.19
2023-04-17,2908.08,2908.08
2023-04-18,2908.08,2908.08
2023-04-27,2920.75,2920.75
2023-04-28,2920.34,2920.34
2023-05-02,2921.34,2921.34
2023-05-03,2927.62,2927.62
2023-05-05,2930.7,2930.7
2023-05-09,2933.38,2933.38
2023-05-10,2934.96,2934.96
2023-05-11,2940.19,2940.19
2023-05-12,2941.55,2941.55
2023-05-15,2943.82,2943.82
2023-05-16,2948.83,2948.83
2023-05-17,2950.46,2950.46
2023-05-19,2946.01,2946.01
2023-05-22,2947.4,2947.4
2023-05-23,2948.03,2948.03
2023-05-24,2948.86,2948.86
2023-05-25,2949.61,2949.61
2023-05-26,2949.14,2949.14
2023-05-29,2955.12,2955.12
2023-05-30,2958.14,2958.14
2023-05-31,2962.56,2962.56
2023-06-06,2963.42,2963.42
2023-06-07,2966.1,2966.1
2023-06-08,2963.92,2963.92
2023-06-09,2966.88,2966.88
2023-06-12,2971.81,2971.81
2023-06-13,2978.74,2978.74
2023-06-14,2979.53,2979.53
2023-06-15,2977.23,2977.23
2023-06-16,2977.21,2977.21
2023-06-19,2974.18,2974.18
2023-06-20,2970.51,2970.51
2023-06-21,2973.52,2973.52
2023-06-22,2973.72,2973.72
2023-06-23,2973.15,2973.15
2023-06-26,2974.51,2974.51
2023-06-27,2976.31,2976.31
2023-07-03,2979.74,2979.74
2023-07-04,2982.92,2982.92
2023-07-05,2982.9,2982.9
2023-07-06,2981.01,2981.01
2023-07-07,2976.46,2976.46
2023-07-10,2977.37,2977.37
2023-07-11,2979.83,2979.83
2023-07-12,2982.45,2982.45
2023-07-13,2984.83,2984.83
2023-07-14,2985.08,2985.08
2023-07-17,2984.18,2984.18
2023-07-18,2984.86,2984.86
2023-07-20,2984.27,2984.27
2023-07-21,2983.5,2983.5
2023-07-24,2984.61,2984.61
2023-07-25,2985.22,2985.22
2023-07-26,2984.1,2984.1
2023-07-27,2985.91,2985.91
2023-07-28,2982.32,2982.32
2023-07-31,2983.66,2983.66
2023-08-01,2984.76,2984.76
2023-08-02,2983.1,2983.1
2023-08-03,2981.82,2981.82
2023-08-04,2980.72,2980.72
2023-08-07,2980.64,2980.64
2023-08-08,2981.5,2981.5
2023-08-09,2981.73,2981.73
2023-08-10,2982.81,2982.81
2023-08-11,2982.21,2982.21
2023-08-14,2981.09,2981.09
2023-08-15,2978.35,2978.35
2023-08-16,2976.49,2976.49
2023-08-18,2969.94,2969.94
2023-08-21,2964.28,2964.28
2023-08-22,2953.22,2953.22
2023-08-23,2956.27,2956.27
2023-08-24,2959.72,2959.72
2023-08-25,2960.43,2960.43
2023-08-28,2967.43,2967.43
2023-08-29,2976.62,2976.62
2023-08-30,2979.51,2979.51
2023-08-31,2980.38,2980.38
2023-09-01,2983.2,2983.2
2023-09-04,2984.43,2984.43
2023-09-05,2980.42,2980.42
2023-09-06,2974.28,2974.28
2023-09-07,2972.17,2972.17
2023-09-08,2973.65,2973.65
2023-09-11,2970.13,2970.13
2023-09-12,2965.7,2965.7
2023-09-13,2962.72,2962.72
2023-09-14,2962.75,2962.75
2023-09-15,2957.6,2957.6
2023-09-18,2955.02,2955.02
2023-09-19,2953.14,2953.14
2023-09-20,2946.29,2946.29
2023-09-21,2948.02,2948.02
2023-09-22,2950.91,2950.91
2023-09-25,2951.36,2951.36
2023-09-26,2942.99,2942.99
2023-09-27,2942.76,2942.76
2023-09-29,2939.76,2939.76
2023-10-02,2934.07,2934.07
2023-10-03,2922.35,2922.35
2023-10-04,2911.54,2911.54
2023-10-05,2912.81,2912.81
2023-10-06,2912.62,2912.62
2023-10-09,2911.33,2911.33
2023-10-10,2916.31,2916.31
2023-10-11,2923.94,2923.94
2023-10-12,2931.85,2931.85
2023-10-13,2934,2934
2023-10-16,2938.75,2938.75
2023-10-17,2935.04,2935.04
2023-10-18,2929.97,2929.97
2023-10-19,2923.42,2923.42
2023-10-20,2906.64,2906.64
2023-10-23,2895.35,2895.35
2023-10-24,2890.11,2890.11
2023-10-25,2895.55,2895.55
2023-10-26,2887.32,2887.32
2023-10-27,2897.19,2897.19
2023-10-30,2900.39,2900.39
2023-10-31,2902.5,2902.5
2023-11-01,2906.64,2906.64
2023-11-02,2917.28,2917.28
2023-11-03,2933.4,2933.4
2023-11-06,2946.46,2946.46
2023-11-07,2942.5,2942.5
2023-11-08,2941.3,2941.3
2023-11-09,2942.45,2942.45
2023-11-10,2936.04,2936.04
2023-11-13,2934.42,2934.42
2023-11-14,2933.6,2933.6
2023-11-15,2946.12,2946.12
2023-11-16,2952.73,2952.73
2023-11-17,2960.02,2960.02
2023-11-20,2964.64,2964.64
2023-11-21,2963.92,2963.92
2023-11-22,2961.59,2961.59
2023-11-23,2965.95,2965.95
2023-11-24,2965.33,2965.33
2023-11-27,2962.71,2962.71
2023-11-28,2964.8,2964.8
2023-11-29,2972.14,2972.14
2023-11-30,2971.51,2971.51
2023-12-01,2971.77,2971.77
2023-12-04,2976.55,2976.55
2023-12-05,2975.71,2975.71
2023-12-06,2977.43,2977.43
2023-12-07,2976.04,2976.04
2023-12-08,2976.97,2976.97
2023-12-11,2972.68,2972.68
2023-12-12,2971.13,2971.13
2023-12-13,2968.29,2968.29
2023-12-14,2979.67,2979.67
2023-12-15,2980.28,2980.28
2023-12-18,2985.19,2985.19
2023-12-19,2984.46,2984.46
2023-12-20,2985.8,2985.8
2023-12-21,2989.73,2989.73
2023-12-22,2991.62,2991.62
2023-12-27,2993.43,2993.43
2023-12-28,2995.78,2995.78
2023-12-29,2998.76,2998.76
2024-01-02,2998.87,2998.87
2024-01-03,2995.27,2995.27
2024-01-04,2995.21,2995.21
2024-01-05,2994.63,2994.63
2024-01-08,2992.34,2992.34
2024-01-09,2990.33,2990.33
2024-01-10,2990.31,2990.31
2024-01-11,2994.37,2994.37
2024-01-12,2998.31,2998.31
2024-01-15,3001.21,3001.21
2024-01-16,3000.43,3000.43
2024-01-17,2997.99,2997.99
2024-01-18,2999.64,2999.64
2024-01-19,3003.65,3003.65
2024-01-23,3007.35,3007.35
2024-01-24,3003.94,3003.94
2024-01-25,3003.32,3003.32
2024-01-26,3001.21,3001.21
2024-01-29,3004.19,3004.19
2024-01-30,3006.83,3006.83
2024-01-31,3009.26,3009.26
2024-02-01,3013.65,3013.65
2024-02-02,3016.62,3016.62
2024-02-05,3008.89,3008.89
2024-02-06,3007.65,3007.65
2024-02-07,3008.92,3008.92
2024-02-12,3008.03,3008.03
2024-02-13,3009.03,3009.03
2024-02-15,3007.78,3007.78
2024-02-16,3009.2,3009.2
2024-02-19,3010.06,3010.06
2024-02-20,3010.54,3010.54
2024-02-21,3011.62,3011.62
2024-02-22,3014.76,3014.76
2024-02-23,3016.95,3016.95
2024-02-26,3017.99,3017.99
2024-02-27,3018.62,3018.62
2024-02-28,3018.94,3018.94
2024-02-29,3017.22,3017.22
2024-03-01,3015.66,3015.66
2024-03-04,3016.14,3016.14
2024-03-05,3013.34,3013.34
2024-03-06,3015.21,3015.21
2024-03-07,3015.17,3015.17
2024-03-08,3015.98,3015.98
2024-03-13,3017.8,3017.8
2024-03-14,3017.76,3017.76
2024-03-15,3015.88,3015.88
2024-03-18,3016.87,3016.87
2024-03-19,3017.15,3017.15
2024-03-20,3020.31,3020.31
2024-03-21,3021.76,3021.76
2024-03-22,3019.82,3019.82
2024-03-25,3019.98,3019.98
2024-03-26,3017.83,3017.83
2024-03-27,3016.36,3016.36
2024-03-28,3016.32,3016.32
2024-04-01,3019.74,3019.74
2024-04-02,3019.7,3019.7
2024-04-03,3017.58,3017.58
2024-04-04,3019.24,3019.24
2024-04-05,3021.93,3021.93
2024-04-16,3005.33,3005.33
2024-04-17,2988.67,2988.67
2024-04-18,2990.1,2990.1
2024-04-19,2981.14,2981.14
2024-04-22,2975.97,2975.97
2024-04-23,2973.61,2973.61
2024-04-24,2980.07,2980.07
2024-04-25,2969.9,2969.9
2024-04-26,2964.47,2964.47
2024-04-29,2962.42,2962.42
2024-04-30,2958.77,2958.77
2024-05-02,2970.03,2970.03
2024-05-03,2988.14,2988.14
2024-05-06,2998.75,2998.75
2024-05-07,3000.62,3000.62
2024-05-08,3000.14,3000.14
2024-05-13,2997.87,2997.87
2024-05-14,2995.58,2995.58
2024-05-15,3003.34,3003.34
2024-05-16,3015.74,3015.74
2024-05-17,3019.04,3019.04
2024-05-20,3016.22,3016.22
2024-05-21,3014.86,3014.86
2024-05-22,3017.57,3017.57
2024-05-27,3016.31,3016.31
2024-05-28,3017.49,3017.49
2024-05-29,3014.51,3014.51
2024-05-30,3011.67,3011.67
2024-05-31,3016.02,3016.02
2024-06-03,3019.21,3019.21
2024-06-04,3021.46,3021.46
2024-06-05,3019.75,3019.75
2024-06-06,3018.55,3018.55
2024-06-07,3020.41,3020.41
2024-06-10,3014.94,3014.94
2024-06-11,3008.93,3008.93
2024-06-12,3010.18,3010.18
2024-06-13,3011.8,3011.8
2024-06-14,3002.71,3002.71
2024-06-19,2999.14,2999.14
2024-06-20,2997.04,2997.04
2024-06-21,2995.48,2995.48
2024-06-24,2998.42,2998.42
2024-06-25,3001.5,3001.5
2024-06-26,3003.11,3003.11
2024-06-27,3002.71,3002.71
2024-06-28,3009.92,3009.92
2024-07-01,3009.63,3009.63
2024-07-02,3008.19,3008.19
2024-07-03,3006.98,3006.98
2024-07-04,3008.61,3008.61
2024-07-05,3010.86,3010.86
2024-07-08,3015,3015
2024-07-09,3013.5,3013.5
2024-07-10,3014.31,3014.31
2024-07-11,3016.37,3016.37
2024-07-12,3021.43,3021.43
2024-07-15,3019.53,3019.53
2024-07-16,3021.23,3021.23
2024-07-17,3026.63,3026.63
2024-07-18,3027.11,3027.11
2024-07-19,3026.17,3026.17
2024-07-22,3023.4,3023.4
2024-07-23,3021.99,3021.99
2024-07-24,3023.99,3023.99
2024-07-25,3026.09,3026.09
2024-07-26,3028.25,3028.25
2024-07-29,3032.4,3032.4
2024-07-30,3033.8,3033.8
2024-07-31,3037.41,3037.41
2024-08-01,3044.31,3044.31
2024-08-02,3045.66,3045.66
2024-08-05,3052.84,3052.84
2024-08-06,3050.32,3050.32
2024-08-07,3051,3051
2024-08-08,3055.23,3055.23
2024-08-09,3056.99,3056.99
2024-08-12,3056.26,3056.26
2024-08-13,3058.77,3058.77
2024-08-14,3063.8,3063.8
2024-08-15,3067.03,3067.03
2024-08-16,3068,3068
2024-08-19,3072.38,3072.38
2024-08-20,3075.68,3075.68
2024-08-21,3079.55,3079.55
2024-08-22,3077.07,3077.07
2024-08-23,3077.72,3077.72
2024-08-26,3082.01,3082.01
2024-08-27,3080.03,3080.03
2024-08-28,3080.69,3080.69
2024-08-29,3082.65,3082.65
2024-08-30,3081.93,3081.93
2024-09-02,3082.17,3082.17
2024-09-03,3080.33,3080.33
2024-09-04,3078.46,3078.46
2024-09-05,3081.56,3081.56
2024-09-06,3083.64,3083.64
2024-09-09,3084.32,3084.32
2024-09-10,3084.68,3084.68
2024-09-11,3087.54,3087.54
2024-09-12,3087.37,3087.37
2024-09-13,3089.3,3089.3
2024-09-17,3094.39,3094.39
2024-09-18,3095.54,3095.54
2024-09-19,3100.65,3100.65
2024-09-20,3113.37,3113.37
2024-09-23,3111.88,3111.88
2024-09-24,3112.64,3112.64
2024-09-25,3113.98,3113.98
2024-09-26,3111.56,3111.56
2024-09-27,3112.95,3112.95
2024-09-30,3113.77,3113.77
2024-10-01,3111.25,3111.25
2024-10-02,3109.69,3109.69
2024-10-03,3104.7,3104.7
2024-10-04,3097.7,3097.7
2024-10-07,3087.64,3087.64
2024-10-08,3083.23,3083.23
2024-10-09,3088.62,3088.62
2024-10-10,3090.77,3090.77
2024-10-11,3094.01,3094.01
2024-10-14,3095.42,3095.42
2024-10-15,3095.62,3095.62
2024-10-16,3098.42,3098.42
2024-10-17,3097.85,3097.85
2024-10-18,3098.05,3098.05
2024-10-21,3100.64,3100.64
2024-10-22,3092.81,3092.81
2024-10-23,3084,3084
2024-10-24,3086.21,3086.21
2024-10-25,3088.49,3088.49
2024-10-28,3082.09,3082.09
2024-10-29,3076.3,3076.3
2024-10-30,3076.37,3076.37
2024-10-31,3081.28,3081.28
2024-11-01,3081.78,3081.78
2024-11-04,3081.59,3081.59
2024-11-05,3084.04,3084.04
2024-11-06,3076.81,3076.81
2024-11-07,3081.3,3081.3
2024-11-08,3090.13,3090.13
2024-11-11,3094.43,3094.43
2024-11-12,3086.12,3086.12
2024-11-13,3077.6,3077.6
2024-11-14,3072.21,3072.21
2024-11-15,3075.86,3075.86
2024-11-18,3080.12,3080.12
2024-11-19,3080.96,3080.96
2024-11-20,3078.03,3078.03
2024-11-21,3076.16,3076.16
2024-11-22,3073.48,3073.48
2024-11-25,3075.15,3075.15
2024-11-26,3070.9,3070.9
2024-11-28,3074.91,3074.91
2024-11-29,3080.46,3080.46
2024-12-02,3077.29,3077.29
2024-12-04,3075.05,3075.05
2024-12-05,3075.33,3075.33
2024-12-06,3074.07,3074.07
2024-12-09,3073.22,3073.22
2024-12-10,3070.95,3070.95
2024-12-11,3071.92,3071.92
2024-12-12,3070.2,3070.2
2024-12-13,3067.41,3067.41
2024-12-16,3064.66,3064.66
2024-12-17,3061.43,3061.43
2024-12-18,3059.52,3059.52
2024-12-19,3057.44,3057.44
2024-12-20,3058.61,3058.61
2024-12-23,3062.87,3062.87
2024-12-24,3063.2,3063.2
2024-12-27,3067.9,3067.9
2024-12-30,3069.08,3069.08
2025-01-02,3075.15,3075.15
2025-01-03,3074.73,3074.73
2025-01-06,3074.67,3074.67
2025-01-08,3063.5,3063.5
2025-01-09,3057.77,3057.77
2025-01-10,3058.88,3058.88
2025-01-13,3047.28,3047.28
2025-01-14,3042.26,3042.26
2025-01-15,3041.21,3041.21
2025-01-16,3053.32,3053.32
2025-01-17,3063.97,3063.97
2025-01-20,3063.39,3063.39
2025-01-21,3069.47,3069.47
2025-01-22,3069.62,3069.62
2025-01-23,3073.6,3073.6
2025-01-24,3086.13,3086.13
2025-01-30,3087.71,3087.71
2025-01-31,3086.33,3086.33
2025-02-03,3080.96,3080.96
2025-02-04,3087.01,3087.01
2025-02-05,3102.63,3102.63
2025-02-06,3111.7,3111.7
2025-02-07,3115.83,3115.83
2025-02-10,3119.57,3119.57
2025-02-11,3121.06,3121.06
2025-02-12,3121.94,3121.94
2025-02-13,3121.75,3121.75
2025-02-14,3133.12,3133.12
2025-02-17,3136.63,3136.63
2025-02-18,3138.05,3138.05
2025-02-19,3136.09,3136.09
2025-02-20,3137.73,3137.73
2025-02-21,3140.12,3140.12
2025-02-24,3140.4,3140.4
2025-02-25,3137.08,3137.08
2025-02-26,3132.94,3132.94
2025-02-27,3127.11,3127.11
2025-02-28,3122.1,3122.1
2025-03-03,3126.1,3126.1
2025-03-04,3129.36,3129.36
2025-03-05,3131.76,3131.76
2025-03-06,3132.81,3132.81
2025-03-07,3131.9,3131.9
2025-03-10,3131.52,3131.52
2025-03-11,3127.3,3127.3
2025-03-12,3127.86,3127.86
2025-03-13,3126.28,3126.28
2025-03-14,3124.76,3124.76
2025-03-17,3125.13,3125.13
2025-03-18,3121.25,3121.25
2025-03-19,3116.7,3116.7
2025-03-20,3113.4,3113.4
2025-03-21,3106.66,3106.66
2025-03-24,3094.75,3094.75
2025-03-25,3088.16,3088.16
2025-03-26,3092.01,3092.01
2025-03-27,3105.19,3105.19
2025-04-08,3103.45,3103.45
2025-04-09,3098.73,3098.73
2025-04-10,3108.36,3108.36
2025-04-11,3105.47,3105.47
2025-04-14,3109.59,3109.59
2025-04-15,3114.09,3114.09
2025-04-16,3118.22,3118.22
2025-04-17,3122.75,3122.75
2025-04-21,3123.69,3123.69
2025-04-22,3125.69,3125.69
2025-04-23,3131.51,3131.51
2025-04-24,3133.68,3133.68
2025-04-25,3138.27,3138.27
2025-04-28,3141.18,3141.18
2025-04-29,3143.92,3143.92
2025-04-30,3151,3151
2025-05-02,3151,3151
2025-05-05,3151.13,3151.13
2025-05-06,3152.98,3152.98
2025-05-07,3154.95,3154.95
2025-05-08,3157.75,3157.75
2025-05-09,3157.5,3157.5
2025-05-14,3157.93,3157.93
2025-05-15,3156.25,3156.25
2025-05-16,3161.39,3161.39
2025-05-19,3164.41,3164.41
2025-05-20,3164.68,3164.68
2025-05-21,3166.71,3166.71
2025-05-22,3165.66,3165.66
2025-05-23,3168.14,3168.14
2025-05-26,3170.89,3170.89
2025-05-27,3168.51,3168.51
2025-05-28,3168.76,3168.76
2025-06-02,3170.7,3170.7
2025-06-03,3170.83,3170.83
2025-06-04,3172.99,3172.99
2025-06-05,3178.65,3178.65
2025-06-10,3181.04,3181.04
2025-06-11,3184.26,3184.26
2025-06-12,3189.04,3189.04
2025-06-13,3187.25,3187.25
2025-06-16,3187.24,3187.24
2025-06-17,3188.81,3188.81
2025-06-18,3189.8,3189.8
2025-06-19,3188.58,3188.58
2025-06-20,3186.69,3186.69
2025-06-23,3182.65,3182.65
2025-06-24,3187.18,3187.18
2025-06-25,3193.09,3193.09
2025-06-26,3197.27,3197.27
2025-06-30,3198.83,3198.83
2025-07-01,3202.82,3202.82
2025-07-02,3203.92,3203.92
2025-07-03,3205.4,3205.4
2025-07-04,3208.31,3208.31
2025-07-07,3212.4,3212.4
2025-07-08,3210.36,3210.36
2025-07-09,3210.63,3210.63
2025-07-10,3215.06,3215.06
2025-07-11,3215.35,3215.35
2025-07-14,3216.94,3216.94
2025-07-15,3218.29,3218.29
2025-07-16,3218.7,3218.7
2025-07-17,3217.77,3217.77
2025-07-18,3223.26,3223.26
2025-07-21,3226.39,3226.39
2025-07-22,3229.93,3229.93
2025-07-23,3230.52,3230.52
2025-07-24,3230.36,3230.36
2025-07-25,3230.1,3230.1
2025-07-28,3229.43,3229.43
2025-07-29,3228.1,3228.1
2025-07-30,3230.31,3230.31
2025-07-31,3227.61,3227.61
2025-08-01,3226.57,3226.57
2025-08-04,3231.73,3231.73
2025-08-05,3233.3,3233.3
2025-08-06,3233.82,3233.82
2025-08-07,3238.32,3238.32
2025-08-08,3243.55,3243.55
2025-08-11,3242.96,3242.96
2025-08-12,3244.91,3244.91
2025-08-13,3248.67,3248.67
2025-08-14,3252.8,3252.8
2025-08-15,3250.47,3250.47
2025-08-19,3251.51,3251.51
2025-08-20,3253.85,3253.85
2025-08-21,3259.4,3259.4
2025-08-22,3257.62,3257.62
2025-08-25,3261.59,3261.59
2025-08-26,3263.43,3263.43
2025-08-27,3265.28,3265.28
2025-08-28,3267.37,3267.37
2025-08-29,3263.83,3263.83
2025-09-01,3258.46,3258.46
2025-09-02,3264.08,3264.08
2025-09-03,3262.77,3262.77
2025-09-04,3261.36,3261.36
2025-09-08,3269.93,3269.93
2025-09-09,3250.17,3250.17
2025-09-10,3256.59,3256.59
2025-09-11,3262.44,3262.44
2025-09-12,3272.92,3272.92
2025-09-15,3274.15,3274.15
2025-09-16,3278.23,3278.23
2025-09-17,3285.24,3285.24
2025-09-18,3296.91,3296.91
2025-09-19,3294.56,3294.56
2025-09-22,3289.77,3289.77
2025-09-23,3289.32,3289.32
2025-09-24,3283.94,3283.94
2025-09-25,3276.59,3276.59
2025-09-26,3275.91,3275.91
2025-09-29,3282.32,3282.32
2025-09-30,3279.25,3279.25
2025-10-01,3284.66,3284.66
2025-10-02,3290.39,3290.39
2025-10-03,3291.47,3291.47
2025-10-06,3297.88,3297.88
2025-10-07,3302.13,3302.13
2025-10-08,3305.33,3305.33
2025-10-09,3315.15,3315.15
2025-10-10,3317.56,3317.56
2025-10-13,3318.93,3318.93
2025-10-14,3324.51,3324.51
2025-10-15,3331.44,3331.44
2025-10-16,3345.24,3345.24
2025-10-17,3345.59,3345.59
2025-10-20,3343.95,3343.95
2025-10-21,3348.1,3348.1
2025-10-22,3348.47,3348.47
2025-10-23,3345.17,3345.17
2025-10-24,3346.15,3346.15
2025-10-27,3347.46,3347.46
2025-10-28,3346.93,3346.93
2025-10-29,3347.9,3347.9
2025-10-30,3341.77,3341.77
2025-10-31,3341.32,3341.32
2025-11-03,3336.43,3336.43
2025-11-04,3332.08,3332.08
2025-11-05,3331.95,3331.95
2025-11-06,3330.02,3330.02
2025-11-07,3333.15,3333.15
2025-11-10,3334.65,3334.65
2025-11-11,3334.1,3334.1
2025-11-12,3335.39,3335.39
2025-11-13,3337.51,3337.51
2025-11-14,3338.75,3338.75
2025-11-17,3338.91,3338.91
2025-11-18,3339.73,3339.73
2025-11-19,3341.73,3341.73
2025-11-20,3338.95,3338.95
2025-11-21,3336.89,3336.89
2025-11-24,3331.81,3331.81
2025-11-25,3331.82,3331.82
2025-11-26,3329.65,3329.65
2025-11-27,3324.89,3324.89
2025-11-28,3320.23,3320.23
2025-12-01,3322.8,3322.8
2025-12-02,3326.17,3326.17
2025-12-03,3329.67,3329.67
2025-12-04,3335.6,3335.6
2025-12-05,3334,3334
2025-12-08,3333.05,3333.05
2025-12-09,3333.17,3333.17
2025-12-10,3333.73,3333.73
2025-12-11,3336.58,3336.58
2025-12-12,3336.48,3336.48
2025-12-15,3338.7,3338.7
2025-12-16,3340.27,3340.27
2025-12-17,3341.54,3341.54
2025-12-18,3339.87,3339.87
2025-12-19,3341.29,3341.29
2025-12-22,3341.61,3341.61
2025-12-23,3342.99,3342.99
2025-12-24,3342.13,3342.13
2025-12-29,3345.86,3345.86
2025-12-30,3349.95,3349.95
2026-01-02,3355.3,3355.3
2026-01-05,3357.84,3357.84
2026-01-06,3357.61,3357.61
2026-01-07,3358,3358
2026-01-08,3358.61,3358.61
2026-01-09,3357.64,3357.64
2026-01-12,3353.28,3353.28
2026-01-13,3352.22,3352.22
2026-01-14,3350.28,3350.28
2026-01-15,3347.16,3347.16
2026-01-19,3343.7,3343.7
2026-01-20,3341.43,3341.43
2026-01-21,3340.66,3340.66
2026-01-22,3342.06,3342.06
2026-01-23,3334.31,3334.31
2026-01-26,3336.63,3336.63
2026-01-27,3338.28,3338.28
2026-01-28,3338.97,3338.97
2026-01-29,3338.09,3338.09
2026-01-30,3342.12,3342.12
2026-02-02,3345.64,3345.64
2026-02-03,3346.38,3346.38
2026-02-04,3350.73,3350.73
2026-02-05,3351.81,3351.81
2026-02-06,3336.07,3336.07
2026-02-09,3335.24,3335.24
2026-02-10,3338.03,3338.03
2026-02-11,3341.73,3341.73
2026-02-12,3342.17,3342.17
2026-02-13,3348.01,3348.01
2026-02-18,3349.99,3349.99
2026-02-19,3345.84,3345.84
2026-02-20,3348.86,3348.86
2026-02-23,3348.47,3348.47
2026-02-24,3350.05,3350.05
2026-02-25,3351.19,3351.19
2026-02-26,3353.28,3353.28
2026-02-27,3353.64,3353.64
2026-03-02,3348.78,3348.78
2026-03-03,3341.91,3341.91
2026-03-04,3332.55,3332.55
2026-03-05,3332.81,3332.81
2026-03-06,3329.74,3329.74
2026-03-09,3312.13,3312.13
2026-03-10,3312.94,3312.94
2026-03-11,3307,3307
2026-03-12,3300.33,3300.33
2026-03-13,3291,3291
2026-03-16,3267.13,3267.13
2026-03-17,3266.44,3266.44
2026-03-25,3260.17,3260.17
2026-03-26,3263.1,3263.1
2026-03-27,3268.47,3268.47
2026-03-30,3271.2,3271.2
2026-03-31,3274.46,3274.46
2026-04-01,3287.32,3287.32
2026-04-02,3291.72,3291.72
2026-04-06,3295.5,3295.5
2026-04-07,3295.46,3295.46
2026-04-08,3312.19,3312.19
2026-04-09,3313.07,3313.07
2026-04-10,3320.12,3320.12
2026-04-13,3320.88,3320.88
2026-04-14,3323.49,3323.49
2026-04-15,3325.84,3325.84
2026-04-16,3329.81,3329.81
2026-04-17,3331.53,3331.53
2026-04-20,3329.94,3329.94
2026-04-21,3330.79,3330.79
2026-04-22,3328.76,3328.76
2026-04-23,3316.89,3316.89
2026-04-24,3308.02,3308.02
2026-04-27,3308.95,3308.95
2026-04-28,3308.33,3308.33
2026-04-29,3297.29,3297.29
2026-04-30,3293.95,3293.95
2026-05-04,3300.31,3300.31
2026-05-05,3293.71,3293.71
2026-05-06,3292.5,3292.5
2026-05-07,3316.42,3316.42
2026-05-08,3318.01,3318.01
2026-05-11,3318.74,3318.74
2026-05-12,3305.79,3305.79
2026-05-13,3311.42,3311.42
2026-05-18,3300.15,3300.15
2026-05-19,3298.99,3298.99
2026-05-20,3291.36,3291.36
2026-05-21,3292.81,3292.81
2026-05-22,3295.78,3295.78
2026-05-25,3302.37,3302.37
2026-05-26,3305.02,3305.02
2026-05-29,3299.65,3299.65
2026-06-02,3301.96,3301.96
2026-06-03,3304.3,3304.3
2026-06-04,3294.15,3294.15
2026-06-05,3282.22,3282.22
2026-06-08,3265.75,3265.75
2026-06-09,3212,3212
2026-06-10,3220.31,3220.31
2026-06-11,3195.33,3195.33
2026-06-12,3212.96,3212.96
2026-06-15,3255.75,3255.75
2026-06-17,3271.32,3271.32
2026-06-18,3261.73,3261.73
2026-06-19,3253.29,3253.29
2026-06-22,3249.5,3249.5
2026-06-23,3245.64,3245.64
2026-06-24,3240.03,3240.03
2026-06-25,3242.01,3242.01
2026-06-26,3242.79,3242.79
2026-06-29,3247.88,3247.88
2026-06-30,3249.76,3249.76
2026-07-01,3250.29,3250.29
2026-07-02,3249.91,3249.91
2026-07-03,3254.37,3254.37
2026-07-06,3257.15,3257.15
2026-07-07,3253.88,3253.88
2026-07-08,3248.62,3248.62
2026-07-09,3244.05,3244.05
2026-07-10,3247.19,3247.19
2026-07-13,3242.06,3242.06
2026-07-14,3243.93,3243.93
2026-07-15,3250.36,3250.36
2026-07-16,3248.26,3248.26
2026-07-17,3249.35,3249.35
2026-07-20,3247.25,3247.25
2026-07-21,3246.61,3246.61
2026-07-22,3246.18,3246.18
2026-07-23,3243.3,3243.3
2026-07-24,3238.11,3238.11
2026-07-27,3238.17,3238.17
2026-07-28,3236.18,3236.18
2026-07-29,3240.66,3240.66
2026-07-30,3242.35,3242.35
2026-07-31,3245.27,3245.27
2026-08-03,3245.9,3245.9
2026-08-04,3243.77,3243.77
2026-08-05,3248.99,3248.99
2026-08-06,3253.22,3253.22
2026-08-07,3250.94,3250.94
2026-08-10,3264.2,3264.2
2026-08-11,3265.62,3265.62
2026-08-12,3264.3,3264.3
2026-08-13,3267.82,3267.82
2026-08-14,3279.66,3279.66
2026-08-18,3281.93,3281.93
2026-08-19,3287.48,3287.48
2026-08-20,3309.01,3309.01
2026-08-21,3309.12,3309.12
2026-08-24,3311.22,3311.22
2026-08-26,3308.31,3308.31
2026-08-27,3307.63,3307.63
2026-08-28,3313.68,3313.68
2026-08-31,3313.64,3313.64
2026-09-01,3309.71,3309.71
2026-09-02,3290.51,3290.51
2026-09-03,3298.19,3298.19
2026-09-04,3301.61,3301.61
2026-09-07,3299.88,3299.88
2026-09-08,3306.39,3306.39
2026-09-09,3306.54,3306.54
2026-09-10,3304.05,3304.05
2026-09-11,3297.42,3297.42
2026-09-14,3298.15,3298.15
2026-09-15,3294.45,3294.45
2026-09-16,3295.65,3295.65
2026-09-17,3296.16,3296.16
2026-09-18,3302.05,3302.05
2026-09-21,3303.59,3303.59
2026-09-22,3301.69,3301.69
2026-09-23,3314.3,3314.3
2026-09-24,3305.2,3305.2
2026-09-25,3305.79,3305.79
2026-09-28,3302.61,3302.61
2026-09-29,3294.97,3294.97
2026-09-30,3299.57,3299.57
2026-10-01,3303.32,3303.32
2026-10-02,3301.57,3301.57
2026-10-05,3299.76,3299.76
2026-10-06,3296.38,3296.38
