date,nav,nav_adjusted
2003-08-04,1000.82,1000.82
2003-08-05,982.92,982.92
2003-08-06,993.27,993.27
2003-08-07,1010.62,1010.62
2003-08-08,1004.8,1004.8
2003-08-11,1009.52,1009.52
2003-08-12,1017.31,1017.31
2003-08-13,1024.15,1024.15
2003-08-14,1027.7,1027.7
2003-08-15,1034.81,1034.81
2003-08-19,1035.45,1035.45
2003-08-20,1037.2,1037.2
2003-08-21,1046.07,1046.07
2003-08-22,1046.86,1046.86
2003-08-25,1042.77,1042.77
2003-08-26,1045.22,1045.22
2003-08-27,1044.67,1044.67
2003-08-28,1045.71,1045.71
2003-08-29,1046.92,1046.92
2003-09-01,1061.41,1061.41
2003-09-02,1068.91,1068.91
2003-09-03,1109.65,1109.65
2003-09-04,1139.53,1139.53
2003-09-05,1151.27,1151.27
2003-09-08,1152.12,1152.12
2003-09-09,1144.51,1144.51
2003-09-10,1120.5,1120.5
2003-09-11,1107.98,1107.98
2003-09-12,1131.44,1131.44
2003-09-15,1128.56,1128.56
2003-09-16,1143.95,1143.95
2003-09-17,1162.42,1162.42
2003-09-18,1156.96,1156.96
2003-09-19,1159.85,1159.85
2003-09-23,1166.26,1166.26
2003-09-24,1196.17,1196.17
2003-09-25,1197.93,1197.93
2003-09-26,1195.52,1195.52
2003-09-29,1190.74,1190.74
2003-09-30,1193.24,1193.24
2003-10-01,1206.02,1206.02
2003-10-02,1238.01,1238.01
2003-10-03,1245.31,1245.31
2003-10-06,1236.16,1236.16
2003-10-07,1226.2,1226.2
2003-10-08,1238.72,1238.72
2003-10-09,1264.72,1264.72
2003-10-10,1284.34,1284.34
2003-10-13,1281.4,1281.4
2003-10-14,1278.68,1278.68
2003-10-15,1274.75,1274.75
2003-10-16,1268.49,1268.49
2003-10-17,1269.97,1269.97
2003-10-20,1272.19,1272.19
2003-10-21,1259.42,1259.42
2003-10-22,1257.7,1257.7
2003-10-23,1227.43,1227.43
2003-10-24,1232.66,1232.66
2003-10-27,1223.51,1223.51
2003-10-28,1227.62,1227.62
2003-10-29,1231.69,1231.69
2003-10-30,1232.92,1232.92
2003-10-31,1233.76,1233.76
2003-11-03,1212.01,1212.01
2003-11-04,1226.02,1226.02
2003-11-05,1239.39,1239.39
2003-11-06,1231.97,1231.97
2003-11-07,1224.84,1224.84
2003-11-10,1206.01,1206.01
2003-11-11,1204.64,1204.64
2003-11-12,1207.11,1207.11
2003-11-13,1204.42,1204.42
2003-11-14,1190.11,1190.11
2003-11-17,1186.17,1186.17
2003-11-18,1185.42,1185.42
2003-11-19,1177.64,1177.64
2003-11-20,1186.17,1186.17
2003-11-21,1205.65,1205.65
2003-12-01,1235.29,1235.29
2003-12-02,1242.8,1242.8
2003-12-03,1265.7,1265.7
2003-12-04,1266.41,1266.41
2003-12-05,1257.66,1257.66
2003-12-08,1273.09,1273.09
2003-12-09,1265.56,1265.56
2003-12-10,1267.86,1267.86
2003-12-11,1271.02,1271.02
2003-12-12,1281.58,1281.58
2003-12-15,1284.23,1284.23
2003-12-16,1287.18,1287.18
2003-12-17,1280.17,1280.17
2003-12-18,1300.37,1300.37
2003-12-19,1318.44,1318.44
2003-12-22,1319.71,1319.71
2003-12-23,1319.17,1319.17
2003-12-29,1345.65,1345.65
2003-12-30,1343.12,1343.12
2004-01-02,1355.55,1355.55
2004-01-05,1397.32,1397.32
2004-01-06,1397.55,1397.55
2004-01-07,1378.64,1378.64
2004-01-08,1429.32,1429.32
2004-01-09,1478.42,1478.42
2004-01-12,1463.37,1463.37
2004-01-13,1467.2,1467.2
2004-01-14,1503.75,1503.75
2004-01-15,1519.4,1519.4
2004-01-16,1526.26,1526.26
2004-01-19,1529.35,1529.35
2004-01-20,1555.38,1555.38
2004-01-21,1556.35,1556.35
2004-01-23,1569.79,1569.79
2004-01-26,1578.19,1578.19
2004-01-27,1555.94,1555.94
2004-01-28,1540.47,1540.47
2004-01-29,1526.66,1526.66
2004-01-30,1519.59,1519.59
2004-02-03,1461.65,1461.65
2004-02-04,1461.82,1461.82
2004-02-05,1480.45,1480.45
2004-02-06,1523.33,1523.33
2004-02-09,1534.12,1534.12
2004-02-10,1531.76,1531.76
2004-02-11,1531.2,1531.2
2004-02-12,1528.25,1528.25
2004-02-13,1534.47,1534.47
2004-02-16,1538.32,1538.32
2004-02-17,1536.55,1536.55
2004-02-18,1547.27,1547.27
2004-02-19,1561.6,1561.6
2004-02-20,1569.95,1569.95
2004-02-24,1540.88,1540.88
2004-02-25,1535.35,1535.35
2004-02-26,1533.74,1533.74
2004-02-27,1504.66,1504.66
2004-03-01,1508.78,1508.78
2004-03-02,1547.13,1547.13
2004-03-03,1551.57,1551.57
2004-03-04,1552.44,1552.44
2004-03-05,1564.01,1564.01
2004-03-08,1553.96,1553.96
2004-03-09,1553.89,1553.89
2004-03-10,1526.8,1526.8
2004-03-11,1489.05,1489.05
2004-03-12,1482.72,1482.72
2004-03-15,1457.83,1457.83
2004-03-16,1444.61,1444.61
2004-03-17,1473.84,1473.84
2004-03-18,1480.46,1480.46
2004-03-19,1494.74,1494.74
2004-03-23,1483.49,1483.49
2004-03-24,1479.21,1479.21
2004-03-25,1460.74,1460.74
2004-03-26,1435.97,1435.97
2004-03-29,1438.62,1438.62
2004-03-30,1462.87,1462.87
2004-03-31,1471.91,1471.91
2004-04-01,1472.82,1472.82
2004-04-02,1500.12,1500.12
2004-04-06,1541.37,1541.37
2004-04-07,1543.17,1543.17
2004-04-08,1553.3,1553.3
2004-04-12,1530.67,1530.67
2004-04-13,1534.46,1534.46
2004-04-14,1549.6,1549.6
2004-04-15,1542.33,1542.33
2004-04-16,1542.09,1542.09
2004-04-19,1560.57,1560.57
2004-04-20,1619.88,1619.88
2004-04-21,1634.73,1634.73
2004-04-22,1620.51,1620.51
2004-04-23,1638.62,1638.62
2004-04-26,1631.52,1631.52
2004-04-27,1643.3,1643.3
2004-04-28,1651.51,1651.51
2004-04-29,1619.02,1619.02
2004-04-30,1588.39,1588.39
2004-05-04,1584.82,1584.82
2004-05-05,1544.1,1544.1
2004-05-06,1517.68,1517.68
2004-05-07,1511.31,1511.31
2004-05-10,1448.28,1448.28
2004-05-11,1470.08,1470.08
2004-05-12,1516.27,1516.27
2004-05-13,1503.2,1503.2
2004-05-14,1469.89,1469.89
2004-05-17,1364.07,1364.07
2004-05-18,1384.09,1384.09
2004-05-19,1434.51,1434.51
2004-05-21,1467.3,1467.3
2004-05-24,1484.36,1484.36
2004-05-25,1462.67,1462.67
2004-05-26,1467.38,1467.38
2004-05-27,1489.81,1489.81
2004-05-28,1493.21,1493.21
2004-05-31,1489.63,1489.63
2004-06-01,1485.91,1485.91
2004-06-02,1463.94,1463.94
2004-06-04,1432.48,1432.48
2004-06-07,1432.48,1432.48
2004-06-08,1440.45,1440.45
2004-06-09,1452.19,1452.19
2004-06-10,1446.64,1446.64
2004-06-11,1435.53,1435.53
2004-06-14,1420.84,1420.84
2004-06-15,1441.86,1441.86
2004-06-16,1441.29,1441.29
2004-06-17,1431.01,1431.01
2004-06-18,1414.18,1414.18
2004-06-21,1412.1,1412.1
2004-06-22,1418.46,1418.46
2004-06-23,1433.01,1433.01
2004-06-24,1443.23,1443.23
2004-06-25,1465.04,1465.04
2004-06-28,1465.22,1465.22
2004-06-29,1468.69,1468.69
2004-06-30,1489.42,1489.42
2004-07-01,1494.99,1494.99
2004-07-02,1521.85,1521.85
2004-07-06,1562.67,1562.67
2004-07-07,1575.11,1575.11
2004-07-08,1553.98,1553.98
2004-07-09,1552.28,1552.28
2004-07-12,1542.37,1542.37
2004-07-13,1545.99,1545.99
2004-07-14,1517.38,1517.38
2004-07-15,1524.94,1524.94
2004-07-16,1544.74,1544.74
2004-07-19,1544.18,1544.18
2004-07-20,1550.74,1550.74
2004-07-21,1558.35,1558.35
2004-07-22,1565.88,1565.88
2004-07-23,1567.2,1567.2
2004-07-26,1561.46,1561.46
2004-07-27,1559.41,1559.41
2004-07-28,1551.71,1551.71
2004-07-29,1546.84,1546.84
2004-07-30,1537.72,1537.72
2004-08-02,1524.34,1524.34
2004-08-03,1536.89,1536.89
2004-08-04,1535.17,1535.17
2004-08-05,1540.67,1540.67
2004-08-06,1526.1,1526.1
2004-08-09,1512.49,1512.49
2004-08-10,1516.83,1516.83
2004-08-11,1542.93,1542.93
2004-08-12,1532.59,1532.59
2004-08-13,1534.01,1534.01
2004-08-16,1524.89,1524.89
2004-08-18,1529.94,1529.94
2004-08-19,1532.13,1532.13
2004-08-20,1523.02,1523.02
2004-08-23,1517.33,1517.33
2004-08-24,1504.65,1504.65
2004-08-25,1492.94,1492.94
2004-08-26,1496.79,1496.79
2004-08-27,1519.69,1519.69
2004-08-30,1529.79,1529.79
2004-08-31,1535.72,1535.72
2004-09-01,1584.83,1584.83
2004-09-02,1590.23,1590.23
2004-09-03,1603.87,1603.87
2004-09-06,1598.03,1598.03
2004-09-07,1598.99,1598.99
2004-09-08,1602.87,1602.87
2004-09-09,1579.51,1579.51
2004-09-10,1617.47,1617.47
2004-09-14,1646.05,1646.05
2004-09-17,1643.67,1643.67
2004-09-21,1659.22,1659.22
2004-09-22,1643.07,1643.07
2004-09-23,1630.83,1630.83
2004-09-24,1642.41,1642.41
2004-09-27,1638.52,1638.52
2004-09-28,1624.55,1624.55
2004-09-29,1627.61,1627.61
2004-09-30,1648.01,1648.01
2004-10-01,1685.38,1685.38
2004-10-04,1729.89,1729.89
2004-10-05,1753.89,1753.89
2004-10-06,1736.96,1736.96
2004-10-07,1712.44,1712.44
2004-10-08,1724.98,1724.98
2004-10-11,1736.58,1736.58
2004-10-12,1713.61,1713.61
2004-10-13,1744.61,1744.61
2004-10-14,1733.08,1733.08
2004-10-15,1725.77,1725.77
2004-10-18,1723.39,1723.39
2004-10-19,1717.26,1717.26
2004-10-20,1694.34,1694.34
2004-10-21,1679.01,1679.01
2004-10-22,1715.56,1715.56
2004-10-25,1716.18,1716.18
2004-10-26,1702.33,1702.33
2004-10-27,1723.26,1723.26
2004-10-28,1755.13,1755.13
2004-10-29,1757.75,1757.75
2004-11-01,1782.55,1782.55
2004-11-02,1820.38,1820.38
2004-11-03,1825.64,1825.64
2004-11-04,1816.7,1816.7
2004-11-05,1832.1,1832.1
2004-11-08,1823.3,1823.3
2004-11-09,1862.06,1862.06
2004-11-10,1896.61,1896.61
2004-11-11,1914.77,1914.77
2004-11-12,1934.09,1934.09
2004-11-22,1935.36,1935.36
2004-11-23,1971.81,1971.81
2004-11-24,1985.14,1985.14
2004-11-25,1967.6,1967.6
2004-11-26,1978.16,1978.16
2004-11-29,1983.79,1983.79
2004-11-30,2014.56,2014.56
2004-12-01,2022.53,2022.53
2004-12-02,2043.85,2043.85
2004-12-03,2019.75,2019.75
2004-12-06,2021.62,2021.62
2004-12-07,2025.17,2025.17
2004-12-08,2027.73,2027.73
2004-12-09,1998.97,1998.97
2004-12-10,1963.94,1963.94
2004-12-13,1941.68,1941.68
2004-12-14,1915.3,1915.3
2004-12-15,1941.84,1941.84
2004-12-16,1982.82,1982.82
2004-12-17,2031.2,2031.2
2004-12-20,2019.32,2019.32
2004-12-21,2034.86,2034.86
2004-12-22,2056.27,2056.27
2004-12-23,2055.43,2055.43
2004-12-27,2073.22,2073.22
2004-12-28,2079.73,2079.73
2004-12-29,2080.11,2080.11
2004-12-30,2072.43,2072.43
2005-01-03,2074.57,2074.57
2005-01-04,2121.36,2121.36
2005-01-05,2110.5,2110.5
2005-01-06,2137.71,2137.71
2005-01-07,2136.77,2136.77
2005-01-10,2111.43,2111.43
2005-01-11,2091.97,2091.97
2005-01-12,2089.54,2089.54
2005-01-13,2119.93,2119.93
2005-01-14,2121.75,2121.75
2005-01-17,2134.34,2134.34
2005-01-18,2115.97,2115.97
2005-01-19,2140.44,2140.44
2005-01-20,2152.37,2152.37
2005-01-24,2138.25,2138.25
2005-01-25,2130.18,2130.18
2005-01-26,2150.42,2150.42
2005-01-27,2156.96,2156.96
2005-01-28,2164.4,2164.4
2005-01-31,2162.5,2162.5
2005-02-01,2177.21,2177.21
2005-02-02,2187.41,2187.41
2005-02-03,2166.73,2166.73
2005-02-04,2176,2176
2005-02-07,2163.21,2163.21
2005-02-08,2153.89,2153.89
2005-02-11,2166.59,2166.59
2005-02-14,2176.67,2176.67
2005-02-15,2210.84,2210.84
2005-02-16,2227.84,2227.84
2005-02-17,2258.73,2258.73
2005-02-18,2278.37,2278.37
2005-02-21,2288.61,2288.61
2005-02-22,2293.97,2293.97
2005-02-23,2303.12,2303.12
2005-02-24,2315.4,2315.4
2005-02-25,2273.02,2273.02
2005-02-28,2253.91,2253.91
2005-03-01,2297.78,2297.78
2005-03-02,2276.57,2276.57
2005-03-03,2290.27,2290.27
2005-03-04,2310.42,2310.42
2005-03-07,2325.02,2325.02
2005-03-08,2346.22,2346.22
2005-03-09,2353.15,2353.15
2005-03-10,2337.29,2337.29
2005-03-14,2372.28,2372.28
2005-03-15,2379,2379
2005-03-16,2422.47,2422.47
2005-03-17,2409.99,2409.99
2005-03-18,2424.19,2424.19
2005-03-21,2429.14,2429.14
2005-03-22,2425.86,2425.86
2005-03-23,2400.72,2400.72
2005-03-24,2340.61,2340.61
2005-03-28,2319.92,2319.92
2005-03-29,2261.4,2261.4
2005-03-30,2240.09,2240.09
2005-03-31,2286.95,2286.95
2005-04-01,2322.09,2322.09
2005-04-04,2331.76,2331.76
2005-04-05,2322.31,2322.31
2005-04-06,2339.91,2339.91
2005-04-07,2354.41,2354.41
2005-04-08,2351.2,2351.2
2005-04-11,2345.39,2345.39
2005-04-12,2352.13,2352.13
2005-04-13,2364.98,2364.98
2005-04-14,2345.25,2345.25
2005-04-15,2316.43,2316.43
2005-04-18,2247.29,2247.29
2005-04-19,2253.37,2253.37
2005-04-20,2276.08,2276.08
2005-04-21,2238.63,2238.63
2005-04-25,2184.74,2184.74
2005-04-26,2208.08,2208.08
2005-04-27,2207.96,2207.96
2005-04-28,2223.55,2223.55
2005-04-29,2208.85,2208.85
2005-05-02,2206.16,2206.16
2005-05-03,2219.59,2219.59
2005-05-04,2252.96,2252.96
2005-05-06,2279.86,2279.86
2005-05-09,2307.15,2307.15
2005-05-10,2294.59,2294.59
2005-05-11,2259.49,2259.49
2005-05-12,2272.71,2272.71
2005-05-13,2269,2269
2005-05-16,2249.27,2249.27
2005-05-17,2239.26,2239.26
2005-05-18,2238.67,2238.67
2005-05-19,2259.79,2259.79
2005-05-20,2256.63,2256.63
2005-05-23,2249.57,2249.57
2005-05-25,2254.86,2254.86
2005-05-26,2266,2266
2005-05-27,2281.47,2281.47
2005-05-30,2285.71,2285.71
2005-05-31,2340.65,2340.65
2005-06-01,2330.51,2330.51
2005-06-02,2351.65,2351.65
2005-06-03,2357.19,2357.19
2005-06-06,2360.8,2360.8
2005-06-07,2345.76,2345.76
2005-06-08,2352.5,2352.5
2005-06-09,2355.59,2355.59
2005-06-10,2354.05,2354.05
2005-06-13,2367.65,2367.65
2005-06-14,2380.68,2380.68
2005-06-15,2418.35,2418.35
2005-06-16,2434.58,2434.58
2005-06-17,2468.98,2468.98
2005-06-20,2484.55,2484.55
2005-06-21,2464.08,2464.08
2005-06-22,2467.41,2467.41
2005-06-23,2470.22,2470.22
2005-06-24,2470.68,2470.68
2005-06-27,2432.57,2432.57
2005-06-28,2451.92,2451.92
2005-06-29,2458.61,2458.61
2005-06-30,2446.69,2446.69
2005-07-01,2479.61,2479.61
2005-07-04,2481.82,2481.82
2005-07-05,2463.33,2463.33
2005-07-07,2426.55,2426.55
2005-07-08,2435.14,2435.14
2005-07-11,2466.08,2466.08
2005-07-12,2476.95,2476.95
2005-07-13,2477.3,2477.3
2005-07-14,2482.09,2482.09
2005-07-15,2471.33,2471.33
2005-07-18,2475.75,2475.75
2005-07-19,2483.11,2483.11
2005-07-20,2515.59,2515.59
2005-07-21,2560.81,2560.81
2005-07-22,2581.48,2581.48
2005-07-25,2570.13,2570.13
2005-07-26,2606.19,2606.19
2005-07-27,2608.26,2608.26
2005-07-28,2616.82,2616.82
2005-07-29,2625.07,2625.07
2005-08-01,2623.23,2623.23
2005-08-02,2640.49,2640.49
2005-08-03,2647.44,2647.44
2005-08-04,2641.24,2641.24
2005-08-05,2620.72,2620.72
2005-08-08,2595.6,2595.6
2005-08-09,2592.83,2592.83
2005-08-10,2618.68,2618.68
2005-08-12,2582.48,2582.48
2005-08-15,2508.49,2508.49
2005-08-16,2496.69,2496.69
2005-08-18,2477.64,2477.64
2005-08-19,2450.9,2450.9
2005-08-22,2420.72,2420.72
2005-08-23,2408.72,2408.72
2005-08-24,2369.17,2369.17
2005-08-25,2423.46,2423.46
2005-08-26,2392.5,2392.5
2005-08-29,2300.14,2300.14
2005-08-30,2397.59,2397.59
2005-08-31,2423.92,2423.92
2005-09-01,2399.39,2399.39
2005-09-05,2383.93,2383.93
2005-09-06,2408.13,2408.13
2005-09-07,2423.25,2423.25
2005-09-08,2456.42,2456.42
2005-09-09,2487.18,2487.18
2005-09-12,2500.87,2500.87
2005-09-13,2468.22,2468.22
2005-09-14,2429.79,2429.79
2005-09-15,2424.33,2424.33
2005-09-16,2432.89,2432.89
2005-09-19,2451.56,2451.56
2005-09-20,2429.88,2429.88
2005-09-21,2412.02,2412.02
2005-09-22,2360.98,2360.98
2005-09-23,2352.76,2352.76
2005-09-26,2391.2,2391.2
2005-09-27,2401.56,2401.56
2005-09-28,2384.58,2384.58
2005-09-29,2418.18,2418.18
2005-09-30,2486.74,2486.74
2005-10-03,2512.39,2512.39
2005-10-04,2562.41,2562.41
2005-10-05,2555.08,2555.08
2005-10-06,2518.89,2518.89
2005-10-07,2523.4,2523.4
2005-10-10,2526.58,2526.58
2005-10-11,2529.16,2529.16
2005-10-12,2531.3,2531.3
2005-10-13,2512.6,2512.6
2005-10-14,2518.47,2518.47
2005-10-17,2511.25,2511.25
2005-10-18,2520.19,2520.19
2005-10-19,2478.92,2478.92
2005-10-20,2480.48,2480.48
2005-10-21,2472.9,2472.9
2005-10-24,2468.97,2468.97
2005-10-25,2454.07,2454.07
2005-10-26,2452.57,2452.57
2005-10-27,2457.72,2457.72
2005-10-28,2448.83,2448.83
2005-10-31,2457.48,2457.48
2005-11-01,2458.82,2458.82
2005-11-09,2426.49,2426.49
2005-11-10,2410.92,2410.92
2005-11-11,2375.93,2375.93
2005-11-14,2355.54,2355.54
2005-11-15,2364.78,2364.78
2005-11-16,2371.3,2371.3
2005-11-17,2376.15,2376.15
2005-11-18,2415.36,2415.36
2005-11-21,2426.69,2426.69
2005-11-22,2441.48,2441.48
2005-11-23,2436.73,2436.73
2005-11-24,2471.71,2471.71
2005-11-25,2466.09,2466.09
2005-11-28,2475.95,2475.95
2005-11-29,2489.89,2489.89
2005-11-30,2531.41,2531.41
2005-12-01,2519.87,2519.87
2005-12-02,2567.05,2567.05
2005-12-05,2606.97,2606.97
2005-12-06,2603.29,2603.29
2005-12-07,2644.31,2644.31
2005-12-08,2658.65,2658.65
2005-12-09,2667.52,2667.52
2005-12-12,2707.42,2707.42
2005-12-13,2716.08,2716.08
2005-12-14,2701.77,2701.77
2005-12-15,2658.46,2658.46
2005-12-16,2628.57,2628.57
2005-12-19,2665.11,2665.11
2005-12-20,2672.46,2672.46
2005-12-21,2665.14,2665.14
2005-12-23,2662.4,2662.4
2005-12-27,2673.63,2673.63
2005-12-28,2673.07,2673.07
2005-12-29,2666.22,2666.22
2006-01-02,2680.12,2680.12
2006-01-03,2698.5,2698.5
2006-01-04,2756.04,2756.04
2006-01-05,2778.96,2778.96
2006-01-06,2810.9,2810.9
2006-01-09,2861.92,2861.92
2006-01-11,2887.71,2887.71
2006-01-12,2899.11,2899.11
2006-01-13,2905.01,2905.01
2006-01-16,2868.6,2868.6
2006-01-17,2819.85,2819.85
2006-01-18,2780.66,2780.66
2006-01-19,2860.38,2860.38
2006-01-20,2853.48,2853.48
2006-01-23,2802.52,2802.52
2006-01-24,2820.54,2820.54
2006-01-25,2857.1,2857.1
2006-01-26,2865.12,2865.12
2006-01-27,2863.65,2863.65
2006-01-30,2872.03,2872.03
2006-02-01,2894.95,2894.95
2006-02-02,2908.48,2908.48
2006-02-03,2911.78,2911.78
2006-02-06,2917.44,2917.44
2006-02-07,2970.52,2970.52
2006-02-08,2916.42,2916.42
2006-02-09,2940.18,2940.18
2006-02-10,2970.74,2970.74
2006-02-13,2984.62,2984.62
2006-02-14,2925.3,2925.3
2006-02-15,2946.33,2946.33
2006-02-16,2941.34,2941.34
2006-02-17,2939.58,2939.58
2006-02-20,2952.64,2952.64
2006-02-21,2924.83,2924.83
2006-02-22,2916.63,2916.63
2006-02-23,2904.43,2904.43
2006-02-24,2884.76,2884.76
2006-02-27,2917.7,2917.7
2006-02-28,2915.92,2915.92
2006-03-01,2937.71,2937.71
2006-03-02,2958.36,2958.36
2006-03-03,2979.81,2979.81
2006-03-06,2983.19,2983.19
2006-03-07,2947.44,2947.44
2006-03-08,2912.42,2912.42
2006-03-09,2932.21,2932.21
2006-03-10,2959.75,2959.75
2006-03-13,2954.57,2954.57
2006-03-14,2954.34,2954.34
2006-03-15,2947.8,2947.8
2006-03-16,3002.21,3002.21
2006-03-17,3065.66,3065.66
2006-03-20,3107.55,3107.55
2006-03-21,3097.21,3097.21
2006-03-22,3043.8,3043.8
2006-03-23,3048.11,3048.11
2006-03-24,3059.57,3059.57
2006-03-27,3063.41,3063.41
2006-03-28,3100.24,3100.24
2006-03-29,3081.15,3081.15
2006-04-03,3100.2,3100.2
2006-04-04,3092.75,3092.75
2006-04-05,3130.53,3130.53
2006-04-06,3164.94,3164.94
2006-04-07,3187.53,3187.53
2006-04-11,3188.49,3188.49
2006-04-12,3214.78,3214.78
2006-04-13,3200.48,3200.48
2006-04-17,3216.41,3216.41
2006-04-18,3290.52,3290.52
2006-04-19,3405.07,3405.07
2006-04-20,3440.63,3440.63
2006-04-21,3433.89,3433.89
2006-04-24,3407.4,3407.4
2006-04-25,3453.02,3453.02
2006-04-26,3522.06,3522.06
2006-04-27,3516.88,3516.88
2006-04-28,3471.24,3471.24
2006-05-01,3518.01,3518.01
2006-05-02,3500.35,3500.35
2006-05-03,3535.49,3535.49
2006-05-04,3527.34,3527.34
2006-05-08,3590.83,3590.83
2006-05-09,3641.92,3641.92
2006-05-10,3668.85,3668.85
2006-05-11,3721.39,3721.39
2006-05-12,3648.34,3648.34
2006-05-15,3411.17,3411.17
2006-05-16,3432.69,3432.69
2006-05-17,3512.9,3512.9
2006-05-18,3378.73,3378.73
2006-05-19,3362.98,3362.98
2006-05-22,3139.88,3139.88
2006-05-23,3190.9,3190.9
2006-05-24,3203.06,3203.06
2006-05-29,3240.96,3240.96
2006-05-30,3320.7,3320.7
2006-05-31,3257.42,3257.42
2006-06-01,3227.48,3227.48
2006-06-02,3266.13,3266.13
2006-06-05,3277.6,3277.6
2006-06-06,3201.21,3201.21
2006-06-07,3141.95,3141.95
2006-06-08,3032.5,3032.5
2006-06-09,3109.25,3109.25
2006-06-12,3119.09,3119.09
2006-06-13,3046.15,3046.15
2006-06-14,3030.26,3030.26
2006-06-15,3031.09,3031.09
2006-06-16,3182.51,3182.51
2006-06-19,3160.37,3160.37
2006-06-20,3147.68,3147.68
2006-06-21,3153.64,3153.64
2006-06-22,3180.22,3180.22
2006-06-23,3159.58,3159.58
2006-06-26,3147.09,3147.09
2006-06-27,3153.67,3153.67
2006-06-28,3128.43,3128.43
2006-06-29,3129.12,3129.12
2006-06-30,3204.69,3204.69
2006-07-03,3252.98,3252.98
2006-07-04,3294.38,3294.38
2006-07-05,3287.79,3287.79
2006-07-06,3288.66,3288.66
2006-07-07,3296.69,3296.69
2006-07-10,3286.7,3286.7
2006-07-11,3296.55,3296.55
2006-07-12,3297.19,3297.19
2006-07-13,3257.35,3257.35
2006-07-14,3194.43,3194.43
2006-07-17,3134.67,3134.67
2006-07-18,3139.33,3139.33
2006-07-19,3135.71,3135.71
2006-07-20,3220.15,3220.15
2006-07-21,3224.64,3224.64
2006-07-24,3219.67,3219.67
2006-07-25,3244.46,3244.46
2006-07-26,3268.86,3268.86
2006-07-27,3298.97,3298.97
2006-07-28,3291.2,3291.2
2006-07-31,3327.13,3327.13
2006-08-01,3376.58,3376.58
2006-08-02,3420.95,3420.95
2006-08-03,3393.33,3393.33
2006-08-04,3410.98,3410.98
2006-08-07,3442.68,3442.68
2006-08-08,3448.46,3448.46
2006-08-09,3502.45,3502.45
2006-08-10,3418.48,3418.48
2006-08-11,3461.86,3461.86
2006-08-14,3492.45,3492.45
2006-08-15,3519.77,3519.77
2006-08-16,3558.6,3558.6
2006-08-22,3555.13,3555.13
2006-08-23,3541.37,3541.37
2006-08-24,3512.33,3512.33
2006-08-25,3476.72,3476.72
2006-08-28,3471.23,3471.23
2006-08-29,3516.56,3516.56
2006-08-30,3492.55,3492.55
2006-08-31,3507.79,3507.79
2006-09-01,3543.27,3543.27
2006-09-04,3611,3611
2006-09-05,3605.73,3605.73
2006-09-06,3600.86,3600.86
2006-09-07,3587.17,3587.17
2006-09-08,3580.29,3580.29
2006-09-11,3527.51,3527.51
2006-09-12,3484.07,3484.07
2006-09-13,3513.44,3513.44
2006-09-14,3539.42,3539.42
2006-09-15,3548.9,3548.9
2006-09-18,3564.62,3564.62
2006-09-19,3594.83,3594.83
2006-09-20,3584.99,3584.99
2006-09-21,3645.31,3645.31
2006-09-22,3659.61,3659.61
2006-09-25,3652.74,3652.74
2006-09-26,3624.08,3624.08
2006-09-27,3671.53,3671.53
2006-09-28,3683.63,3683.63
2006-09-29,3682.48,3682.48
2006-10-02,3659.68,3659.68
2006-10-03,3704.28,3704.28
2006-10-04,3694.56,3694.56
2006-10-05,3711.27,3711.27
2006-10-06,3724.66,3724.66
2006-10-09,3707.98,3707.98
2006-10-10,3736.33,3736.33
2006-10-11,3741.59,3741.59
2006-10-12,3728.13,3728.13
2006-10-13,3785.69,3785.69
2006-10-16,3759.8,3759.8
2006-10-17,3767.09,3767.09
2006-10-18,3754.61,3754.61
2006-10-19,3769.4,3769.4
2006-10-20,3789.01,3789.01
2006-10-30,3820.13,3820.13
2006-10-31,3820.07,3820.07
2006-11-01,3833.82,3833.82
2006-11-02,3882.26,3882.26
2006-11-03,3904,3904
2006-11-06,3960.23,3960.23
2006-11-07,3984.65,3984.65
2006-11-08,3960.82,3960.82
2006-11-09,3979.11,3979.11
2006-11-10,3986.85,3986.85
2006-11-13,3911.79,3911.79
2006-11-15,4002.23,4002.23
2006-11-16,4003.07,4003.07
2006-11-17,4010.41,4010.41
2006-11-20,4023.41,4023.41
2006-11-21,4023.84,4023.84
2006-11-22,4074.22,4074.22
2006-11-23,4074.57,4074.57
2006-11-24,4105.33,4105.33
2006-11-27,4142.64,4142.64
2006-11-28,4034.46,4034.46
2006-11-29,4077.34,4077.34
2006-11-30,4102.41,4102.41
2006-12-01,4148.2,4148.2
2006-12-04,4115.8,4115.8
2006-12-05,4222.45,4222.45
2006-12-06,4249.56,4249.56
2006-12-07,4240.61,4240.61
2006-12-08,4221.01,4221.01
2006-12-12,4184,4184
2006-12-13,4176.38,4176.38
2006-12-14,4193.21,4193.21
2006-12-15,4234.68,4234.68
2006-12-18,4240.08,4240.08
2006-12-19,4123.08,4123.08
2006-12-20,4187.51,4187.51
2006-12-21,4244.68,4244.68
2006-12-22,4243.01,4243.01
2006-12-26,4238.84,4238.84
2006-12-27,4278.92,4278.92
2006-12-28,4279.09,4279.09
2007-01-02,4347.47,4347.47
2007-01-03,4338.63,4338.63
2007-01-04,4330.83,4330.83
2007-01-05,4332.91,4332.91
2007-01-08,4285.72,4285.72
2007-01-09,4193.88,4193.88
2007-01-10,4018.32,4018.32
2007-01-11,4012.19,4012.19
2007-01-12,3956.26,3956.26
2007-01-15,4083.89,4083.89
2007-01-16,4144.28,4144.28
2007-01-17,4159.75,4159.75
2007-01-18,4195.68,4195.68
2007-01-19,4218.5,4218.5
2007-01-22,4291.7,4291.7
2007-01-23,4277.67,4277.67
2007-01-24,4266.72,4266.72
2007-01-25,4194.43,4194.43
2007-01-26,4157.09,4157.09
2007-01-29,4169.52,4169.52
2007-01-30,4174.2,4174.2
2007-01-31,4146.63,4146.63
2007-02-01,4168.3,4168.3
2007-02-02,4186.51,4186.51
2007-02-05,4150.41,4150.41
2007-02-06,4117.44,4117.44
2007-02-07,4126.48,4126.48
2007-02-08,4083.81,4083.81
2007-02-09,4056,4056
2007-02-12,4037.6,4037.6
2007-02-13,4031.15,4031.15
2007-02-14,4080.78,4080.78
2007-02-15,4179.4,4179.4
2007-02-16,4194.9,4194.9
2007-02-19,4200.47,4200.47
2007-02-20,4216.06,4216.06
2007-02-21,4248.36,4248.36
2007-02-22,4221.34,4221.34
2007-02-23,4175.53,4175.53
2007-02-26,4159.95,4159.95
2007-02-27,4144.07,4144.07
2007-02-28,4079.62,4079.62
2007-03-01,4105.42,4105.42
2007-03-02,4100.24,4100.24
2007-03-05,3956.83,3956.83
2007-03-06,4039.81,4039.81
2007-03-07,4074.17,4074.17
2007-03-08,4142.75,4142.75
2007-03-09,4136.52,4136.52
2007-03-12,4207.51,4207.51
2007-03-13,4211.83,4211.83
2007-03-14,4128.7,4128.7
2007-03-16,4163.15,4163.15
2007-03-20,4156.87,4156.87
2007-03-21,4174.85,4174.85
2007-03-22,4241.69,4241.69
2007-03-23,4231.6,4231.6
2007-03-26,4251,4251
2007-03-27,4263.63,4263.63
2007-03-28,4215.12,4215.12
2007-03-29,4268.79,4268.79
2007-03-30,4296.95,4296.95
2007-04-02,4346.13,4346.13
2007-04-03,4465.66,4465.66
2007-04-04,4535.84,4535.84
2007-04-05,4466.3,4466.3
2007-04-09,4505.47,4505.47
2007-04-10,4534.71,4534.71
2007-04-11,4544.06,4544.06
2007-04-12,4548.79,4548.79
2007-04-13,4571.37,4571.37
2007-04-16,4632.55,4632.55
2007-04-17,4649.88,4649.88
2007-04-18,4620.17,4620.17
2007-04-19,4514.31,4514.31
2007-04-20,4625.04,4625.04
2007-04-23,4676.65,4676.65
2007-04-24,4652.53,4652.53
2007-04-25,4677.83,4677.83
2007-04-26,4742.74,4742.74
2007-04-27,4733.96,4733.96
2007-04-30,4667.7,4667.7
2007-05-01,4678.67,4678.67
2007-05-02,4702.7,4702.7
2007-05-03,4731.11,4731.11
2007-05-04,4755.9,4755.9
2007-05-07,4780.36,4780.36
2007-05-08,4743.01,4743.01
2007-05-09,4776.85,4776.85
2007-05-10,4797.78,4797.78
2007-05-11,4734.82,4734.82
2007-05-14,4794.11,4794.11
2007-05-15,4786.31,4786.31
2007-05-16,4851.11,4851.11
2007-05-21,4889.68,4889.68
2007-05-22,4914.63,4914.63
2007-05-23,4956.1,4956.1
2007-05-24,4868.77,4868.77
2007-05-25,4813.09,4813.09
2007-05-28,4857.49,4857.49
2007-05-29,4824.82,4824.82
2007-05-30,4817.07,4817.07
2007-05-31,4904.83,4904.83
2007-06-04,4976.09,4976.09
2007-06-05,4926.86,4926.86
2007-06-06,4965.97,4965.97
2007-06-07,4932,4932
2007-06-08,4847.44,4847.44
2007-06-11,4939.8,4939.8
2007-06-12,4972.4,4972.4
2007-06-13,4916.59,4916.59
2007-06-14,4962.2,4962.2
2007-06-15,4985.22,4985.22
2007-06-18,5019.37,5019.37
2007-06-19,5074.4,5074.4
2007-06-20,5113.84,5113.84
2007-06-21,5068.28,5068.28
2007-06-22,5068.65,5068.65
2007-06-25,5065.27,5065.27
2007-06-26,5058.87,5058.87
2007-06-27,4995.12,4995.12
2007-06-28,4964.55,4964.55
2007-06-29,5042,5042
2007-07-02,5130.29,5130.29
2007-07-03,5171.03,5171.03
2007-07-04,5169.65,5169.65
2007-07-05,5236.43,5236.43
2007-07-06,5269.21,5269.21
2007-07-09,5391.4,5391.4
2007-07-10,5403.31,5403.31
2007-07-11,5359.91,5359.91
2007-07-12,5400.38,5400.38
2007-07-13,5439.6,5439.6
2007-07-16,5396.11,5396.11
2007-07-17,5439.22,5439.22
2007-07-18,5430.83,5430.83
2007-07-19,5538.54,5538.54
2007-07-20,5640.83,5640.83
2007-07-23,5704.03,5704.03
2007-07-24,5752.47,5752.47
2007-07-25,5733.99,5733.99
2007-07-26,5677.43,5677.43
2007-07-27,5535.93,5535.93
2007-07-30,5534,5534
2007-07-31,5645.91,5645.91
2007-08-02,5456.08,5456.08
2007-08-03,5459.45,5459.45
2007-08-06,5268.41,5268.41
2007-08-07,5219.12,5219.12
2007-08-08,5424.73,5424.73
2007-08-09,5381.74,5381.74
2007-08-10,5293.96,5293.96
2007-08-13,5326.29,5326.29
2007-08-14,5221.16,5221.16
2007-08-15,4886.89,4886.89
2007-08-16,4599.97,4599.97
2007-08-20,4920.42,4920.42
2007-08-23,5107.6,5107.6
2007-08-24,5117.07,5117.07
2007-08-27,5201.64,5201.64
2007-08-28,5158.96,5158.96
2007-08-29,5109.51,5109.51
2007-08-30,5154.75,5154.75
2007-09-03,5302.54,5302.54
2007-09-04,5307.63,5307.63
2007-09-05,5332.49,5332.49
2007-09-06,5346.89,5346.89
2007-09-07,5396.61,5396.61
2007-09-10,5322.4,5322.4
2007-09-11,5322.22,5322.22
2007-09-12,5305.12,5305.12
2007-09-13,5334.93,5334.93
2007-09-14,5346.26,5346.26
2007-09-18,5399.36,5399.36
2007-09-19,5574.94,5574.94
2007-09-20,5555.33,5555.33
2007-09-21,5635.87,5635.87
2007-09-24,5681.64,5681.64
2007-09-25,5631.91,5631.91
2007-09-26,5693.19,5693.19
2007-09-27,5740.99,5740.99
2007-09-28,5696.3,5696.3
2007-10-01,5795.05,5795.05
2007-10-02,5944.43,5944.43
2007-10-03,5926.19,5926.19
2007-10-04,5986.58,5986.58
2007-10-05,6029.28,6029.28
2007-10-08,6105.16,6105.16
2007-10-09,6183.25,6183.25
2007-10-10,6298.95,6298.95
2007-10-11,6434.61,6434.61
2007-10-18,6427.52,6427.52
2007-10-19,6289.76,6289.76
2007-10-22,6010.28,6010.28
2007-10-23,6255.93,6255.93
2007-10-24,6190.53,6190.53
2007-10-25,6370.74,6370.74
2007-10-26,6438.85,6438.85
2007-10-29,6568.67,6568.67
2007-10-30,6574.89,6574.89
2007-10-31,6548.7,6548.7
2007-11-01,6696.01,6696.01
2007-11-02,6713.77,6713.77
2007-11-05,6570.63,6570.63
2007-11-06,6667.3,6667.3
2007-11-07,6737,6737
2007-11-08,6634.14,6634.14
2007-11-09,6702.04,6702.04
2007-11-12,6609.9,6609.9
2007-11-13,6538.92,6538.92
2007-11-14,6643.18,6643.18
2007-11-15,6689.31,6689.31
2007-11-16,6581.68,6581.68
2007-11-19,6507.9,6507.9
2007-11-20,6462.96,6462.96
2007-11-21,6324.22,6324.22
2007-11-22,6342.26,6342.26
2007-11-23,6381.79,6381.79
2007-11-26,6567.64,6567.64
2007-11-27,6548.73,6548.73
2007-11-28,6668.57,6668.57
2007-11-29,6721.74,6721.74
2007-11-30,6736.16,6736.16
2007-12-04,6930.51,6930.51
2007-12-05,6942.65,6942.65
2007-12-06,6990.86,6990.86
2007-12-07,6952.28,6952.28
2007-12-10,6962.2,6962.2
2007-12-11,7018.69,7018.69
2007-12-12,6972.58,6972.58
2007-12-13,6881.57,6881.57
2007-12-14,6839.02,6839.02
2007-12-17,6647.58,6647.58
2007-12-18,6578.88,6578.88
2007-12-19,6607.59,6607.59
2007-12-26,6771.31,6771.31
2007-12-27,6833.63,6833.63
2007-12-28,6845.53,6845.53
2008-01-02,6794.52,6794.52
2008-01-03,6749.07,6749.07
2008-01-04,6888.64,6888.64
2008-01-07,6922.61,6922.61
2008-01-08,6935.45,6935.45
2008-01-09,7064.07,7064.07
2008-01-14,7030.19,7030.19
2008-01-15,6822.85,6822.85
2008-01-16,6469.41,6469.41
2008-01-17,6603.11,6603.11
2008-01-18,6508.14,6508.14
2008-01-21,6195.47,6195.47
2008-01-22,5730.48,5730.48
2008-01-23,6191.71,6191.71
2008-01-24,6286.25,6286.25
2008-01-25,6568.66,6568.66
2008-01-28,6517.61,6517.61
2008-01-29,6599.85,6599.85
2008-01-30,6583.81,6583.81
2008-01-31,6616.16,6616.16
2008-02-01,6664.13,6664.13
2008-02-04,6784.85,6784.85
2008-02-05,6775.95,6775.95
2008-02-06,6616.68,6616.68
2008-02-08,6616.68,6616.68
2008-02-11,6479.71,6479.71
2008-02-12,6479.48,6479.48
2008-02-13,6512.33,6512.33
2008-02-14,6668.79,6668.79
2008-02-15,6729.02,6729.02
2008-02-18,6732.87,6732.87
2008-02-19,6806.12,6806.12
2008-02-20,6743.33,6743.33
2008-02-21,6858.85,6858.85
2008-02-22,6888.32,6888.32
2008-02-25,6930.61,6930.61
2008-02-26,6885.17,6885.17
2008-02-27,6873.09,6873.09
2008-02-28,6895.32,6895.32
2008-02-29,6807.27,6807.27
2008-03-03,6642.82,6642.82
2008-03-04,6577.22,6577.22
2008-03-05,6591.97,6591.97
2008-03-06,6629.52,6629.52
2008-03-10,6282.08,6282.08
2008-03-11,6266.23,6266.23
2008-03-12,6246.58,6246.58
2008-03-13,6045.7,6045.7
2008-03-14,5919.34,5919.34
2008-03-17,5725.49,5725.49
2008-03-19,5740.55,5740.55
2008-03-24,5779.62,5779.62
2008-03-25,5980.53,5980.53
2008-03-26,6006.3,6006.3
2008-03-27,6032.95,6032.95
2008-03-28,6090.61,6090.61
2008-03-31,6022.25,6022.25
2008-04-01,5866.53,5866.53
2008-04-02,5740.1,5740.1
2008-04-03,5494.66,5494.66
2008-04-04,5602.41,5602.41
2008-04-07,5607.85,5607.85
2008-04-08,5524.65,5524.65
2008-04-09,5352.35,5352.35
2008-04-10,5499.11,5499.11
2008-04-11,5663.24,5663.24
2008-04-14,5593.16,5593.16
2008-04-15,5640.69,5640.69
2008-04-16,5752.26,5752.26
2008-04-17,5778.86,5778.86
2008-04-18,5809.85,5809.85
2008-04-21,5755.11,5755.11
2008-04-22,5646.42,5646.42
2008-04-23,5709.3,5709.3
2008-04-24,5590.79,5590.79
2008-04-25,5516.43,5516.43
2008-04-28,5543.22,5543.22
2008-04-29,5677.33,5677.33
2008-04-30,5666.18,5666.18
2008-05-02,5765.48,5765.48
2008-05-05,5870.38,5870.38
2008-05-06,5858.56,5858.56
2008-05-07,5883.79,5883.79
2008-05-08,5866.71,5866.71
2008-05-09,5854.87,5854.87
2008-05-12,5856.44,5856.44
2008-05-13,5960.1,5960.1
2008-05-14,6027.12,6027.12
2008-05-15,6013.47,6013.47
2008-05-16,6072.83,6072.83
2008-05-19,6187.28,6187.28
2008-05-21,6140.01,6140.01
2008-05-23,6067.42,6067.42
2008-05-26,5941.64,5941.64
2008-05-27,5875.98,5875.98
2008-05-28,5980.34,5980.34
2008-05-29,6024.52,6024.52
2008-05-30,6036.26,6036.26
2008-06-02,5988.58,5988.58
2008-06-03,5915.36,5915.36
2008-06-04,5787.21,5787.21
2008-06-05,5861.28,5861.28
2008-06-06,5868.4,5868.4
2008-06-09,5881.58,5881.58
2008-06-10,5754.12,5754.12
2008-06-11,5740.42,5740.42
2008-06-12,5843.28,5843.28
2008-06-13,5787.21,5787.21
2008-06-16,5806,5806
2008-06-17,5780.55,5780.55
2008-06-18,5767.38,5767.38
2008-06-19,5819.76,5819.76
2008-06-20,5850.02,5850.02
2008-06-23,5823.8,5823.8
2008-06-24,5819.23,5819.23
2008-06-25,5744.76,5744.76
2008-06-26,5765.63,5765.63
2008-06-27,5706.98,5706.98
2008-06-30,5753.43,5753.43
2008-07-01,5859.75,5859.75
2008-07-02,5829.41,5829.41
2008-07-03,5581.33,5581.33
2008-07-04,5655.17,5655.17
2008-07-07,5624.09,5624.09
2008-07-08,5568.94,5568.94
2008-07-09,5572.5,5572.5
2008-07-10,5512.74,5512.74
2008-07-11,5539.24,5539.24
2008-07-14,5497.67,5497.67
2008-07-15,5402.41,5402.41
2008-07-16,5348.09,5348.09
2008-07-17,5231.17,5231.17
2008-07-18,5168.55,5168.55
2008-07-21,5302.32,5302.32
2008-07-22,5364.7,5364.7
2008-07-23,5395.71,5395.71
2008-07-24,5472.19,5472.19
2008-07-25,5434.39,5434.39
2008-07-28,5490.46,5490.46
2008-07-29,5504.28,5504.28
2008-07-31,5591.43,5591.43
2008-08-01,5457.78,5457.78
2008-08-04,5384.69,5384.69
2008-08-05,5295.09,5295.09
2008-08-06,5304.87,5304.87
2008-08-07,5347.02,5347.02
2008-08-08,5353.67,5353.67
2008-08-11,5201.62,5201.62
2008-08-12,5028.17,5028.17
2008-08-13,5047.91,5047.91
2008-08-14,5167.83,5167.83
2008-08-15,5105.99,5105.99
2008-08-19,4995.08,4995.08
2008-08-20,5065.75,5065.75
2008-08-21,5129.58,5129.58
2008-08-22,5199.32,5199.32
2008-08-25,5228.47,5228.47
2008-08-26,5187.5,5187.5
2008-08-27,5254.24,5254.24
2008-08-28,5303.78,5303.78
2008-08-29,5341.37,5341.37
2008-09-01,5359.65,5359.65
2008-09-02,5365.79,5365.79
2008-09-03,5249.27,5249.27
2008-09-04,5136.9,5136.9
2008-09-05,5012.14,5012.14
2008-09-08,5047.42,5047.42
2008-09-09,4845.79,4845.79
2008-09-10,4652.35,4652.35
2008-09-11,4605.31,4605.31
2008-09-12,4431.92,4431.92
2008-09-15,4210.17,4210.17
2008-09-16,4281.32,4281.32
2008-09-17,4355.99,4355.99
2008-09-18,4398.76,4398.76
2008-09-19,4686.46,4686.46
2008-09-22,4711.69,4711.69
2008-09-23,4616,4616
2008-09-24,4651.19,4651.19
2008-09-25,4601.99,4601.99
2008-09-26,4552.15,4552.15
2008-09-29,4487.75,4487.75
2008-10-06,4073.96,4073.96
2008-10-07,4028.16,4028.16
2008-10-08,3622.47,3622.47
2008-10-09,3622.47,3622.47
2008-10-10,3622.47,3622.47
2008-10-13,3671.44,3671.44
2008-10-14,3905.33,3905.33
2008-10-15,3784.13,3784.13
2008-10-16,3634.68,3634.68
2008-10-17,3472.79,3472.79
2008-10-20,3532.58,3532.58
2008-10-21,3585.36,3585.36
2008-10-22,3442.75,3442.75
2008-10-23,3322.02,3322.02
2008-10-24,3097.96,3097.96
2008-10-27,2900.23,2900.23
2008-10-28,2745.26,2745.26
2008-10-29,2744.54,2744.54
2008-10-30,2892.25,2892.25
2008-10-31,3111.37,3111.37
2008-11-03,3350.72,3350.72
2008-11-04,3383.37,3383.37
2008-11-05,3367.64,3367.64
2008-11-06,3233.95,3233.95
2008-11-07,3325.33,3325.33
2008-11-10,3344.67,3344.67
2008-11-11,3332.36,3332.36
2008-11-12,3311.86,3311.86
2008-11-13,3149.51,3149.51
2008-11-14,3166.37,3166.37
2008-11-17,3101.01,3101.01
2008-11-18,2999.35,2999.35
2008-11-19,2976.37,2976.37
2008-11-20,2905.4,2905.4
2008-11-21,2910.32,2910.32
2008-11-24,2899.51,2899.51
2008-11-25,2925.68,2925.68
2008-11-26,3025.89,3025.89
2008-11-27,3064.03,3064.03
2008-11-28,3156.21,3156.21
2008-12-01,3114.8,3114.8
2008-12-02,3044.47,3044.47
2008-12-03,3048.9,3048.9
2008-12-04,3089.2,3089.2
2008-12-05,3084.82,3084.82
2008-12-09,3263.22,3263.22
2008-12-10,3395.56,3395.56
2008-12-11,3406.05,3406.05
2008-12-12,3252.65,3252.65
2008-12-15,3505.14,3505.14
2008-12-16,3457.89,3457.89
2008-12-17,3507.61,3507.61
2008-12-18,3488.64,3488.64
2008-12-19,3450.44,3450.44
2008-12-22,3432.13,3432.13
2008-12-23,3423.76,3423.76
2008-12-24,3401.52,3401.52
2008-12-26,3407.89,3407.89
2008-12-30,3444.77,3444.77
2009-01-06,3666.77,3666.77
2009-01-07,3621.71,3621.71
2009-01-08,3572.69,3572.69
2009-01-09,3621.21,3621.21
2009-01-12,3611.46,3611.46
2009-01-13,3580.23,3580.23
2009-01-14,3546.38,3546.38
2009-01-15,3437.06,3437.06
2009-01-16,3487.35,3487.35
2009-01-19,3465.13,3465.13
2009-01-20,3471.66,3471.66
2009-01-21,3411.5,3411.5
2009-01-22,3418.92,3418.92
2009-01-23,3397.89,3397.89
2009-01-27,3441.17,3441.17
2009-01-28,3402.93,3402.93
2009-01-29,3421.1,3421.1
2009-01-30,3445.28,3445.28
2009-02-02,3386.21,3386.21
2009-02-03,3384.34,3384.34
2009-02-04,3409.57,3409.57
2009-02-05,3424.11,3424.11
2009-02-06,3475.31,3475.31
2009-02-09,3472.65,3472.65
2009-02-10,3431.57,3431.57
2009-02-11,3408.25,3408.25
2009-02-12,3423.9,3423.9
2009-02-13,3455.34,3455.34
2009-02-16,3466.56,3466.56
2009-02-17,3405.58,3405.58
2009-02-18,3434.19,3434.19
2009-02-19,3420.75,3420.75
2009-02-20,3352.96,3352.96
2009-02-23,3395.99,3395.99
2009-02-24,3344.49,3344.49
2009-02-25,3363.22,3363.22
2009-02-26,3332.58,3332.58
2009-02-27,3309.88,3309.88
2009-03-02,3240.94,3240.94
2009-03-03,3264.92,3264.92
2009-03-04,3333.54,3333.54
2009-03-05,3326.08,3326.08
2009-03-10,3372.27,3372.27
2009-03-11,3414.54,3414.54
2009-03-12,3395.31,3395.31
2009-03-13,3442.21,3442.21
2009-03-16,3435.76,3435.76
2009-03-17,3410.73,3410.73
2009-03-18,3464.95,3464.95
2009-03-19,3503.46,3503.46
2009-03-20,3542.83,3542.83
2009-03-23,3674.46,3674.46
2009-03-24,3738.82,3738.82
2009-03-25,3712.9,3712.9
2009-03-27,3803.8,3803.8
2009-03-30,3692.57,3692.57
2009-03-31,3743.37,3743.37
2009-04-01,3816.07,3816.07
2009-04-02,3920.07,3920.07
2009-04-03,3906.69,3906.69
2009-04-06,3945.46,3945.46
2009-04-07,3883.61,3883.61
2009-04-08,3838.37,3838.37
2009-04-13,4011.13,4011.13
2009-04-14,4094.67,4094.67
2009-04-15,4126.75,4126.75
2009-04-16,4191.94,4191.94
2009-04-17,4228.62,4228.62
2009-04-20,4276.68,4276.68
2009-04-21,4214.93,4214.93
2009-04-22,4161.45,4161.45
2009-04-23,4100.17,4100.17
2009-04-24,4129.43,4129.43
2009-04-27,4077.54,4077.54
2009-04-28,4122.86,4122.86
2009-04-30,4481.82,4481.82
2009-05-01,4504.49,4504.49
2009-05-04,4669.64,4669.64
2009-05-05,4610.39,4610.39
2009-05-06,4660.51,4660.51
2009-05-07,4771.79,4771.79
2009-05-08,4852.72,4852.72
2009-05-11,4754.32,4754.32
2009-05-12,4795.77,4795.77
2009-05-13,4828.6,4828.6
2009-05-14,4623.39,4623.39
2009-05-15,4546.93,4546.93
2009-05-18,4546.93,4546.93
2009-05-19,4949.68,4949.68
2009-05-20,4967.47,4967.47
2009-05-22,4945.67,4945.67
2009-05-25,4970.83,4970.83
2009-05-26,4860.29,4860.29
2009-05-27,4962.13,4962.13
2009-05-28,5016.24,5016.24
2009-05-29,5072.3,5072.3
2009-06-01,5307.02,5307.02
2009-06-02,5326.14,5326.14
2009-06-03,5352.47,5352.47
2009-06-04,5403,5403
2009-06-05,5556.05,5556.05
2009-06-08,5469.25,5469.25
2009-06-09,5568.79,5568.79
2009-06-10,5615.72,5615.72
2009-06-11,5540.24,5540.24
2009-06-12,5531.78,5531.78
2009-06-15,5447.77,5447.77
2009-06-16,5310.27,5310.27
2009-06-17,5295.46,5295.46
2009-06-18,5087.6,5087.6
2009-06-19,5204.36,5204.36
2009-06-22,5173.36,5173.36
2009-06-23,5018.25,5018.25
2009-06-24,5248.62,5248.62
2009-06-25,5387.4,5387.4
2009-06-26,5378.6,5378.6
2009-06-29,5368.38,5368.38
2009-06-30,5326.12,5326.12
2009-07-01,5399.23,5399.23
2009-07-02,5407.52,5407.52
2009-07-03,5435.45,5435.45
2009-07-06,5316.97,5316.97
2009-07-07,5472.07,5472.07
2009-07-09,5483.28,5483.28
2009-07-10,5441.5,5441.5
2009-07-13,5330.92,5330.92
2009-07-14,5432,5432
2009-07-15,5602.79,5602.79
2009-07-16,5610.76,5610.76
2009-07-17,5575.54,5575.54
2009-07-21,5693.45,5693.45
2009-07-22,5649.91,5649.91
2009-07-23,5734.39,5734.39
2009-07-24,5818.34,5818.34
2009-07-27,5863.27,5863.27
2009-07-28,5971.47,5971.47
2009-07-29,5953.1,5953.1
2009-07-30,6190.69,6190.69
2009-07-31,6284.61,6284.61
2009-08-03,6328.56,6328.56
2009-08-04,6375.1,6375.1
2009-08-05,6209.19,6209.19
2009-08-06,6300.99,6300.99
2009-08-10,6378.17,6378.17
2009-08-11,6415.97,6415.97
2009-08-12,6277.21,6277.21
2009-08-13,6428.29,6428.29
2009-08-14,6397.38,6397.38
2009-08-18,6256.22,6256.22
2009-08-19,6080.61,6080.61
2009-08-20,6228.97,6228.97
2009-08-21,6267.56,6267.56
2009-08-24,6417.08,6417.08
2009-08-25,6426.55,6426.55
2009-08-26,6417.79,6417.79
2009-08-27,6355.23,6355.23
2009-08-28,6408.99,6408.99
2009-08-31,6320.72,6320.72
2009-09-01,6247.09,6247.09
2009-09-02,6147.61,6147.61
2009-09-03,6254.89,6254.89
2009-09-04,6246.73,6246.73
2009-09-07,6289.77,6289.77
2009-09-08,6396.52,6396.52
2009-09-09,6456.2,6456.2
2009-09-10,6539.6,6539.6
2009-09-11,6545.86,6545.86
2009-09-14,6443.54,6443.54
2009-09-15,6535.54,6535.54
2009-09-16,6592.23,6592.23
2009-09-17,6661.41,6661.41
2009-09-24,6685.16,6685.16
2009-09-25,6620.69,6620.69
2009-09-28,6467.23,6467.23
2009-09-29,6627.22,6627.22
2009-09-30,6721.91,6721.91
2009-10-01,6728.17,6728.17
2009-10-02,6741.96,6741.96
2009-10-05,6753.41,6753.41
2009-10-06,6920.72,6920.72
2009-10-07,6894.44,6894.44
2009-10-08,6900.62,6900.62
2009-10-12,6735.91,6735.91
2009-10-13,6763.18,6763.18
2009-10-14,6887.95,6887.95
2009-10-15,6908.58,6908.58
2009-10-16,6892.14,6892.14
2009-10-19,6910.35,6910.35
2009-10-20,6864.81,6864.81
2009-10-21,6779.49,6779.49
2009-10-22,6654.87,6654.87
2009-10-23,6775.07,6775.07
2009-10-26,6772.7,6772.7
2009-10-27,6646.06,6646.06
2009-10-28,6434.88,6434.88
2009-10-29,6416.68,6416.68
2009-10-30,6507.46,6507.46
2009-11-02,6512.98,6512.98
2009-11-03,6423.63,6423.63
2009-11-04,6514.82,6514.82
2009-11-05,6511.64,6511.64
2009-11-06,6610.45,6610.45
2009-11-09,6651.96,6651.96
2009-11-10,6587.88,6587.88
2009-11-11,6619.29,6619.29
2009-11-12,6667.81,6667.81
2009-11-13,6679.91,6679.91
2009-11-16,6806.25,6806.25
2009-11-17,6815.93,6815.93
2009-11-18,6832.8,6832.8
2009-11-19,6790.16,6790.16
2009-11-20,6812.84,6812.84
2009-11-23,6794.19,6794.19
2009-11-24,6770.36,6770.36
2009-11-25,6742.74,6742.74
2009-11-26,6560.16,6560.16
2009-11-30,6638.74,6638.74
2009-12-01,6722.43,6722.43
2009-12-02,6785.17,6785.17
2009-12-03,6870.71,6870.71
2009-12-04,6917.28,6917.28
2009-12-07,6856.03,6856.03
2009-12-08,6870.68,6870.68
2009-12-09,6848.81,6848.81
2009-12-10,6869.27,6869.27
2009-12-11,6953.66,6953.66
2009-12-14,6931.89,6931.89
2009-12-15,6904.15,6904.15
2009-12-16,6994.89,6994.89
2009-12-17,6956.42,6956.42
2009-12-21,6720.1,6720.1
2009-12-22,6798.46,6798.46
2009-12-23,6826.22,6826.22
2009-12-28,6908.41,6908.41
2009-12-29,6907.52,6907.52
2009-12-30,6950.34,6950.34
2010-01-04,7065.25,7065.25
2010-01-05,7130.47,7130.47
2010-01-06,7123.3,7123.3
2010-01-07,7083.25,7083.25
2010-01-08,7144.95,7144.95
2010-01-11,7197.87,7197.87
2010-01-12,7278.1,7278.1
2010-01-13,7187.72,7187.72
2010-01-14,7210.68,7210.68
2010-01-15,7215.31,7215.31
2010-01-18,7185.6,7185.6
2010-01-19,7252.2,7252.2
2010-01-20,7241.89,7241.89
2010-01-21,7154.55,7154.55
2010-01-22,7074.19,7074.19
2010-01-25,7030.58,7030.58
2010-01-26,6964.43,6964.43
2010-01-27,6919.99,6919.99
2010-01-28,7086.59,7086.59
2010-01-29,7052.39,7052.39
2010-02-01,6971.37,6971.37
2010-02-02,6966.62,6966.62
2010-02-03,7009.8,7009.8
2010-02-04,6995.42,6995.42
2010-02-05,6802.11,6802.11
2010-02-08,6695.26,6695.26
2010-02-09,6759.09,6759.09
2010-02-10,6747.85,6747.85
2010-02-11,6817.93,6817.93
2010-02-12,6865.19,6865.19
2010-02-15,6809.32,6809.32
2010-02-16,6928.51,6928.51
2010-02-17,6992.64,6992.64
2010-02-18,6938.67,6938.67
2010-02-19,6929.46,6929.46
2010-02-22,6960.05,6960.05
2010-02-23,7004.19,7004.19
2010-02-24,6997.53,6997.53
2010-02-25,6917.82,6917.82
2010-03-01,6943.33,6943.33
2010-03-02,6978.8,6978.8
2010-03-03,6955.24,6955.24
2010-03-04,6929.25,6929.25
2010-03-05,6953.59,6953.59
2010-03-08,7075.75,7075.75
2010-03-09,7169.13,7169.13
2010-03-10,7199.66,7199.66
2010-03-11,7214.29,7214.29
2010-03-12,7177.62,7177.62
2010-03-15,7183.93,7183.93
2010-03-17,7446.51,7446.51
2010-03-18,7394.27,7394.27
2010-03-19,7431.28,7431.28
2010-03-22,7320.18,7320.18
2010-03-23,7354.28,7354.28
2010-03-24,7504.55,7504.55
2010-03-25,7583.64,7583.64
2010-03-26,7605.11,7605.11
2010-03-29,7562.86,7562.86
2010-03-30,7552.63,7552.63
2010-03-31,7513.58,7513.58
2010-04-01,7646.76,7646.76
2010-04-05,7781.77,7781.77
2010-04-06,7737.12,7737.12
2010-04-07,7751.72,7751.72
2010-04-08,7597.61,7597.61
2010-04-09,7563.14,7563.14
2010-04-12,7668.18,7668.18
2010-04-13,7693.34,7693.34
2010-04-14,7690.26,7690.26
2010-04-15,7724.62,7724.62
2010-04-16,7667.79,7667.79
2010-04-19,7572.01,7572.01
2010-04-20,7709.8,7709.8
2010-04-21,7781.58,7781.58
2010-04-22,7827.59,7827.59
2010-04-23,7813.14,7813.14
2010-04-26,7852.98,7852.98
2010-04-27,7816.01,7816.01
2010-04-28,7702.62,7702.62
2010-04-29,7760.64,7760.64
2010-04-30,7900.34,7900.34
2010-05-03,7869.9,7869.9
2010-05-04,7844.28,7844.28
2010-05-05,7530.52,7530.52
2010-05-06,7461.39,7461.39
2010-05-07,7265.98,7265.98
2010-05-10,7551.07,7551.07
2010-05-11,7461.76,7461.76
2010-05-12,7554.87,7554.87
2010-05-14,7576.3,7576.3
2010-05-17,7484.21,7484.21
2010-05-18,7533.81,7533.81
2010-05-19,7244.46,7244.46
2010-05-20,7165.36,7165.36
2010-05-21,6997.17,6997.17
2010-05-24,6991.43,6991.43
2010-05-25,6794.24,6794.24
2010-05-26,7221.91,7221.91
2010-05-27,7282.07,7282.07
2010-05-31,7497.66,7497.66
2010-06-01,7320.83,7320.83
2010-06-02,7332.13,7332.13
2010-06-03,7526.12,7526.12
2010-06-04,7540.78,7540.78
2010-06-07,7356.43,7356.43
2010-06-08,7423.78,7423.78
2010-06-09,7451.93,7451.93
2010-06-10,7397.38,7397.38
2010-06-11,7494.08,7494.08
2010-06-14,7564.61,7564.61
2010-06-15,7582.65,7582.65
2010-06-16,7666.35,7666.35
2010-06-17,7737.63,7737.63
2010-06-18,7851.86,7851.86
2010-06-21,7892.02,7892.02
2010-06-22,7862.45,7862.45
2010-06-23,7832.82,7832.82
2010-06-24,7798.02,7798.02
2010-06-25,7874.44,7874.44
2010-06-28,7906.67,7906.67
2010-06-29,7757.84,7757.84
2010-06-30,7824.05,7824.05
2010-07-01,7724.2,7724.2
2010-07-02,7698.75,7698.75
2010-07-05,7718.59,7718.59
2010-07-06,7818.22,7818.22
2010-07-07,7792.12,7792.12
2010-07-08,7873.91,7873.91
2010-07-09,7966.92,7966.92
2010-07-12,8003.33,8003.33
2010-07-13,8014.75,8014.75
2010-07-14,8051.46,8051.46
2010-07-15,8078,8078
2010-07-16,8118.09,8118.09
2010-07-19,8059.98,8059.98
2010-07-20,8116.38,8116.38
2010-07-21,8168.71,8168.71
2010-07-22,8159.75,8159.75
2010-07-23,8254.28,8254.28
2010-07-26,8192.11,8192.11
2010-07-27,8236.51,8236.51
2010-07-28,8247.01,8247.01
2010-07-29,8334.94,8334.94
2010-07-30,8258.2,8258.2
2010-08-02,8200.72,8200.72
2010-08-03,7965.2,7965.2
2010-08-04,7988.41,7988.41
2010-08-05,8141.73,8141.73
2010-08-06,8172.58,8172.58
2010-08-09,8230.72,8230.72
2010-08-10,8159.82,8159.82
2010-08-11,8102.99,8102.99
2010-08-12,8075.77,8075.77
2010-08-13,8154.41,8154.41
2010-08-16,8143.61,8143.61
2010-08-18,8182.17,8182.17
2010-08-19,8289.92,8289.92
2010-08-20,8312.36,8312.36
2010-08-23,8325.51,8325.51
2010-08-24,8296.47,8296.47
2010-08-25,8327.47,8327.47
2010-08-26,8355.64,8355.64
2010-08-27,8246.31,8246.31
2010-08-30,8223.95,8223.95
2010-08-31,8170.99,8170.99
2010-09-01,8324.04,8324.04
2010-09-02,8295.99,8295.99
2010-09-03,8414.81,8414.81
2010-09-06,8514.44,8514.44
2010-09-07,8525.59,8525.59
2010-09-15,8881.52,8881.52
2010-09-16,8803.77,8803.77
2010-09-17,8890.53,8890.53
2010-09-20,8811.9,8811.9
2010-09-21,8752.71,8752.71
2010-09-22,8705.38,8705.38
2010-09-23,8702.09,8702.09
2010-09-24,8869.5,8869.5
2010-09-27,9005.39,9005.39
2010-09-28,9028.63,9028.63
2010-09-29,9074.22,9074.22
2010-09-30,9097.06,9097.06
2010-10-01,9222.15,9222.15
2010-10-04,9290.78,9290.78
2010-10-05,9327.84,9327.84
2010-10-06,9349.53,9349.53
2010-10-07,9307.47,9307.47
2010-10-08,9179.4,9179.4
2010-10-11,9168.98,9168.98
2010-10-12,9183.79,9183.79
2010-10-13,9301.23,9301.23
2010-10-14,9343.86,9343.86
2010-10-15,9296.72,9296.72
2010-10-18,9210.82,9210.82
2010-10-19,9251.6,9251.6
2010-10-20,9205.04,9205.04
2010-10-21,9242,9242
2010-10-22,9296,9296
2010-10-25,9423.12,9423.12
2010-10-26,9460.17,9460.17
2010-10-27,9424.75,9424.75
2010-10-28,9420.58,9420.58
2010-10-29,9430.55,9430.55
2010-11-01,9434.88,9434.88
2010-11-02,9392.2,9392.2
2010-11-03,9329.14,9329.14
2010-11-04,9395.29,9395.29
2010-11-05,9480.68,9480.68
2010-11-08,9566.1,9566.1
2010-11-09,9687.42,9687.42
2010-11-10,9718.68,9718.68
2010-11-11,9649.49,9649.49
2010-11-12,9468.08,9468.08
2010-11-15,9409.69,9409.69
2010-11-16,9462.36,9462.36
2010-11-18,9457.16,9457.16
2010-11-19,9594.93,9594.93
2010-11-22,9616.58,9616.58
2010-11-23,9416.71,9416.71
2010-11-24,9347.49,9347.49
2010-11-25,9456.95,9456.95
2010-11-26,9288.53,9288.53
2010-11-29,9285.44,9285.44
2010-11-30,9010.6,9010.6
2010-12-01,9240.33,9240.33
2010-12-02,9417.95,9417.95
2010-12-03,9378.73,9378.73
2010-12-06,9451.77,9451.77
2010-12-08,9540.02,9540.02
2010-12-09,9495.5,9495.5
2010-12-10,9408.64,9408.64
2010-12-13,9312.53,9312.53
2010-12-14,9276.94,9276.94
2010-12-15,9223.06,9223.06
2010-12-16,8973.63,8973.63
2010-12-17,9008.54,9008.54
2010-12-20,9007.11,9007.11
2010-12-21,9171.33,9171.33
2010-12-22,9138.05,9138.05
2010-12-23,9084.62,9084.62
2010-12-27,9121.84,9121.84
2010-12-28,9198.44,9198.44
2010-12-29,9283.7,9283.7
2010-12-30,9301.49,9301.49
2011-01-03,9388.98,9388.98
2011-01-04,9453.43,9453.43
2011-01-05,9497.34,9497.34
2011-01-06,9372.01,9372.01
2011-01-07,9103.38,9103.38
2011-01-10,8757.43,8757.43
2011-01-11,8691.52,8691.52
2011-01-12,8897.92,8897.92
2011-01-13,8942.65,8942.65
2011-01-14,8927.67,8927.67
2011-01-17,8829.53,8829.53
2011-01-18,8860.38,8860.38
2011-01-19,8809.79,8809.79
2011-01-20,8629.9,8629.9
2011-01-21,8445.89,8445.89
2011-01-24,8348.81,8348.81
2011-01-25,8555.96,8555.96
2011-01-26,8722.85,8722.85
2011-01-27,8725.72,8725.72
2011-01-28,8645.47,8645.47
2011-01-31,8479.04,8479.04
2011-02-01,8536.32,8536.32
2011-02-02,8624.58,8624.58
2011-02-04,8651.78,8651.78
2011-02-07,8649.99,8649.99
2011-02-08,8597.41,8597.41
2011-02-09,8517.81,8517.81
2011-02-10,8435.49,8435.49
2011-02-11,8464.49,8464.49
2011-02-14,8536.86,8536.86
2011-02-16,8528.78,8528.78
2011-02-17,8568.37,8568.37
2011-02-18,8712.61,8712.61
2011-02-21,8688.46,8688.46
2011-02-22,8591.72,8591.72
2011-02-23,8654.45,8654.45
2011-02-24,8546.87,8546.87
2011-02-25,8536.9,8536.9
2011-02-28,8605.62,8605.62
2011-03-01,8686.32,8686.32
2011-03-02,8623.58,8623.58
2011-03-03,8620.45,8620.45
2011-03-04,8757.38,8757.38
2011-03-07,8798.46,8798.46
2011-03-08,8839.27,8839.27
2011-03-09,8863.75,8863.75
2011-03-10,8829.81,8829.81
2011-03-11,8710.49,8710.49
2011-03-14,8775.54,8775.54
2011-03-15,8688.93,8688.93
2011-03-16,8699.95,8699.95
2011-03-17,8603.35,8603.35
2011-03-18,8607.96,8607.96
2011-03-21,8680.39,8680.39
2011-03-22,8688.24,8688.24
2011-03-23,8787.9,8787.9
2011-03-24,8903.13,8903.13
2011-03-25,8863.45,8863.45
2011-03-28,8851.41,8851.41
2011-03-29,8819.67,8819.67
2011-03-30,8908.52,8908.52
2011-03-31,8955.85,8955.85
2011-04-01,9032.77,9032.77
2011-04-04,9031.25,9031.25
2011-04-05,9015.07,9015.07
2011-04-06,9088.48,9088.48
2011-04-07,9094.6,9094.6
2011-04-08,9105.57,9105.57
2011-04-11,9107.5,9107.5
2011-04-12,9056.47,9056.47
2011-04-13,9087.96,9087.96
2011-04-14,9020.08,9020.08
2011-04-15,9073.8,9073.8
2011-04-18,9059.04,9059.04
2011-04-19,9047,9047
2011-04-20,9214.39,9214.39
2011-04-21,9221.49,9221.49
2011-04-25,9181.48,9181.48
2011-04-26,9156.58,9156.58
2011-04-27,9219.46,9219.46
2011-04-28,9220.84,9220.84
2011-04-29,9224.15,9224.15
2011-05-02,9310.76,9310.76
2011-05-03,9235.39,9235.39
2011-05-04,9234.18,9234.18
2011-05-05,9227.45,9227.45
2011-05-06,9163.58,9163.58
2011-05-09,9104.59,9104.59
2011-05-10,9125.56,9125.56
2011-05-11,9216.75,9216.75
2011-05-12,9123.54,9123.54
2011-05-13,9158.61,9158.61
2011-05-16,9083.33,9083.33
2011-05-18,9160.11,9160.11
2011-05-19,9223.74,9223.74
2011-05-20,9264.23,9264.23
2011-05-23,9047.02,9047.02
2011-05-24,9058.08,9058.08
2011-05-25,9039.39,9039.39
2011-05-26,9128.15,9128.15
2011-05-27,9160.6,9160.6
2011-05-30,9183.62,9183.62
2011-05-31,9177.2,9177.2
2011-06-01,9151.63,9151.63
2011-06-03,9188.09,9188.09
2011-06-06,9151.76,9151.76
2011-06-07,9172.7,9172.7
2011-06-08,9122.7,9122.7
2011-06-09,9072.02,9072.02
2011-06-10,9040.58,9040.58
2011-06-13,8970.19,8970.19
2011-06-14,9029.58,9029.58
2011-06-15,9097.6,9097.6
2011-06-16,8976.46,8976.46
2011-06-17,8963.17,8963.17
2011-06-20,8980.58,8980.58
2011-06-21,9101.97,9101.97
2011-06-22,9144,9144
2011-06-23,9127.69,9127.69
2011-06-24,9178.34,9178.34
2011-06-27,9115.27,9115.27
2011-06-28,9152.21,9152.21
2011-06-30,9293.08,9293.08
2011-07-01,9390.16,9390.16
2011-07-04,9446.13,9446.13
2011-07-05,9363.95,9363.95
2011-07-06,9308.45,9308.45
2011-07-07,9377.61,9377.61
2011-07-08,9548.38,9548.38
2011-07-11,9541.63,9541.63
2011-07-12,9416.17,9416.17
2011-07-13,9476.33,9476.33
2011-07-14,9554.96,9554.96
2011-07-15,9604.96,9604.96
2011-07-18,9629.52,9629.52
2011-07-19,9565.48,9565.48
2011-07-20,9626.88,9626.88
2011-07-21,9695.17,9695.17
2011-07-22,9762.27,9762.27
2011-07-25,9706.74,9706.74
2011-07-26,9827.99,9827.99
2011-07-27,9973.24,9973.24
2011-07-28,9896.13,9896.13
2011-07-29,9858.82,9858.82
2011-08-01,9966.82,9966.82
2011-08-02,9929.5,9929.5
2011-08-03,9809.49,9809.49
2011-08-04,9754.57,9754.57
2011-08-05,9299.91,9299.91
2011-08-08,9218.35,9218.35
2011-08-09,8963.74,8963.74
2011-08-10,9281.32,9281.32
2011-08-11,9265.35,9265.35
2011-08-12,9298.52,9298.52
2011-08-15,9447.91,9447.91
2011-08-16,9444.28,9444.28
2011-08-18,9603.41,9603.41
2011-08-19,9123.42,9123.42
2011-08-22,9166.69,9166.69
2011-08-23,9268.21,9268.21
2011-08-24,9180.32,9180.32
2011-08-25,9189.05,9189.05
2011-08-26,9154.68,9154.68
2011-09-05,9225.1,9225.1
2011-09-06,9261.09,9261.09
2011-09-07,9502.95,9502.95
2011-09-08,9509.36,9509.36
2011-09-09,9469.59,9469.59
2011-09-12,9202.49,9202.49
2011-09-13,9144.83,9144.83
2011-09-14,8947.95,8947.95
2011-09-15,8877.65,8877.65
2011-09-16,9023.44,9023.44
2011-09-19,8814.15,8814.15
2011-09-20,8781.13,8781.13
2011-09-21,8640.8,8640.8
2011-09-22,7825.9,7825.9
2011-09-23,7995.22,7995.22
2011-09-26,7734.07,7734.07
2011-09-27,8145.23,8145.23
2011-09-28,8296.64,8296.64
2011-09-29,8386.75,8386.75
2011-09-30,8387.42,8387.42
2011-10-03,7862.98,7862.98
2011-10-04,7644.86,7644.86
2011-10-05,7689.2,7689.2
2011-10-06,8091.16,8091.16
2011-10-07,8060.89,8060.89
2011-10-10,8132.09,8132.09
2011-10-11,8363.23,8363.23
2011-10-12,8639.25,8639.25
2011-10-13,8752.61,8752.61
2011-10-14,8732.68,8732.68
2011-10-17,8907.43,8907.43
2011-10-18,8619.3,8619.3
2011-10-19,8785.1,8785.1
2011-10-20,8620.34,8620.34
2011-10-21,8616.33,8616.33
2011-10-24,8859.7,8859.7
2011-10-25,8856.04,8856.04
2011-10-26,8930.67,8930.67
2011-10-27,9121.67,9121.67
2011-10-28,9170.1,9170.1
2011-10-31,9083.25,9083.25
2011-11-01,8809.32,8809.32
2011-11-02,9010.09,9010.09
2011-11-03,8857.95,8857.95
2011-11-04,9074.1,9074.1
2011-11-07,9049.54,9049.54
2011-11-08,9088.06,9088.06
2011-11-09,9222.99,9222.99
2011-11-10,9025.16,9025.16
2011-11-11,9028.91,9028.91
2011-11-14,9171.33,9171.33
2011-11-15,9115.57,9115.57
2011-11-16,9120.11,9120.11
2011-11-17,9080.66,9080.66
2011-11-18,8970.16,8970.16
2011-11-21,8781.49,8781.49
2011-11-22,8906.96,8906.96
2011-11-23,8770.59,8770.59
2011-11-24,8772.75,8772.75
2011-11-25,8627.78,8627.78
2011-11-28,8669.73,8669.73
2011-11-29,8787.3,8787.3
2011-11-30,8821.24,8821.24
2011-12-01,8966.49,8966.49
2011-12-02,8971.69,8971.69
2011-12-05,8973.81,8973.81
2011-12-06,8911.19,8911.19
2011-12-07,9007.41,9007.41
2011-12-08,8975.99,8975.99
2011-12-09,8917.73,8917.73
2011-12-12,9019.47,9019.47
2011-12-13,8957.76,8957.76
2011-12-14,8935.54,8935.54
2011-12-15,8817.3,8817.3
2011-12-16,8955.11,8955.11
2011-12-19,8950.28,8950.28
2011-12-20,8922.99,8922.99
2011-12-21,9025.75,9025.75
2011-12-22,9033.19,9033.19
2011-12-23,9053.07,9053.07
2011-12-27,9018.29,9018.29
2011-12-28,8997.83,8997.83
2011-12-29,9070.8,9070.8
2011-12-30,9104.04,9104.04
2012-01-02,9070.94,9070.94
2012-01-03,9199.96,9199.96
2012-01-04,9317.56,9317.56
2012-01-05,9332.63,9332.63
2012-01-06,9219.89,9219.89
2012-01-09,9248.3,9248.3
2012-01-10,9360.78,9360.78
2012-01-11,9283.08,9283.08
2012-01-12,9267.91,9267.91
2012-01-13,9319.99,9319.99
2012-01-16,9262.1,9262.1
2012-01-17,9361.88,9361.88
2012-01-18,9419.12,9419.12
2012-01-19,9445.75,9445.75
2012-01-20,9386.66,9386.66
2012-01-24,9405.5,9405.5
2012-01-25,9351.08,9351.08
2012-01-26,9396.11,9396.11
2012-01-27,9392.63,9392.63
2012-01-30,9210.3,9210.3
2012-01-31,9293.09,9293.09
2012-02-01,9381.25,9381.25
2012-02-02,9503.49,9503.49
2012-02-03,9505.05,9505.05
2012-02-06,9386.63,9386.63
2012-02-07,9346.55,9346.55
2012-02-08,9443.31,9443.31
2012-02-09,9431.54,9431.54
2012-02-10,9303.84,9303.84
2012-02-13,9404.96,9404.96
2012-02-14,9393.54,9393.54
2012-02-15,9415.62,9415.62
2012-02-16,9349.47,9349.47
2012-02-17,9471.92,9471.92
2012-02-20,9469.74,9469.74
2012-02-21,9490.4,9490.4
2012-02-22,9471.02,9471.02
2012-02-23,9390.72,9390.72
2012-02-24,9236.51,9236.51
2012-02-27,9139.44,9139.44
2012-02-28,9261.23,9261.23
2012-02-29,9461.37,9461.37
2012-03-01,9399.35,9399.35
2012-03-02,9509.25,9509.25
2012-03-05,9476.01,9476.01
2012-03-06,9420.98,9420.98
2012-03-07,9373.05,9373.05
2012-03-08,9465.64,9465.64
2012-03-09,9529.21,9529.21
2012-03-12,9520.76,9520.76
2012-03-13,9563.9,9563.9
2012-03-14,9673.16,9673.16
2012-03-15,9636.33,9636.33
2012-03-16,9589.48,9589.48
2012-03-19,9573.6,9573.6
2012-03-20,9568.83,9568.83
2012-03-21,9588.46,9588.46
2012-03-22,9603.43,9603.43
2012-03-26,9538.56,9538.56
2012-03-27,9657.97,9657.97
2012-03-28,9691.88,9691.88
2012-03-29,9743.98,9743.98
2012-03-30,9793.41,9793.41
2012-04-02,9889.31,9889.31
2012-04-03,9989.78,9989.78
2012-04-04,9745.55,9745.55
2012-04-05,9826.77,9826.77
2012-04-09,9775.14,9775.14
2012-04-10,9768.47,9768.47
2012-04-11,9709.42,9709.42
2012-04-12,9759.18,9759.18
2012-04-13,9814.76,9814.76
2012-04-16,9753.31,9753.31
2012-04-17,9815.96,9815.96
2012-04-18,9836.93,9836.93
2012-04-19,9817.22,9817.22
2012-04-20,9870.58,9870.58
2012-04-23,9815.7,9815.7
2012-04-24,9808.86,9808.86
2012-04-25,9802.07,9802.07
2012-04-26,9856.98,9856.98
2012-04-27,9820.87,9820.87
2012-04-30,9829.06,9829.06
2012-05-01,9841.88,9841.88
2012-05-02,9899.13,9899.13
2012-05-03,9922.8,9922.8
2012-05-04,9889.44,9889.44
2012-05-07,9725.09,9725.09
2012-05-08,9762.34,9762.34
2012-05-09,9624.04,9624.04
2012-05-10,9655.46,9655.46
2012-05-11,9628.38,9628.38
2012-05-14,9468.09,9468.09
2012-05-15,9474.51,9474.51
2012-05-16,9336.27,9336.27
2012-05-21,9247.94,9247.94
2012-05-22,9431.81,9431.81
2012-05-23,9339.78,9339.78
2012-05-24,9359.09,9359.09
2012-05-25,9178.17,9178.17
2012-05-28,9228.84,9228.84
2012-05-29,9224.94,9224.94
2012-05-30,9233.83,9233.83
2012-05-31,9033.83,9033.83
2012-06-01,8976.13,8976.13
2012-06-04,8648.99,8648.99
2012-06-05,8805.69,8805.69
2012-06-06,9125.95,9125.95
2012-06-07,9109.17,9109.17
2012-06-08,9086.8,9086.8
2012-06-11,9176.95,9176.95
2012-06-12,9130.19,9130.19
2012-06-13,9167.64,9167.64
2012-06-14,9018.76,9018.76
2012-06-15,9092.4,9092.4
2012-06-18,9168.46,9168.46
2012-06-19,9219.12,9219.12
2012-06-20,9329.19,9329.19
2012-06-21,9231.38,9231.38
2012-06-22,9189.22,9189.22
2012-06-25,9124.21,9124.21
2012-06-26,9184.76,9184.76
2012-06-27,9301.45,9301.45
2012-06-28,9188.04,9188.04
2012-06-29,9321.88,9321.88
2012-07-02,9404.44,9404.44
2012-07-03,9564.58,9564.58
2012-07-04,9637.49,9637.49
2012-07-05,9614.84,9614.84
2012-07-06,9586.29,9586.29
2012-07-09,9426.76,9426.76
2012-07-10,9491.53,9491.53
2012-07-11,9546.95,9546.95
2012-07-12,9462.86,9462.86
2012-07-13,9539.12,9539.12
2012-07-16,9602.17,9602.17
2012-07-17,9678.28,9678.28
2012-07-18,9691.84,9691.84
2012-07-19,9721.62,9721.62
2012-07-20,9668.72,9668.72
2012-07-23,9500.12,9500.12
2012-07-24,9458.65,9458.65
2012-07-25,9469.09,9469.09
2012-07-26,9492.65,9492.65
2012-07-27,9676.29,9676.29
2012-07-30,9709.78,9709.78
2012-07-31,9825.34,9825.34
2012-08-01,9798.43,9798.43
2012-08-02,9681.75,9681.75
2012-08-03,9697.34,9697.34
2012-08-06,9713.5,9713.5
2012-08-07,9670.36,9670.36
2012-08-08,9669.52,9669.52
2012-08-09,9751.31,9751.31
2012-08-10,9792.49,9792.49
2012-08-13,9708.22,9708.22
2012-08-14,9764.88,9764.88
2012-08-15,9806.31,9806.31
2012-08-16,9829.57,9829.57
2012-08-23,9831.33,9831.33
2012-08-24,9786.16,9786.16
2012-08-27,9789.91,9789.91
2012-08-28,9778.78,9778.78
2012-08-29,9654.28,9654.28
2012-08-30,9485.61,9485.61
2012-08-31,9566.02,9566.02
2012-09-03,9698.98,9698.98
2012-09-04,9676.1,9676.1
2012-09-05,9594.95,9594.95
2012-09-06,9649.32,9649.32
2012-09-07,9739.94,9739.94
2012-09-10,9760.78,9760.78
2012-09-11,9746.6,9746.6
2012-09-12,9784.76,9784.76
2012-09-13,9763.97,9763.97
2012-09-14,9955.65,9955.65
2012-09-17,9974.59,9974.59
2012-09-18,9893.2,9893.2
2012-09-19,9899.51,9899.51
2012-09-20,9841.46,9841.46
2012-09-21,9898.43,9898.43
2012-09-24,9821.01,9821.01
2012-09-25,9875.23,9875.23
2012-09-26,9765.78,9765.78
2012-09-27,9865,9865
2012-09-28,9963.71,9963.71
2012-10-01,9922.6,9922.6
2012-10-02,9969.47,9969.47
2012-10-03,9972.47,9972.47
2012-10-04,10037.52,10037.52
2012-10-05,10120.17,10120.17
2012-10-08,10031.42,10031.42
2012-10-09,10031.46,10031.46
2012-10-10,10031.93,10031.93
2012-10-11,10037.88,10037.88
2012-10-12,10093.65,10093.65
2012-10-15,10116.63,10116.63
2012-10-16,10160.41,10160.41
2012-10-17,10185.93,10185.93
2012-10-18,10222.72,10222.72
2012-10-19,10173.57,10173.57
2012-10-22,10210.98,10210.98
2012-10-23,10169.02,10169.02
2012-10-24,10179.31,10179.31
2012-10-25,10188.85,10188.85
2012-10-29,10177.19,10177.19
2012-10-30,10263.29,10263.29
2012-10-31,10237.31,10237.31
2012-11-01,10209.97,10209.97
2012-11-02,10218.69,10218.69
2012-11-05,10129.39,10129.39
2012-11-06,10189.68,10189.68
2012-11-07,10291,10291
2012-11-08,10224.59,10224.59
2012-11-09,10242.84,10242.84
2012-11-12,10221.27,10221.27
2012-11-13,10243.65,10243.65
2012-11-14,10269.9,10269.9
2012-11-19,10177.66,10177.66
2012-11-20,10185.36,10185.36
2012-11-21,10199.07,10199.07
2012-11-22,10256.25,10256.25
2012-11-23,10299.61,10299.61
2012-11-26,10389.36,10389.36
2012-11-27,10312.93,10312.93
2012-11-28,10229.48,10229.48
2012-11-29,10269.18,10269.18
2012-11-30,10213.81,10213.81
2012-12-03,10248.26,10248.26
2012-12-04,10168.61,10168.61
2012-12-05,10219.83,10219.83
2012-12-06,10235.86,10235.86
2012-12-07,10226.94,10226.94
2012-12-10,10245.1,10245.1
2012-12-11,10288.23,10288.23
2012-12-12,10313.9,10313.9
2012-12-13,10258.55,10258.55
2012-12-14,10238.25,10238.25
2012-12-17,10244.73,10244.73
2012-12-18,10200.05,10200.05
2012-12-19,10134.59,10134.59
2012-12-20,10069.74,10069.74
2012-12-21,10096,10096
2012-12-26,10149.99,10149.99
2012-12-27,10156.13,10156.13
2012-12-28,10198.02,10198.02
2013-01-02,10229.03,10229.03
2013-01-03,10331.72,10331.72
2013-01-04,10345.71,10345.71
2013-01-07,10302.86,10302.86
2013-01-08,10314.57,10314.57
2013-01-09,10231.5,10231.5
2013-01-10,10114.48,10114.48
2013-01-11,10051.21,10051.21
2013-01-14,10229.28,10229.28
2013-01-15,10287.06,10287.06
2013-01-16,10323.78,10323.78
2013-01-17,10286.4,10286.4
2013-01-18,10426.96,10426.96
2013-01-21,10348.52,10348.52
2013-01-22,10301.18,10301.18
2013-01-23,10314.43,10314.43
2013-01-25,10370.7,10370.7
2013-01-28,10323.89,10323.89
2013-01-29,10373.25,10373.25
2013-01-30,10415.95,10415.95
2013-01-31,10403.21,10403.21
2013-02-01,10439.16,10439.16
2013-02-04,10444.28,10444.28
2013-02-05,10409.25,10409.25
2013-02-06,10435.77,10435.77
2013-02-07,10457.13,10457.13
2013-02-08,10433.1,10433.1
2013-02-11,10459.56,10459.56
2013-02-12,10543.22,10543.22
2013-02-13,10610.28,10610.28
2013-02-14,10635.92,10635.92
2013-02-15,10681.96,10681.96
2013-02-18,10698.52,10698.52
2013-02-19,10647.84,10647.84
2013-02-20,10750.65,10750.65
2013-02-21,10764.21,10764.21
2013-02-22,10814.47,10814.47
2013-02-25,10921.22,10921.22
2013-02-26,10837.34,10837.34
2013-02-27,10957.91,10957.91
2013-02-28,11156.15,11156.15
2013-03-01,11214.6,11214.6
2013-03-04,11079.36,11079.36
2013-03-05,11068.54,11068.54
2013-03-06,11254.84,11254.84
2013-03-07,11308.68,11308.68
2013-03-08,11363.93,11363.93
2013-03-11,11297.32,11297.32
2013-03-13,11238.15,11238.15
2013-03-14,11095.96,11095.96
2013-03-15,11182.33,11182.33
2013-03-18,11149.3,11149.3
2013-03-19,11209.87,11209.87
2013-03-20,11284.98,11284.98
2013-03-21,11207.91,11207.91
2013-03-22,11003.07,11003.07
2013-03-25,11096.67,11096.67
2013-03-26,11234.05,11234.05
2013-03-27,11446.08,11446.08
2013-03-28,11465.98,11465.98
2013-04-01,11422.6,11422.6
2013-04-02,11453.37,11453.37
2013-04-03,11481.57,11481.57
2013-04-04,11331.94,11331.94
2013-04-05,11325.44,11325.44
2013-04-08,11243.79,11243.79
2013-04-09,11259.06,11259.06
2013-04-10,11193.77,11193.77
2013-04-11,11371.27,11371.27
2013-04-12,11379.34,11379.34
2013-04-15,11289.24,11289.24
2013-04-16,11434.83,11434.83
2013-04-17,11564.02,11564.02
2013-04-18,11617.67,11617.67
2013-04-19,11596.75,11596.75
2013-04-22,11562.63,11562.63
2013-04-23,11516.27,11516.27
2013-04-24,11605.14,11605.14
2013-04-25,11540.9,11540.9
2013-04-26,11524.95,11524.95
2013-04-29,11621.41,11621.41
2013-04-30,11735.99,11735.99
2013-05-01,11835.17,11835.17
2013-05-02,11658.9,11658.9
2013-05-03,11492.94,11492.94
2013-05-06,11611.43,11611.43
2013-05-07,11757.19,11757.19
2013-05-08,11822.73,11822.73
2013-05-10,11866.3,11866.3
2013-05-13,11773.16,11773.16
2013-05-14,11835.91,11835.91
2013-05-15,11853.77,11853.77
2013-05-16,11834.82,11834.82
2013-05-17,11977.16,11977.16
2013-05-20,12146.94,12146.94
2013-05-21,12076.67,12076.67
2013-05-22,12143.92,12143.92
2013-05-23,11962.56,11962.56
2013-05-24,12051.44,12051.44
2013-05-27,11897.05,11897.05
2013-05-28,12118.82,12118.82
2013-05-29,12210.75,12210.75
2013-05-30,12098.25,12098.25
2013-05-31,11955.53,11955.53
2013-06-03,11688.27,11688.27
2013-06-04,11786.33,11786.33
2013-06-05,11719.04,11719.04
2013-06-07,11357.74,11357.74
2013-06-10,11165.61,11165.61
2013-06-11,10771.55,10771.55
2013-06-12,11088.25,11088.25
2013-06-13,10886.16,10886.16
2013-06-14,11250.62,11250.62
2013-06-17,11284.75,11284.75
2013-06-18,11412.39,11412.39
2013-06-19,11323.68,11323.68
2013-06-20,10901.27,10901.27
2013-06-21,10621.57,10621.57
2013-06-24,10390.33,10390.33
2013-06-25,10377.1,10377.1
2013-06-26,10764.93,10764.93
2013-06-27,10968.29,10968.29
2013-06-28,11298.61,11298.61
2013-07-01,11187.4,11187.4
2013-07-02,11091.25,11091.25
2013-07-03,10717.62,10717.62
2013-07-04,10706.72,10706.72
2013-07-05,10785.07,10785.07
2013-07-08,10359.76,10359.76
2013-07-09,10295.8,10295.8
2013-07-10,10521.08,10521.08
2013-07-11,10817.25,10817.25
2013-07-12,10852.68,10852.68
2013-07-15,10855.37,10855.37
2013-07-16,10897.37,10897.37
2013-07-17,10963,10963
2013-07-18,11077.12,11077.12
2013-07-19,11076.01,11076.01
2013-07-22,10946.26,10946.26
2013-07-23,11154.51,11154.51
2013-07-24,11015.22,11015.22
2013-07-25,10913.47,10913.47
2013-07-26,10860.58,10860.58
2013-07-29,10703.18,10703.18
2013-07-30,10755.41,10755.41
2013-07-31,10743.61,10743.61
2013-08-01,10817.97,10817.97
2013-08-02,10844.53,10844.53
2013-08-12,10719.15,10719.15
2013-08-13,10869.27,10869.27
2013-08-14,10974.49,10974.49
2013-08-15,10925.84,10925.84
2013-08-16,10659.22,10659.22
2013-08-19,10080.39,10080.39
2013-08-20,9825.49,9825.49
2013-08-21,9947.94,9947.94
2013-08-22,9797.68,9797.68
2013-08-23,9786.22,9786.22
2013-08-26,9675.3,9675.3
2013-08-27,9339.34,9339.34
2013-08-28,9506.54,9506.54
2013-08-29,9675.66,9675.66
2013-08-30,9889.6,9889.6
2013-09-02,9694.6,9694.6
2013-09-03,9815.95,9815.95
2013-09-04,9608.07,9608.07
2013-09-05,9516.04,9516.04
2013-09-06,9546.11,9546.11
2013-09-09,9828.81,9828.81
2013-09-10,10213.76,10213.76
2013-09-11,10180.93,10180.93
2013-09-12,10216.25,10216.25
2013-09-13,10224.36,10224.36
2013-09-16,10522,10522
2013-09-17,10498.21,10498.21
2013-09-18,10363.67,10363.67
2013-09-19,10871.13,10871.13
2013-09-20,10645.51,10645.51
2013-09-23,10578.13,10578.13
2013-09-24,10317.78,10317.78
2013-09-25,10197.47,10197.47
2013-09-26,10206.07,10206.07
2013-09-27,10239.32,10239.32
2013-09-30,9939.01,9939.01
2013-10-01,10041.97,10041.97
2013-10-02,10139.65,10139.65
2013-10-03,10199.65,10199.65
2013-10-04,10136.75,10136.75
2013-10-07,10081.52,10081.52
2013-10-08,10225.6,10225.6
2013-10-09,10286.61,10286.61
2013-10-10,10367.94,10367.94
2013-10-11,10462.41,10462.41
2013-10-16,10381.64,10381.64
2013-10-17,10442.93,10442.93
2013-10-18,10523.28,10523.28
2013-10-21,10619.72,10619.72
2013-10-22,10458.53,10458.53
2013-10-23,10556.16,10556.16
2013-10-24,10683.33,10683.33
2013-10-25,10665.34,10665.34
2013-10-28,10688.83,10688.83
2013-10-29,10583.14,10583.14
2013-10-30,10606.17,10606.17
2013-10-31,10419.58,10419.58
2013-11-01,10240.82,10240.82
2013-11-04,10242.6,10242.6
2013-11-06,10281.03,10281.03
2013-11-07,10389.8,10389.8
2013-11-08,10344.91,10344.91
2013-11-11,10223.98,10223.98
2013-11-12,10064.72,10064.72
2013-11-13,9877.95,9877.95
2013-11-14,10057.44,10057.44
2013-11-15,9982.88,9982.88
2013-11-18,10095.98,10095.98
2013-11-19,10122.58,10122.58
2013-11-20,9997.16,9997.16
2013-11-21,9943,9943
2013-11-22,9932.94,9932.94
2013-11-25,9958.32,9958.32
2013-11-26,9719.15,9719.15
2013-11-27,9756.47,9756.47
2013-11-28,9729.68,9729.68
2013-11-29,9792.6,9792.6
2013-12-02,9966.21,9966.21
2013-12-03,9897.58,9897.58
2013-12-04,9798.32,9798.32
2013-12-05,9763.32,9763.32
2013-12-06,9692.9,9692.9
2013-12-09,9738.93,9738.93
2013-12-10,9868.51,9868.51
2013-12-11,9850.3,9850.3
2013-12-12,9696.25,9696.25
2013-12-13,9595.69,9595.69
2013-12-16,9460,9460
2013-12-17,9564.46,9564.46
2013-12-18,9614.81,9614.81
2013-12-19,9675.54,9675.54
2013-12-20,9589.18,9589.18
2013-12-23,9577.31,9577.31
2013-12-24,9618.81,9618.81
2013-12-27,9617.86,9617.86
2013-12-30,9733.27,9733.27
2014-01-02,9857.72,9857.72
2014-01-03,9689.77,9689.77
2014-01-06,9548.19,9548.19
2014-01-07,9471.74,9471.74
2014-01-08,9561.92,9561.92
2014-01-09,9562.57,9562.57
2014-01-10,9698.89,9698.89
2014-01-13,10024.74,10024.74
2014-01-15,10129.51,10129.51
2014-01-16,10061.29,10061.29
2014-01-17,10062.76,10062.76
2014-01-20,10093.99,10093.99
2014-01-21,10144,10144
2014-01-22,10195.44,10195.44
2014-01-23,10250.21,10250.21
2014-01-24,10114.36,10114.36
2014-01-27,9825.88,9825.88
2014-01-28,9873.48,9873.48
2014-01-29,10044.76,10044.76
2014-01-30,10055.42,10055.42
2014-02-03,9993.21,9993.21
2014-02-04,9906.29,9906.29
2014-02-05,9986.43,9986.43
2014-02-06,10103.81,10103.81
2014-02-07,10214.04,10214.04
2014-02-10,10172.69,10172.69
2014-02-11,10238.4,10238.4
2014-02-12,10285.59,10285.59
2014-02-13,10275.36,10275.36
2014-02-14,10326.66,10326.66
2014-02-17,10482.85,10482.85
2014-02-18,10489.04,10489.04
2014-02-19,10550.82,10550.82
2014-02-20,10565.24,10565.24
2014-02-21,10687.49,10687.49
2014-02-24,10633.74,10633.74
2014-02-25,10509.44,10509.44
2014-02-26,10415.91,10415.91
2014-02-27,10502.61,10502.61
2014-02-28,10614.15,10614.15
2014-03-03,10532.11,10532.11
2014-03-04,10599.72,10599.72
2014-03-05,10730.42,10730.42
2014-03-06,10829.21,10829.21
2014-03-07,10833.81,10833.81
2014-03-10,10818.5,10818.5
2014-03-11,10901.16,10901.16
2014-03-12,10838.11,10838.11
2014-03-13,10940.12,10940.12
2014-03-14,11341.59,11341.59
2014-03-17,11332.8,11332.8
2014-03-18,11149.95,11149.95
2014-03-19,11209.13,11209.13
2014-03-20,10871.62,10871.62
2014-03-21,10887.82,10887.82
2014-03-24,10940.88,10940.88
2014-03-25,10885.93,10885.93
2014-03-26,10960.26,10960.26
2014-03-27,10941.32,10941.32
2014-03-28,11031.67,11031.67
2014-04-01,11317.09,11317.09
2014-04-02,11319.48,11319.48
2014-04-03,11368.4,11368.4
2014-04-04,11288.5,11288.5
2014-04-07,11462.78,11462.78
2014-04-08,11460.7,11460.7
2014-04-10,10981.4,10981.4
2014-04-11,11100.83,11100.83
2014-04-14,11227.93,11227.93
2014-04-15,11245.88,11245.88
2014-04-16,11267.68,11267.68
2014-04-17,11326.75,11326.75
2014-04-21,11299.61,11299.61
2014-04-22,11310.7,11310.7
2014-04-23,11301.25,11301.25
2014-04-24,11311.38,11311.38
2014-04-25,11331.53,11331.53
2014-04-28,11141.14,11141.14
2014-04-29,11208.03,11208.03
2014-04-30,11236.5,11236.5
2014-05-02,11240.28,11240.28
2014-05-05,11254.5,11254.5
2014-05-06,11223.26,11223.26
2014-05-07,11300.12,11300.12
2014-05-08,11331.05,11331.05
2014-05-09,11406.21,11406.21
2014-05-12,11456.83,11456.83
2014-05-13,11454.9,11454.9
2014-05-14,11642.8,11642.8
2014-05-16,11731.3,11731.3
2014-05-19,11671.39,11671.39
2014-05-20,11357.59,11357.59
2014-05-21,11397.4,11397.4
2014-05-22,11552.06,11552.06
2014-05-23,11568.91,11568.91
2014-05-26,11540.18,11540.18
2014-05-28,11595.08,11595.08
2014-05-30,11372.34,11372.34
2014-06-02,11396.08,11396.08
2014-06-03,11480.05,11480.05
2014-06-04,11447.01,11447.01
2014-06-05,11448.98,11448.98
2014-06-06,11451.73,11451.73
2014-06-09,11305.21,11305.21
2014-06-10,11443.06,11443.06
2014-06-11,11514.98,11514.98
2014-06-12,11430.2,11430.2
2014-06-13,11410.19,11410.19
2014-06-16,11316.02,11316.02
2014-06-17,11375.21,11375.21
2014-06-18,11316.21,11316.21
2014-06-19,11229.93,11229.93
2014-06-20,11211.29,11211.29
2014-06-23,11181.07,11181.07
2014-06-24,11225.2,11225.2
2014-06-25,11158.47,11158.47
2014-06-26,11239.91,11239.91
2014-06-27,11172.3,11172.3
2014-06-30,11256.77,11256.77
2014-07-01,11260.23,11260.23
2014-07-02,11316.54,11316.54
2014-07-03,11281.82,11281.82
2014-07-04,11337.41,11337.41
2014-07-07,11567.88,11567.88
2014-07-08,11652.04,11652.04
2014-07-10,11854.95,11854.95
2014-07-11,11659.64,11659.64
2014-07-14,11628.93,11628.93
2014-07-15,11780.28,11780.28
2014-07-16,11899.22,11899.22
2014-07-17,11762.89,11762.89
2014-07-18,11815.23,11815.23
2014-07-21,11934.38,11934.38
2014-07-22,11809.03,11809.03
2014-07-23,11815.82,11815.82
2014-07-24,11805.09,11805.09
2014-07-25,11773.25,11773.25
2014-08-04,11836.39,11836.39
2014-08-05,11829.75,11829.75
2014-08-06,11697.39,11697.39
2014-08-07,11713.47,11713.47
2014-08-08,11684.6,11684.6
2014-08-11,11838.62,11838.62
2014-08-12,11891.62,11891.62
2014-08-13,11994.16,11994.16
2014-08-14,11958.01,11958.01
2014-08-15,11935.22,11935.22
2014-08-18,11958.03,11958.03
2014-08-19,11974.97,11974.97
2014-08-20,12027.45,12027.45
2014-08-21,12063.73,12063.73
2014-08-22,12027.68,12027.68
2014-08-25,11982.04,11982.04
2014-08-26,11853.41,11853.41
2014-08-27,11907.39,11907.39
2014-08-28,11952.04,11952.04
2014-08-29,11834.66,11834.66
2014-09-01,11922.76,11922.76
2014-09-02,11992.59,11992.59
2014-09-03,12066.32,12066.32
2014-09-04,11998.25,11998.25
2014-09-05,12024.89,12024.89
2014-09-08,12081.25,12081.25
2014-09-09,11953.82,11953.82
2014-09-10,11811.99,11811.99
2014-09-11,11789.03,11789.03
2014-09-12,11810.85,11810.85
2014-09-15,11804.16,11804.16
2014-09-16,11758.49,11758.49
2014-09-17,11905.02,11905.02
2014-09-18,11962.26,11962.26
2014-09-19,12015.97,12015.97
2014-09-22,11995.94,11995.94
2014-09-23,11922.02,11922.02
2014-09-24,11883.9,11883.9
2014-09-25,11969.35,11969.35
2014-09-26,11772.22,11772.22
2014-09-29,11783.64,11783.64
2014-09-30,11765.2,11765.2
2014-10-01,11779.32,11779.32
2014-10-02,11430.33,11430.33
2014-10-03,11294.49,11294.49
2014-10-06,11406.88,11406.88
2014-10-07,11495.84,11495.84
2014-10-08,11309.52,11309.52
2014-10-09,11398.21,11398.21
2014-10-10,11309.11,11309.11
2014-10-13,11193.62,11193.62
2014-10-14,11237.63,11237.63
2014-10-15,11334.19,11334.19
2014-10-16,11328.69,11328.69
2014-10-17,11541.3,11541.3
2014-10-20,11553.12,11553.12
2014-10-21,11539.68,11539.68
2014-10-22,11645.91,11645.91
2014-10-23,11696.12,11696.12
2014-10-24,11630.7,11630.7
2014-10-27,11515.76,11515.76
2014-10-28,11438.27,11438.27
2014-10-29,11630.8,11630.8
2014-10-30,11604.85,11604.85
2014-10-31,11692.23,11692.23
2014-11-03,11683.79,11683.79
2014-11-04,11642.54,11642.54
2014-11-05,11623.28,11623.28
2014-11-06,11558.6,11558.6
2014-11-07,11438.7,11438.7
2014-11-10,11392.13,11392.13
2014-11-11,11562.02,11562.02
2014-11-12,11606.74,11606.74
2014-11-13,11631.84,11631.84
2014-11-14,11642.99,11642.99
2014-11-17,11684.53,11684.53
2014-11-18,11802.05,11802.05
2014-11-19,11866.94,11866.94
2014-11-20,11782.42,11782.42
2014-11-21,11848.72,11848.72
2014-11-24,11943.14,11943.14
2014-11-25,11892.11,11892.11
2014-11-26,11922.49,11922.49
2014-11-27,11952.35,11952.35
2014-11-28,11965.57,11965.57
2014-12-01,12025.53,12025.53
2014-12-02,12072.02,12072.02
2014-12-03,12050.77,12050.77
2014-12-04,12073.01,12073.01
2014-12-05,12083.21,12083.21
2014-12-08,11933.65,11933.65
2014-12-09,11893.23,11893.23
2014-12-10,12020.98,12020.98
2014-12-11,11998.4,11998.4
2014-12-12,12006.37,12006.37
2014-12-15,11884.1,11884.1
2014-12-16,11635.74,11635.74
2014-12-17,11670.73,11670.73
2014-12-18,11861.99,11861.99
2014-12-19,11938.84,11938.84
2014-12-22,11893.6,11893.6
2014-12-23,11934.34,11934.34
2014-12-24,11987.51,11987.51
2014-12-29,12020.03,12020.03
2014-12-30,12086.54,12086.54
2015-01-02,12134.55,12134.55
2015-01-05,12057.08,12057.08
2015-01-06,11924.78,11924.78
2015-01-07,12045.92,12045.92
2015-01-08,12050.39,12050.39
2015-01-09,12036.58,12036.58
2015-01-12,11945.31,11945.31
2015-01-13,11981.98,11981.98
2015-01-14,11844.5,11844.5
2015-01-15,11928.77,11928.77
2015-01-16,11830.67,11830.67
2015-01-19,11827.06,11827.06
2015-01-20,11859.97,11859.97
2015-01-21,11971.54,11971.54
2015-01-22,12109.77,12109.77
2015-01-23,12281,12281
2015-01-26,12090.83,12090.83
2015-01-27,12137.2,12137.2
2015-01-28,12096.83,12096.83
2015-01-29,12080.63,12080.63
2015-01-30,12139.15,12139.15
2015-02-02,12084.03,12084.03
2015-02-03,12160.66,12160.66
2015-02-04,12196.87,12196.87
2015-02-05,12089.54,12089.54
2015-02-06,12265.68,12265.68
2015-02-09,12284.07,12284.07
2015-02-10,12207.27,12207.27
2015-02-11,12251.07,12251.07
2015-02-12,12254.56,12254.56
2015-02-13,12330.36,12330.36
2015-02-16,12203.46,12203.46
2015-02-17,12220.35,12220.35
2015-02-18,12380.48,12380.48
2015-02-20,12427.43,12427.43
2015-02-23,12417.17,12417.17
2015-02-24,12443.36,12443.36
2015-02-25,12514.79,12514.79
2015-02-26,12539.69,12539.69
2015-02-27,12506.01,12506.01
2015-03-02,12548.03,12548.03
2015-03-03,12527.01,12527.01
2015-03-04,12455.31,12455.31
2015-03-05,12456.48,12456.48
2015-03-06,12591.38,12591.38
2015-03-09,12413.32,12413.32
2015-03-10,12466.39,12466.39
2015-03-11,12324.49,12324.49
2015-03-12,12351.64,12351.64
2015-03-13,12333.94,12333.94
2015-03-16,12369.66,12369.66
2015-03-17,12378.27,12378.27
2015-03-18,12331.02,12331.02
2015-03-19,12449.7,12449.7
2015-03-20,12412.88,12412.88
2015-03-23,12391.63,12391.63
2015-03-24,12414.47,12414.47
2015-03-25,12316.12,12316.12
2015-03-26,12212.05,12212.05
2015-03-27,12302.49,12302.49
2015-03-30,12401.61,12401.61
2015-03-31,12582.55,12582.55
2015-04-01,12472.63,12472.63
2015-04-02,12433.88,12433.88
2015-04-06,12476.64,12476.64
2015-04-07,12601.22,12601.22
2015-04-08,12517.57,12517.57
2015-04-09,12540.07,12540.07
2015-04-10,12500.45,12500.45
2015-04-13,12417.94,12417.94
2015-04-14,12312.05,12312.05
2015-04-15,12306.76,12306.76
2015-04-16,12322.86,12322.86
2015-04-17,12319.73,12319.73
2015-04-20,12309.93,12309.93
2015-04-21,12467.73,12467.73
2015-04-22,12390.24,12390.24
2015-04-23,12379.38,12379.38
2015-04-24,12391.69,12391.69
2015-04-27,11927.49,11927.49
2015-04-28,11928.46,11928.46
2015-04-29,11617.42,11617.42
2015-04-30,11520.49,11520.49
2015-05-04,11651.11,11651.11
2015-05-05,11685.74,11685.74
2015-05-06,11755.81,11755.81
2015-05-07,11687.33,11687.33
2015-05-08,11734.93,11734.93
2015-05-11,11716.71,11716.71
2015-05-12,11788.02,11788.02
2015-05-13,11906.95,11906.95
2015-05-15,11853.36,11853.36
2015-05-18,11867.85,11867.85
2015-05-19,11946.82,11946.82
2015-05-20,12011.54,12011.54
2015-05-21,12080.14,12080.14
2015-05-22,12096.56,12096.56
2015-05-25,12011.77,12011.77
2015-05-26,12095.96,12095.96
2015-05-27,11938.47,11938.47
2015-05-28,11909.02,11909.02
2015-05-29,11848.65,11848.65
2015-06-01,11826.3,11826.3
2015-06-03,11619.85,11619.85
2015-06-04,11518.26,11518.26
2015-06-05,11541.96,11541.96
2015-06-08,11349.93,11349.93
2015-06-09,11053.91,11053.91
2015-06-10,11150.5,11150.5
2015-06-11,11127.18,11127.18
2015-06-12,11130.16,11130.16
2015-06-15,10860.73,10860.73
2015-06-16,10948.69,10948.69
2015-06-17,11128.72,11128.72
2015-06-18,11124.54,11124.54
2015-06-19,11199.47,11199.47
2015-06-22,11142.15,11142.15
2015-06-23,11111.4,11111.4
2015-06-24,11127.04,11127.04
2015-06-25,11054.33,11054.33
2015-06-26,11050.91,11050.91
2015-06-29,10937.06,10937.06
2015-06-30,10991.72,10991.72
2015-07-01,10973.51,10973.51
2015-07-02,11127.82,11127.82
2015-07-03,11238.9,11238.9
2015-07-06,11065.68,11065.68
2015-07-07,11062.76,11062.76
2015-07-08,10949.03,10949.03
2015-07-09,10886.91,10886.91
2015-07-10,10955.65,10955.65
2015-07-13,11032.39,11032.39
2015-07-14,11056.22,11056.22
2015-07-15,10968.69,10968.69
2015-07-22,11087.6,11087.6
2015-07-23,11089.25,11089.25
2015-07-24,10937.06,10937.06
2015-07-27,10701.66,10701.66
2015-07-28,10543.06,10543.06
2015-07-29,10536.61,10536.61
2015-07-30,10493.2,10493.2
2015-07-31,10694.47,10694.47
2015-08-03,10698.36,10698.36
2015-08-04,10650.33,10650.33
2015-08-05,10833.23,10833.23
2015-08-06,10727.57,10727.57
2015-08-07,10654.2,10654.2
2015-08-10,10589.46,10589.46
2015-08-11,10291.49,10291.49
2015-08-12,9943.22,9943.22
2015-08-13,10219.98,10219.98
2015-08-14,10210.01,10210.01
2015-08-18,10009.91,10009.91
2015-08-19,9941.51,9941.51
2015-08-20,9839,9839
2015-08-21,9574.28,9574.28
2015-08-24,9150.34,9150.34
2015-08-25,9283.41,9283.41
2015-08-26,9298.24,9298.24
2015-08-27,9787.59,9787.59
2015-08-28,9823.94,9823.94
2015-08-31,9972.87,9972.87
2015-09-01,9726.2,9726.2
2015-09-02,9676.11,9676.11
2015-09-03,9764.86,9764.86
2015-09-04,9714.78,9714.78
2015-09-07,9431.61,9431.61
2015-09-08,9484.12,9484.12
2015-09-09,9574.36,9574.36
2015-09-10,9559.05,9559.05
2015-09-11,9603.98,9603.98
2015-09-14,9676.73,9676.73
2015-09-15,9558.36,9558.36
2015-09-16,9534.45,9534.45
2015-09-17,9678.76,9678.76
2015-09-18,9672.13,9672.13
2015-09-21,9652.29,9652.29
2015-09-22,9580.05,9580.05
2015-09-23,9369.8,9369.8
2015-09-25,9291.22,9291.22
2015-09-28,9078.74,9078.74
2015-09-29,9219.46,9219.46
2015-09-30,9291.7,9291.7
2015-10-01,9388.58,9388.58
2015-10-02,9282.73,9282.73
2015-10-05,9650.93,9650.93
2015-10-06,9880.58,9880.58
2015-10-07,9942.77,9942.77
2015-10-08,9953.12,9953.12
2015-10-09,10191.32,10191.32
2015-10-12,10278.36,10278.36
2015-10-13,9913.93,9913.93
2015-10-15,9986.71,9986.71
2015-10-16,10025.8,10025.8
2015-10-19,10169.97,10169.97
2015-10-20,10232.52,10232.52
2015-10-21,10309.85,10309.85
2015-10-22,10249.55,10249.55
2015-10-23,10413.99,10413.99
2015-10-26,10546.05,10546.05
2015-10-27,10481.32,10481.32
2015-10-28,10393.32,10393.32
2015-10-29,10092.08,10092.08
2015-10-30,10048.1,10048.1
2015-11-02,10077.46,10077.46
2015-11-03,10221.94,10221.94
2015-11-04,10424.81,10424.81
2015-11-05,10334.99,10334.99
2015-11-06,10310.43,10310.43
2015-11-09,10141.36,10141.36
2015-11-10,10061.08,10061.08
2015-11-11,10035.08,10035.08
2015-11-12,10062.65,10062.65
2015-11-13,10076.63,10076.63
2015-11-16,9990.33,9990.33
2015-11-17,10126.77,10126.77
2015-11-18,10119.66,10119.66
2015-11-19,10156.47,10156.47
2015-11-20,10259.06,10259.06
2015-11-23,10213.13,10213.13
2015-11-24,10227.77,10227.77
2015-11-25,10311.77,10311.77
2015-11-26,10373.53,10373.53
2015-11-27,10265.58,10265.58
2015-11-30,10003.49,10003.49
2015-12-01,10273.05,10273.05
2015-12-02,10267.45,10267.45
2015-12-03,10249.33,10249.33
2015-12-04,10190.13,10190.13
2015-12-07,10241.78,10241.78
2015-12-08,10101.85,10101.85
2015-12-10,10090.39,10090.39
2015-12-11,9927.74,9927.74
2015-12-14,9864.6,9864.6
2015-12-15,9932.68,9932.68
2015-12-16,10107.86,10107.86
2015-12-17,10287.88,10287.88
2015-12-18,10096.45,10096.45
2015-12-21,10146.74,10146.74
2015-12-22,10206.78,10206.78
2015-12-23,10192.67,10192.67
2015-12-28,10260.01,10260.01
2015-12-29,10283.27,10283.27
2015-12-30,10322.07,10322.07
2016-01-04,10194.14,10194.14
2016-01-05,10282.22,10282.22
2016-01-06,10394.67,10394.67
2016-01-07,10245.99,10245.99
2016-01-08,10283.76,10283.76
2016-01-11,10101.95,10101.95
2016-01-12,10226.55,10226.55
2016-01-13,10283.88,10283.88
2016-01-14,10221.54,10221.54
2016-01-15,10218.62,10218.62
2016-01-18,10124.64,10124.64
2016-01-19,10187.61,10187.61
2016-01-20,10029.25,10029.25
2016-01-21,9993.42,9993.42
2016-01-22,10091.49,10091.49
2016-01-25,10178.64,10178.64
2016-01-26,10175.71,10175.71
2016-01-27,10344.76,10344.76
2016-01-28,10375.51,10375.51
2016-01-29,10401.48,10401.48
2016-02-01,10379.8,10379.8
2016-02-02,10289.43,10289.43
2016-02-03,10313.25,10313.25
2016-02-04,10499.91,10499.91
2016-02-05,10829.05,10829.05
2016-02-09,10736.33,10736.33
2016-02-10,10655.96,10655.96
2016-02-11,10767.23,10767.23
2016-02-12,10637.91,10637.91
2016-02-15,10694.39,10694.39
2016-02-16,10716.62,10716.62
2016-02-17,10780.42,10780.42
2016-02-18,10811.27,10811.27
2016-02-19,10601.97,10601.97
2016-02-22,10604.55,10604.55
2016-02-23,10456.92,10456.92
2016-02-24,10504.9,10504.9
2016-02-25,10514.08,10514.08
2016-02-26,10701.37,10701.37
2016-02-29,10781.29,10781.29
2016-03-01,10776.49,10776.49
2016-03-02,10910.17,10910.17
2016-03-03,10951.1,10951.1
2016-03-04,10955.54,10955.54
2016-03-07,10906.29,10906.29
2016-03-08,10844.77,10844.77
2016-03-10,10832.08,10832.08
2016-03-11,10893.97,10893.97
2016-03-14,11034.82,11034.82
2016-03-15,10996.84,10996.84
2016-03-16,11008.59,11008.59
2016-03-17,11068.64,11068.64
2016-03-18,11062.7,11062.7
2016-03-21,11062.33,11062.33
2016-03-22,11010.19,11010.19
2016-03-23,10984.36,10984.36
2016-03-24,10913.11,10913.11
2016-03-28,10778.09,10778.09
2016-03-29,10802.18,10802.18
2016-03-30,10896.02,10896.02
2016-03-31,10950.64,10950.64
2016-04-01,10955.84,10955.84
2016-04-04,10981.1,10981.1
2016-04-05,10979.96,10979.96
2016-04-06,10987.56,10987.56
2016-04-07,10967.9,10967.9
2016-04-08,10903.73,10903.73
2016-04-11,10753.75,10753.75
2016-04-12,10855.66,10855.66
2016-04-13,10897.91,10897.91
2016-04-14,10823.02,10823.02
2016-04-15,10846.51,10846.51
2016-04-18,10951.93,10951.93
2016-04-19,11006.51,11006.51
2016-04-20,11015.8,11015.8
2016-04-21,11063.96,11063.96
2016-04-22,11094.92,11094.92
2016-04-25,11007.5,11007.5
2016-04-26,10854.43,10854.43
2016-04-27,10916.55,10916.55
2016-04-28,10912.65,10912.65
2016-04-29,10872.45,10872.45
2016-05-02,10820.68,10820.68
2016-05-03,10826.11,10826.11
2016-05-04,10846.84,10846.84
2016-05-09,10729.74,10729.74
2016-05-10,10772.76,10772.76
2016-05-11,10852.24,10852.24
2016-05-12,10859.39,10859.39
2016-05-13,10772.08,10772.08
2016-05-16,10679.09,10679.09
2016-05-17,10672.66,10672.66
2016-05-18,10695.46,10695.46
2016-05-19,10599.9,10599.9
2016-05-20,10622.66,10622.66
2016-05-23,10711.31,10711.31
2016-05-24,10634.51,10634.51
2016-05-25,10777.11,10777.11
2016-05-26,10812.03,10812.03
2016-05-27,10877.25,10877.25
2016-05-30,10913.24,10913.24
2016-05-31,10807.09,10807.09
2016-06-01,10916.5,10916.5
2016-06-02,10887.32,10887.32
2016-06-03,10941.09,10941.09
2016-06-06,11057.33,11057.33
2016-06-07,11134.55,11134.55
2016-06-08,11066.72,11066.72
2016-06-09,10961.62,10961.62
2016-06-10,10894.41,10894.41
2016-06-13,10806.02,10806.02
2016-06-14,10832.89,10832.89
2016-06-15,10834.79,10834.79
2016-06-16,10817.52,10817.52
2016-06-17,10881.8,10881.8
2016-06-20,10944.62,10944.62
2016-06-21,10994.74,10994.74
2016-06-22,11042.97,11042.97
2016-06-23,10989.07,10989.07
2016-06-24,10907.41,10907.41
2016-06-27,10912.26,10912.26
2016-06-28,11031.46,11031.46
2016-06-29,11286.12,11286.12
2016-06-30,11341.55,11341.55
2016-07-01,11201.1,11201.1
2016-07-11,11468.13,11468.13
2016-07-12,11539.88,11539.88
2016-07-13,11615.99,11615.99
2016-07-14,11476.18,11476.18
2016-07-15,11536.6,11536.6
2016-07-18,11536.6,11536.6
2016-07-19,11701.17,11701.17
2016-07-20,11854.8,11854.8
2016-07-21,11774.71,11774.71
2016-07-22,11732.83,11732.83
2016-07-25,11781.43,11781.43
2016-07-26,11781.58,11781.58
2016-07-27,11928.41,11928.41
2016-07-28,11979.55,11979.55
2016-07-29,11758.22,11758.22
2016-08-01,12109.59,12109.59
2016-08-02,12098.02,12098.02
2016-08-03,12029.17,12029.17
2016-08-04,12105.06,12105.06
2016-08-05,12215.72,12215.72
2016-08-08,12345.27,12345.27
2016-08-09,12311.34,12311.34
2016-08-10,12252.2,12252.2
2016-08-11,12219.24,12219.24
2016-08-12,12091.13,12091.13
2016-08-15,11947.91,11947.91
2016-08-16,12084.7,12084.7
2016-08-18,12264.9,12264.9
2016-08-19,12161.04,12161.04
2016-08-22,12161.04,12161.04
2016-08-23,12145.43,12145.43
2016-08-24,12104.05,12104.05
2016-08-25,12224.72,12224.72
2016-08-26,12176.28,12176.28
2016-08-29,11984.55,11984.55
2016-08-30,11948.76,11948.76
2016-08-31,12017.95,12017.95
2016-09-01,11894.81,11894.81
2016-09-02,11952.92,11952.92
2016-09-05,11975.02,11975.02
2016-09-06,12013.85,12013.85
2016-09-07,12044.68,12044.68
2016-09-08,11996.12,11996.12
2016-09-09,11774.16,11774.16
2016-09-13,11638.29,11638.29
2016-09-14,11486.15,11486.15
2016-09-15,11762.48,11762.48
2016-09-16,11740.83,11740.83
2016-09-19,11885.42,11885.42
2016-09-20,11851.69,11851.69
2016-09-21,11926.54,11926.54
2016-09-22,12010.87,12010.87
2016-09-23,12004.94,12004.94
2016-09-26,11904.43,11904.43
2016-09-27,12080.49,12080.49
2016-09-28,12065.75,12065.75
2016-09-29,12114.24,12114.24
2016-09-30,11914.09,11914.09
2016-10-03,12152.82,12152.82
2016-10-04,12172.33,12172.33
2016-10-05,12035.04,12035.04
2016-10-06,11998.34,11998.34
2016-10-07,11908.89,11908.89
2016-10-10,11852.75,11852.75
2016-10-11,11904.48,11904.48
2016-10-12,11875.25,11875.25
2016-10-13,11820.48,11820.48
2016-10-14,11992.25,11992.25
2016-10-17,11989.84,11989.84
2016-10-18,12063.09,12063.09
2016-10-19,11997.58,11997.58
2016-10-20,11992.97,11992.97
2016-10-21,12012.92,12012.92
2016-10-24,12011.59,12011.59
2016-10-25,11948.24,11948.24
2016-10-26,11921.29,11921.29
2016-10-27,11976.36,11976.36
2016-10-28,11963.87,11963.87
2016-10-31,11973.74,11973.74
2016-11-01,11923.41,11923.41
2016-11-02,11876.13,11876.13
2016-11-03,11699.41,11699.41
2016-11-04,11766.45,11766.45
2016-11-07,11814.28,11814.28
2016-11-08,12001.88,12001.88
2016-11-09,11837.46,11837.46
2016-11-10,11942.49,11942.49
2016-11-11,11385.15,11385.15
2016-11-14,11053.7,11053.7
2016-11-15,10964.37,10964.37
2016-11-16,11262.29,11262.29
2016-11-17,11254.81,11254.81
2016-11-18,11207.36,11207.36
2016-11-21,11132.55,11132.55
2016-11-22,11225.03,11225.03
2016-11-23,11252.76,11252.76
2016-11-24,10985.94,10985.94
2016-11-25,11002.6,11002.6
2016-11-28,10961.25,10961.25
2016-11-29,11018.11,11018.11
2016-11-30,11075.01,11075.01
2016-12-01,11194,11194
2016-12-02,11313.39,11313.39
2016-12-05,11363.37,11363.37
2016-12-06,11387.08,11387.08
2016-12-07,11385.82,11385.82
2016-12-08,11468.95,11468.95
2016-12-09,11456.6,11456.6
2016-12-13,11412.68,11412.68
2016-12-14,11326.66,11326.66
2016-12-15,11304.57,11304.57
2016-12-16,11292.71,11292.71
2016-12-19,11194.12,11194.12
2016-12-20,11086.46,11086.46
2016-12-21,10967.24,10967.24
2016-12-22,10822.93,10822.93
2016-12-23,10766.75,10766.75
2016-12-27,10944.5,10944.5
2016-12-28,11202.27,11202.27
2016-12-29,11419.21,11419.21
2016-12-30,11432.83,11432.83
2017-01-03,11382.32,11382.32
2017-01-04,11464.11,11464.11
2017-01-05,11470.31,11470.31
2017-01-06,11529.63,11529.63
2017-01-09,11439.57,11439.57
2017-01-10,11452.33,11452.33
2017-01-11,11412.71,11412.71
2017-01-12,11401.08,11401.08
2017-01-13,11351.93,11351.93
2017-01-16,11294.87,11294.87
2017-01-17,11293.63,11293.63
2017-01-18,11365.33,11365.33
2017-01-19,11391.16,11391.16
2017-01-20,11276.3,11276.3
2017-01-23,11249.81,11249.81
2017-01-24,11327.39,11327.39
2017-01-25,11310.73,11310.73
2017-01-26,11365.03,11365.03
2017-01-27,11342.65,11342.65
2017-01-30,11312.85,11312.85
2017-01-31,11301.27,11301.27
2017-02-01,11398.71,11398.71
2017-02-02,11476.08,11476.08
2017-02-03,11521.12,11521.12
2017-02-06,11578.55,11578.55
2017-02-07,11548.79,11548.79
2017-02-08,11515.59,11515.59
2017-02-09,11514.73,11514.73
2017-02-10,11508.23,11508.23
2017-02-13,11606.1,11606.1
2017-02-14,11554.85,11554.85
2017-02-16,11567.11,11567.11
2017-02-17,11495.3,11495.3
2017-02-20,11512.42,11512.42
2017-02-21,11508.32,11508.32
2017-02-22,11551.05,11551.05
2017-02-23,11563.35,11563.35
2017-02-24,11570.13,11570.13
2017-02-27,11549.81,11549.81
2017-02-28,11556.68,11556.68
2017-03-01,11482.71,11482.71
2017-03-02,11569.16,11569.16
2017-03-03,11519.7,11519.7
2017-03-06,11575.9,11575.9
2017-03-07,11576.44,11576.44
2017-03-08,11565.38,11565.38
2017-03-09,11575.89,11575.89
2017-03-10,11518.74,11518.74
2017-03-13,11527.38,11527.38
2017-03-14,11577.3,11577.3
2017-03-15,11566.13,11566.13
2017-03-16,11794.68,11794.68
2017-03-17,11896.68,11896.68
2017-03-20,11851.64,11851.64
2017-03-21,11863.1,11863.1
2017-03-22,11854.09,11854.09
2017-03-23,11939.02,11939.02
2017-03-24,11959.09,11959.09
2017-03-27,11875.84,11875.84
2017-03-29,11990.87,11990.87
2017-03-30,11951.02,11951.02
2017-03-31,11903.54,11903.54
2017-04-03,11991.9,11991.9
2017-04-04,12100.92,12100.92
2017-04-05,12131.8,12131.8
2017-04-06,12127.71,12127.71
2017-04-07,12038.99,12038.99
2017-04-10,11989.73,11989.73
2017-04-11,11955.21,11955.21
2017-04-12,12014.35,12014.35
2017-04-13,11934.5,11934.5
2017-04-17,11836.79,11836.79
2017-04-18,11906.8,11906.8
2017-04-20,11860.45,11860.45
2017-04-21,12007.57,12007.57
2017-04-25,12033.17,12033.17
2017-04-26,12163.89,12163.89
2017-04-27,12106.7,12106.7
2017-04-28,12040.69,12040.69
2017-05-02,12029.8,12029.8
2017-05-03,11959.38,11959.38
2017-05-04,12017.78,12017.78
2017-05-05,12046.57,12046.57
2017-05-08,12116.6,12116.6
2017-05-09,12071.86,12071.86
2017-05-10,11948.22,11948.22
2017-05-12,11991.49,11991.49
2017-05-15,12021.63,12021.63
2017-05-16,11909.2,11909.2
2017-05-17,11828.76,11828.76
2017-05-18,11888.06,11888.06
2017-05-19,12249.27,12249.27
2017-05-22,12165.43,12165.43
2017-05-23,12076.04,12076.04
2017-05-24,12024.06,12024.06
2017-05-26,12055.14,12055.14
2017-05-29,12028.82,12028.82
2017-05-30,11996.39,11996.39
2017-05-31,12106.44,12106.44
2017-06-02,12130.93,12130.93
2017-06-05,12143.22,12143.22
2017-06-06,12048.53,12048.53
2017-06-07,12087.71,12087.71
2017-06-08,12043.92,12043.92
2017-06-09,11980.11,11980.11
2017-06-12,12018.24,12018.24
2017-06-13,12067.92,12067.92
2017-06-14,12266.42,12266.42
2017-06-15,12218.05,12218.05
2017-06-16,12070.66,12070.66
2017-06-19,12091.32,12091.32
2017-06-20,12224.97,12224.97
2017-06-21,12277.78,12277.78
2017-06-22,12262.92,12262.92
2017-07-03,12475.82,12475.82
2017-07-04,12380.64,12380.64
2017-07-05,12266.61,12266.61
2017-07-06,12339.49,12339.49
2017-07-07,12267.26,12267.26
2017-07-10,12157.74,12157.74
2017-07-11,12153.45,12153.45
2017-07-12,12249.97,12249.97
2017-07-13,12267.64,12267.64
2017-07-14,12298.87,12298.87
2017-07-17,12315.37,12315.37
2017-07-18,12268.69,12268.69
2017-07-19,12230.01,12230.01
2017-07-20,12283.71,12283.71
2017-07-21,12129.63,12129.63
2017-07-24,12217.34,12217.34
2017-07-25,12266.25,12266.25
2017-07-26,12233.88,12233.88
2017-07-27,12260.82,12260.82
2017-07-28,12320.63,12320.63
2017-07-31,12326.07,12326.07
2017-08-01,12263.54,12263.54
2017-08-02,12294.56,12294.56
2017-08-03,12187.15,12187.15
2017-08-04,12166.19,12166.19
2017-08-07,12108.16,12108.16
2017-08-08,12241.13,12241.13
2017-08-09,12282.43,12282.43
2017-08-10,12271.19,12271.19
2017-08-11,12123.38,12123.38
2017-08-14,12192.93,12192.93
2017-08-15,12247.06,12247.06
2017-08-16,12361.88,12361.88
2017-08-18,12357.41,12357.41
2017-08-21,12290.57,12290.57
2017-08-22,12344.97,12344.97
2017-08-23,12419.68,12419.68
2017-08-24,12363.83,12363.83
2017-08-25,12412.59,12412.59
2017-08-28,12382.53,12382.53
2017-08-29,12336.3,12336.3
2017-08-30,12324.15,12324.15
2017-08-31,12294.28,12294.28
2017-09-04,12166.41,12166.41
2017-09-05,12201.31,12201.31
2017-09-06,12191.78,12191.78
2017-09-07,12221.51,12221.51
2017-09-08,12267.19,12267.19
2017-09-11,12290,12290
2017-09-12,12267.02,12267.02
2017-09-13,12166.06,12166.06
2017-09-14,12162.74,12162.74
2017-09-15,12204.43,12204.43
2017-09-18,12253.94,12253.94
2017-09-19,12301.32,12301.32
2017-09-20,12322.64,12322.64
2017-09-22,12307.95,12307.95
2017-09-25,12252.89,12252.89
2017-09-26,12201.7,12201.7
2017-09-27,12162.8,12162.8
2017-09-28,12112.53,12112.53
2017-09-29,12246.6,12246.6
2017-10-02,12281.83,12281.83
2017-10-03,12369.29,12369.29
2017-10-04,12423.36,12423.36
2017-10-05,12294.01,12294.01
2017-10-06,12323.07,12323.07
2017-10-09,12320.53,12320.53
2017-10-10,12305.66,12305.66
2017-10-11,12260.99,12260.99
2017-10-12,12352.8,12352.8
2017-10-13,12349.71,12349.71
2017-10-16,12390.36,12390.36
2017-10-17,12391.84,12391.84
2017-10-18,12339.28,12339.28
2017-10-19,12271.72,12271.72
2017-10-20,12327.25,12327.25
2017-10-23,12352.89,12352.89
2017-10-24,12304.86,12304.86
2017-10-25,12447,12447
2017-10-26,12390.13,12390.13
2017-10-27,12303.25,12303.25
2017-10-30,12304.72,12304.72
2017-10-31,12370.29,12370.29
2017-11-01,12483.29,12483.29
2017-11-02,12507.65,12507.65
2017-11-03,12544.62,12544.62
2017-11-06,12579.36,12579.36
2017-11-07,12626.1,12626.1
2017-11-08,12588.8,12588.8
2017-11-09,12547.4,12547.4
2017-11-10,12497.28,12497.28
2017-11-13,12486.88,12486.88
2017-11-14,12410.43,12410.43
2017-11-15,12354.12,12354.12
2017-11-16,12528.61,12528.61
2017-11-17,12585.93,12585.93
2017-11-20,12549.84,12549.84
2017-11-21,12480.06,12480.06
2017-11-22,12600.5,12600.5
2017-11-23,12575.03,12575.03
2017-11-24,12591.33,12591.33
2017-11-27,12587.07,12587.07
2017-11-28,12631.83,12631.83
2017-11-29,12612.08,12612.08
2017-11-30,12370.91,12370.91
2017-12-04,12501.06,12501.06
2017-12-05,12536.86,12536.86
2017-12-06,12584.22,12584.22
2017-12-07,12522.81,12522.81
2017-12-08,12570.03,12570.03
2017-12-11,12562.91,12562.91
2017-12-12,12571.5,12571.5
2017-12-13,12618.56,12618.56
2017-12-14,12732.7,12732.7
2017-12-15,12696.87,12696.87
2017-12-18,12751.46,12751.46
2017-12-19,12833.4,12833.4
2017-12-20,12621.7,12621.7
2017-12-21,12811.07,12811.07
2017-12-22,12901.6,12901.6
2017-12-27,13020.56,13020.56
2017-12-28,13072.3,13072.3
2017-12-29,13188.11,13188.11
2018-01-02,13127.28,13127.28
2018-01-03,12893.04,12893.04
2018-01-04,13026.31,13026.31
2018-01-05,13187.6,13187.6
2018-01-08,13309.08,13309.08
2018-01-09,13268.56,13268.56
2018-01-10,13274.54,13274.54
2018-01-11,13296.28,13296.28
2018-01-12,13281.51,13281.51
2018-01-15,13313.39,13313.39
2018-01-16,13455.64,13455.64
2018-01-17,13527.87,13527.87
2018-01-18,13541.1,13541.1
2018-01-19,13569.16,13569.16
2018-01-22,13619.71,13619.71
2018-01-23,13976.19,13976.19
2018-01-24,13926.51,13926.51
2018-01-25,13914.04,13914.04
2018-01-26,14014.58,14014.58
2018-01-29,14041.6,14041.6
2018-01-30,13763.43,13763.43
2018-01-31,13805.48,13805.48
2018-02-01,13779.82,13779.82
2018-02-02,13853.72,13853.72
2018-02-05,13777.95,13777.95
2018-02-06,13573.46,13573.46
2018-02-07,13680.17,13680.17
2018-02-08,13703.58,13703.58
2018-02-09,13588.66,13588.66
2018-02-12,13587.58,13587.58
2018-02-13,13710.04,13710.04
2018-02-14,13749.32,13749.32
2018-02-15,13734.1,13734.1
2018-02-19,13956.69,13956.69
2018-02-20,13881.37,13881.37
2018-02-21,13817.99,13817.99
2018-02-22,13669.7,13669.7
2018-02-23,13724.02,13724.02
2018-02-26,13529.1,13529.1
2018-02-27,13661.07,13661.07
2018-02-28,13634.26,13634.26
2018-03-01,13654.92,13654.92
2018-03-02,13605.36,13605.36
2018-03-05,13499.59,13499.59
2018-03-06,13378.42,13378.42
2018-03-07,13093.66,13093.66
2018-03-08,13236.06,13236.06
2018-03-09,13194.72,13194.72
2018-03-12,13328.87,13328.87
2018-03-13,13112.2,13112.2
2018-03-14,13016.18,13016.18
2018-03-15,12865.15,12865.15
2018-03-16,12834.32,12834.32
2018-03-19,12804.27,12804.27
2018-03-20,12718.42,12718.42
2018-03-21,12849.05,12849.05
2018-03-22,12728.19,12728.19
2018-03-23,12629.08,12629.08
2018-03-26,12608.41,12608.41
2018-03-27,12611.48,12611.48
2018-03-28,12444.85,12444.85
2018-03-29,12541.61,12541.61
2018-04-02,12730.31,12730.31
2018-04-03,12717.52,12717.52
2018-04-04,12544.15,12544.15
2018-04-05,12625.05,12625.05
2018-04-06,12596.3,12596.3
2018-04-09,12784.25,12784.25
2018-04-10,12982.39,12982.39
2018-04-11,13073.83,13073.83
2018-04-12,12904.38,12904.38
2018-04-13,12793.27,12793.27
2018-04-16,12824.11,12824.11
2018-04-17,12827.27,12827.27
2018-04-18,12914.06,12914.06
2018-04-19,13008.03,13008.03
2018-04-20,12957.61,12957.61
2018-04-23,12885.35,12885.35
2018-04-24,12725.05,12725.05
2018-04-25,12365.32,12365.32
2018-04-26,11973.22,11973.22
2018-04-27,11986.42,11986.42
2018-04-30,12114.16,12114.16
2018-05-02,12196.45,12196.45
2018-05-03,11847.16,11847.16
2018-05-04,11714.06,11714.06
2018-05-07,11886.76,11886.76
2018-05-08,11688.37,11688.37
2018-05-09,12069.71,12069.71
2018-05-11,12181.71,12181.71
2018-05-14,12147.93,12147.93
2018-05-15,11884.24,11884.24
2018-05-16,11920.65,11920.65
2018-05-17,11868.47,11868.47
2018-05-18,11810.37,11810.37
2018-05-21,11686.3,11686.3
2018-05-22,11735.96,11735.96
2018-05-23,11871.88,11871.88
2018-05-24,12239.96,12239.96
2018-05-25,12277.3,12277.3
2018-05-28,12467.36,12467.36
2018-05-30,12316.98,12316.98
2018-05-31,12224.03,12224.03
2018-06-04,12375.12,12375.12
2018-06-05,12554.28,12554.28
2018-06-06,12493.46,12493.46
2018-06-07,12575.16,12575.16
2018-06-08,12278.01,12278.01
2018-06-20,12008.23,12008.23
2018-06-21,11818.73,11818.73
2018-06-22,11813.84,11813.84
2018-06-25,11904.45,11904.45
2018-06-26,11800.2,11800.2
2018-06-27,11664.41,11664.41
2018-06-28,11378.56,11378.56
2018-06-29,11709.38,11709.38
2018-07-02,11613.45,11613.45
2018-07-03,11349.68,11349.68
2018-07-04,11582.44,11582.44
2018-07-05,11590.66,11590.66
2018-07-06,11471.99,11471.99
2018-07-09,11730.66,11730.66
2018-07-10,11889.08,11889.08
2018-07-11,11910.9,11910.9
2018-07-12,11920.86,11920.86
2018-07-13,12019.97,12019.97
2018-07-16,11919.81,11919.81
2018-07-17,11816.56,11816.56
2018-07-18,11919.62,11919.62
2018-07-19,11869.74,11869.74
2018-07-20,11884.28,11884.28
2018-07-23,11977.16,11977.16
2018-07-24,11996.54,11996.54
2018-07-25,12007.33,12007.33
2018-07-26,12062.66,12062.66
2018-07-27,12195.75,12195.75
2018-07-30,12297.95,12297.95
2018-07-31,12038.09,12038.09
2018-08-01,12270.44,12270.44
2018-08-02,12193.82,12193.82
2018-08-03,12189.85,12189.85
2018-08-06,12463.41,12463.41
2018-08-07,12431.9,12431.9
2018-08-08,12415.37,12415.37
2018-08-09,12359.92,12359.92
2018-08-10,12374.15,12374.15
2018-08-13,11868.21,11868.21
2018-08-14,11638.59,11638.59
2018-08-15,11749.15,11749.15
2018-08-16,11610.54,11610.54
2018-08-20,11871.2,11871.2
2018-08-21,11961.45,11961.45
2018-08-23,12067.04,12067.04
2018-08-24,11991.09,11991.09
2018-08-27,12168.15,12168.15
2018-08-28,12180.59,12180.59
2018-08-29,12250.63,12250.63
2018-08-30,12113.52,12113.52
2018-08-31,12080.4,12080.4
2018-09-03,11936,11936
2018-09-04,11795.39,11795.39
2018-09-05,11272.02,11272.02
2018-09-06,11457.91,11457.91
2018-09-07,11630.67,11630.67
2018-09-10,11565.33,11565.33
2018-09-12,11484.09,11484.09
2018-09-13,11635.15,11635.15
2018-09-14,11812.87,11812.87
2018-09-17,11523.44,11523.44
2018-09-18,11510.1,11510.1
2018-09-19,11625.8,11625.8
2018-09-20,11791.19,11791.19
2018-09-21,11860.94,11860.94
2018-09-24,11616.3,11616.3
2018-09-25,11612.52,11612.52
2018-09-26,11597.2,11597.2
2018-09-27,11725.46,11725.46
2018-09-28,11826.22,11826.22
2018-10-01,11782.08,11782.08
2018-10-02,11615.25,11615.25
2018-10-03,11591.43,11591.43
2018-10-04,11358.84,11358.84
2018-10-05,11343.63,11343.63
2018-10-08,11361.25,11361.25
2018-10-09,11420.99,11420.99
2018-10-10,11475.09,11475.09
2018-10-11,11206.7,11206.7
2018-10-12,11290.31,11290.31
2018-10-15,11214.61,11214.61
2018-10-16,11392.73,11392.73
2018-10-17,11549.15,11549.15
2018-10-18,11476.63,11476.63
2018-10-19,11451.05,11451.05
2018-10-22,11482.24,11482.24
2018-10-23,11372.41,11372.41
2018-10-24,11125.73,11125.73
2018-10-25,11218.91,11218.91
2018-10-26,11286.81,11286.81
2018-10-29,11199.54,11199.54
2018-10-30,11292.71,11292.71
2018-10-31,11418.57,11418.57
2018-11-01,11458.6,11458.6
2018-11-02,11617.24,11617.24
2018-11-05,11613.03,11613.03
2018-11-06,11646.1,11646.1
2018-11-07,11709.31,11709.31
2018-11-08,11835.43,11835.43
2018-11-09,11579.54,11579.54
2018-11-12,11288.85,11288.85
2018-11-13,11422.09,11422.09
2018-11-14,11454.51,11454.51
2018-11-15,11694.44,11694.44
2018-11-16,11850.28,11850.28
2018-11-19,11814.81,11814.81
2018-11-21,11634.12,11634.12
2018-11-22,11751.5,11751.5
2018-11-23,11763.81,11763.81
2018-11-26,11770.16,11770.16
2018-11-27,11741.87,11741.87
2018-11-28,11659.82,11659.82
2018-11-29,11936.13,11936.13
2018-11-30,11779.51,11779.51
2018-12-03,11931.57,11931.57
2018-12-04,11990.18,11990.18
2018-12-05,11902.12,11902.12
2018-12-06,11816.7,11816.7
2018-12-07,11845.17,11845.17
2018-12-10,11795.15,11795.15
2018-12-11,11742.99,11742.99
2018-12-12,11827.42,11827.42
2018-12-13,11970.44,11970.44
2018-12-14,11948.45,11948.45
2018-12-17,11756.8,11756.8
2018-12-18,11777.07,11777.07
2018-12-19,11927.31,11927.31
2018-12-20,11871.59,11871.59
2018-12-21,11879.66,11879.66
2018-12-26,11759.83,11759.83
2018-12-27,11854.05,11854.05
2018-12-28,11834.68,11834.68
2019-01-02,11824.98,11824.98
2019-01-03,11911.34,11911.34
2019-01-04,12049.28,12049.28
2019-01-07,12083.36,12083.36
2019-01-08,12022.71,12022.71
2019-01-09,12034.66,12034.66
2019-01-10,12174.92,12174.92
2019-01-11,12229.36,12229.36
2019-01-14,12147.69,12147.69
2019-01-15,12307.95,12307.95
2019-01-16,12363.06,12363.06
2019-01-17,12368,12368
2019-01-18,12452.9,12452.9
2019-01-21,12433.88,12433.88
2019-01-22,12457.57,12457.57
2019-01-23,12422.13,12422.13
2019-01-24,12455.22,12455.22
2019-01-25,12495.23,12495.23
2019-01-28,12400.84,12400.84
2019-01-29,12323.43,12323.43
2019-01-30,12389.46,12389.46
2019-01-31,12551.97,12551.97
2019-02-01,12606.42,12606.42
2019-02-04,12400.76,12400.76
2019-02-06,12551.66,12551.66
2019-02-07,12499.53,12499.53
2019-02-08,12423.9,12423.9
2019-02-11,12333.49,12333.49
2019-02-12,12164.75,12164.75
2019-02-13,12122.11,12122.11
2019-02-14,12109.17,12109.17
2019-02-15,12054.84,12054.84
2019-02-18,12283.55,12283.55
2019-02-19,12276,12276
2019-02-20,12297.21,12297.21
2019-02-21,12355.36,12355.36
2019-02-22,12279.51,12279.51
2019-02-25,12327.1,12327.1
2019-02-26,12375.34,12375.34
2019-02-27,12319.71,12319.71
2019-02-28,12096.63,12096.63
2019-03-01,12236.97,12236.97
2019-03-04,12224.07,12224.07
2019-03-05,12077.13,12077.13
2019-03-06,12105.37,12105.37
2019-03-08,11918.17,11918.17
2019-03-11,11904.98,11904.98
2019-03-12,11881.15,11881.15
2019-03-13,11919.56,11919.56
2019-03-14,11999.21,11999.21
2019-03-15,12086.83,12086.83
2019-03-18,12188.07,12188.07
2019-03-19,12157.71,12157.71
2019-03-20,12167.24,12167.24
2019-03-21,12207.81,12207.81
2019-03-22,12229.6,12229.6
2019-03-25,11925.91,11925.91
2019-03-26,12062.91,12062.91
2019-03-27,11989.56,11989.56
2019-03-28,12091.87,12091.87
2019-03-29,12124.11,12124.11
2019-04-01,12121.75,12121.75
2019-04-02,12164.02,12164.02
2019-04-04,12262.49,12262.49
2019-04-05,12212.39,12212.39
2019-04-08,12070.97,12070.97
2019-04-09,12187.89,12187.89
2019-04-10,12178.81,12178.81
2019-04-11,12013.67,12013.67
2019-04-12,11996.37,11996.37
2019-04-15,12046.76,12046.76
2019-04-16,12175.54,12175.54
2019-04-18,12270.45,12270.45
2019-04-22,12025.1,12025.1
2019-04-23,12157.32,12157.32
2019-04-24,12139.47,12139.47
2019-04-25,11975.81,11975.81
2019-04-26,12058.59,12058.59
2019-04-29,12097.36,12097.36
2019-04-30,12127.12,12127.12
2019-05-02,11929.41,11929.41
2019-05-03,11830.42,11830.42
2019-05-06,11690.86,11690.86
2019-05-07,11801.96,11801.96
2019-05-08,11739.18,11739.18
2019-05-09,11557.89,11557.89
2019-05-10,11578.25,11578.25
2019-05-13,11413.14,11413.14
2019-05-14,11316.41,11316.41
2019-05-15,11099.67,11099.67
2019-05-16,10905.42,10905.42
2019-05-17,10755.5,10755.5
2019-05-20,10937.96,10937.96
2019-05-21,11037.73,11037.73
2019-05-22,11000.76,11000.76
2019-05-23,11244.49,11244.49
2019-05-24,11337.09,11337.09
2019-05-27,11483.76,11483.76
2019-05-28,11263.86,11263.86
2019-05-29,11436.49,11436.49
2019-05-31,11738.68,11738.68
2019-06-10,12007.32,12007.32
2019-06-11,12038.19,12038.19
2019-06-12,11980.6,11980.6
2019-06-13,11998.82,11998.82
2019-06-14,11951.19,11951.19
2019-06-17,11802.4,11802.4
2019-06-18,11985.75,11985.75
2019-06-19,12191.24,12191.24
2019-06-20,12175.75,12175.75
2019-06-21,12088.35,12088.35
2019-06-24,12024.19,12024.19
2019-06-25,12098.14,12098.14
2019-06-26,12075.36,12075.36
2019-06-27,12184.39,12184.39
2019-06-28,12220.16,12220.16
2019-07-01,12329.39,12329.39
2019-07-02,12332.99,12332.99
2019-07-03,12246.62,12246.62
2019-07-04,12240.67,12240.67
2019-07-05,12197.26,12197.26
2019-07-08,12131,12131
2019-07-09,12239.78,12239.78
2019-07-10,12281,12281
2019-07-11,12327.73,12327.73
2019-07-12,12200.22,12200.22
2019-07-15,12353.31,12353.31
2019-07-16,12328.39,12328.39
2019-07-17,12313.37,12313.37
2019-07-18,12313.95,12313.95
2019-07-19,12366.46,12366.46
2019-07-22,12299.11,12299.11
2019-07-23,12293.26,12293.26
2019-07-24,12225.15,12225.15
2019-07-25,12265.91,12265.91
2019-07-26,12079.25,12079.25
2019-07-29,12084.85,12084.85
2019-07-30,12234.74,12234.74
2019-07-31,12229.34,12229.34
2019-08-01,12163.76,12163.76
2019-08-02,12057.69,12057.69
2019-08-05,11659.79,11659.79
2019-08-06,11561.5,11561.5
2019-08-07,11717.39,11717.39
2019-08-08,11879.84,11879.84
2019-08-09,11886.87,11886.87
2019-08-12,11801.88,11801.88
2019-08-13,11749.1,11749.1
2019-08-14,11875.84,11875.84
2019-08-15,11837.23,11837.23
2019-08-16,11813.55,11813.55
2019-08-19,11810.12,11810.12
2019-08-20,11789.84,11789.84
2019-08-21,11680.14,11680.14
2019-08-22,11651.57,11651.57
2019-08-23,11664.96,11664.96
2019-08-26,11582.51,11582.51
2019-08-27,11657.75,11657.75
2019-08-28,11648.65,11648.65
2019-08-29,11653.66,11653.66
2019-08-30,11770.54,11770.54
2019-09-02,11701.28,11701.28
2019-09-03,11573.75,11573.75
2019-09-04,11608.81,11608.81
2019-09-05,11697.82,11697.82
2019-09-06,11708.17,11708.17
2019-09-09,11752.55,11752.55
2019-09-10,11797.32,11797.32
2019-09-11,11896.03,11896.03
2019-09-12,11784.6,11784.6
2019-09-13,11772.88,11772.88
2019-09-16,11602.9,11602.9
2019-09-17,11647.62,11647.62
2019-09-18,11721.76,11721.76
2019-09-19,11611.27,11611.27
2019-09-20,11607,11607
2019-09-23,11545.4,11545.4
2019-09-24,11363.26,11363.26
2019-09-25,11334.64,11334.64
2019-09-26,11518.89,11518.89
2019-09-27,11427.19,11427.19
2019-09-30,11366.7,11366.7
2019-10-01,11279.45,11279.45
2019-10-02,11076.44,11076.44
2019-10-03,11043.7,11043.7
2019-10-04,11073.06,11073.06
2019-10-07,10949.68,10949.68
2019-10-08,11013.52,11013.52
2019-10-09,11007.93,11007.93
2019-10-10,11011.81,11011.81
2019-10-11,11187.15,11187.15
2019-10-14,11228.05,11228.05
2019-10-15,11278.5,11278.5
2019-10-16,11290.26,11290.26
2019-10-17,11340.29,11340.29
2019-10-18,11401.43,11401.43
2019-10-21,11409.36,11409.36
2019-10-22,11443.79,11443.79
2019-10-23,11561.13,11561.13
2019-10-24,11755.14,11755.14
2019-10-25,11547.97,11547.97
2019-10-28,11561.52,11561.52
2019-10-29,11612.53,11612.53
2019-10-30,11636.5,11636.5
2019-10-31,11474.72,11474.72
2019-11-01,11354.89,11354.89
2019-11-04,11315.85,11315.85
2019-11-05,11547.23,11547.23
2019-11-06,11449.13,11449.13
2019-11-07,11357.1,11357.1
2019-11-08,11380.62,11380.62
2019-11-11,11336.51,11336.51
2019-11-12,11391.04,11391.04
2019-11-13,11286.41,11286.41
2019-11-14,11169.12,11169.12
2019-11-15,11259.88,11259.88
2019-11-18,11221.12,11221.12
2019-11-19,11328.03,11328.03
2019-11-20,11334.72,11334.72
2019-11-21,11250.8,11250.8
2019-11-22,11222.91,11222.91
2019-11-25,11126.56,11126.56
2019-11-26,11026,11026
2019-11-27,11010.7,11010.7
2019-11-28,10831.89,10831.89
2019-11-29,10939.27,10939.27
2019-12-02,11180.7,11180.7
2019-12-03,11157.58,11157.58
2019-12-04,11107.7,11107.7
2019-12-05,11236.5,11236.5
2019-12-06,11324.85,11324.85
2019-12-09,11352.58,11352.58
2019-12-10,11340.24,11340.24
2019-12-11,11300.6,11300.6
2019-12-12,11223.9,11223.9
2019-12-13,11408.8,11408.8
2019-12-16,11472.88,11472.88
2019-12-17,11526.18,11526.18
2019-12-18,11601.52,11601.52
2019-12-19,11514.16,11514.16
2019-12-20,11569.09,11569.09
2019-12-23,11596.78,11596.78
2019-12-26,11623.28,11623.28
2019-12-27,11637.8,11637.8
2019-12-30,11572.87,11572.87
2020-01-02,11550.65,11550.65
2020-01-03,11638.56,11638.56
2020-01-06,11524.42,11524.42
2020-01-07,11558.3,11558.3
2020-01-08,11464.54,11464.54
2020-01-09,11579.31,11579.31
2020-01-10,11607.82,11607.82
2020-01-13,11668.67,11668.67
2020-01-14,11722.01,11722.01
2020-01-15,11571.03,11571.03
2020-01-16,11589.77,11589.77
2020-01-17,11635.17,11635.17
2020-01-20,11510.48,11510.48
2020-01-21,11475.46,11475.46
2020-01-22,11423.36,11423.36
2020-01-23,11441.63,11441.63
2020-01-24,11444.46,11444.46
2020-01-27,11183.68,11183.68
2020-01-28,11188.35,11188.35
2020-01-29,11185.63,11185.63
2020-01-30,11034.74,11034.74
2020-01-31,10791.04,10791.04
2020-02-03,10683.83,10683.83
2020-02-04,10792.69,10792.69
2020-02-05,10923.68,10923.68
2020-02-06,10961.88,10961.88
2020-02-07,10976.23,10976.23
2020-02-10,10850.94,10850.94
2020-02-11,10843.41,10843.41
2020-02-12,10764.73,10764.73
2020-02-13,10686.4,10686.4
2020-02-14,10706.57,10706.57
2020-02-17,10724.47,10724.47
2020-02-18,10768.69,10768.69
2020-02-19,10852.76,10852.76
2020-02-20,10903.99,10903.99
2020-02-21,10760.87,10760.87
2020-02-24,10559.93,10559.93
2020-02-25,10565.37,10565.37
2020-02-26,10355.13,10355.13
2020-02-27,10104.39,10104.39
2020-02-28,9960.89,9960.89
2020-03-02,9771.33,9771.33
2020-03-03,10134.33,10134.33
2020-03-04,10415.23,10415.23
2020-03-05,10381.5,10381.5
2020-03-06,9987.06,9987.06
2020-03-09,9212.92,9212.92
2020-03-10,9365.25,9365.25
2020-03-11,9204.68,9204.68
2020-03-12,8649.31,8649.31
2020-03-13,8702.17,8702.17
2020-03-16,8184.45,8184.45
2020-03-17,7678.22,7678.22
2020-03-18,7347.42,7347.42
2020-03-19,6884.8,6884.8
2020-03-20,6988.92,6988.92
2020-03-23,6584.2,6584.2
2020-03-24,6427.07,6427.07
2020-03-26,7323.28,7323.28
2020-03-27,7772.38,7772.38
2020-03-30,7432.16,7432.16
2020-03-31,7710.79,7710.79
2020-04-01,7564.8,7564.8
2020-04-02,7701.7,7701.7
2020-04-03,7857.31,7857.31
2020-04-06,8231.05,8231.05
2020-04-07,8197.38,8197.38
2020-04-08,7851.36,7851.36
2020-04-09,7890.09,7890.09
2020-04-13,7849.12,7849.12
2020-04-14,8053.6,8053.6
2020-04-15,7873.32,7873.32
2020-04-16,7560.28,7560.28
2020-04-17,7887.31,7887.31
2020-04-20,7756.74,7756.74
2020-04-21,7592.81,7592.81
2020-04-22,7716.93,7716.93
2020-04-23,7733.22,7733.22
2020-04-24,7510.5,7510.5
2020-04-27,7562.39,7562.39
2020-04-28,7603.78,7603.78
2020-04-29,7691.3,7691.3
2020-04-30,8013.19,8013.19
2020-05-04,7736.47,7736.47
2020-05-05,7748.11,7748.11
2020-05-06,7715.17,7715.17
2020-05-08,7756.1,7756.1
2020-05-11,7830.34,7830.34
2020-05-12,7658.26,7658.26
2020-05-13,7604.52,7604.52
2020-05-14,7489.04,7489.04
2020-05-15,7451.19,7451.19
2020-05-18,7506.6,7506.6
2020-05-19,7603.81,7603.81
2020-05-20,7594.49,7594.49
2020-05-26,7759.85,7759.85
2020-05-27,7804.28,7804.28
2020-05-28,7940.94,7940.94
2020-05-29,8108.55,8108.55
2020-06-02,8355.89,8355.89
2020-06-03,8595.71,8595.71
2020-06-04,8544.93,8544.93
2020-06-05,8664.87,8664.87
2020-06-08,8936.16,8936.16
2020-06-09,8818.55,8818.55
2020-06-10,8545.79,8545.79
2020-06-11,8377,8377
2020-06-12,8457.72,8457.72
2020-06-15,8323.11,8323.11
2020-06-16,8719.93,8719.93
2020-06-17,8735.1,8735.1
2020-06-18,8612.64,8612.64
2020-06-19,8657.08,8657.08
2020-06-22,8603.17,8603.17
2020-06-23,8534.46,8534.46
2020-06-24,8716.23,8716.23
2020-06-25,8586.68,8586.68
2020-06-26,8604.27,8604.27
2020-06-29,8575.24,8575.24
2020-06-30,8577.7,8577.7
2020-07-01,8596.5,8596.5
2020-07-02,8697.14,8697.14
2020-07-03,8703.27,8703.27
2020-07-06,8766.35,8766.35
2020-07-07,8771.52,8771.52
2020-07-08,8991.87,8991.87
2020-07-09,8937.02,8937.02
2020-07-10,8858.68,8858.68
2020-07-13,8975.49,8975.49
2020-07-14,8985.48,8985.48
2020-07-15,8988.05,8988.05
2020-07-16,9025.84,9025.84
2020-07-17,8994.79,8994.79
2020-07-20,8909.42,8909.42
2020-07-21,9111.66,9111.66
2020-07-22,9129.52,9129.52
2020-07-23,9207.56,9207.56
2020-07-24,9043.68,9043.68
2020-07-27,9191.36,9191.36
2020-07-28,9170.23,9170.23
2020-07-29,9127.15,9127.15
2020-07-30,9179.1,9179.1
2020-08-03,8845.36,8845.36
2020-08-04,9000.75,9000.75
2020-08-05,9170.45,9170.45
2020-08-06,9325.54,9325.54
2020-08-07,9289.44,9289.44
2020-08-10,9297.86,9297.86
2020-08-11,9365.36,9365.36
2020-08-12,9477.52,9477.52
2020-08-13,9475.4,9475.4
2020-08-14,9475.34,9475.34
2020-08-18,9611.52,9611.52
2020-08-19,9573.21,9573.21
2020-08-24,9574.92,9574.92
2020-08-25,9732.72,9732.72
2020-08-26,9722.62,9722.62
2020-08-27,9728.88,9728.88
2020-08-28,9700.64,9700.64
2020-08-31,9470.72,9470.72
2020-09-01,9634.14,9634.14
2020-09-02,9664.02,9664.02
2020-09-03,9564.33,9564.33
2020-09-04,9467.42,9467.42
2020-09-07,9458.66,9458.66
2020-09-08,9471.14,9471.14
2020-09-09,9227.98,9227.98
2020-09-10,8729.41,8729.41
2020-09-11,8964.81,8964.81
2020-09-14,9244.31,9244.31
2020-09-15,9121.5,9121.5
2020-09-16,9024.96,9024.96
2020-09-17,8950.77,8950.77
2020-09-18,9009.53,9009.53
2020-09-21,8858.4,8858.4
2020-09-22,8738.3,8738.3
2020-09-23,8696.01,8696.01
2020-09-24,8530.36,8530.36
2020-09-25,8734.12,8734.12
2020-09-28,8638.84,8638.84
2020-09-29,8565.4,8565.4
2020-09-30,8511.63,8511.63
2020-10-01,8750.97,8750.97
2020-10-02,8641.78,8641.78
2020-10-05,8684.17,8684.17
2020-10-06,8795.77,8795.77
2020-10-07,8786.6,8786.6
2020-10-08,8866.39,8866.39
2020-10-09,8897.43,8897.43
2020-10-12,8957.15,8957.15
2020-10-13,9016.79,9016.79
2020-10-14,9203.15,9203.15
2020-10-15,9045.58,9045.58
2020-10-16,9059.91,9059.91
2020-10-19,9154.94,9154.94
2020-10-20,9123.42,9123.42
2020-10-21,9147.36,9147.36
2020-10-22,9134.51,9134.51
2020-10-23,9175.08,9175.08
2020-10-26,9217.89,9217.89
2020-10-27,9170.92,9170.92
2020-11-02,9147.74,9147.74
2020-11-03,9212.61,9212.61
2020-11-04,9049.85,9049.85
2020-11-05,9421.57,9421.57
2020-11-06,9617.76,9617.76
2020-11-09,9723.54,9723.54
2020-11-10,9932.12,9932.12
2020-11-11,10101.05,10101.05
2020-11-12,9965.71,9965.71
2020-11-13,9992.94,9992.94
2020-11-16,10083.22,10083.22
2020-11-17,10189.26,10189.26
2020-11-18,10240.68,10240.68
2020-11-19,10270.22,10270.22
2020-11-20,10243.5,10243.5
2020-11-23,10457.44,10457.44
2020-11-24,10518.91,10518.91
2020-11-25,10466.47,10466.47
2020-11-26,10684.68,10684.68
2020-11-27,10725.58,10725.58
2020-11-30,10311,10311
2020-12-01,10526.05,10526.05
2020-12-02,10747.64,10747.64
2020-12-03,10749.27,10749.27
2020-12-04,10738.6,10738.6
2020-12-07,11004.87,11004.87
2020-12-08,10992.8,10992.8
2020-12-10,10987.96,10987.96
2020-12-11,10973.14,10973.14
2020-12-14,11103.27,11103.27
2020-12-15,11157.95,11157.95
2020-12-16,11471.07,11471.07
2020-12-17,11476.84,11476.84
2020-12-18,11473.26,11473.26
2020-12-21,11640.09,11640.09
2020-12-22,11191.5,11191.5
2020-12-23,11174.5,11174.5
2020-12-28,11421.75,11421.75
2020-12-29,11283.77,11283.77
2020-12-30,11119.18,11119.18
2021-01-04,11455.36,11455.36
2021-01-05,11509.64,11509.64
2021-01-06,11323.09,11323.09
2021-01-07,11551.08,11551.08
2021-01-08,11800.71,11800.71
2021-01-11,11926.27,11926.27
2021-01-12,11922.89,11922.89
2021-01-13,12053.61,12053.61
2021-01-14,12083.57,12083.57
2021-01-15,11946.49,11946.49
2021-01-18,11948.55,11948.55
2021-01-19,11780.49,11780.49
2021-01-20,12143.39,12143.39
2021-01-21,12119.54,12119.54
2021-01-22,11806.35,11806.35
2021-01-25,11777.17,11777.17
2021-01-26,11533.64,11533.64
2021-01-27,11492.8,11492.8
2021-01-28,11217.68,11217.68
2021-01-29,10988.78,10988.78
2021-02-01,11457.97,11457.97
2021-02-02,11295.92,11295.92
2021-02-03,11311.4,11311.4
2021-02-04,11433.43,11433.43
2021-02-05,11501.49,11501.49
2021-02-08,11598.43,11598.43
2021-02-09,11450.73,11450.73
2021-02-10,11513.27,11513.27
2021-02-11,11506.2,11506.2
2021-02-15,11598.07,11598.07
2021-02-16,11603.13,11603.13
2021-02-17,11402.29,11402.29
2021-02-18,11363.52,11363.52
2021-02-19,11452.59,11452.59
2021-02-22,11500.39,11500.39
2021-02-23,11567.76,11567.76
2021-02-24,11464.62,11464.62
2021-02-25,11518.38,11518.38
2021-02-26,11385.72,11385.72
2021-03-01,11622.98,11622.98
2021-03-02,11581.31,11581.31
2021-03-03,11577.51,11577.51
2021-03-04,11341.69,11341.69
2021-03-05,11222.99,11222.99
2021-03-08,11213.69,11213.69
2021-03-09,11089.87,11089.87
2021-03-10,11190.89,11190.89
2021-03-12,11381.41,11381.41
2021-03-15,11301.1,11301.1
2021-03-16,11241.31,11241.31
2021-03-17,11201.74,11201.74
2021-03-18,11388.89,11388.89
2021-03-19,11362.13,11362.13
2021-03-22,11232.83,11232.83
2021-03-23,11155.85,11155.85
2021-03-24,10977.9,10977.9
2021-03-25,10982.33,10982.33
2021-03-26,11157.23,11157.23
2021-03-29,11071.63,11071.63
2021-03-30,10857.81,10857.81
2021-03-31,10698.66,10698.66
2021-04-01,10717.51,10717.51
2021-04-05,10656.81,10656.81
2021-04-06,10752.56,10752.56
2021-04-07,10781.44,10781.44
2021-04-08,10834.03,10834.03
2021-04-09,10812.45,10812.45
2021-04-12,10528.51,10528.51
2021-04-13,10560.39,10560.39
2021-04-14,10797.39,10797.39
2021-04-15,10811.14,10811.14
2021-04-16,10849.85,10849.85
2021-04-19,10768.15,10768.15
2021-04-20,10796.6,10796.6
2021-04-21,10709.81,10709.81
2021-04-22,10706.16,10706.16
2021-04-23,10785.93,10785.93
2021-04-26,10705.61,10705.61
2021-04-27,10708.5,10708.5
2021-04-28,10708.43,10708.43
2021-04-29,10807.59,10807.59
2021-04-30,10765.08,10765.08
2021-05-03,10656.31,10656.31
2021-05-04,10724.87,10724.87
2021-05-05,10768.47,10768.47
2021-05-06,10759.47,10759.47
2021-05-07,10649.31,10649.31
2021-05-10,10789.68,10789.68
2021-05-11,10719.39,10719.39
2021-05-17,10525.92,10525.92
2021-05-18,10544.19,10544.19
2021-05-19,10383.51,10383.51
2021-05-20,10441.06,10441.06
2021-05-21,10360.21,10360.21
2021-05-24,10319.29,10319.29
2021-05-25,10401.65,10401.65
2021-05-27,10391.54,10391.54
2021-05-28,10388.44,10388.44
2021-05-31,10624.09,10624.09
2021-06-02,10847.87,10847.87
2021-06-03,11056.27,11056.27
2021-06-04,10925.81,10925.81
2021-06-07,10878.82,10878.82
2021-06-08,10730.98,10730.98
2021-06-09,10849.36,10849.36
2021-06-10,10913.21,10913.21
2021-06-11,10901.07,10901.07
2021-06-14,10818.47,10818.47
2021-06-15,10811.06,10811.06
2021-06-16,10778.25,10778.25
2021-06-17,10723.83,10723.83
2021-06-18,10568.36,10568.36
2021-06-21,10516.61,10516.61
2021-06-22,10653.22,10653.22
2021-06-23,10535.86,10535.86
2021-06-24,10501.7,10501.7
2021-06-25,10516.44,10516.44
2021-06-28,10319.61,10319.61
2021-06-29,10346.27,10346.27
2021-06-30,10467.35,10467.35
2021-07-01,10475.79,10475.79
2021-07-02,10537.04,10537.04
2021-07-05,10465.75,10465.75
2021-07-06,10589.86,10589.86
2021-07-07,10550.31,10550.31
2021-07-08,10541.76,10541.76
2021-07-09,10552.32,10552.32
2021-07-12,10564.06,10564.06
2021-07-13,10469.92,10469.92
2021-07-14,10435.65,10435.65
2021-07-15,10607.47,10607.47
2021-07-16,10747.47,10747.47
2021-07-19,10779.9,10779.9
2021-07-21,10792.98,10792.98
2021-07-22,10960.6,10960.6
2021-07-23,10955.36,10955.36
2021-07-26,10972.3,10972.3
2021-07-27,10985.95,10985.95
2021-07-28,10969.57,10969.57
2021-07-29,10956.09,10956.09
2021-07-30,10834.96,10834.96
2021-08-02,10847.62,10847.62
2021-08-03,10918.96,10918.96
2021-08-04,10961.09,10961.09
2021-08-05,10977.86,10977.86
2021-08-06,10937.64,10937.64
2021-08-09,10763.15,10763.15
2021-08-10,10778.69,10778.69
2021-08-12,10995.39,10995.39
2021-08-13,11086.12,11086.12
2021-08-16,11053.17,11053.17
2021-08-18,11194.22,11194.22
2021-08-19,10961.97,10961.97
2021-08-20,11051.22,11051.22
2021-08-23,11190.24,11190.24
2021-08-24,11039.41,11039.41
2021-08-25,11042.04,11042.04
2021-08-26,10931.4,10931.4
2021-08-27,10892.64,10892.64
2021-08-30,11146.64,11146.64
2021-08-31,11135.96,11135.96
2021-09-01,11008.83,11008.83
2021-09-02,11047.1,11047.1
2021-09-03,11196.44,11196.44
2021-09-06,11225.82,11225.82
2021-09-07,11176.85,11176.85
2021-09-08,11001.47,11001.47
2021-09-09,11107.65,11107.65
2021-09-10,11104.64,11104.64
2021-09-13,11055.23,11055.23
2021-09-14,11092.68,11092.68
2021-09-15,11062.55,11062.55
2021-09-16,11014.55,11014.55
2021-09-17,11018.39,11018.39
2021-09-20,10924.23,10924.23
2021-09-21,10866.26,10866.26
2021-09-22,10942.18,10942.18
2021-09-23,10928.76,10928.76
2021-09-24,10924.6,10924.6
2021-09-27,10889.86,10889.86
2021-09-28,10878.66,10878.66
2021-09-29,10991.62,10991.62
2021-09-30,11259.79,11259.79
2021-10-01,11114.56,11114.56
2021-10-04,11414.84,11414.84
2021-10-05,11219.68,11219.68
2021-10-06,11463.1,11463.1
2021-10-07,11405.24,11405.24
2021-10-08,11568.1,11568.1
2021-10-11,11601.39,11601.39
2021-10-12,11638.08,11638.08
2021-10-13,11733.54,11733.54
2021-10-14,11913.94,11913.94
2021-10-15,11957.86,11957.86
2021-10-18,11979.62,11979.62
2021-10-19,11930.13,11930.13
2021-10-21,11861.49,11861.49
2021-10-22,11908.78,11908.78
2021-10-25,11813.08,11813.08
2021-10-26,11871.33,11871.33
2021-10-27,11768.96,11768.96
2021-10-28,11651.2,11651.2
2021-10-29,11758.59,11758.59
2021-11-01,11632.3,11632.3
2021-11-02,11517.19,11517.19
2021-11-03,11640.27,11640.27
2021-11-04,11674.64,11674.64
2021-11-05,11668.89,11668.89
2021-11-08,11713.62,11713.62
2021-11-09,11728.99,11728.99
2021-11-10,11809.21,11809.21
2021-11-11,11776.93,11776.93
2021-11-12,11815.03,11815.03
2021-11-15,11712.73,11712.73
2021-11-16,11812.04,11812.04
2021-11-17,11873.22,11873.22
2021-11-18,11809.42,11809.42
2021-11-19,11975.54,11975.54
2021-11-22,12007.45,12007.45
2021-11-23,11948.42,11948.42
2021-11-24,11964.79,11964.79
2021-11-25,12035.87,12035.87
2021-11-26,11678.81,11678.81
2021-11-29,11774.12,11774.12
2021-11-30,11565.91,11565.91
2021-12-01,11512.55,11512.55
2021-12-02,11671.91,11671.91
2021-12-03,11560.39,11560.39
2021-12-06,11561.95,11561.95
2021-12-07,11656.23,11656.23
2021-12-08,11642.18,11642.18
2021-12-09,11728.71,11728.71
2021-12-10,11658.63,11658.63
2021-12-13,11599.9,11599.9
2021-12-14,11520.95,11520.95
2021-12-15,11550.35,11550.35
2021-12-16,11503.98,11503.98
2021-12-17,11485.77,11485.77
2021-12-20,11419.13,11419.13
2021-12-21,11452.28,11452.28
2021-12-22,11416.5,11416.5
2021-12-23,11490.07,11490.07
2021-12-24,11469.73,11469.73
2021-12-27,11468.4,11468.4
2021-12-28,11508.93,11508.93
2021-12-29,11505.04,11505.04
2021-12-30,11425.04,11425.04
2022-01-03,11618.84,11618.84
2022-01-04,11652.67,11652.67
2022-01-05,11494.13,11494.13
2022-01-06,11500.33,11500.33
2022-01-07,11594.71,11594.71
2022-01-10,11545.42,11545.42
2022-01-11,11446.61,11446.61
2022-01-12,11441.65,11441.65
2022-01-13,11512.53,11512.53
2022-01-14,11576.38,11576.38
2022-01-17,11519.31,11519.31
2022-01-18,11455.4,11455.4
2022-01-19,11371.05,11371.05
2022-01-20,11414.23,11414.23
2022-01-21,11589.81,11589.81
2022-01-24,11456.12,11456.12
2022-01-25,11273.18,11273.18
2022-01-26,11367.46,11367.46
2022-01-27,11373.67,11373.67
2022-01-28,11424.79,11424.79
2022-01-31,11338,11338
2022-02-02,11388.91,11388.91
2022-02-03,11357.56,11357.56
2022-02-04,11394.07,11394.07
2022-02-07,11485.56,11485.56
2022-02-08,11466.48,11466.48
2022-02-09,11534.27,11534.27
2022-02-10,11502.77,11502.77
2022-02-11,11518.21,11518.21
2022-02-14,11436.32,11436.32
2022-02-15,11569.25,11569.25
2022-02-16,11603.7,11603.7
2022-02-17,11571.44,11571.44
2022-02-18,11676.85,11676.85
2022-02-21,11647.13,11647.13
2022-02-22,11536.12,11536.12
2022-02-23,11630.25,11630.25
2022-02-24,11523.4,11523.4
2022-02-25,11688.24,11688.24
2022-03-01,11683.69,11683.69
2022-03-02,11545.68,11545.68
2022-03-04,11823.17,11823.17
2022-03-07,11807.74,11807.74
2022-03-08,11781.11,11781.11
2022-03-09,11853.09,11853.09
2022-03-10,11848.32,11848.32
2022-03-11,11897.69,11897.69
2022-03-14,11863.33,11863.33
2022-03-15,11765.34,11765.34
2022-03-16,11916.32,11916.32
2022-03-17,11888.02,11888.02
2022-03-18,11860.76,11860.76
2022-03-21,11880.46,11880.46
2022-03-22,11981.3,11981.3
2022-03-23,11976.45,11976.45
2022-03-24,12204.15,12204.15
2022-03-25,12024.27,12024.27
2022-03-28,12098.73,12098.73
2022-03-29,11980.69,11980.69
2022-03-30,11999.49,11999.49
2022-03-31,11991.75,11991.75
2022-04-01,12029.63,12029.63
2022-04-04,12129.91,12129.91
2022-04-05,12195.39,12195.39
2022-04-06,12104.7,12104.7
2022-04-07,12182.54,12182.54
2022-04-08,12347.28,12347.28
2022-04-11,12168.43,12168.43
2022-04-12,12187.24,12187.24
2022-04-13,12315.2,12315.2
2022-04-14,12222.66,12222.66
2022-04-18,12363.48,12363.48
2022-04-19,12227,12227
2022-04-20,12370.98,12370.98
2022-04-21,12479.15,12479.15
2022-04-22,12384.37,12384.37
2022-04-25,12428.15,12428.15
2022-04-26,12448.35,12448.35
2022-04-27,12415.13,12415.13
2022-04-28,12566.05,12566.05
2022-05-09,11833.28,11833.28
2022-05-10,11734.85,11734.85
2022-05-11,11743.72,11743.72
2022-05-12,11414.82,11414.82
2022-05-13,11439.09,11439.09
2022-05-17,11538.56,11538.56
2022-05-18,11767.18,11767.18
2022-05-19,11758.39,11758.39
2022-05-20,11870.26,11870.26
2022-05-23,11742.27,11742.27
2022-05-24,11888.35,11888.35
2022-05-25,11793.34,11793.34
2022-05-27,12029.88,12029.88
2022-05-30,12025.13,12025.13
2022-05-31,12256.74,12256.74
2022-06-02,12152.94,12152.94
2022-06-03,12186.2,12186.2
2022-06-06,12007.62,12007.62
2022-06-07,12012.81,12012.81
2022-06-08,12114.65,12114.65
2022-06-09,12059.42,12059.42
2022-06-10,11829.51,11829.51
2022-06-13,11663.77,11663.77
2022-06-14,11749.31,11749.31
2022-06-15,11651.59,11651.59
2022-06-16,11696,11696
2022-06-17,11509.47,11509.47
2022-06-20,11589.94,11589.94
2022-06-21,11704.51,11704.51
2022-06-22,11588.44,11588.44
2022-06-23,11574.72,11574.72
2022-06-24,11629.1,11629.1
2022-06-27,11564.91,11564.91
2022-06-28,11532.33,11532.33
2022-06-29,11388.01,11388.01
2022-06-30,11348.78,11348.78
2022-07-01,11171.09,11171.09
2022-07-04,10961.2,10961.2
2022-07-05,11054.5,11054.5
2022-07-06,10915.86,10915.86
2022-07-07,10915.54,10915.54
2022-07-08,11075.54,11075.54
2022-07-11,11011.52,11011.52
2022-07-12,10981.18,10981.18
2022-07-13,10860.97,10860.97
2022-07-14,10922.19,10922.19
2022-07-15,10811.64,10811.64
2022-07-18,10856.89,10856.89
2022-07-19,10978.71,10978.71
2022-07-20,11223.79,11223.79
2022-07-21,11200.16,11200.16
2022-07-22,11235.71,11235.71
2022-07-25,11183.77,11183.77
2022-07-26,11203.01,11203.01
2022-07-27,11254.87,11254.87
2022-07-28,11342.53,11342.53
2022-07-29,11352.77,11352.77
2022-08-01,11392.66,11392.66
2022-08-02,11411.57,11411.57
2022-08-03,11571.97,11571.97
2022-08-04,11533.07,11533.07
2022-08-05,11550.48,11550.48
2022-08-08,11556.23,11556.23
2022-08-09,11583.28,11583.28
2022-08-10,11565.15,11565.15
2022-08-11,11661.7,11661.7
2022-08-12,11608.17,11608.17
2022-08-15,11509.98,11509.98
2022-08-16,11533.82,11533.82
2022-08-18,11618.22,11618.22
2022-08-19,11610.06,11610.06
2022-08-22,11553.98,11553.98
2022-08-23,11689.64,11689.64
2022-08-24,11745.96,11745.96
2022-08-25,11701.47,11701.47
2022-08-26,11628.13,11628.13
2022-08-29,11651.31,11651.31
2022-08-30,11700.64,11700.64
2022-08-31,11698.31,11698.31
2022-09-01,11655.57,11655.57
2022-09-02,11669.83,11669.83
2022-09-05,11791.44,11791.44
2022-09-06,11823.86,11823.86
2022-09-07,11713.61,11713.61
2022-09-08,11749.64,11749.64
2022-09-09,11747.62,11747.62
2022-09-12,11798.4,11798.4
2022-09-13,11932.99,11932.99
2022-09-14,11899.45,11899.45
2022-09-15,11966.38,11966.38
2022-09-16,11704.82,11704.82
2022-09-19,11720.28,11720.28
2022-09-20,11743.82,11743.82
2022-09-21,11779.3,11779.3
2022-09-22,11810.65,11810.65
2022-09-23,11740.85,11740.85
2022-09-26,11641.87,11641.87
2022-09-27,11624.68,11624.68
2022-09-28,11569.93,11569.93
2022-09-29,11507.66,11507.66
2022-09-30,11494.6,11494.6
2022-10-03,11443.87,11443.87
2022-10-04,11551.42,11551.42
2022-10-05,11537.92,11537.92
2022-10-06,11588.24,11588.24
2022-10-07,11524.45,11524.45
2022-10-10,11479.13,11479.13
2022-10-11,11378.46,11378.46
2022-10-12,11329.61,11329.61
2022-10-13,11323.73,11323.73
2022-10-14,11254.67,11254.67
2022-10-17,11270.18,11270.18
2022-10-18,11234.78,11234.78
2022-10-19,11333.29,11333.29
2022-10-20,11539.14,11539.14
2022-10-21,11604.56,11604.56
2022-10-24,11636.89,11636.89
2022-10-25,11617.04,11617.04
2022-10-26,11562.84,11562.84
2022-10-27,11668.49,11668.49
2022-10-28,11573.64,11573.64
2022-10-31,11620.17,11620.17
2022-11-01,11429.68,11429.68
2022-11-02,11336.19,11336.19
2022-11-03,11361.25,11361.25
2022-11-04,11372.51,11372.51
2022-11-07,11452.24,11452.24
2022-11-08,11382.92,11382.92
2022-11-09,11371.21,11371.21
2022-11-10,11191,11191
2022-11-11,11413.32,11413.32
2022-11-14,11248.23,11248.23
2022-11-15,11234.59,11234.59
2022-11-16,11146.01,11146.01
2022-11-17,11189.12,11189.12
2022-11-18,11241.5,11241.5
2022-11-21,11151.94,11151.94
2022-11-22,11103.47,11103.47
2022-11-23,11156.19,11156.19
2022-11-24,11215.89,11215.89
2022-11-25,11151.95,11151.95
2022-11-28,11063.67,11063.67
2022-11-29,11069.27,11069.27
2022-11-30,11223.89,11223.89
2022-12-01,11157.77,11157.77
2022-12-02,11123.03,11123.03
2022-12-05,11037.56,11037.56
2022-12-06,10853.06,10853.06
2022-12-07,10693.58,10693.58
2022-12-08,10685.89,10685.89
2022-12-09,10540.61,10540.61
2022-12-12,10604.68,10604.68
2022-12-13,10689.88,10689.88
2022-12-14,10675.33,10675.33
2022-12-15,10585.71,10585.71
2022-12-16,10670.01,10670.01
2022-12-19,10615.53,10615.53
2022-12-20,10492.55,10492.55
2022-12-21,10494.81,10494.81
2022-12-22,10521.95,10521.95
2022-12-23,10448.61,10448.61
2022-12-26,10436.65,10436.65
2022-12-27,10463.58,10463.58
2022-12-28,10399.58,10399.58
2022-12-29,10443.68,10443.68
2022-12-30,10432.29,10432.29
2023-01-02,10402.24,10402.24
2023-01-03,10486.76,10486.76
2023-01-04,10382.71,10382.71
2023-01-05,10146.47,10146.47
2023-01-06,10153.17,10153.17
2023-01-09,10169.8,10169.8
2023-01-10,10053.12,10053.12
2023-01-11,9985.3,9985.3
2023-01-12,10100.3,10100.3
2023-01-13,10094.56,10094.56
2023-01-16,10172.57,10172.57
2023-01-17,10335.75,10335.75
2023-01-18,10344.22,10344.22
2023-01-19,10460.44,10460.44
2023-01-20,10504.33,10504.33
2023-01-24,10476.79,10476.79
2023-01-25,10457.15,10457.15
2023-01-26,10546.02,10546.02
2023-01-27,10626,10626
2023-01-30,10562.64,10562.64
2023-01-31,10519.2,10519.2
2023-02-01,10569.58,10569.58
2023-02-02,10604,10604
2023-02-03,10632.42,10632.42
2023-02-06,10564.49,10564.49
2023-02-07,10641.71,10641.71
2023-02-08,10662.96,10662.96
2023-02-09,10582.19,10582.19
2023-02-10,10563.8,10563.8
2023-02-13,10571.1,10571.1
2023-02-14,10610.02,10610.02
2023-02-15,10562.03,10562.03
2023-02-16,10524.26,10524.26
2023-02-17,10520.72,10520.72
2023-02-20,10565.66,10565.66
2023-02-21,10495.41,10495.41
2023-02-22,10374.49,10374.49
2023-02-23,10398.69,10398.69
2023-02-24,10435.15,10435.15
2023-02-27,10421.09,10421.09
2023-02-28,10435.55,10435.55
2023-03-01,10476.42,10476.42
2023-03-02,10487.2,10487.2
2023-03-03,10395.82,10395.82
2023-03-06,10390.03,10390.03
2023-03-07,10308.18,10308.18
2023-03-08,10315.41,10315.41
2023-03-09,10363.61,10363.61
2023-03-10,10282.08,10282.08
2023-03-13,10273.59,10273.59
2023-03-14,9996.9,9996.9
2023-03-15,9924.99,9924.99
2023-03-16,9839.76,9839.76
2023-03-17,10074.96,10074.96
2023-03-20,9934.9,9934.9
2023-03-21,10106.78,10106.78
2023-03-24,10263.76,10263.76
2023-03-27,10244.94,10244.94
2023-03-28,10371.98,10371.98
2023-03-29,10524.22,10524.22
2023-03-30,10428.71,10428.71
2023-03-31,10435.02,10435.02
2023-04-03,10477.99,10477.99
2023-04-04,10488.29,10488.29
2023-04-05,10463.37,10463.37
2023-04-06,10442.19,10442.19
2023-04-10,10370.62,10370.62
2023-04-11,10492.72,10492.72
2023-04-12,10511.02,10511.02
2023-04-13,10487.13,10487.13
2023-04-14,10547.94,10547.94
2023-04-17,10445.99,10445.99
2023-04-18,10544.56,10544.56
2023-04-26,10650.06,10650.06
2023-04-27,10627.64,10627.64
2023-04-28,10660.85,10660.85
2023-05-02,10540.12,10540.12
2023-05-03,10481.14,10481.14
2023-05-04,10516.11,10516.11
2023-05-05,10476.32,10476.32
2023-05-08,10441.97,10441.97
2023-05-09,10492.9,10492.9
2023-05-10,10552.53,10552.53
2023-05-11,10467.26,10467.26
2023-05-12,10413.22,10413.22
2023-05-15,10403.21,10403.21
2023-05-16,10333.07,10333.07
2023-05-17,10325.29,10325.29
2023-05-19,10400.57,10400.57
2023-05-22,10458.81,10458.81
2023-05-23,10446.86,10446.86
2023-05-24,10477.07,10477.07
2023-05-25,10411.88,10411.88
2023-05-26,10384.95,10384.95
2023-05-29,10418.9,10418.9
2023-05-30,10399.09,10399.09
2023-05-31,10441.45,10441.45
2023-06-05,10473.1,10473.1
2023-06-06,10510.82,10510.82
2023-06-07,10503.52,10503.52
2023-06-08,10586.78,10586.78
2023-06-09,10611.29,10611.29
2023-06-12,10647.06,10647.06
2023-06-13,10610.32,10610.32
2023-06-14,10617.26,10617.26
2023-06-15,10640.06,10640.06
2023-06-16,10598.14,10598.14
2023-06-19,10557.38,10557.38
2023-06-20,10486.97,10486.97
2023-06-21,10560.12,10560.12
2023-06-22,10486.82,10486.82
2023-06-23,10467.26,10467.26
2023-06-26,10502.63,10502.63
2023-06-27,10482.5,10482.5
2023-07-03,10553.94,10553.94
2023-07-04,10526.77,10526.77
2023-07-05,10632.66,10632.66
2023-07-06,10698.92,10698.92
2023-07-07,10602.22,10602.22
2023-07-10,10589.83,10589.83
2023-07-11,10657.11,10657.11
2023-07-12,10663.05,10663.05
2023-07-13,10626.07,10626.07
2023-07-14,10727.18,10727.18
2023-07-17,10709.5,10709.5
2023-07-18,10620.36,10620.36
2023-07-20,10667.58,10667.58
2023-07-21,10681.57,10681.57
2023-07-24,10684.56,10684.56
2023-07-25,10673.46,10673.46
2023-07-26,10738.82,10738.82
2023-07-27,10648.53,10648.53
2023-07-28,10684.5,10684.5
2023-07-31,10741.84,10741.84
2023-08-01,10684.13,10684.13
2023-08-02,10611.1,10611.1
2023-08-03,10677.59,10677.59
2023-08-04,10607.42,10607.42
2023-08-07,10683.71,10683.71
2023-08-08,10656.66,10656.66
2023-08-09,10670.24,10670.24
2023-08-10,10647.4,10647.4
2023-08-11,10602.83,10602.83
2023-08-14,10634.86,10634.86
2023-08-15,10617.86,10617.86
2023-08-16,10602.04,10602.04
2023-08-18,10527.27,10527.27
2023-08-21,10507.66,10507.66
2023-08-22,10594.34,10594.34
2023-08-23,10583.1,10583.1
2023-08-24,10515.08,10515.08
2023-08-25,10497.38,10497.38
2023-08-28,10519.78,10519.78
2023-08-29,10569.18,10569.18
2023-08-30,10599.61,10599.61
2023-08-31,10559.81,10559.81
2023-09-01,10596.19,10596.19
2023-09-04,10640.27,10640.27
2023-09-05,10653.68,10653.68
2023-09-06,10671.78,10671.78
2023-09-07,10565.08,10565.08
2023-09-08,10515.37,10515.37
2023-09-11,10578.52,10578.52
2023-09-12,10520.89,10520.89
2023-09-13,10520.17,10520.17
2023-09-14,10520.01,10520.01
2023-09-15,10530.7,10530.7
2023-09-18,10445.56,10445.56
2023-09-19,10545.73,10545.73
2023-09-20,10594.82,10594.82
2023-09-21,10535.99,10535.99
2023-09-22,10588.49,10588.49
2023-09-25,10526.73,10526.73
2023-09-26,10387.29,10387.29
2023-09-27,10421.34,10421.34
2023-09-29,10427.66,10427.66
2023-10-02,10430.79,10430.79
2023-10-03,10368.6,10368.6
2023-10-04,10285.97,10285.97
2023-10-05,10230.46,10230.46
2023-10-06,10240.54,10240.54
2023-10-09,10273.21,10273.21
2023-10-10,10311.36,10311.36
2023-10-11,10290.86,10290.86
2023-10-12,10289.71,10289.71
2023-10-13,10246.8,10246.8
2023-10-16,10218.53,10218.53
2023-10-17,10198.98,10198.98
2023-10-18,10122.23,10122.23
2023-10-19,9980.41,9980.41
2023-10-20,9976.02,9976.02
2023-10-23,9812.9,9812.9
2023-10-24,9896.66,9896.66
2023-10-25,9899.11,9899.11
2023-10-26,9697.14,9697.14
2023-10-27,9696.3,9696.3
2023-10-30,9611.49,9611.49
2023-10-31,9651.26,9651.26
2023-11-01,9488.09,9488.09
2023-11-02,9638.82,9638.82
2023-11-03,9697.45,9697.45
2023-11-06,9842.84,9842.84
2023-11-07,9754.54,9754.54
2023-11-08,9668.13,9668.13
2023-11-09,9670.51,9670.51
2023-11-10,9601.65,9601.65
2023-11-13,9601.25,9601.25
2023-11-14,9606.46,9606.46
2023-11-15,9766.32,9766.32
2023-11-16,9749.85,9749.85
2023-11-17,9710.98,9710.98
2023-11-20,9721.07,9721.07
2023-11-21,9730.6,9730.6
2023-11-22,9663.98,9663.98
2023-11-23,9772.53,9772.53
2023-11-24,9790.12,9790.12
2023-11-27,9808.49,9808.49
2023-11-28,9817.87,9817.87
2023-11-29,9814.66,9814.66
2023-11-30,9853.88,9853.88
2023-12-01,9920.4,9920.4
2023-12-04,9888.25,9888.25
2023-12-05,9846.69,9846.69
2023-12-06,9765.4,9765.4
2023-12-07,9655.05,9655.05
2023-12-08,9641.53,9641.53
2023-12-11,9467.08,9467.08
2023-12-12,9526.25,9526.25
2023-12-13,9412.4,9412.4
2023-12-14,9650.74,9650.74
2023-12-15,9667.21,9667.21
2023-12-18,9597.15,9597.15
2023-12-19,9670.48,9670.48
2023-12-20,9701.86,9701.86
2023-12-21,9698.83,9698.83
2023-12-22,9734.87,9734.87
2023-12-27,9748.29,9748.29
2023-12-28,9829.5,9829.5
2023-12-29,9868.96,9868.96
2024-01-02,9978.84,9978.84
2024-01-03,9948.99,9948.99
2024-01-04,10076.84,10076.84
2024-01-05,10069.42,10069.42
2024-01-08,9997.83,9997.83
2024-01-09,10001.24,10001.24
2024-01-10,10010.38,10010.38
2024-01-11,10052.83,10052.83
2024-01-12,10112.44,10112.44
2024-01-15,10104.81,10104.81
2024-01-16,10101.52,10101.52
2024-01-17,10028.29,10028.29
2024-01-18,10045.59,10045.59
2024-01-19,10044.24,10044.24
2024-01-22,10011.37,10011.37
2024-01-23,9942.83,9942.83
2024-01-24,9879.37,9879.37
2024-01-25,9840.27,9840.27
2024-01-26,9788.51,9788.51
2024-01-29,9851.18,9851.18
2024-01-30,9898.28,9898.28
2024-01-31,9929.99,9929.99
2024-02-01,9929.92,9929.92
2024-02-02,9981.76,9981.76
2024-02-05,9872.88,9872.88
2024-02-06,9979.19,9979.19
2024-02-07,9936.17,9936.17
2024-02-12,10050.41,10050.41
2024-02-13,9980.08,9980.08
2024-02-15,10063.01,10063.01
2024-02-16,10057,10057
2024-02-19,9942.86,9942.86
2024-02-20,10047.05,10047.05
2024-02-21,10034.1,10034.1
2024-02-22,10038.5,10038.5
2024-02-23,9980.45,9980.45
2024-02-26,9940.19,9940.19
2024-02-27,9936.6,9936.6
2024-02-28,9966.47,9966.47
2024-02-29,9930.64,9930.64
2024-03-01,9941.22,9941.22
2024-03-04,9885.64,9885.64
2024-03-05,9854.35,9854.35
2024-03-06,9913.37,9913.37
2024-03-07,9914.21,9914.21
2024-03-08,9933.94,9933.94
2024-03-13,9938.21,9938.21
2024-03-14,10057.47,10057.47
2024-03-15,9942.53,9942.53
2024-03-18,9930.69,9930.69
2024-03-19,9946.28,9946.28
2024-03-20,9980.7,9980.7
2024-03-21,9982.38,9982.38
2024-03-22,10004.7,10004.7
2024-03-25,10088.14,10088.14
2024-03-26,10035.99,10035.99
2024-03-27,9969.93,9969.93
2024-03-28,9904.3,9904.3
2024-04-01,9772.65,9772.65
2024-04-02,9826.57,9826.57
2024-04-03,9724.95,9724.95
2024-04-04,9841.72,9841.72
2024-04-05,9790.03,9790.03
2024-04-16,9539.78,9539.78
2024-04-17,9442.63,9442.63
2024-04-18,9485.13,9485.13
2024-04-19,9329.93,9329.93
2024-04-22,9364.82,9364.82
2024-04-23,9409.28,9409.28
2024-04-24,9411.52,9411.52
2024-04-25,9345.56,9345.56
2024-04-26,9137.91,9137.91
2024-04-29,9297.02,9297.02
2024-04-30,9397.42,9397.42
2024-05-02,9114.7,9114.7
2024-05-03,9156.59,9156.59
2024-05-06,9165.32,9165.32
2024-05-07,9112.62,9112.62
2024-05-08,9085.22,9085.22
2024-05-13,9097.74,9097.74
2024-05-14,9100.03,9100.03
2024-05-15,9134.2,9134.2
2024-05-16,9211.18,9211.18
2024-05-17,9305.86,9305.86
2024-05-20,9249.99,9249.99
2024-05-21,9079.48,9079.48
2024-05-22,9122.57,9122.57
2024-05-27,8998.74,8998.74
2024-05-28,9095.15,9095.15
2024-05-29,9025.21,9025.21
2024-05-30,8928.44,8928.44
2024-05-31,8891.05,8891.05
2024-06-03,9069.23,9069.23
2024-06-04,9119.92,9119.92
2024-06-05,9031.04,9031.04
2024-06-06,9099.07,9099.07
2024-06-07,9063.38,9063.38
2024-06-10,9014.6,9014.6
2024-06-11,8873.19,8873.19
2024-06-12,8792.31,8792.31
2024-06-13,8773.56,8773.56
2024-06-14,8604.71,8604.71
2024-06-19,8568.73,8568.73
2024-06-20,8716.62,8716.62
2024-06-21,8881,8881
2024-06-24,8861.35,8861.35
2024-06-25,8831.53,8831.53
2024-06-26,8828.93,8828.93
2024-06-27,8932.13,8932.13
2024-06-28,9069.93,9069.93
2024-07-01,9128.31,9128.31
2024-07-02,9090.57,9090.57
2024-07-03,9121.89,9121.89
2024-07-04,9149.42,9149.42
2024-07-05,9241.46,9241.46
2024-07-08,9295.89,9295.89
2024-07-09,9355.55,9355.55
2024-07-10,9352.02,9352.02
2024-07-11,9349.01,9349.01
2024-07-12,9399.76,9399.76
2024-07-15,9308.73,9308.73
2024-07-16,9272.83,9272.83
2024-07-17,9348.31,9348.31
2024-07-18,9423.67,9423.67
2024-07-19,9352.83,9352.83
2024-07-22,9407.55,9407.55
2024-07-23,9395.37,9395.37
2024-07-24,9297.31,9297.31
2024-07-25,9282.02,9282.02
2024-07-26,9324.97,9324.97
2024-07-29,9285.1,9285.1
2024-07-30,9217.43,9217.43
2024-07-31,9286.29,9286.29
2024-08-01,9359.13,9359.13
2024-08-02,9308.83,9308.83
2024-08-05,8995.62,8995.62
2024-08-06,9082.04,9082.04
2024-08-07,9172.44,9172.44
2024-08-08,9199.44,9199.44
2024-08-09,9243.75,9243.75
2024-08-12,9315.29,9315.29
2024-08-13,9388.05,9388.05
2024-08-14,9492.72,9492.72
2024-08-15,9454.27,9454.27
2024-08-16,9518.64,9518.64
2024-08-19,9500.72,9500.72
2024-08-20,9653.42,9653.42
2024-08-21,9662.75,9662.75
2024-08-22,9562.91,9562.91
2024-08-23,9680.68,9680.68
2024-08-26,9740.88,9740.88
2024-08-27,9696.59,9696.59
2024-08-28,9734.46,9734.46
2024-08-29,9704.35,9704.35
2024-08-30,9691.51,9691.51
2024-09-02,9775.99,9775.99
2024-09-03,9682.01,9682.01
2024-09-04,9653.03,9653.03
2024-09-05,9720.18,9720.18
2024-09-06,9725.62,9725.62
2024-09-09,9687.13,9687.13
2024-09-10,9760.68,9760.68
2024-09-11,9774.45,9774.45
2024-09-12,9874.12,9874.12
2024-09-17,9951.94,9951.94
2024-09-18,9968.93,9968.93
2024-09-19,10049.78,10049.78
2024-09-20,10020.06,10020.06
2024-09-23,10135.72,10135.72
2024-09-24,10174.35,10174.35
2024-09-25,10092.7,10092.7
2024-09-26,10081.99,10081.99
2024-09-30,9856.65,9856.65
2024-10-01,9953.81,9953.81
2024-10-02,9824.17,9824.17
2024-10-03,9861.83,9861.83
2024-10-04,9784.64,9784.64
2024-10-07,9791.77,9791.77
2024-10-08,9888.76,9888.76
2024-10-09,9792.55,9792.55
2024-10-10,9800.64,9800.64
2024-10-11,9842.74,9842.74
2024-10-14,9843.82,9843.82
2024-10-15,9901.84,9901.84
2024-10-16,9916.87,9916.87
2024-10-17,9993.06,9993.06
2024-10-21,10057.64,10057.64
2024-10-22,10004.1,10004.1
2024-10-23,9995.23,9995.23
2024-10-24,9932.39,9932.39
2024-10-25,9883.06,9883.06
2024-10-28,9797.58,9797.58
2024-10-29,9742.88,9742.88
2024-10-30,9710.25,9710.25
2024-10-31,9712.4,9712.4
2024-11-01,9611.22,9611.22
2024-11-04,9611.91,9611.91
2024-11-05,9671.47,9671.47
2024-11-06,9481.23,9481.23
2024-11-07,9416.14,9416.14
2024-11-08,9371.9,9371.9
2024-11-11,9296.36,9296.36
2024-11-12,9314.28,9314.28
2024-11-13,9307.87,9307.87
2024-11-14,9214.03,9214.03
2024-11-15,9184.06,9184.06
2024-11-18,9125.52,9125.52
2024-11-19,9249.08,9249.08
2024-11-20,9220.08,9220.08
2024-11-21,9178.64,9178.64
2024-11-22,9239.29,9239.29
2024-11-25,9370.16,9370.16
2024-11-26,9280.41,9280.41
2024-11-28,9201.37,9201.37
2024-11-29,9147.21,9147.21
2024-12-02,9045.97,9045.97
2024-12-03,9254.85,9254.85
2024-12-04,9370.74,9370.74
2024-12-05,9301.03,9301.03
2024-12-06,9309.48,9309.48
2024-12-09,9464.28,9464.28
2024-12-10,9521.83,9521.83
2024-12-11,9523.13,9523.13
2024-12-13,9311.87,9311.87
2024-12-16,9249.62,9249.62
2024-12-17,9061.29,9061.29
2024-12-18,8961.69,8961.69
2024-12-19,8796.35,8796.35
2024-12-20,8770.67,8770.67
2024-12-23,8929.63,8929.63
2024-12-24,8901.2,8901.2
2024-12-27,8946.1,8946.1
2024-12-30,8953.27,8953.27
2025-01-02,9012.42,9012.42
2025-01-03,9007.57,9007.57
2025-01-06,8881.27,8881.27
2025-01-07,8816.08,8816.08
2025-01-08,8830.94,8830.94
2025-01-09,8827.92,8827.92
2025-01-10,8828.89,8828.89
2025-01-13,8734.94,8734.94
2025-01-14,8646.24,8646.24
2025-01-15,8886.18,8886.18
2025-01-16,8887.5,8887.5
2025-01-17,8908.27,8908.27
2025-01-20,8912.19,8912.19
2025-01-21,8931.42,8931.42
2025-01-22,9032.13,9032.13
2025-01-23,9008.45,9008.45
2025-01-24,8914.32,8914.32
2025-01-30,8804.12,8804.12
2025-01-31,8863.5,8863.5
2025-02-03,8747.1,8747.1
2025-02-04,8739.35,8739.35
2025-02-05,8650.77,8650.77
2025-02-06,8447.49,8447.49
2025-02-07,8543.99,8543.99
2025-02-10,8394.21,8394.21
2025-02-11,8275.79,8275.79
2025-02-12,8414.97,8414.97
2025-02-13,8385.76,8385.76
2025-02-14,8421.94,8421.94
2025-02-17,8618.73,8618.73
2025-02-18,8686.68,8686.68
2025-02-19,8522.78,8522.78
2025-02-20,8501.74,8501.74
2025-02-21,8446.44,8446.44
2025-02-24,8404.02,8404.02
2025-02-25,8193.59,8193.59
2025-02-26,8166.97,8166.97
2025-02-27,8030.43,8030.43
2025-02-28,7760.06,7760.06
2025-03-03,8036.92,8036.92
2025-03-04,7945.78,7945.78
2025-03-05,8129.9,8129.9
2025-03-06,8202.55,8202.55
2025-03-07,8196.88,8196.88
2025-03-10,8112.76,8112.76
2025-03-11,8013.47,8013.47
2025-03-12,8158.08,8158.08
2025-03-13,8060.92,8060.92
2025-03-14,7965.51,7965.51
2025-03-17,7988.67,7988.67
2025-03-18,7800.35,7800.35
2025-03-19,7834.24,7834.24
2025-03-20,7780.12,7780.12
2025-03-21,7622.1,7622.1
2025-03-24,7568.55,7568.55
2025-03-25,7717.04,7717.04
2025-03-26,8024.57,8024.57
2025-03-27,8018.27,8018.27
2025-04-08,7347.94,7347.94
2025-04-09,7357.03,7357.03
2025-04-10,7765.13,7765.13
2025-04-11,7801.72,7801.72
2025-04-14,8067.75,8067.75
2025-04-15,8103.97,8103.97
2025-04-16,8061.99,8061.99
2025-04-17,8145.25,8145.25
2025-04-21,8163.79,8163.79
2025-04-22,8239.12,8239.12
2025-04-23,8372.53,8372.53
2025-04-24,8380.1,8380.1
2025-04-25,8464.1,8464.1
2025-04-28,8486.08,8486.08
2025-04-29,8530.61,8530.61
2025-04-30,8539.94,8539.94
2025-05-02,8559.77,8559.77
2025-05-05,8618.08,8618.08
2025-05-06,8681.53,8681.53
2025-05-07,8735.14,8735.14
2025-05-08,8603.36,8603.36
2025-05-09,8604.23,8604.23
2025-05-14,8785.77,8785.77
2025-05-15,8876.91,8876.91
2025-05-16,8992.87,8992.87
2025-05-19,9041.64,9041.64
2025-05-20,8937.53,8937.53
2025-05-21,9075.26,9075.26
2025-05-22,9102.57,9102.57
2025-05-23,9116.79,9116.79
2025-05-26,9105.58,9105.58
2025-05-27,9134.56,9134.56
2025-05-28,9080.57,9080.57
2025-06-02,8915.33,8915.33
2025-06-03,8886.62,8886.62
2025-06-04,8899.66,8899.66
2025-06-05,8903.12,8903.12
2025-06-10,8994.47,8994.47
2025-06-11,9035.05,9035.05
2025-06-12,8986.5,8986.5
2025-06-13,8933.39,8933.39
2025-06-16,8892.46,8892.46
2025-06-17,8935.04,8935.04
2025-06-18,8874.17,8874.17
2025-06-19,8680.44,8680.44
2025-06-20,8595.71,8595.71
2025-06-23,8455.89,8455.89
2025-06-24,8576.05,8576.05
2025-06-25,8513.57,8513.57
2025-06-26,8611.8,8611.8
2025-06-30,8645,8645
2025-07-01,8629.9,8629.9
2025-07-02,8614.41,8614.41
2025-07-03,8619.24,8619.24
2025-07-04,8586.2,8586.2
2025-07-07,8628.36,8628.36
2025-07-08,8571,8571
2025-07-09,8621.17,8621.17
2025-07-10,8716.56,8716.56
2025-07-11,8783.3,8783.3
2025-07-14,8699.26,8699.26
2025-07-15,8707.53,8707.53
2025-07-16,8711.04,8711.04
2025-07-17,8800.6,8800.6
2025-07-18,8760.67,8760.67
2025-07-21,8829.44,8829.44
2025-07-22,8745.1,8745.1
2025-07-23,8851.28,8851.28
2025-07-24,8904.14,8904.14
2025-07-25,8857.31,8857.31
2025-07-28,8933.33,8933.33
2025-07-29,8957.49,8957.49
2025-07-30,8896.26,8896.26
2025-07-31,8843.54,8843.54
2025-08-01,8912.54,8912.54
2025-08-04,8864.88,8864.88
2025-08-05,8908.55,8908.55
2025-08-06,8872.91,8872.91
2025-08-07,8879.4,8879.4
2025-08-08,8861.26,8861.26
2025-08-11,8936.03,8936.03
2025-08-12,9155.44,9155.44
2025-08-13,9221.44,9221.44
2025-08-14,9202.26,9202.26
2025-08-15,9114.99,9114.99
2025-08-19,9062.61,9062.61
2025-08-20,9165.35,9165.35
2025-08-21,9159.22,9159.22
2025-08-22,9094.64,9094.64
2025-08-25,9169.64,9169.64
2025-08-26,9073.79,9073.79
2025-08-27,9008.57,9008.57
2025-08-28,9001.67,9001.67
2025-08-29,8840.81,8840.81
2025-09-01,8749.52,8749.52
2025-09-02,8803.68,8803.68
2025-09-03,8852.1,8852.1
2025-09-04,8860.86,8860.86
2025-09-08,8684.93,8684.93
2025-09-09,8580.66,8580.66
2025-09-10,8684.64,8684.64
2025-09-11,8783.02,8783.02
2025-09-12,8859.69,8859.69
2025-09-15,8899.33,8899.33
2025-09-16,8899.73,8899.73
2025-09-17,9004.97,9004.97
2025-09-18,8901.9,8901.9
2025-09-19,8921,8921
2025-09-22,8896.02,8896.02
2025-09-23,8968.92,8968.92
2025-09-24,8936.31,8936.31
2025-09-25,8826.87,8826.87
2025-09-26,8873.6,8873.6
2025-09-29,8863.01,8863.01
2025-09-30,8763.28,8763.28
2025-10-01,8683.49,8683.49
2025-10-02,8692.06,8692.06
2025-10-03,8714.64,8714.64
2025-10-06,8682.55,8682.55
2025-10-07,8698.26,8698.26
2025-10-08,8736.07,8736.07
2025-10-09,8837.84,8837.84
2025-10-10,8799.06,8799.06
2025-10-13,8748.54,8748.54
2025-10-14,8603.19,8603.19
2025-10-15,8640.2,8640.2
2025-10-16,8704.72,8704.72
2025-10-17,8606.45,8606.45
2025-10-20,8853.27,8853.27
2025-10-21,9065,9065
2025-10-22,8936.35,8936.35
2025-10-23,9157.33,9157.33
2025-10-24,9145.08,9145.08
2025-10-27,9169.7,9169.7
2025-10-28,9188.54,9188.54
2025-10-29,9310.3,9310.3
2025-10-30,9274.96,9274.96
2025-10-31,9165.31,9165.31
2025-11-03,9273.98,9273.98
2025-11-04,9227.81,9227.81
2025-11-05,9302.66,9302.66
2025-11-06,9266.04,9266.04
2025-11-07,9295.21,9295.21
2025-11-10,9286.96,9286.96
2025-11-11,9272.26,9272.26
2025-11-12,9327.55,9327.55
2025-11-13,9249.75,9249.75
2025-11-14,9232.33,9232.33
2025-11-17,9270,9270
2025-11-18,9179.62,9179.62
2025-11-19,9232.62,9232.62
2025-11-20,9225.64,9225.64
2025-11-21,9159.77,9159.77
2025-11-24,9276.97,9276.97
2025-11-25,9240.94,9240.94
2025-11-26,9313.1,9313.1
2025-11-27,9220.75,9220.75
2025-11-28,9195.29,9195.29
2025-12-01,9216.27,9216.27
2025-12-02,9206.94,9206.94
2025-12-03,9190.07,9190.07
2025-12-04,9234.68,9234.68
2025-12-05,9229.08,9229.08
2025-12-08,9276.24,9276.24
2025-12-09,9151.8,9151.8
2025-12-10,9202.08,9202.08
2025-12-11,9042.15,9042.15
2025-12-12,9115.65,9115.65
2025-12-15,9206.52,9206.52
2025-12-16,9161.26,9161.26
2025-12-17,9212.31,9212.31
2025-12-18,9197.29,9197.29
2025-12-19,9189.27,9189.27
2025-12-22,9231.92,9231.92
2025-12-23,9172.63,9172.63
2025-12-24,9153.68,9153.68
2025-12-29,9223.24,9223.24
2025-12-30,9204.3,9204.3
2026-01-02,9278.47,9278.47
2026-01-05,9379.22,9379.22
2026-01-06,9398.27,9398.27
2026-01-07,9463.62,9463.62
2026-01-08,9365.98,9365.98
2026-01-09,9375.68,9375.68
2026-01-12,9435.74,9435.74
2026-01-13,9565.07,9565.07
2026-01-14,9607.89,9607.89
2026-01-15,9648.51,9648.51
2026-01-19,9683.65,9683.65
2026-01-20,9698.09,9698.09
2026-01-21,9580.23,9580.23
2026-01-22,9695.69,9695.69
2026-01-23,9744.28,9744.28
2026-01-26,9805.75,9805.75
2026-01-27,9651.44,9651.44
2026-01-28,9169.54,9169.54
2026-01-29,9181.13,9181.13
2026-01-30,9315.53,9315.53
2026-02-02,9155.72,9155.72
2026-02-03,9333.04,9333.04
2026-02-04,9392.78,9392.78
2026-02-05,9344.3,9344.3
2026-02-06,9233.9,9233.9
2026-02-09,9250.9,9250.9
2026-02-10,9336.59,9336.59
2026-02-11,9465.62,9465.62
2026-02-12,9498.26,9498.26
2026-02-13,9410.58,9410.58
2026-02-18,9502.47,9502.47
2026-02-19,9503.36,9503.36
2026-02-20,9519.92,9519.92
2026-02-23,9706.76,9706.76
2026-02-24,9596.7,9596.7
2026-02-25,9747.99,9747.99
2026-02-26,9637,9637
2026-02-27,9631.05,9631.05
2026-03-02,9460.73,9460.73
2026-03-03,9395.99,9395.99
2026-03-04,9028.37,9028.37
2026-03-05,9192.08,9192.08
2026-03-06,9027.39,9027.39
2026-03-09,8736.76,8736.76
2026-03-10,8860.99,8860.99
2026-03-11,8778,8778
2026-03-12,8817.47,8817.47
2026-03-13,8632.56,8632.56
2026-03-16,8569.58,8569.58
2026-03-17,8708.71,8708.71
2026-03-25,8930.57,8930.57
2026-03-26,8805.86,8805.86
2026-03-27,8680.39,8680.39
2026-03-30,8702.42,8702.42
2026-03-31,8701.83,8701.83
2026-04-01,8773.86,8773.86
2026-04-02,8675.5,8675.5
2026-04-06,8645.93,8645.93
2026-04-07,8533.88,8533.88
2026-04-08,8828.75,8828.75
2026-04-09,8705.39,8705.39
2026-04-10,8802.43,8802.43
2026-04-13,8764.21,8764.21
2026-04-14,8878.92,8878.92
2026-04-15,8888.12,8888.12
2026-04-16,8899.26,8899.26
2026-04-17,8917.4,8917.4
2026-04-20,8855,8855
2026-04-21,8895.34,8895.34
2026-04-22,8934.68,8934.68
2026-04-23,8846.04,8846.04
2026-04-24,8680.71,8680.71
2026-04-27,8660.25,8660.25
2026-04-28,8594.82,8594.82
2026-04-29,8630.56,8630.56
2026-04-30,8506.71,8506.71
2026-05-04,8604.77,8604.77
2026-05-05,8576.47,8576.47
2026-05-06,8617.09,8617.09
2026-05-07,8774.89,8774.89
2026-05-08,8606.07,8606.07
2026-05-11,8597.12,8597.12
2026-05-12,8597.15,8597.15
2026-05-13,8504.53,8504.53
2026-05-18,8409.09,8409.09
2026-05-19,8252.83,8252.83
2026-05-20,8254.02,8254.02
2026-05-21,8091.59,8091.59
2026-05-22,8165.57,8165.57
2026-05-25,8284.2,8284.2
2026-05-26,8123.45,8123.45
2026-05-29,7974.55,7974.55
2026-06-02,8000.24,8000.24
2026-06-03,7688.86,7688.86
2026-06-04,7609.13,7609.13
2026-06-05,7372.76,7372.76
2026-06-08,6998.11,6998.11
2026-06-09,7469.38,7469.38
2026-06-10,7657.59,7657.59
2026-06-11,7659.1,7659.1
2026-06-12,7766.39,7766.39
2026-06-15,8029.98,8029.98
2026-06-17,8047.99,8047.99
2026-06-18,7988.94,7988.94
2026-06-19,7909.73,7909.73
2026-06-22,7838.89,7838.89
2026-06-23,7811.82,7811.82
2026-06-24,7646.17,7646.17
2026-06-25,7771.46,7771.46
2026-06-26,7721.47,7721.47
2026-06-29,7622.68,7622.68
2026-06-30,7448.59,7448.59
2026-07-01,7464.58,7464.58
2026-07-02,7530.71,7530.71
2026-07-03,7736.64,7736.64
2026-07-06,7733.02,7733.02
2026-07-07,7854.16,7854.16
2026-07-08,7735.65,7735.65
2026-07-09,7761.06,7761.06
2026-07-10,7782.17,7782.17
2026-07-13,7882.65,7882.65
2026-07-14,7887.99,7887.99
2026-07-15,7904.48,7904.48
2026-07-16,8005.43,8005.43
2026-07-17,8138.66,8138.66
2026-07-20,8186.69,8186.69
2026-07-21,8248.81,8248.81
2026-07-22,8231.31,8231.31
2026-07-23,8158.1,8158.1
2026-07-24,8026.28,8026.28
2026-07-27,8000.48,8000.48
2026-07-28,7959.77,7959.77
2026-07-29,7933.74,7933.74
2026-07-30,8071.81,8071.81
2026-07-31,8102.66,8102.66
2026-08-03,8125.56,8125.56
2026-08-04,8255.99,8255.99
2026-08-05,8239.97,8239.97
2026-08-06,8200.46,8200.46
2026-08-07,8325.28,8325.28
2026-08-10,8237.85,8237.85
2026-08-11,8153.54,8153.54
2026-08-12,8213.99,8213.99
2026-08-13,8171.31,8171.31
2026-08-14,8253.73,8253.73
2026-08-18,8280.47,8280.47
2026-08-19,8243.18,8243.18
2026-08-20,8331.42,8331.42
2026-08-21,8371.88,8371.88
2026-08-24,8342.52,8342.52
2026-08-26,8263.96,8263.96
2026-08-27,8351.3,8351.3
2026-08-28,8351.89,8351.89
2026-08-31,8390.12,8390.12
2026-09-01,8438.33,8438.33
2026-09-02,8369.75,8369.75
2026-09-03,8522.1,8522.1
2026-09-04,8461.56,8461.56
2026-09-07,8455.59,8455.59
2026-09-08,8532.55,8532.55
2026-09-09,8546.76,8546.76
2026-09-10,8466.98,8466.98
2026-09-11,8389.7,8389.7
2026-09-14,8459.17,8459.17
2026-09-15,8390.1,8390.1
2026-09-16,8347.57,8347.57
2026-09-17,8378.25,8378.25
2026-09-18,8288.82,8288.82
2026-09-21,8231.82,8231.82
2026-09-22,8137.76,8137.76
2026-09-23,8202.06,8202.06
2026-09-24,8107.69,8107.69
2026-09-25,8058.82,8058.82
2026-09-28,7957.84,7957.84
2026-09-29,7956.54,7956.54
2026-09-30,7892.03,7892.03
2026-10-01,7811.92,7811.92
2026-10-02,7861.27,7861.27
2026-10-05,7935.07,7935.07
2026-10-06,7992.17,7992.17
2026-10-07,7971.44,7971.44
