date,nav,nav_adjusted
2007-11-02,998.33,998.33
2007-11-05,980.83,980.83
2007-11-06,993.62,993.62
2007-11-07,1007.6,1007.6
2007-11-08,995.85,995.85
2007-11-09,1006.87,1006.87
2007-11-12,993.67,993.67
2007-11-13,980.13,980.13
2007-11-14,993.36,993.36
2007-11-15,1000.61,1000.61
2007-11-16,985.4,985.4
2007-11-19,972.48,972.48
2007-11-20,966.63,966.63
2007-11-21,947.85,947.85
2007-11-22,949.47,949.47
2007-11-23,956.49,956.49
2007-11-26,985.26,985.26
2007-11-27,980.84,980.84
2007-11-28,1002.04,1002.04
2007-11-29,1009.51,1009.51
2007-11-30,1011.1,1011.1
2007-12-03,1026.75,1026.75
2007-12-04,1040.41,1040.41
2007-12-05,1041.34,1041.34
2007-12-06,1048.36,1048.36
2007-12-07,1042.27,1042.27
2007-12-10,1044.08,1044.08
2007-12-11,1051.91,1051.91
2007-12-12,1045.13,1045.13
2007-12-13,1031.95,1031.95
2007-12-14,1025.61,1025.61
2007-12-17,996.88,996.88
2007-12-18,989.09,989.09
2007-12-19,993.3,993.3
2007-12-26,1018.41,1018.41
2007-12-27,1028.41,1028.41
2007-12-28,1028.96,1028.96
2008-01-02,1021.41,1021.41
2008-01-03,1016.2,1016.2
2008-01-04,1038.79,1038.79
2008-01-07,1045.7,1045.7
2008-01-08,1049.81,1049.81
2008-01-09,1071.84,1071.84
2008-01-14,1065.74,1065.74
2008-01-15,1035.69,1035.69
2008-01-16,981.22,981.22
2008-01-17,1003.34,1003.34
2008-01-18,990.22,990.22
2008-01-21,941.73,941.73
2008-01-22,867.82,867.82
2008-01-23,939.81,939.81
2008-01-24,952.9,952.9
2008-01-25,997.86,997.86
2008-01-28,991.83,991.83
2008-01-29,1005.78,1005.78
2008-01-30,1003.56,1003.56
2008-01-31,1007.64,1007.64
2008-02-01,1015.91,1015.91
2008-02-04,1035.16,1035.16
2008-02-05,1035.93,1035.93
2008-02-08,1011.21,1011.21
2008-02-11,988.12,988.12
2008-02-12,988.92,988.92
2008-02-13,994.19,994.19
2008-02-14,1018.45,1018.45
2008-02-15,1029.46,1029.46
2008-02-18,1030.09,1030.09
2008-02-19,1040.7,1040.7
2008-02-20,1031.03,1031.03
2008-02-21,1052.49,1052.49
2008-02-22,1057.05,1057.05
2008-02-25,1064.98,1064.98
2008-02-26,1058.25,1058.25
2008-02-27,1055.27,1055.27
2008-02-28,1059.38,1059.38
2008-02-29,1045.65,1045.65
2008-03-03,1019.83,1019.83
2008-03-04,1009.02,1009.02
2008-03-05,1009.95,1009.95
2008-03-06,1015.89,1015.89
2008-03-10,959.33,959.33
2008-03-11,956.46,956.46
2008-03-12,967.68,967.68
2008-03-13,916.1,916.1
2008-03-14,894.64,894.64
2008-03-17,862.9,862.9
2008-03-19,864.83,864.83
2008-03-24,870.13,870.13
2008-03-25,902.53,902.53
2008-03-26,908.41,908.41
2008-03-27,912.05,912.05
2008-03-28,921.11,921.11
2008-03-31,909.92,909.92
2008-04-01,886.3,886.3
2008-04-02,864.13,864.13
2008-04-03,823.37,823.37
2008-04-04,840.53,840.53
2008-04-07,844.07,844.07
2008-04-08,831.34,831.34
2008-04-09,803.92,803.92
2008-04-10,827.84,827.84
2008-04-11,854.83,854.83
2008-04-14,841.16,841.16
2008-04-15,850.03,850.03
2008-04-16,868.63,868.63
2008-04-17,868.46,868.46
2008-04-18,874.32,874.32
2008-04-21,869.08,869.08
2008-04-22,851.72,851.72
2008-04-23,861.06,861.06
2008-04-24,841.43,841.43
2008-04-25,829.52,829.52
2008-04-28,833.94,833.94
2008-04-29,855.09,855.09
2008-04-30,853.29,853.29
2008-05-02,869.79,869.79
2008-05-05,886.51,886.51
2008-05-06,884.59,884.59
2008-05-07,891.75,891.75
2008-05-08,889.76,889.76
2008-05-09,887.9,887.9
2008-05-12,888.09,888.09
2008-05-13,904.13,904.13
2008-05-14,914.2,914.2
2008-05-15,912.85,912.85
2008-05-16,922.97,922.97
2008-05-19,943.48,943.48
2008-05-21,935.3,935.3
2008-05-23,924.79,924.79
2008-05-26,904.3,904.3
2008-05-27,895.65,895.65
2008-05-28,913.56,913.56
2008-05-29,924.54,924.54
2008-05-30,927.57,927.57
2008-06-02,922.49,922.49
2008-06-03,909.79,909.79
2008-06-04,887.22,887.22
2008-06-05,897.92,897.92
2008-06-06,901.55,901.55
2008-06-09,904.04,904.04
2008-06-10,885.17,885.17
2008-06-11,883.72,883.72
2008-06-12,900.16,900.16
2008-06-13,892.19,892.19
2008-06-16,893.24,893.24
2008-06-17,889.33,889.33
2008-06-18,885.33,885.33
2008-06-19,895.57,895.57
2008-06-20,902.27,902.27
2008-06-23,898.1,898.1
2008-06-24,898.16,898.16
2008-06-25,885.48,885.48
2008-06-26,888.76,888.76
2008-06-27,879.13,879.13
2008-06-30,887.37,887.37
2008-07-01,904.37,904.37
2008-07-02,899.98,899.98
2008-07-03,858.86,858.86
2008-07-04,870.76,870.76
2008-07-07,865.64,865.64
2008-07-08,856.75,856.75
2008-07-09,855.94,855.94
2008-07-10,847.96,847.96
2008-07-11,852.41,852.41
2008-07-14,846.62,846.62
2008-07-15,832.68,832.68
2008-07-16,823.3,823.3
2008-07-17,805.16,805.16
2008-07-18,792.88,792.88
2008-07-21,813.55,813.55
2008-07-22,822.15,822.15
2008-07-23,825.9,825.9
2008-07-24,838.54,838.54
2008-07-25,834.15,834.15
2008-07-28,841.1,841.1
2008-07-29,844.05,844.05
2008-07-31,857.45,857.45
2008-08-01,836.4,836.4
2008-08-04,824.61,824.61
2008-08-05,809.89,809.89
2008-08-06,810.19,810.19
2008-08-07,816.41,816.41
2008-08-08,818,818
2008-08-11,794.18,794.18
2008-08-12,765.44,765.44
2008-08-13,769.37,769.37
2008-08-14,789.63,789.63
2008-08-15,778.51,778.51
2008-08-19,760.65,760.65
2008-08-20,773.39,773.39
2008-08-21,783.36,783.36
2008-08-22,793.98,793.98
2008-08-25,798.17,798.17
2008-08-26,791.63,791.63
2008-08-27,801.96,801.96
2008-08-28,809.01,809.01
2008-08-29,816.08,816.08
2008-09-01,819.27,819.27
2008-09-02,823.31,823.31
2008-09-03,799.95,799.95
2008-09-04,782.05,782.05
2008-09-05,760.27,760.27
2008-09-08,763.98,763.98
2008-09-09,731.87,731.87
2008-09-10,698.93,698.93
2008-09-11,690.88,690.88
2008-09-12,663.34,663.34
2008-09-15,625.88,625.88
2008-09-16,640.18,640.18
2008-09-17,652.22,652.22
2008-09-18,661.71,661.71
2008-09-19,709.19,709.19
2008-09-22,714.22,714.22
2008-09-23,698.95,698.95
2008-09-24,701.9,701.9
2008-09-25,692.06,692.06
2008-09-26,683.03,683.03
2008-09-29,674.03,674.03
2008-10-06,605.44,605.44
2008-10-07,596.5,596.5
2008-10-08,531.25,531.25
2008-10-09,531.25,531.25
2008-10-10,531.25,531.25
2008-10-13,538.02,538.02
2008-10-14,575.28,575.28
2008-10-15,554.87,554.87
2008-10-16,530.16,530.16
2008-10-17,503.38,503.38
2008-10-20,512.42,512.42
2008-10-21,521.4,521.4
2008-10-22,496.65,496.65
2008-10-23,476.9,476.9
2008-10-24,443.41,443.41
2008-10-27,413.78,413.78
2008-10-28,391.76,391.76
2008-10-29,390.75,390.75
2008-10-30,415.66,415.66
2008-10-31,452.13,452.13
2008-11-03,493.53,493.53
2008-11-04,500.09,500.09
2008-11-05,496.66,496.66
2008-11-06,473.22,473.22
2008-11-07,490.48,490.48
2008-11-10,492.06,492.06
2008-11-11,492.13,492.13
2008-11-12,489.58,489.58
2008-11-13,463.43,463.43
2008-11-14,467.16,467.16
2008-11-17,454.7,454.7
2008-11-18,436.73,436.73
2008-11-19,431.91,431.91
2008-11-20,419.82,419.82
2008-11-21,419.61,419.61
2008-11-24,418.66,418.66
2008-11-25,425.85,425.85
2008-11-26,443.43,443.43
2008-11-27,449.77,449.77
2008-11-28,466.94,466.94
2008-12-01,458.7,458.7
2008-12-02,445.97,445.97
2008-12-03,446.2,446.2
2008-12-04,455.67,455.67
2008-12-05,454.5,454.5
2008-12-09,483.71,483.71
2008-12-10,508.45,508.45
2008-12-11,512.1,512.1
2008-12-12,486.05,486.05
2008-12-15,527.69,527.69
2008-12-16,520.8,520.8
2008-12-17,528.07,528.07
2008-12-18,527.22,527.22
2008-12-19,521.46,521.46
2008-12-22,517.43,517.43
2008-12-23,516.88,516.88
2008-12-24,513.24,513.24
2008-12-26,514.34,514.34
2008-12-30,520.76,520.76
2009-01-05,555.3,555.3
2009-01-06,558.56,558.56
2009-01-07,551.53,551.53
2009-01-08,542.88,542.88
2009-01-09,550.15,550.15
2009-01-12,544.58,544.58
2009-01-13,538.19,538.19
2009-01-14,535.33,535.33
2009-01-15,516.09,516.09
2009-01-16,524.51,524.51
2009-01-19,520.66,520.66
2009-01-20,520.76,520.76
2009-01-21,509.54,509.54
2009-01-22,510.88,510.88
2009-01-23,506.92,506.92
2009-01-27,516.69,516.69
2009-01-28,510.76,510.76
2009-01-29,513.59,513.59
2009-01-30,517.42,517.42
2009-02-02,506.93,506.93
2009-02-03,506.77,506.77
2009-02-04,510.28,510.28
2009-02-05,512.04,512.04
2009-02-06,523.4,523.4
2009-02-09,521.32,521.32
2009-02-10,515.54,515.54
2009-02-11,512.05,512.05
2009-02-12,513.51,513.51
2009-02-13,519.9,519.9
2009-02-16,521.37,521.37
2009-02-17,511.35,511.35
2009-02-18,514.75,514.75
2009-02-19,509.35,509.35
2009-02-20,497.17,497.17
2009-02-23,508.51,508.51
2009-02-24,500.51,500.51
2009-02-25,504.15,504.15
2009-02-26,499.53,499.53
2009-02-27,495.94,495.94
2009-03-02,482.85,482.85
2009-03-03,486.44,486.44
2009-03-04,499.78,499.78
2009-03-05,498.11,498.11
2009-03-06,497.32,497.32
2009-03-10,505.75,505.75
2009-03-11,512.6,512.6
2009-03-12,509.72,509.72
2009-03-13,517.62,517.62
2009-03-16,516.17,516.17
2009-03-17,512.04,512.04
2009-03-18,518.9,518.9
2009-03-19,526.45,526.45
2009-03-20,532.62,532.62
2009-03-23,555.48,555.48
2009-03-24,568.79,568.79
2009-03-25,563.65,563.65
2009-03-27,579.5,579.5
2009-03-30,559.72,559.72
2009-03-31,566.97,566.97
2009-04-01,576.92,576.92
2009-04-02,594.08,594.08
2009-04-03,593.01,593.01
2009-04-06,603.29,603.29
2009-04-07,594.54,594.54
2009-04-08,586.46,586.46
2009-04-13,621.83,621.83
2009-04-14,634.38,634.38
2009-04-15,641.29,641.29
2009-04-16,655.28,655.28
2009-04-17,658.93,658.93
2009-04-20,665.8,665.8
2009-04-21,654.66,654.66
2009-04-22,646.88,646.88
2009-04-23,636.79,636.79
2009-04-24,640.16,640.16
2009-04-27,632.35,632.35
2009-04-28,639.07,639.07
2009-04-29,662.16,662.16
2009-04-30,699.91,699.91
2009-05-01,704.65,704.65
2009-05-04,732.59,732.59
2009-05-05,726.73,726.73
2009-05-06,734.49,734.49
2009-05-07,753.98,753.98
2009-05-08,768.21,768.21
2009-05-11,752.79,752.79
2009-05-12,758.27,758.27
2009-05-13,763.9,763.9
2009-05-14,727.92,727.92
2009-05-15,716.49,716.49
2009-05-18,716.49,716.49
2009-05-19,781.86,781.86
2009-05-20,783.25,783.25
2009-05-22,779.68,779.68
2009-05-25,783.23,783.23
2009-05-26,764.41,764.41
2009-05-27,783.03,783.03
2009-05-28,788.85,788.85
2009-05-29,799.71,799.71
2009-06-01,842.87,842.87
2009-06-02,843.64,843.64
2009-06-03,848.28,848.28
2009-06-04,858.17,858.17
2009-06-05,883.79,883.79
2009-06-08,870,870
2009-06-09,884.22,884.22
2009-06-10,891.39,891.39
2009-06-11,876.55,876.55
2009-06-12,874.87,874.87
2009-06-15,861.42,861.42
2009-06-16,838.02,838.02
2009-06-17,833.32,833.32
2009-06-18,799.56,799.56
2009-06-19,819.19,819.19
2009-06-22,814.78,814.78
2009-06-23,788.91,788.91
2009-06-24,827.69,827.69
2009-06-25,850.17,850.17
2009-06-26,847.81,847.81
2009-06-29,845.74,845.74
2009-06-30,838.29,838.29
2009-07-01,850.69,850.69
2009-07-02,851.62,851.62
2009-07-03,856.44,856.44
2009-07-06,837.65,837.65
2009-07-07,862.68,862.68
2009-07-09,862.37,862.37
2009-07-10,855.33,855.33
2009-07-13,838.67,838.67
2009-07-14,854.3,854.3
2009-07-15,882.26,882.26
2009-07-16,882.59,882.59
2009-07-17,876.75,876.75
2009-07-21,896.82,896.82
2009-07-22,889.51,889.51
2009-07-23,902.52,902.52
2009-07-24,916.18,916.18
2009-07-27,920.78,920.78
2009-07-28,936.6,936.6
2009-07-29,932.92,932.92
2009-07-30,971.16,971.16
2009-07-31,988.35,988.35
2009-08-03,996.52,996.52
2009-08-04,1002.64,1002.64
2009-08-05,976.94,976.94
2009-08-06,993.53,993.53
2009-08-07,988.27,988.27
2009-08-10,1007.64,1007.64
2009-08-11,1013.94,1013.94
2009-08-12,990.6,990.6
2009-08-13,1015.83,1015.83
2009-08-14,1011.99,1011.99
2009-08-18,988.5,988.5
2009-08-19,958.48,958.48
2009-08-20,982.18,982.18
2009-08-21,989.34,989.34
2009-08-24,1015.78,1015.78
2009-08-25,1017.19,1017.19
2009-08-26,1016.26,1016.26
2009-08-27,1004.09,1004.09
2009-08-28,1012.28,1012.28
2009-08-31,998.13,998.13
2009-09-01,986.05,986.05
2009-09-02,970.17,970.17
2009-09-03,986.34,986.34
2009-09-04,985.62,985.62
2009-09-07,992.67,992.67
2009-09-08,1008.08,1008.08
2009-09-09,1016.82,1016.82
2009-09-10,1027.38,1027.38
2009-09-11,1029.36,1029.36
2009-09-14,1013.94,1013.94
2009-09-15,1027.42,1027.42
2009-09-16,1038.62,1038.62
2009-09-17,1049.21,1049.21
2009-09-24,1055.8,1055.8
2009-09-25,1044.75,1044.75
2009-09-28,1019.92,1019.92
2009-09-29,1044.86,1044.86
2009-09-30,1058.9,1058.9
2009-10-01,1061.14,1061.14
2009-10-02,1063.63,1063.63
2009-10-05,1065.07,1065.07
2009-10-06,1091.23,1091.23
2009-10-07,1087.21,1087.21
2009-10-08,1074.71,1074.71
2009-10-09,1069.47,1069.47
2009-10-12,1061.91,1061.91
2009-10-13,1067.91,1067.91
2009-10-14,1089.88,1089.88
2009-10-15,1092.02,1092.02
2009-10-16,1089.98,1089.98
2009-10-19,1093.97,1093.97
2009-10-20,1085.62,1085.62
2009-10-21,1072.83,1072.83
2009-10-22,1053.68,1053.68
2009-10-23,1072.19,1072.19
2009-10-26,1071.29,1071.29
2009-10-27,1051.03,1051.03
2009-10-28,1018.58,1018.58
2009-10-29,1015.24,1015.24
2009-10-30,1031.32,1031.32
2009-11-02,1033.86,1033.86
2009-11-03,1019.58,1019.58
2009-11-04,1034.22,1034.22
2009-11-05,1033.72,1033.72
2009-11-06,1047.6,1047.6
2009-11-09,1053.88,1053.88
2009-11-10,1044.76,1044.76
2009-11-11,1051.08,1051.08
2009-11-12,1059.18,1059.18
2009-11-13,1062.54,1062.54
2009-11-16,1083.88,1083.88
2009-11-17,1085.8,1085.8
2009-11-18,1088.78,1088.78
2009-11-19,1082.53,1082.53
2009-11-20,1086.94,1086.94
2009-11-23,1085.16,1085.16
2009-11-24,1082.51,1082.51
2009-11-25,1077.56,1077.56
2009-11-26,1048.11,1048.11
2009-11-30,1062.14,1062.14
2009-12-01,1077.16,1077.16
2009-12-02,1086.3,1086.3
2009-12-03,1100.97,1100.97
2009-12-04,1106.76,1106.76
2009-12-07,1095.38,1095.38
2009-12-08,1097.63,1097.63
2009-12-09,1095.57,1095.57
2009-12-10,1098.34,1098.34
2009-12-11,1112.02,1112.02
2009-12-14,1109.83,1109.83
2009-12-15,1104.56,1104.56
2009-12-16,1119.25,1119.25
2009-12-17,1112.51,1112.51
2009-12-21,1072.97,1072.97
2009-12-22,1087.95,1087.95
2009-12-23,1092.27,1092.27
2009-12-28,1106.71,1106.71
2009-12-29,1106.81,1106.81
2009-12-30,1114.23,1114.23
2010-01-04,1134.94,1134.94
2010-01-05,1146.64,1146.64
2010-01-06,1144.79,1144.79
2010-01-07,1139.26,1139.26
2010-01-08,1150.75,1150.75
2010-01-11,1159.73,1159.73
2010-01-12,1172.3,1172.3
2010-01-14,1163.18,1163.18
2010-01-15,1163.15,1163.15
2010-01-18,1157.71,1157.71
2010-01-19,1167.99,1167.99
2010-01-20,1166.61,1166.61
2010-01-21,1153.12,1153.12
2010-01-22,1141.48,1141.48
2010-01-25,1135.99,1135.99
2010-01-26,1124.74,1124.74
2010-01-27,1118.02,1118.02
2010-01-28,1143.81,1143.81
2010-01-29,1138.62,1138.62
2010-02-01,1125.75,1125.75
2010-02-02,1123.38,1123.38
2010-02-03,1133.07,1133.07
2010-02-04,1132.04,1132.04
2010-02-05,1099.39,1099.39
2010-02-08,1081.02,1081.02
2010-02-09,1089.89,1089.89
2010-02-10,1085.87,1085.87
2010-02-11,1099.22,1099.22
2010-02-12,1107.56,1107.56
2010-02-15,1098.95,1098.95
2010-02-16,1119.16,1119.16
2010-02-17,1129.13,1129.13
2010-02-18,1118.3,1118.3
2010-02-19,1115.56,1115.56
2010-02-22,1120.04,1120.04
2010-02-23,1130.31,1130.31
2010-02-24,1129.94,1129.94
2010-02-25,1117.03,1117.03
2010-03-01,1120.12,1120.12
2010-03-02,1126.89,1126.89
2010-03-03,1122.32,1122.32
2010-03-04,1120.02,1120.02
2010-03-05,1123,1123
2010-03-08,1144.28,1144.28
2010-03-09,1159.72,1159.72
2010-03-10,1166.35,1166.35
2010-03-11,1167.7,1167.7
2010-03-12,1162.45,1162.45
2010-03-15,1162.23,1162.23
2010-03-17,1207.46,1207.46
2010-03-18,1197.67,1197.67
2010-03-19,1202.22,1202.22
2010-03-22,1181.12,1181.12
2010-03-23,1186.92,1186.92
2010-03-24,1210.82,1210.82
2010-03-25,1223.22,1223.22
2010-03-26,1227.07,1227.07
2010-03-29,1220.55,1220.55
2010-03-30,1220.75,1220.75
2010-03-31,1213.89,1213.89
2010-04-01,1234.43,1234.43
2010-04-05,1256.53,1256.53
2010-04-06,1251.59,1251.59
2010-04-07,1254.75,1254.75
2010-04-08,1230.47,1230.47
2010-04-09,1227.56,1227.56
2010-04-12,1243.78,1243.78
2010-04-13,1249.21,1249.21
2010-04-14,1249.3,1249.3
2010-04-15,1255.49,1255.49
2010-04-16,1246.72,1246.72
2010-04-19,1227.44,1227.44
2010-04-20,1249.99,1249.99
2010-04-21,1258.87,1258.87
2010-04-22,1264.39,1264.39
2010-04-23,1262.57,1262.57
2010-04-26,1271.22,1271.22
2010-04-27,1264.15,1264.15
2010-04-28,1245.12,1245.12
2010-04-29,1252.39,1252.39
2010-04-30,1272.7,1272.7
2010-05-03,1267.82,1267.82
2010-05-04,1264.74,1264.74
2010-05-06,1201.64,1201.64
2010-05-07,1168.09,1168.09
2010-05-10,1219.86,1219.86
2010-05-11,1204.62,1204.62
2010-05-12,1220.76,1220.76
2010-05-14,1223.1,1223.1
2010-05-17,1206.5,1206.5
2010-05-18,1213.05,1213.05
2010-05-19,1162.79,1162.79
2010-05-20,1146.7,1146.7
2010-05-21,1118.28,1118.28
2010-05-24,1116.31,1116.31
2010-05-25,1079.43,1079.43
2010-05-26,1157.99,1157.99
2010-05-27,1167.96,1167.96
2010-05-31,1204.76,1204.76
2010-06-01,1175.13,1175.13
2010-06-02,1177.48,1177.48
2010-06-03,1211.53,1211.53
2010-06-04,1186.49,1186.49
2010-06-07,1186.49,1186.49
2010-06-08,1197.18,1197.18
2010-06-09,1202.42,1202.42
2010-06-10,1193.28,1193.28
2010-06-11,1210.19,1210.19
2010-06-14,1222.4,1222.4
2010-06-15,1226.18,1226.18
2010-06-16,1239.24,1239.24
2010-06-17,1252.79,1252.79
2010-06-18,1273.37,1273.37
2010-06-21,1280.87,1280.87
2010-06-22,1277.19,1277.19
2010-06-23,1272.98,1272.98
2010-06-24,1268.12,1268.12
2010-06-25,1281.86,1281.86
2010-06-28,1283.49,1283.49
2010-06-29,1257.96,1257.96
2010-06-30,1268.16,1268.16
2010-07-01,1252.14,1252.14
2010-07-02,1248.7,1248.7
2010-07-05,1250.75,1250.75
2010-07-06,1264.91,1264.91
2010-07-07,1258.39,1258.39
2010-07-08,1272.1,1272.1
2010-07-09,1288.32,1288.32
2010-07-12,1293.86,1293.86
2010-07-13,1295.33,1295.33
2010-07-14,1299.99,1299.99
2010-07-15,1303.41,1303.41
2010-07-16,1306.82,1306.82
2010-07-19,1299.15,1299.15
2010-07-20,1309.87,1309.87
2010-07-21,1318.69,1318.69
2010-07-22,1313.95,1313.95
2010-07-23,1331.03,1331.03
2010-07-26,1322.16,1322.16
2010-07-27,1327.73,1327.73
2010-07-28,1333.55,1333.55
2010-07-29,1346.83,1346.83
2010-07-30,1335.18,1335.18
2010-08-02,1323.41,1323.41
2010-08-03,1284.7,1284.7
2010-08-04,1287.92,1287.92
2010-08-05,1315.48,1315.48
2010-08-06,1320.65,1320.65
2010-08-09,1330.87,1330.87
2010-08-10,1318.39,1318.39
2010-08-11,1308.38,1308.38
2010-08-12,1302.79,1302.79
2010-08-13,1312.88,1312.88
2010-08-16,1310.96,1310.96
2010-08-18,1318.48,1318.48
2010-08-19,1334.26,1334.26
2010-08-20,1336.17,1336.17
2010-08-23,1338.9,1338.9
2010-08-24,1334.82,1334.82
2010-08-25,1340.24,1340.24
2010-08-26,1344.91,1344.91
2010-08-27,1329.14,1329.14
2010-08-30,1327.33,1327.33
2010-08-31,1317.69,1317.69
2010-09-01,1340.94,1340.94
2010-09-02,1336.3,1336.3
2010-09-03,1352.11,1352.11
2010-09-06,1370.19,1370.19
2010-09-07,1377.04,1377.04
2010-09-15,1435.72,1435.72
2010-09-16,1427.02,1427.02
2010-09-17,1444.89,1444.89
2010-09-20,1431.61,1431.61
2010-09-21,1425.42,1425.42
2010-09-22,1413.93,1413.93
2010-09-23,1412.72,1412.72
2010-09-24,1437.72,1437.72
2010-09-27,1461.59,1461.59
2010-09-28,1462.09,1462.09
2010-09-29,1470.39,1470.39
2010-09-30,1470.65,1470.65
2010-10-01,1487.98,1487.98
2010-10-04,1499.58,1499.58
2010-10-05,1503.76,1503.76
2010-10-06,1506.79,1506.79
2010-10-07,1503.01,1503.01
2010-10-08,1484.3,1484.3
2010-10-11,1486.73,1486.73
2010-10-12,1486.83,1486.83
2010-10-13,1512.79,1512.79
2010-10-14,1516.04,1516.04
2010-10-15,1505.95,1505.95
2010-10-18,1489.03,1489.03
2010-10-19,1499.73,1499.73
2010-10-20,1491.82,1491.82
2010-10-22,1506.75,1506.75
2010-10-25,1528.78,1528.78
2010-10-26,1535.51,1535.51
2010-10-27,1527.32,1527.32
2010-10-28,1529.52,1529.52
2010-10-29,1529.81,1529.81
2010-11-01,1531.03,1531.03
2010-11-02,1524.26,1524.26
2010-11-03,1516.17,1516.17
2010-11-04,1529.63,1529.63
2010-11-05,1545.45,1545.45
2010-11-08,1562.45,1562.45
2010-11-09,1580.28,1580.28
2010-11-10,1585.14,1585.14
2010-11-11,1573.15,1573.15
2010-11-12,1541.23,1541.23
2010-11-15,1531.82,1531.82
2010-11-16,1539.69,1539.69
2010-11-18,1537.17,1537.17
2010-11-19,1561.96,1561.96
2010-11-22,1564.1,1564.1
2010-11-23,1532.26,1532.26
2010-11-24,1518.89,1518.89
2010-11-25,1537.49,1537.49
2010-11-26,1510.3,1510.3
2010-11-29,1509.02,1509.02
2010-11-30,1471.52,1471.52
2010-12-01,1507.09,1507.09
2010-12-02,1534.32,1534.32
2010-12-03,1529.57,1529.57
2010-12-06,1542.59,1542.59
2010-12-08,1555.41,1555.41
2010-12-09,1552.44,1552.44
2010-12-10,1536.26,1536.26
2010-12-13,1524.55,1524.55
2010-12-14,1521.82,1521.82
2010-12-15,1513.03,1513.03
2010-12-16,1476.41,1476.41
2010-12-17,1483.79,1483.79
2010-12-20,1481.77,1481.77
2010-12-21,1510.64,1510.64
2010-12-22,1507.08,1507.08
2010-12-23,1499.79,1499.79
2010-12-27,1505.42,1505.42
2010-12-28,1519.89,1519.89
2010-12-29,1533.4,1533.4
2010-12-30,1536.99,1536.99
2011-01-03,1552.21,1552.21
2011-01-04,1569.4,1569.4
2011-01-05,1577.9,1577.9
2011-01-06,1557.61,1557.61
2011-01-07,1509.17,1509.17
2011-01-10,1441.44,1441.44
2011-01-11,1428.28,1428.28
2011-01-12,1468.33,1468.33
2011-01-13,1476.83,1476.83
2011-01-14,1475.96,1475.96
2011-01-17,1458.72,1458.72
2011-01-18,1463.25,1463.25
2011-01-19,1453.25,1453.25
2011-01-20,1417.77,1417.77
2011-01-21,1382.03,1382.03
2011-01-24,1366.95,1366.95
2011-01-25,1405.99,1405.99
2011-01-26,1436.9,1436.9
2011-01-27,1442.45,1442.45
2011-01-28,1425.45,1425.45
2011-01-31,1390.64,1390.64
2011-02-01,1406.56,1406.56
2011-02-02,1423.39,1423.39
2011-02-04,1427.28,1427.28
2011-02-07,1426.78,1426.78
2011-02-08,1415.83,1415.83
2011-02-09,1397.87,1397.87
2011-02-10,1380.65,1380.65
2011-02-11,1390.43,1390.43
2011-02-14,1403.3,1403.3
2011-02-16,1402.33,1402.33
2011-02-17,1410.11,1410.11
2011-02-18,1438.45,1438.45
2011-02-21,1437.65,1437.65
2011-02-22,1418.39,1418.39
2011-02-23,1429.19,1429.19
2011-02-24,1407.09,1407.09
2011-02-25,1407.81,1407.81
2011-02-28,1421.27,1421.27
2011-03-01,1440.42,1440.42
2011-03-02,1426.88,1426.88
2011-03-03,1429.81,1429.81
2011-03-04,1452.96,1452.96
2011-03-07,1460.61,1460.61
2011-03-08,1470.92,1470.92
2011-03-09,1473.28,1473.28
2011-03-10,1467.2,1467.2
2011-03-11,1444.54,1444.54
2011-03-14,1458.58,1458.58
2011-03-15,1441.9,1441.9
2011-03-16,1443.2,1443.2
2011-03-17,1421.95,1421.95
2011-03-18,1428.26,1428.26
2011-03-21,1439.21,1439.21
2011-03-22,1436.92,1436.92
2011-03-23,1453.5,1453.5
2011-03-24,1479.05,1479.05
2011-03-25,1475.43,1475.43
2011-03-28,1469.96,1469.96
2011-03-29,1464.65,1464.65
2011-03-30,1482.72,1482.72
2011-03-31,1495.39,1495.39
2011-04-01,1509.2,1509.2
2011-04-04,1507.99,1507.99
2011-04-05,1503.65,1503.65
2011-04-06,1520.64,1520.64
2011-04-07,1520.26,1520.26
2011-04-08,1525.9,1525.9
2011-04-11,1528.81,1528.81
2011-04-12,1514.71,1514.71
2011-04-13,1521.8,1521.8
2011-04-14,1510.03,1510.03
2011-04-15,1521.42,1521.42
2011-04-18,1519.2,1519.2
2011-04-19,1518.55,1518.55
2011-04-20,1549.46,1549.46
2011-04-21,1552.09,1552.09
2011-04-25,1545.39,1545.39
2011-04-26,1540.94,1540.94
2011-04-27,1556.13,1556.13
2011-04-28,1554.62,1554.62
2011-04-29,1558.06,1558.06
2011-05-02,1569.54,1569.54
2011-05-03,1556.75,1556.75
2011-05-04,1556.14,1556.14
2011-05-05,1558.51,1558.51
2011-05-06,1544.91,1544.91
2011-05-09,1536.45,1536.45
2011-05-10,1538.17,1538.17
2011-05-11,1554.73,1554.73
2011-05-12,1541.32,1541.32
2011-05-13,1546.17,1546.17
2011-05-16,1531.7,1531.7
2011-05-18,1546.56,1546.56
2011-05-19,1554.59,1554.59
2011-05-20,1561.69,1561.69
2011-05-23,1523.22,1523.22
2011-05-24,1528.65,1528.65
2011-05-25,1524.02,1524.02
2011-05-26,1538.37,1538.37
2011-05-27,1543.49,1543.49
2011-05-30,1544.47,1544.47
2011-05-31,1546.07,1546.07
2011-06-01,1542.3,1542.3
2011-06-03,1545.85,1545.85
2011-06-06,1539.97,1539.97
2011-06-07,1545.17,1545.17
2011-06-08,1536.84,1536.84
2011-06-09,1528.69,1528.69
2011-06-10,1520.89,1520.89
2011-06-13,1509.95,1509.95
2011-06-14,1519.79,1519.79
2011-06-15,1528.55,1528.55
2011-06-16,1508.76,1508.76
2011-06-17,1504.35,1504.35
2011-06-20,1502.58,1502.58
2011-06-21,1528.1,1528.1
2011-06-22,1536.01,1536.01
2011-06-23,1533.83,1533.83
2011-06-24,1541.3,1541.3
2011-06-27,1529.22,1529.22
2011-06-28,1533.94,1533.94
2011-06-30,1555.42,1555.42
2011-07-01,1568.83,1568.83
2011-07-04,1577.4,1577.4
2011-07-05,1562.32,1562.32
2011-07-06,1553.51,1553.51
2011-07-07,1566.07,1566.07
2011-07-08,1592.55,1592.55
2011-07-11,1590.79,1590.79
2011-07-12,1566.03,1566.03
2011-07-13,1579.5,1579.5
2011-07-14,1588.07,1588.07
2011-07-15,1595.32,1595.32
2011-07-18,1598.54,1598.54
2011-07-19,1589.39,1589.39
2011-07-20,1600.4,1600.4
2011-07-21,1610.66,1610.66
2011-07-22,1625.54,1625.54
2011-07-25,1619.05,1619.05
2011-07-26,1636.75,1636.75
2011-07-27,1663.75,1663.75
2011-07-28,1653.24,1653.24
2011-07-29,1644.25,1644.25
2011-08-01,1658.19,1658.19
2011-08-02,1649.47,1649.47
2011-08-03,1630.97,1630.97
2011-08-04,1620.32,1620.32
2011-08-05,1539.68,1539.68
2011-08-08,1523.76,1523.76
2011-08-09,1481.16,1481.16
2011-08-10,1533.88,1533.88
2011-08-11,1535.59,1535.59
2011-08-12,1540.19,1540.19
2011-08-15,1568.75,1568.75
2011-08-16,1562.79,1562.79
2011-08-18,1591.25,1591.25
2011-08-19,1508.42,1508.42
2011-08-22,1515.76,1515.76
2011-08-23,1532.78,1532.78
2011-08-24,1516.42,1516.42
2011-08-25,1516.45,1516.45
2011-08-26,1510.92,1510.92
2011-09-05,1522.59,1522.59
2011-09-06,1528.08,1528.08
2011-09-07,1574.36,1574.36
2011-09-08,1572.88,1572.88
2011-09-09,1564.48,1564.48
2011-09-12,1523.95,1523.95
2011-09-13,1512.16,1512.16
2011-09-14,1481.82,1481.82
2011-09-15,1470.7,1470.7
2011-09-16,1498.89,1498.89
2011-09-19,1460.07,1460.07
2011-09-20,1455.81,1455.81
2011-09-21,1433.91,1433.91
2011-09-22,1292.11,1292.11
2011-09-23,1315.96,1315.96
2011-09-26,1270.61,1270.61
2011-09-27,1340.63,1340.63
2011-09-28,1364.78,1364.78
2011-09-29,1380.03,1380.03
2011-09-30,1379.49,1379.49
2011-10-03,1289.19,1289.19
2011-10-04,1250.18,1250.18
2011-10-05,1257.73,1257.73
2011-10-06,1325.88,1325.88
2011-10-07,1319.99,1319.99
2011-10-10,1331.46,1331.46
2011-10-11,1370.27,1370.27
2011-10-12,1417.5,1417.5
2011-10-13,1438.86,1438.86
2011-10-14,1436.05,1436.05
2011-10-17,1468.51,1468.51
2011-10-18,1420.89,1420.89
2011-10-19,1448.31,1448.31
2011-10-20,1420.09,1420.09
2011-10-21,1419.08,1419.08
2011-10-24,1459.77,1459.77
2011-10-25,1459.54,1459.54
2011-10-26,1471.71,1471.71
2011-10-27,1506.75,1506.75
2011-10-28,1512.13,1512.13
2011-10-31,1496.4,1496.4
2011-11-01,1451.43,1451.43
2011-11-02,1488.69,1488.69
2011-11-03,1461.66,1461.66
2011-11-04,1498.05,1498.05
2011-11-07,1491.24,1491.24
2011-11-08,1496.93,1496.93
2011-11-09,1519.57,1519.57
2011-11-10,1486.35,1486.35
2011-11-11,1488.64,1488.64
2011-11-14,1513.4,1513.4
2011-11-15,1504.35,1504.35
2011-11-16,1504.78,1504.78
2011-11-17,1497.78,1497.78
2011-11-18,1478.25,1478.25
2011-11-21,1445.42,1445.42
2011-11-22,1468.49,1468.49
2011-11-23,1444.55,1444.55
2011-11-24,1446.9,1446.9
2011-11-25,1418.84,1418.84
2011-11-28,1424.29,1424.29
2011-11-29,1446.27,1446.27
2011-11-30,1442.2,1442.2
2011-12-01,1473.3,1473.3
2011-12-02,1475.25,1475.25
2011-12-05,1476.61,1476.61
2011-12-06,1464.34,1464.34
2011-12-07,1481.97,1481.97
2011-12-08,1475.97,1475.97
2011-12-09,1465.47,1465.47
2011-12-12,1478.72,1478.72
2011-12-13,1466.08,1466.08
2011-12-14,1459.68,1459.68
2011-12-15,1439.35,1439.35
2011-12-16,1469.69,1469.69
2011-12-19,1468.97,1468.97
2011-12-20,1465.28,1465.28
2011-12-21,1486.41,1486.41
2011-12-22,1485.69,1485.69
2011-12-23,1490.71,1490.71
2011-12-27,1486.72,1486.72
2011-12-28,1482.06,1482.06
2011-12-29,1494.61,1494.61
2011-12-30,1497.91,1497.91
2012-01-02,1491.63,1491.63
2012-01-03,1519.34,1519.34
2012-01-04,1540.71,1540.71
2012-01-05,1537.75,1537.75
2012-01-06,1521.12,1521.12
2012-01-10,1549.29,1549.29
2012-01-11,1540.31,1540.31
2012-01-12,1534.07,1534.07
2012-01-13,1545.86,1545.86
2012-01-16,1535.2,1535.2
2012-01-17,1558.38,1558.38
2012-01-18,1569.86,1569.86
2012-01-19,1573.14,1573.14
2012-01-20,1560.3,1560.3
2012-01-24,1560.2,1560.2
2012-01-25,1553.21,1553.21
2012-01-26,1558.08,1558.08
2012-01-27,1558.73,1558.73
2012-01-30,1527.73,1527.73
2012-01-31,1542.79,1542.79
2012-02-01,1560.22,1560.22
2012-02-02,1583,1583
2012-02-03,1583.51,1583.51
2012-02-06,1558.67,1558.67
2012-02-07,1550.88,1550.88
2012-02-08,1572.43,1572.43
2012-02-09,1565.71,1565.71
2012-02-10,1539.79,1539.79
2012-02-13,1560.5,1560.5
2012-02-14,1555.74,1555.74
2012-02-15,1561.3,1561.3
2012-02-16,1549.53,1549.53
2012-02-17,1570.27,1570.27
2012-02-20,1572.76,1572.76
2012-02-21,1580.93,1580.93
2012-02-22,1578.74,1578.74
2012-02-23,1565.29,1565.29
2012-02-24,1538.33,1538.33
2012-02-27,1517.47,1517.47
2012-02-28,1539.91,1539.91
2012-02-29,1575.21,1575.21
2012-03-01,1566.61,1566.61
2012-03-02,1583.37,1583.37
2012-03-05,1575.68,1575.68
2012-03-06,1566.12,1566.12
2012-03-07,1554.29,1554.29
2012-03-08,1568.88,1568.88
2012-03-09,1578.45,1578.45
2012-03-12,1577.64,1577.64
2012-03-13,1584.92,1584.92
2012-03-14,1602.32,1602.32
2012-03-15,1601.16,1601.16
2012-03-16,1594.58,1594.58
2012-03-19,1595.07,1595.07
2012-03-20,1595.32,1595.32
2012-03-21,1601.44,1601.44
2012-03-22,1602.64,1602.64
2012-03-26,1591.34,1591.34
2012-03-27,1615.65,1615.65
2012-03-28,1620.05,1620.05
2012-03-29,1625.75,1625.75
2012-03-30,1631.4,1631.4
2012-04-02,1649.31,1649.31
2012-04-03,1661.97,1661.97
2012-04-04,1621.69,1621.69
2012-04-05,1633.14,1633.14
2012-04-09,1621.29,1621.29
2012-04-10,1618.08,1618.08
2012-04-11,1608.29,1608.29
2012-04-12,1617.11,1617.11
2012-04-13,1625.24,1625.24
2012-04-16,1615.27,1615.27
2012-04-17,1624.6,1624.6
2012-04-18,1629.35,1629.35
2012-04-19,1627.76,1627.76
2012-04-20,1636.72,1636.72
2012-04-23,1622.18,1622.18
2012-04-24,1626.62,1626.62
2012-04-25,1627.87,1627.87
2012-04-26,1635.77,1635.77
2012-04-27,1632.3,1632.3
2012-04-30,1633.84,1633.84
2012-05-01,1635.43,1635.43
2012-05-02,1637.96,1637.96
2012-05-03,1639.55,1639.55
2012-05-04,1628.3,1628.3
2012-05-07,1600.43,1600.43
2012-05-08,1604.14,1604.14
2012-05-09,1584.12,1584.12
2012-05-10,1586.81,1586.81
2012-05-11,1589.69,1589.69
2012-05-14,1558.35,1558.35
2012-05-15,1558.25,1558.25
2012-05-21,1517.03,1517.03
2012-05-22,1552.49,1552.49
2012-05-23,1540.44,1540.44
2012-05-24,1541.43,1541.43
2012-05-25,1504.91,1504.91
2012-05-28,1514.57,1514.57
2012-05-29,1511.44,1511.44
2012-05-30,1509.16,1509.16
2012-05-31,1476.09,1476.09
2012-06-01,1457.28,1457.28
2012-06-04,1399.24,1399.24
2012-06-05,1425.99,1425.99
2012-06-06,1483.36,1483.36
2012-06-07,1481.44,1481.44
2012-06-08,1474.26,1474.26
2012-06-11,1494.23,1494.23
2012-06-12,1483.35,1483.35
2012-06-13,1493.25,1493.25
2012-06-14,1465.3,1465.3
2012-06-15,1477.9,1477.9
2012-06-18,1496.12,1496.12
2012-06-19,1503.07,1503.07
2012-06-20,1523.75,1523.75
2012-06-21,1505.23,1505.23
2012-06-22,1501.88,1501.88
2012-06-25,1490.72,1490.72
2012-06-26,1499.11,1499.11
2012-06-27,1520.18,1520.18
2012-06-28,1499.56,1499.56
2012-06-29,1526.97,1526.97
2012-07-02,1541.06,1541.06
2012-07-03,1566.08,1566.08
2012-07-04,1580.31,1580.31
2012-07-05,1578.23,1578.23
2012-07-06,1571.41,1571.41
2012-07-09,1541.16,1541.16
2012-07-10,1550.9,1550.9
2012-07-11,1558.56,1558.56
2012-07-12,1542.64,1542.64
2012-07-13,1557.39,1557.39
2012-07-16,1569.83,1569.83
2012-07-17,1581.25,1581.25
2012-07-18,1586.79,1586.79
2012-07-19,1594.71,1594.71
2012-07-20,1588.39,1588.39
2012-07-23,1556.4,1556.4
2012-07-24,1548.5,1548.5
2012-07-25,1551.94,1551.94
2012-07-26,1553.02,1553.02
2012-07-27,1580.33,1580.33
2012-07-30,1584.1,1584.1
2012-07-31,1601.11,1601.11
2012-08-01,1599.01,1599.01
2012-08-02,1576.55,1576.55
2012-08-03,1579.48,1579.48
2012-08-06,1581.26,1581.26
2012-08-07,1575.22,1575.22
2012-08-08,1575.57,1575.57
2012-08-09,1590.87,1590.87
2012-08-10,1594.22,1594.22
2012-08-13,1577.54,1577.54
2012-08-14,1583.82,1583.82
2012-08-15,1591.62,1591.62
2012-08-16,1596.05,1596.05
2012-08-23,1597.25,1597.25
2012-08-24,1588.37,1588.37
2012-08-27,1586.85,1586.85
2012-08-28,1579.18,1579.18
2012-08-29,1558.11,1558.11
2012-08-30,1528.59,1528.59
2012-08-31,1543.32,1543.32
2012-09-03,1567.67,1567.67
2012-09-04,1562.24,1562.24
2012-09-05,1547.88,1547.88
2012-09-06,1559.86,1559.86
2012-09-07,1579.78,1579.78
2012-09-10,1584.43,1584.43
2012-09-11,1577.4,1577.4
2012-09-12,1586.01,1586.01
2012-09-13,1582.03,1582.03
2012-09-14,1613.7,1613.7
2012-09-17,1617.23,1617.23
2012-09-18,1603.61,1603.61
2012-09-19,1602.51,1602.51
2012-09-20,1594.53,1594.53
2012-09-21,1605.28,1605.28
2012-09-24,1596,1596
2012-09-25,1610.86,1610.86
2012-09-26,1593.42,1593.42
2012-09-27,1607.7,1607.7
2012-09-28,1623.21,1623.21
2012-10-01,1617.56,1617.56
2012-10-02,1623.14,1623.14
2012-10-04,1636.9,1636.9
2012-10-05,1646.43,1646.43
2012-10-08,1629.74,1629.74
2012-10-09,1631.72,1631.72
2012-10-10,1631.24,1631.24
2012-10-11,1631.23,1631.23
2012-10-12,1639.1,1639.1
2012-10-15,1646.16,1646.16
2012-10-17,1659.54,1659.54
2012-10-18,1666.62,1666.62
2012-10-19,1659.04,1659.04
2012-10-22,1666.9,1666.9
2012-10-23,1664.24,1664.24
2012-10-24,1664.48,1664.48
2012-10-25,1665.54,1665.54
2012-10-29,1663.77,1663.77
2012-10-30,1680.48,1680.48
2012-10-31,1678.56,1678.56
2012-11-01,1675,1675
2012-11-02,1675.68,1675.68
2012-11-05,1658.04,1658.04
2012-11-06,1666.61,1666.61
2012-11-07,1681.53,1681.53
2012-11-08,1668.36,1668.36
2012-11-09,1675.68,1675.68
2012-11-12,1669.36,1669.36
2012-11-13,1676.3,1676.3
2012-11-14,1679.51,1679.51
2012-11-19,1668.86,1668.86
2012-11-20,1673.03,1673.03
2012-11-21,1678.91,1678.91
2012-11-22,1686.63,1686.63
2012-11-23,1693.43,1693.43
2012-11-26,1709.38,1709.38
2012-11-27,1697.89,1697.89
2012-11-28,1684.13,1684.13
2012-11-29,1690.85,1690.85
2012-11-30,1690.61,1690.61
2012-12-03,1694.57,1694.57
2012-12-04,1684.43,1684.43
2012-12-05,1695.06,1695.06
2012-12-06,1700.54,1700.54
2012-12-07,1701.07,1701.07
2012-12-10,1702.83,1702.83
2012-12-11,1705.34,1705.34
2012-12-12,1692.91,1692.91
2012-12-13,1671.18,1671.18
2012-12-14,1674.13,1674.13
2012-12-17,1673.9,1673.9
2012-12-18,1663.66,1663.66
2012-12-19,1651.96,1651.96
2012-12-20,1636.97,1636.97
2012-12-21,1637.84,1637.84
2012-12-26,1649.05,1649.05
2012-12-27,1641.63,1641.63
2012-12-28,1653.82,1653.82
2013-01-02,1655.82,1655.82
2013-01-03,1672.54,1672.54
2013-01-04,1678.42,1678.42
2013-01-07,1672.41,1672.41
2013-01-08,1672.21,1672.21
2013-01-09,1661.04,1661.04
2013-01-10,1644.66,1644.66
2013-01-11,1641.14,1641.14
2013-01-14,1669.86,1669.86
2013-01-15,1682.02,1682.02
2013-01-16,1693.34,1693.34
2013-01-17,1691.51,1691.51
2013-01-18,1710.54,1710.54
2013-01-21,1697.7,1697.7
2013-01-22,1696.46,1696.46
2013-01-23,1696.41,1696.41
2013-01-25,1704.97,1704.97
2013-01-28,1695.84,1695.84
2013-01-29,1707.54,1707.54
2013-01-30,1716.26,1716.26
2013-01-31,1712.07,1712.07
2013-02-01,1726.5,1726.5
2013-02-04,1727.02,1727.02
2013-02-05,1717.57,1717.57
2013-02-06,1727.46,1727.46
2013-02-07,1724.18,1724.18
2013-02-08,1719.98,1719.98
2013-02-11,1720.81,1720.81
2013-02-12,1737.4,1737.4
2013-02-13,1751.86,1751.86
2013-02-14,1752.08,1752.08
2013-02-15,1759.76,1759.76
2013-02-18,1769.77,1769.77
2013-02-19,1762.83,1762.83
2013-02-20,1783.53,1783.53
2013-02-21,1787.29,1787.29
2013-02-22,1796.3,1796.3
2013-02-25,1814.64,1814.64
2013-02-26,1799.18,1799.18
2013-02-27,1821.87,1821.87
2013-02-28,1862.16,1862.16
2013-03-01,1878.05,1878.05
2013-03-04,1849.92,1849.92
2013-03-05,1852.42,1852.42
2013-03-06,1881.16,1881.16
2013-03-07,1893.99,1893.99
2013-03-08,1904.52,1904.52
2013-03-11,1886.26,1886.26
2013-03-13,1873.85,1873.85
2013-03-14,1857.72,1857.72
2013-03-15,1873.16,1873.16
2013-03-18,1862.76,1862.76
2013-03-19,1872.86,1872.86
2013-03-20,1889.91,1889.91
2013-03-21,1878.35,1878.35
2013-03-22,1841.8,1841.8
2013-03-25,1861.6,1861.6
2013-03-26,1887.53,1887.53
2013-03-27,1926.47,1926.47
2013-03-28,1925,1925
2013-04-01,1915.6,1915.6
2013-04-02,1920.49,1920.49
2013-04-03,1917.68,1917.68
2013-04-04,1888.44,1888.44
2013-04-05,1890.8,1890.8
2013-04-08,1875.53,1875.53
2013-04-09,1878.9,1878.9
2013-04-10,1864.02,1864.02
2013-04-11,1897.95,1897.95
2013-04-12,1901.62,1901.62
2013-04-15,1884.47,1884.47
2013-04-16,1909.92,1909.92
2013-04-17,1932.16,1932.16
2013-04-18,1944.85,1944.85
2013-04-19,1937.15,1937.15
2013-04-22,1926.29,1926.29
2013-04-23,1917.6,1917.6
2013-04-24,1933.69,1933.69
2013-04-26,1924.33,1924.33
2013-04-29,1939.99,1939.99
2013-04-30,1952.11,1952.11
2013-05-01,1976.67,1976.67
2013-05-02,1944.16,1944.16
2013-05-03,1911.08,1911.08
2013-05-06,1929.92,1929.92
2013-05-07,1956.91,1956.91
2013-05-08,1972.73,1972.73
2013-05-10,1977.77,1977.77
2013-05-13,1959.99,1959.99
2013-05-14,1973.34,1973.34
2013-05-15,1980.05,1980.05
2013-05-16,1980.97,1980.97
2013-05-17,2004.35,2004.35
2013-05-20,2032.29,2032.29
2013-05-21,2025.31,2025.31
2013-05-22,2041.71,2041.71
2013-05-23,2002.31,2002.31
2013-05-24,2025.02,2025.02
2013-05-28,2034.39,2034.39
2013-05-29,2053.82,2053.82
2013-05-30,2040.84,2040.84
2013-05-31,2029.84,2029.84
2013-06-03,1976.92,1976.92
2013-06-04,1996.33,1996.33
2013-06-05,1977.84,1977.84
2013-06-07,1915.07,1915.07
2013-06-10,1878.58,1878.58
2013-06-11,1798.11,1798.11
2013-06-12,1851.69,1851.69
2013-06-13,1813.87,1813.87
2013-06-14,1883.87,1883.87
2013-06-17,1891.04,1891.04
2013-06-18,1910.99,1910.99
2013-06-19,1895.64,1895.64
2013-06-20,1824.55,1824.55
2013-06-21,1785.79,1785.79
2013-06-24,1740.25,1740.25
2013-06-25,1746.69,1746.69
2013-06-26,1805.86,1805.86
2013-06-27,1836.27,1836.27
2013-06-28,1889.09,1889.09
2013-07-01,1875.87,1875.87
2013-07-02,1851.53,1851.53
2013-07-03,1785.92,1785.92
2013-07-04,1783.52,1783.52
2013-07-05,1790.18,1790.18
2013-07-08,1721.29,1721.29
2013-07-09,1707.94,1707.94
2013-07-10,1745.16,1745.16
2013-07-11,1787.86,1787.86
2013-07-12,1797.95,1797.95
2013-07-15,1795.86,1795.86
2013-07-16,1806.95,1806.95
2013-07-17,1825.78,1825.78
2013-07-18,1843.58,1843.58
2013-07-19,1839.66,1839.66
2013-07-22,1821.59,1821.59
2013-07-23,1853.44,1853.44
2013-07-24,1828.29,1828.29
2013-07-25,1814.91,1814.91
2013-07-26,1804.45,1804.45
2013-07-29,1773.79,1773.79
2013-07-30,1776.75,1776.75
2013-07-31,1774.91,1774.91
2013-08-01,1780.3,1780.3
2013-08-02,1787.87,1787.87
2013-08-12,1764.05,1764.05
2013-08-13,1784.5,1784.5
2013-08-14,1804.23,1804.23
2013-08-15,1806.54,1806.54
2013-08-16,1757.88,1757.88
2013-08-19,1646.09,1646.09
2013-08-20,1587.41,1587.41
2013-08-21,1603.84,1603.84
2013-08-22,1580.2,1580.2
2013-08-23,1577.78,1577.78
2013-08-26,1559.03,1559.03
2013-08-27,1486.7,1486.7
2013-08-28,1516.73,1516.73
2013-08-29,1555.58,1555.58
2013-08-30,1594,1594
2013-09-02,1561.63,1561.63
2013-09-03,1585.37,1585.37
2013-09-04,1543.6,1543.6
2013-09-05,1526.02,1526.02
2013-09-06,1529.33,1529.33
2013-09-09,1582.01,1582.01
2013-09-10,1653.29,1653.29
2013-09-11,1650.02,1650.02
2013-09-12,1658.31,1658.31
2013-09-13,1669.98,1669.98
2013-09-16,1731.81,1731.81
2013-09-17,1718.34,1718.34
2013-09-18,1694.44,1694.44
2013-09-19,1781.81,1781.81
2013-09-20,1748.62,1748.62
2013-09-23,1737.4,1737.4
2013-09-24,1690.26,1690.26
2013-09-25,1666.1,1666.1
2013-09-26,1664.8,1664.8
2013-09-27,1667.24,1667.24
2013-09-30,1619.09,1619.09
2013-10-01,1637.99,1637.99
2013-10-02,1656.35,1656.35
2013-10-03,1665.36,1665.36
2013-10-04,1654.44,1654.44
2013-10-07,1638.52,1638.52
2013-10-08,1660.88,1660.88
2013-10-09,1667.95,1667.95
2013-10-10,1678.67,1678.67
2013-10-11,1690.17,1690.17
2013-10-16,1676.2,1676.2
2013-10-17,1689.21,1689.21
2013-10-18,1702,1702
2013-10-21,1721.76,1721.76
2013-10-22,1694.82,1694.82
2013-10-23,1713.07,1713.07
2013-10-24,1738.06,1738.06
2013-10-25,1741.57,1741.57
2013-10-28,1744.46,1744.46
2013-10-29,1725.08,1725.08
2013-10-30,1727.79,1727.79
2013-10-31,1700.13,1700.13
2013-11-01,1665.82,1665.82
2013-11-04,1663.99,1663.99
2013-11-06,1668.26,1668.26
2013-11-07,1681.88,1681.88
2013-11-08,1674.75,1674.75
2013-11-11,1657.66,1657.66
2013-11-12,1628.54,1628.54
2013-11-13,1596.37,1596.37
2013-11-14,1627.35,1627.35
2013-11-15,1613.73,1613.73
2013-11-18,1629.79,1629.79
2013-11-19,1633.55,1633.55
2013-11-20,1612.24,1612.24
2013-11-21,1599.47,1599.47
2013-11-22,1597.95,1597.95
2013-11-25,1604.63,1604.63
2013-11-26,1567.45,1567.45
2013-11-27,1571.8,1571.8
2013-11-28,1568.01,1568.01
2013-11-29,1579.44,1579.44
2013-12-02,1608.49,1608.49
2013-12-03,1593.45,1593.45
2013-12-04,1577.77,1577.77
2013-12-05,1571.9,1571.9
2013-12-06,1558.25,1558.25
2013-12-09,1564.39,1564.39
2013-12-10,1590.89,1590.89
2013-12-11,1588.33,1588.33
2013-12-12,1558.78,1558.78
2013-12-13,1538.73,1538.73
2013-12-16,1516.66,1516.66
2013-12-17,1535.61,1535.61
2013-12-18,1545.58,1545.58
2013-12-19,1556.72,1556.72
2013-12-20,1539.88,1539.88
2013-12-23,1539.43,1539.43
2013-12-24,1545.57,1545.57
2013-12-27,1544.45,1544.45
2013-12-30,1564.19,1564.19
2014-01-02,1581.15,1581.15
2014-01-03,1550.23,1550.23
2014-01-06,1527.61,1527.61
2014-01-07,1511.64,1511.64
2014-01-08,1524.04,1524.04
2014-01-09,1522.47,1522.47
2014-01-10,1542.76,1542.76
2014-01-13,1594.87,1594.87
2014-01-15,1616.35,1616.35
2014-01-16,1603.48,1603.48
2014-01-17,1605.44,1605.44
2014-01-20,1612,1612
2014-01-21,1621.86,1621.86
2014-01-22,1631.92,1631.92
2014-01-23,1641.2,1641.2
2014-01-24,1619.29,1619.29
2014-01-27,1571.95,1571.95
2014-01-28,1579.63,1579.63
2014-01-29,1607.5,1607.5
2014-01-30,1608.4,1608.4
2014-02-03,1595.73,1595.73
2014-02-04,1582.88,1582.88
2014-02-05,1595.91,1595.91
2014-02-06,1612.04,1612.04
2014-02-07,1631.97,1631.97
2014-02-10,1627.05,1627.05
2014-02-11,1634.97,1634.97
2014-02-12,1646.56,1646.56
2014-02-13,1644.47,1644.47
2014-02-14,1650.29,1650.29
2014-02-17,1670.43,1670.43
2014-02-18,1673.78,1673.78
2014-02-19,1685.08,1685.08
2014-02-20,1686.44,1686.44
2014-02-21,1702.59,1702.59
2014-02-24,1694.8,1694.8
2014-02-25,1675.92,1675.92
2014-02-26,1660.65,1660.65
2014-02-27,1676.24,1676.24
2014-02-28,1699.05,1699.05
2014-03-03,1684.5,1684.5
2014-03-04,1690.81,1690.81
2014-03-05,1713.73,1713.73
2014-03-06,1731.42,1731.42
2014-03-07,1731.63,1731.63
2014-03-10,1729.18,1729.18
2014-03-11,1741.75,1741.75
2014-03-12,1731.18,1731.18
2014-03-13,1747.55,1747.55
2014-03-14,1814.11,1814.11
2014-03-17,1816.18,1816.18
2014-03-18,1785.35,1785.35
2014-03-19,1794.51,1794.51
2014-03-20,1738.53,1738.53
2014-03-21,1738.86,1738.86
2014-03-24,1747.03,1747.03
2014-03-25,1737.41,1737.41
2014-03-26,1750.01,1750.01
2014-03-27,1749.76,1749.76
2014-03-28,1767.56,1767.56
2014-04-01,1814.37,1814.37
2014-04-02,1810.29,1810.29
2014-04-03,1819.16,1819.16
2014-04-04,1807.54,1807.54
2014-04-07,1838.59,1838.59
2014-04-08,1838.81,1838.81
2014-04-10,1758.52,1758.52
2014-04-11,1780.01,1780.01
2014-04-14,1799.76,1799.76
2014-04-15,1802.94,1802.94
2014-04-16,1807.91,1807.91
2014-04-17,1819.8,1819.8
2014-04-21,1814.76,1814.76
2014-04-22,1819.47,1819.47
2014-04-23,1816.08,1816.08
2014-04-24,1815.18,1815.18
2014-04-25,1818.31,1818.31
2014-04-28,1786.63,1786.63
2014-04-29,1796.41,1796.41
2014-04-30,1803.58,1803.58
2014-05-02,1806.08,1806.08
2014-05-05,1807.28,1807.28
2014-05-06,1802.23,1802.23
2014-05-07,1812.84,1812.84
2014-05-08,1817.46,1817.46
2014-05-09,1827.82,1827.82
2014-05-12,1839.33,1839.33
2014-05-13,1840.54,1840.54
2014-05-14,1873.32,1873.32
2014-05-16,1888.05,1888.05
2014-05-19,1874.93,1874.93
2014-05-20,1817.79,1817.79
2014-05-21,1823.05,1823.05
2014-05-22,1849.67,1849.67
2014-05-23,1854.31,1854.31
2014-05-26,1849.73,1849.73
2014-05-28,1862.46,1862.46
2014-05-30,1831.39,1831.39
2014-06-02,1831.94,1831.94
2014-06-03,1849.01,1849.01
2014-06-04,1844.62,1844.62
2014-06-05,1845.02,1845.02
2014-06-06,1845.57,1845.57
2014-06-09,1821.43,1821.43
2014-06-10,1842.62,1842.62
2014-06-11,1853.12,1853.12
2014-06-12,1841.05,1841.05
2014-06-13,1836.6,1836.6
2014-06-16,1822.52,1822.52
2014-06-17,1834.27,1834.27
2014-06-18,1824.36,1824.36
2014-06-19,1805.95,1805.95
2014-06-20,1801.62,1801.62
2014-06-23,1795.23,1795.23
2014-06-24,1801.89,1801.89
2014-06-25,1788.57,1788.57
2014-06-26,1802.1,1802.1
2014-06-27,1790.2,1790.2
2014-06-30,1805.12,1805.12
2014-07-01,1808.46,1808.46
2014-07-02,1819.11,1819.11
2014-07-03,1814.69,1814.69
2014-07-04,1823.03,1823.03
2014-07-07,1864.43,1864.43
2014-07-08,1878.44,1878.44
2014-07-10,1917.29,1917.29
2014-07-11,1883.93,1883.93
2014-07-14,1878.2,1878.2
2014-07-15,1905.29,1905.29
2014-07-16,1929.4,1929.4
2014-07-17,1901.19,1901.19
2014-07-18,1911.88,1911.88
2014-07-21,1933.6,1933.6
2014-07-22,1911.15,1911.15
2014-07-23,1915.24,1915.24
2014-07-24,1914.47,1914.47
2014-07-25,1909.75,1909.75
2014-08-04,1916.78,1916.78
2014-08-05,1917.48,1917.48
2014-08-06,1894.65,1894.65
2014-08-07,1897.91,1897.91
2014-08-08,1894.7,1894.7
2014-08-11,1919.02,1919.02
2014-08-12,1928.4,1928.4
2014-08-13,1948.33,1948.33
2014-08-14,1936.2,1936.2
2014-08-15,1933.59,1933.59
2014-08-18,1935.83,1935.83
2014-08-19,1939.97,1939.97
2014-08-20,1949.29,1949.29
2014-08-21,1954.95,1954.95
2014-08-22,1951.66,1951.66
2014-08-25,1943.16,1943.16
2014-08-26,1921.86,1921.86
2014-08-27,1930.26,1930.26
2014-08-28,1939.15,1939.15
2014-08-29,1921.3,1921.3
2014-09-01,1931.72,1931.72
2014-09-02,1942.57,1942.57
2014-09-03,1952.99,1952.99
2014-09-04,1943.94,1943.94
2014-09-05,1945.64,1945.64
2014-09-08,1957.05,1957.05
2014-09-09,1935.17,1935.17
2014-09-10,1908.83,1908.83
2014-09-11,1904.23,1904.23
2014-09-12,1910.07,1910.07
2014-09-15,1908.4,1908.4
2014-09-16,1899.92,1899.92
2014-09-17,1926.79,1926.79
2014-09-18,1936.43,1936.43
2014-09-19,1946.22,1946.22
2014-09-22,1943.79,1943.79
2014-09-23,1930.45,1930.45
2014-09-24,1925.8,1925.8
2014-09-25,1947.76,1947.76
2014-09-26,1917.79,1917.79
2014-09-29,1920.08,1920.08
2014-09-30,1917.79,1917.79
2014-10-01,1920.51,1920.51
2014-10-02,1865.41,1865.41
2014-10-03,1841.3,1841.3
2014-10-06,1860.07,1860.07
2014-10-07,1875.24,1875.24
2014-10-08,1843.12,1843.12
2014-10-09,1858.36,1858.36
2014-10-10,1842.47,1842.47
2014-10-13,1821.27,1821.27
2014-10-14,1830.35,1830.35
2014-10-15,1844.36,1844.36
2014-10-16,1844.21,1844.21
2014-10-17,1878.37,1878.37
2014-10-20,1883.18,1883.18
2014-10-21,1882.47,1882.47
2014-10-22,1901.32,1901.32
2014-10-23,1909.59,1909.59
2014-10-24,1898.59,1898.59
2014-10-27,1882.18,1882.18
2014-10-28,1865.34,1865.34
2014-10-29,1894.2,1894.2
2014-10-30,1889.12,1889.12
2014-10-31,1905.4,1905.4
2014-11-03,1902.12,1902.12
2014-11-04,1893.56,1893.56
2014-11-05,1890.9,1890.9
2014-11-06,1880.59,1880.59
2014-11-07,1861.16,1861.16
2014-11-10,1853.28,1853.28
2014-11-11,1883.34,1883.34
2014-11-12,1889.5,1889.5
2014-11-13,1894.49,1894.49
2014-11-14,1892.87,1892.87
2014-11-17,1900.04,1900.04
2014-11-18,1916.72,1916.72
2014-11-19,1929.59,1929.59
2014-11-20,1916.7,1916.7
2014-11-21,1931.86,1931.86
2014-11-24,1947.14,1947.14
2014-11-25,1940.39,1940.39
2014-11-26,1943.3,1943.3
2014-11-27,1948.71,1948.71
2014-11-28,1950.73,1950.73
2014-12-01,1962.18,1962.18
2014-12-02,1970.57,1970.57
2014-12-03,1968.48,1968.48
2014-12-04,1968.91,1968.91
2014-12-05,1970.75,1970.75
2014-12-08,1943.29,1943.29
2014-12-09,1938.99,1938.99
2014-12-10,1961.84,1961.84
2014-12-11,1957.83,1957.83
2014-12-12,1958.43,1958.43
2014-12-15,1935.6,1935.6
2014-12-16,1891.69,1891.69
2014-12-17,1901,1901
2014-12-18,1932.25,1932.25
2014-12-19,1946.17,1946.17
2014-12-22,1938.2,1938.2
2014-12-23,1946.33,1946.33
2014-12-24,1955.15,1955.15
2014-12-29,1962.49,1962.49
2014-12-30,1972.83,1972.83
2015-01-02,1978.04,1978.04
2015-01-05,1963.9,1963.9
2015-01-06,1940.7,1940.7
2015-01-07,1962.17,1962.17
2015-01-08,1964.14,1964.14
2015-01-09,1958.9,1958.9
2015-01-12,1942.98,1942.98
2015-01-13,1945.27,1945.27
2015-01-14,1921.97,1921.97
2015-01-15,1936.66,1936.66
2015-01-16,1918.12,1918.12
2015-01-19,1918.27,1918.27
2015-01-20,1925.19,1925.19
2015-01-21,1942.52,1942.52
2015-01-22,1968.42,1968.42
2015-01-23,1993.88,1993.88
2015-01-26,1956.56,1956.56
2015-01-27,1966.36,1966.36
2015-01-28,1959.65,1959.65
2015-01-29,1957.3,1957.3
2015-01-30,1964.85,1964.85
2015-02-02,1955.21,1955.21
2015-02-03,1965.57,1965.57
2015-02-04,1967.07,1967.07
2015-02-05,1954.45,1954.45
2015-02-06,1983.1,1983.1
2015-02-09,1986.75,1986.75
2015-02-10,1972.38,1972.38
2015-02-11,1976.75,1976.75
2015-02-12,1974.45,1974.45
2015-02-13,1986.98,1986.98
2015-02-16,1967.35,1967.35
2015-02-17,1972.7,1972.7
2015-02-18,1997.94,1997.94
2015-02-20,2006.73,2006.73
2015-02-23,2003.09,2003.09
2015-02-24,2004.42,2004.42
2015-02-25,2013.61,2013.61
2015-02-26,2020.81,2020.81
2015-02-27,2017.59,2017.59
2015-03-02,2022.36,2022.36
2015-03-03,2018.89,2018.89
2015-03-04,2005.05,2005.05
2015-03-05,2003.93,2003.93
2015-03-06,2021.39,2021.39
2015-03-09,1990.04,1990.04
2015-03-10,1998.73,1998.73
2015-03-11,1973.51,1973.51
2015-03-12,1978.83,1978.83
2015-03-13,1974.72,1974.72
2015-03-16,1978.18,1978.18
2015-03-17,1981.53,1981.53
2015-03-18,1972.18,1972.18
2015-03-19,1995.98,1995.98
2015-03-20,1988.84,1988.84
2015-03-23,1984.54,1984.54
2015-03-24,1987.41,1987.41
2015-03-25,1969.71,1969.71
2015-03-26,1949.59,1949.59
2015-03-27,1965.95,1965.95
2015-03-30,1983.45,1983.45
2015-03-31,2015.3,2015.3
2015-04-01,1998.83,1998.83
2015-04-02,1991.2,1991.2
2015-04-06,1996.37,1996.37
2015-04-07,2021.56,2021.56
2015-04-08,2010.75,2010.75
2015-04-09,2010.05,2010.05
2015-04-10,2003.26,2003.26
2015-04-13,1986.41,1986.41
2015-04-14,1969.48,1969.48
2015-04-15,1970.1,1970.1
2015-04-16,1973.77,1973.77
2015-04-17,1974.41,1974.41
2015-04-20,1970.21,1970.21
2015-04-21,1995.22,1995.22
2015-04-22,1985.5,1985.5
2015-04-23,1983.51,1983.51
2015-04-24,1983.07,1983.07
2015-04-27,1907.5,1907.5
2015-04-28,1909.14,1909.14
2015-04-29,1858.28,1858.28
2015-04-30,1841.14,1841.14
2015-05-04,1860.81,1860.81
2015-05-05,1868.77,1868.77
2015-05-06,1881.94,1881.94
2015-05-07,1874.2,1874.2
2015-05-08,1877.48,1877.48
2015-05-11,1876.2,1876.2
2015-05-12,1886.35,1886.35
2015-05-13,1907.34,1907.34
2015-05-15,1901.7,1901.7
2015-05-18,1908.44,1908.44
2015-05-19,1918.5,1918.5
2015-05-20,1926.98,1926.98
2015-05-21,1936.67,1936.67
2015-05-22,1941.92,1941.92
2015-05-25,1927.96,1927.96
2015-05-26,1937.13,1937.13
2015-05-27,1910.43,1910.43
2015-05-28,1904.46,1904.46
2015-05-29,1897.24,1897.24
2015-06-01,1892.21,1892.21
2015-06-03,1854.61,1854.61
2015-06-04,1840.32,1840.32
2015-06-05,1841.27,1841.27
2015-06-08,1807.88,1807.88
2015-06-09,1762.31,1762.31
2015-06-10,1776.08,1776.08
2015-06-11,1772.36,1772.36
2015-06-12,1768.89,1768.89
2015-06-15,1728.57,1728.57
2015-06-16,1741.84,1741.84
2015-06-17,1771.88,1771.88
2015-06-18,1768.82,1768.82
2015-06-19,1781.67,1781.67
2015-06-22,1773.32,1773.32
2015-06-23,1769.95,1769.95
2015-06-24,1775,1775
2015-06-25,1762.75,1762.75
2015-06-26,1762.3,1762.3
2015-06-29,1741.93,1741.93
2015-06-30,1751.83,1751.83
2015-07-01,1747.95,1747.95
2015-07-02,1773.45,1773.45
2015-07-03,1789.85,1789.85
2015-07-06,1759.13,1759.13
2015-07-07,1764.61,1764.61
2015-07-08,1745.89,1745.89
2015-07-09,1735.6,1735.6
2015-07-10,1749.35,1749.35
2015-07-13,1763.34,1763.34
2015-07-14,1766.29,1766.29
2015-07-15,1752.42,1752.42
2015-07-22,1768.87,1768.87
2015-07-23,1766.23,1766.23
2015-07-24,1744.62,1744.62
2015-07-27,1707.52,1707.52
2015-07-28,1683.92,1683.92
2015-07-29,1680.88,1680.88
2015-07-30,1673.17,1673.17
2015-07-31,1703.43,1703.43
2015-08-03,1705.16,1705.16
2015-08-04,1697.66,1697.66
2015-08-05,1727.55,1727.55
2015-08-06,1711.29,1711.29
2015-08-07,1695.45,1695.45
2015-08-10,1683.79,1683.79
2015-08-11,1635.88,1635.88
2015-08-12,1574.97,1574.97
2015-08-13,1616.75,1616.75
2015-08-14,1616.65,1616.65
2015-08-18,1584.54,1584.54
2015-08-19,1576.21,1576.21
2015-08-20,1559.15,1559.15
2015-08-21,1515.66,1515.66
2015-08-24,1444.51,1444.51
2015-08-25,1465.37,1465.37
2015-08-26,1464.35,1464.35
2015-08-27,1543.07,1543.07
2015-08-28,1547.76,1547.76
2015-08-31,1567.27,1567.27
2015-09-01,1526.33,1526.33
2015-09-02,1523,1523
2015-09-03,1537.61,1537.61
2015-09-04,1530.08,1530.08
2015-09-07,1485.74,1485.74
2015-09-08,1495.2,1495.2
2015-09-09,1512.01,1512.01
2015-09-10,1511.41,1511.41
2015-09-11,1515.85,1515.85
2015-09-14,1525.39,1525.39
2015-09-15,1509.24,1509.24
2015-09-16,1505.55,1505.55
2015-09-17,1529.48,1529.48
2015-09-18,1528.83,1528.83
2015-09-21,1523.08,1523.08
2015-09-22,1509.29,1509.29
2015-09-23,1476.02,1476.02
2015-09-25,1463.22,1463.22
2015-09-28,1426.49,1426.49
2015-09-29,1444.82,1444.82
2015-09-30,1453.94,1453.94
2015-10-01,1470.36,1470.36
2015-10-02,1453.11,1453.11
2015-10-05,1509.66,1509.66
2015-10-06,1549.27,1549.27
2015-10-07,1563.29,1563.29
2015-10-08,1565.93,1565.93
2015-10-09,1607.73,1607.73
2015-10-12,1625,1625
2015-10-13,1568.08,1568.08
2015-10-15,1581.04,1581.04
2015-10-16,1584.26,1584.26
2015-10-19,1606.01,1606.01
2015-10-20,1609.91,1609.91
2015-10-21,1619.68,1619.68
2015-10-22,1613.25,1613.25
2015-10-23,1645.85,1645.85
2015-10-26,1668.23,1668.23
2015-10-27,1655.47,1655.47
2015-10-28,1639.07,1639.07
2015-10-29,1584.04,1584.04
2015-10-30,1577.43,1577.43
2015-11-02,1579.46,1579.46
2015-11-03,1609.39,1609.39
2015-11-04,1638.88,1638.88
2015-11-05,1623.56,1623.56
2015-11-06,1618.55,1618.55
2015-11-09,1589.68,1589.68
2015-11-10,1579.95,1579.95
2015-11-11,1578.04,1578.04
2015-11-12,1586.1,1586.1
2015-11-13,1586.99,1586.99
2015-11-16,1571.81,1571.81
2015-11-17,1594.37,1594.37
2015-11-18,1597.24,1597.24
2015-11-19,1604.52,1604.52
2015-11-20,1619.95,1619.95
2015-11-23,1611.84,1611.84
2015-11-24,1611.79,1611.79
2015-11-25,1624.92,1624.92
2015-11-26,1635.04,1635.04
2015-11-27,1617.17,1617.17
2015-11-30,1574.95,1574.95
2015-12-01,1618.23,1618.23
2015-12-02,1618.53,1618.53
2015-12-03,1616.45,1616.45
2015-12-04,1606.48,1606.48
2015-12-07,1616.03,1616.03
2015-12-08,1591.3,1591.3
2015-12-10,1589.07,1589.07
2015-12-11,1561.52,1561.52
2015-12-14,1550.17,1550.17
2015-12-15,1561.02,1561.02
2015-12-16,1589.28,1589.28
2015-12-17,1618.64,1618.64
2015-12-18,1589.21,1589.21
2015-12-21,1598.03,1598.03
2015-12-22,1606.76,1606.76
2015-12-23,1604.53,1604.53
2015-12-28,1617.29,1617.29
2015-12-29,1623.11,1623.11
2015-12-30,1627.77,1627.77
2016-01-04,1603.2,1603.2
2016-01-05,1617.29,1617.29
2016-01-06,1637.84,1637.84
2016-01-07,1609.43,1609.43
2016-01-08,1613.58,1613.58
2016-01-11,1581.02,1581.02
2016-01-12,1601.65,1601.65
2016-01-13,1615.29,1615.29
2016-01-14,1604.9,1604.9
2016-01-15,1603.58,1603.58
2016-01-18,1586.04,1586.04
2016-01-19,1599.87,1599.87
2016-01-20,1570.46,1570.46
2016-01-21,1566.85,1566.85
2016-01-22,1581.89,1581.89
2016-01-25,1598.42,1598.42
2016-01-26,1593.96,1593.96
2016-01-27,1618.58,1618.58
2016-01-28,1626.54,1626.54
2016-01-29,1634.3,1634.3
2016-02-01,1632.35,1632.35
2016-02-02,1618.52,1618.52
2016-02-03,1619.5,1619.5
2016-02-04,1647.98,1647.98
2016-02-05,1697.83,1697.83
2016-02-09,1684.32,1684.32
2016-02-10,1676.83,1676.83
2016-02-11,1696.28,1696.28
2016-02-12,1680.54,1680.54
2016-02-15,1690.42,1690.42
2016-02-16,1696.9,1696.9
2016-02-17,1709.12,1709.12
2016-02-18,1709.93,1709.93
2016-02-19,1674.89,1674.89
2016-02-22,1674.95,1674.95
2016-02-23,1651.49,1651.49
2016-02-24,1663.99,1663.99
2016-02-25,1661.36,1661.36
2016-02-26,1694.47,1694.47
2016-02-29,1705.26,1705.26
2016-03-01,1708.81,1708.81
2016-03-02,1727.72,1727.72
2016-03-03,1735.34,1735.34
2016-03-04,1740.11,1740.11
2016-03-07,1734.94,1734.94
2016-03-08,1725.14,1725.14
2016-03-10,1725.12,1725.12
2016-03-11,1733.8,1733.8
2016-03-14,1759.21,1759.21
2016-03-15,1752.61,1752.61
2016-03-16,1757.97,1757.97
2016-03-17,1769.7,1769.7
2016-03-18,1771.95,1771.95
2016-03-21,1770.45,1770.45
2016-03-22,1765.98,1765.98
2016-03-23,1762.84,1762.84
2016-03-24,1749.99,1749.99
2016-03-28,1729.47,1729.47
2016-03-29,1729.69,1729.69
2016-03-30,1743.8,1743.8
2016-03-31,1758.7,1758.7
2016-04-01,1761.91,1761.91
2016-04-04,1765.53,1765.53
2016-04-05,1767.59,1767.59
2016-04-06,1769.2,1769.2
2016-04-07,1766.27,1766.27
2016-04-08,1762.6,1762.6
2016-04-11,1736.37,1736.37
2016-04-12,1748.17,1748.17
2016-04-13,1756.15,1756.15
2016-04-14,1745.65,1745.65
2016-04-15,1745.36,1745.36
2016-04-18,1760.19,1760.19
2016-04-19,1770.46,1770.46
2016-04-20,1771.55,1771.55
2016-04-21,1780.86,1780.86
2016-04-22,1785.09,1785.09
2016-04-25,1775.11,1775.11
2016-04-26,1749.67,1749.67
2016-04-27,1750.25,1750.25
2016-04-28,1749.13,1749.13
2016-04-29,1742.81,1742.81
2016-05-02,1731.88,1731.88
2016-05-03,1734.36,1734.36
2016-05-04,1733.52,1733.52
2016-05-09,1707.45,1707.45
2016-05-10,1712.4,1712.4
2016-05-11,1728.21,1728.21
2016-05-12,1728.93,1728.93
2016-05-13,1712.87,1712.87
2016-05-16,1700.7,1700.7
2016-05-17,1699.62,1699.62
2016-05-18,1703.92,1703.92
2016-05-19,1687.01,1687.01
2016-05-20,1691.11,1691.11
2016-05-23,1706.51,1706.51
2016-05-24,1693.37,1693.37
2016-05-25,1720.9,1720.9
2016-05-26,1727.66,1727.66
2016-05-27,1741.05,1741.05
2016-05-30,1747.47,1747.47
2016-05-31,1726.05,1726.05
2016-06-01,1744.63,1744.63
2016-06-02,1742.07,1742.07
2016-06-03,1751.89,1751.89
2016-06-06,1769.97,1769.97
2016-06-07,1782.22,1782.22
2016-06-08,1770.5,1770.5
2016-06-09,1754.47,1754.47
2016-06-10,1745.03,1745.03
2016-06-13,1727.8,1727.8
2016-06-14,1729.39,1729.39
2016-06-15,1730.9,1730.9
2016-06-16,1725.6,1725.6
2016-06-17,1740.89,1740.89
2016-06-20,1753.77,1753.77
2016-06-21,1766.93,1766.93
2016-06-22,1771.56,1771.56
2016-06-23,1762.42,1762.42
2016-06-24,1746.42,1746.42
2016-06-27,1753.08,1753.08
2016-06-28,1773.43,1773.43
2016-06-29,1807.44,1807.44
2016-06-30,1815.69,1815.69
2016-07-01,1795.88,1795.88
2016-07-11,1836.1,1836.1
2016-07-12,1852.35,1852.35
2016-07-13,1872.02,1872.02
2016-07-14,1852.16,1852.16
2016-07-15,1860.48,1860.48
2016-07-18,1869.47,1869.47
2016-07-19,1888.6,1888.6
2016-07-20,1908.87,1908.87
2016-07-21,1894.62,1894.62
2016-07-22,1886.49,1886.49
2016-07-25,1895.74,1895.74
2016-07-26,1898.69,1898.69
2016-07-27,1920.33,1920.33
2016-07-28,1937.36,1937.36
2016-07-29,1909.26,1909.26
2016-08-01,1964.52,1964.52
2016-08-02,1958.93,1958.93
2016-08-03,1941.56,1941.56
2016-08-04,1955.82,1955.82
2016-08-05,1983.99,1983.99
2016-08-08,2006.54,2006.54
2016-08-09,2004.82,2004.82
2016-08-10,1992.69,1992.69
2016-08-11,1986.83,1986.83
2016-08-12,1970.61,1970.61
2016-08-15,1947.12,1947.12
2016-08-16,1968.28,1968.28
2016-08-18,1996.23,1996.23
2016-08-19,1977.86,1977.86
2016-08-22,1976.71,1976.71
2016-08-23,1965.76,1965.76
2016-08-24,1962.78,1962.78
2016-08-25,1979.99,1979.99
2016-08-26,1969.2,1969.2
2016-08-29,1937.11,1937.11
2016-08-30,1928.79,1928.79
2016-08-31,1940.59,1940.59
2016-09-01,1918.38,1918.38
2016-09-02,1932.28,1932.28
2016-09-05,1938.18,1938.18
2016-09-06,1947.32,1947.32
2016-09-07,1950.56,1950.56
2016-09-08,1937.15,1937.15
2016-09-09,1901,1901
2016-09-13,1870.53,1870.53
2016-09-14,1843.3,1843.3
2016-09-15,1891.66,1891.66
2016-09-16,1882.09,1882.09
2016-09-19,1905.96,1905.96
2016-09-20,1897.81,1897.81
2016-09-21,1917.71,1917.71
2016-09-22,1937.29,1937.29
2016-09-23,1936.17,1936.17
2016-09-26,1918.83,1918.83
2016-09-27,1952.6,1952.6
2016-09-28,1949.02,1949.02
2016-09-29,1958.28,1958.28
2016-09-30,1918.88,1918.88
2016-10-03,1954.58,1954.58
2016-10-04,1955.02,1955.02
2016-10-05,1931.43,1931.43
2016-10-06,1929.65,1929.65
2016-10-07,1920.17,1920.17
2016-10-10,1914.33,1914.33
2016-10-11,1922.73,1922.73
2016-10-12,1921.18,1921.18
2016-10-13,1911.26,1911.26
2016-10-14,1931.2,1931.2
2016-10-17,1935.71,1935.71
2016-10-18,1947.47,1947.47
2016-10-19,1937.72,1937.72
2016-10-20,1941.5,1941.5
2016-10-21,1944.98,1944.98
2016-10-24,1951.71,1951.71
2016-10-25,1944.79,1944.79
2016-10-26,1938.52,1938.52
2016-10-27,1948.36,1948.36
2016-10-28,1943.59,1943.59
2016-10-31,1943.14,1943.14
2016-11-01,1936.55,1936.55
2016-11-02,1925.95,1925.95
2016-11-03,1892.06,1892.06
2016-11-04,1909.22,1909.22
2016-11-07,1921.24,1921.24
2016-11-08,1949.9,1949.9
2016-11-09,1922.12,1922.12
2016-11-10,1956.2,1956.2
2016-11-11,1880.06,1880.06
2016-11-14,1824.79,1824.79
2016-11-15,1793.39,1793.39
2016-11-16,1845.87,1845.87
2016-11-17,1843.57,1843.57
2016-11-18,1827.6,1827.6
2016-11-21,1820.32,1820.32
2016-11-22,1843.3,1843.3
2016-11-23,1849.85,1849.85
2016-11-24,1807.59,1807.59
2016-11-25,1815.61,1815.61
2016-11-28,1810.61,1810.61
2016-11-29,1818.72,1818.72
2016-11-30,1822.42,1822.42
2016-12-01,1845.37,1845.37
2016-12-02,1862.86,1862.86
2016-12-05,1873.8,1873.8
2016-12-06,1874.29,1874.29
2016-12-07,1872.32,1872.32
2016-12-08,1888.31,1888.31
2016-12-09,1890.34,1890.34
2016-12-13,1885.34,1885.34
2016-12-14,1869.54,1869.54
2016-12-15,1866.15,1866.15
2016-12-16,1853.46,1853.46
2016-12-19,1835.49,1835.49
2016-12-20,1813.93,1813.93
2016-12-21,1791.55,1791.55
2016-12-22,1765.77,1765.77
2016-12-23,1758.44,1758.44
2016-12-27,1782.38,1782.38
2016-12-28,1821.12,1821.12
2016-12-29,1856.63,1856.63
2016-12-30,1862.64,1862.64
2017-01-03,1854.21,1854.21
2017-01-04,1863.26,1863.26
2017-01-05,1867.12,1867.12
2017-01-06,1873.34,1873.34
2017-01-09,1857.27,1857.27
2017-01-10,1860.98,1860.98
2017-01-11,1856.87,1856.87
2017-01-12,1853.1,1853.1
2017-01-13,1843.92,1843.92
2017-01-16,1832.67,1832.67
2017-01-17,1834.34,1834.34
2017-01-18,1847.69,1847.69
2017-01-19,1850.71,1850.71
2017-01-20,1827.47,1827.47
2017-01-23,1822.62,1822.62
2017-01-24,1833.67,1833.67
2017-01-25,1830.53,1830.53
2017-01-26,1839,1839
2017-01-27,1837.98,1837.98
2017-01-30,1834.35,1834.35
2017-01-31,1830.84,1830.84
2017-02-01,1848.94,1848.94
2017-02-02,1864.91,1864.91
2017-02-03,1869.76,1869.76
2017-02-06,1878.44,1878.44
2017-02-07,1870.8,1870.8
2017-02-08,1863.44,1863.44
2017-02-09,1864.81,1864.81
2017-02-10,1867.73,1867.73
2017-02-13,1885.11,1885.11
2017-02-14,1873.22,1873.22
2017-02-16,1880.64,1880.64
2017-02-17,1866.92,1866.92
2017-02-20,1866.95,1866.95
2017-02-21,1865.18,1865.18
2017-02-22,1868.86,1868.86
2017-02-23,1876.85,1876.85
2017-02-24,1880.16,1880.16
2017-02-27,1871.44,1871.44
2017-02-28,1873.91,1873.91
2017-03-01,1857.4,1857.4
2017-03-02,1871.28,1871.28
2017-03-03,1862.74,1862.74
2017-03-06,1868.52,1868.52
2017-03-07,1867.08,1867.08
2017-03-08,1858.08,1858.08
2017-03-09,1858.02,1858.02
2017-03-10,1845.8,1845.8
2017-03-13,1849.04,1849.04
2017-03-14,1855.11,1855.11
2017-03-15,1850.25,1850.25
2017-03-16,1882.68,1882.68
2017-03-17,1893.42,1893.42
2017-03-20,1884.86,1884.86
2017-03-21,1890.59,1890.59
2017-03-22,1890.76,1890.76
2017-03-23,1904.78,1904.78
2017-03-24,1903.77,1903.77
2017-03-27,1887.2,1887.2
2017-03-29,1911.68,1911.68
2017-03-30,1905.93,1905.93
2017-03-31,1899.64,1899.64
2017-04-03,1911.4,1911.4
2017-04-04,1932.58,1932.58
2017-04-05,1930.18,1930.18
2017-04-06,1927.44,1927.44
2017-04-07,1915.16,1915.16
2017-04-10,1904.7,1904.7
2017-04-11,1898.89,1898.89
2017-04-12,1914.99,1914.99
2017-04-13,1903.04,1903.04
2017-04-17,1882.7,1882.7
2017-04-18,1895.83,1895.83
2017-04-20,1886.24,1886.24
2017-04-21,1905.06,1905.06
2017-04-25,1911.68,1911.68
2017-04-26,1931.98,1931.98
2017-04-27,1923.37,1923.37
2017-04-28,1921.8,1921.8
2017-05-02,1907.77,1907.77
2017-05-03,1892.28,1892.28
2017-05-04,1895.71,1895.71
2017-05-05,1894.11,1894.11
2017-05-08,1905.21,1905.21
2017-05-09,1891.28,1891.28
2017-05-10,1866.05,1866.05
2017-05-12,1873.42,1873.42
2017-05-15,1876.63,1876.63
2017-05-16,1861.84,1861.84
2017-05-17,1845.52,1845.52
2017-05-18,1855.71,1855.71
2017-05-19,1904.71,1904.71
2017-05-22,1901.01,1901.01
2017-05-23,1893.31,1893.31
2017-05-24,1884.16,1884.16
2017-05-26,1892.24,1892.24
2017-05-29,1885.5,1885.5
2017-05-30,1880.28,1880.28
2017-05-31,1896.16,1896.16
2017-06-02,1898.56,1898.56
2017-06-05,1898.08,1898.08
2017-06-06,1887.74,1887.74
2017-06-07,1896.96,1896.96
2017-06-08,1889.28,1889.28
2017-06-09,1877.91,1877.91
2017-06-12,1884.05,1884.05
2017-06-13,1892.06,1892.06
2017-06-14,1923.24,1923.24
2017-06-15,1915.14,1915.14
2017-06-16,1892.37,1892.37
2017-06-19,1896.95,1896.95
2017-06-20,1912.14,1912.14
2017-06-21,1913.07,1913.07
2017-06-22,1911.01,1911.01
2017-07-03,1939.5,1939.5
2017-07-04,1925.78,1925.78
2017-07-05,1913.58,1913.58
2017-07-06,1923.19,1923.19
2017-07-07,1907.1,1907.1
2017-07-10,1893.18,1893.18
2017-07-11,1893.96,1893.96
2017-07-12,1913.04,1913.04
2017-07-13,1915.44,1915.44
2017-07-14,1929.62,1929.62
2017-07-17,1930.55,1930.55
2017-07-18,1920.52,1920.52
2017-07-19,1921.15,1921.15
2017-07-20,1916.13,1916.13
2017-07-21,1894.77,1894.77
2017-07-24,1905.42,1905.42
2017-07-25,1911.27,1911.27
2017-07-26,1906.09,1906.09
2017-07-27,1911.04,1911.04
2017-07-28,1920.82,1920.82
2017-07-31,1921.78,1921.78
2017-08-01,1912.67,1912.67
2017-08-02,1917.26,1917.26
2017-08-03,1899.48,1899.48
2017-08-04,1899.45,1899.45
2017-08-07,1890.41,1890.41
2017-08-08,1909.16,1909.16
2017-08-09,1921.65,1921.65
2017-08-10,1917.78,1917.78
2017-08-11,1891,1891
2017-08-14,1901.14,1901.14
2017-08-15,1910.08,1910.08
2017-08-16,1927.76,1927.76
2017-08-18,1928.72,1928.72
2017-08-21,1922.21,1922.21
2017-08-22,1932.28,1932.28
2017-08-23,1940.3,1940.3
2017-08-24,1933.37,1933.37
2017-08-25,1934.66,1934.66
2017-08-28,1930.66,1930.66
2017-08-29,1922.65,1922.65
2017-08-30,1922.94,1922.94
2017-08-31,1918.17,1918.17
2017-09-04,1896.42,1896.42
2017-09-05,1901.09,1901.09
2017-09-06,1900.54,1900.54
2017-09-07,1908.18,1908.18
2017-09-08,1916.18,1916.18
2017-09-11,1921.79,1921.79
2017-09-12,1913.51,1913.51
2017-09-13,1895.19,1895.19
2017-09-14,1898.02,1898.02
2017-09-15,1905.9,1905.9
2017-09-18,1910.58,1910.58
2017-09-19,1918.75,1918.75
2017-09-20,1925.91,1925.91
2017-09-22,1918.94,1918.94
2017-09-25,1908.53,1908.53
2017-09-26,1894.61,1894.61
2017-09-27,1889.08,1889.08
2017-09-28,1886.19,1886.19
2017-09-29,1911.37,1911.37
2017-10-02,1913.03,1913.03
2017-10-03,1925.11,1925.11
2017-10-04,1935.51,1935.51
2017-10-05,1919.44,1919.44
2017-10-06,1927.67,1927.67
2017-10-09,1925.11,1925.11
2017-10-10,1922.59,1922.59
2017-10-11,1920.15,1920.15
2017-10-12,1936.07,1936.07
2017-10-13,1933.81,1933.81
2017-10-16,1936.61,1936.61
2017-10-17,1937.77,1937.77
2017-10-18,1929.41,1929.41
2017-10-19,1923.72,1923.72
2017-10-20,1931.57,1931.57
2017-10-23,1936.56,1936.56
2017-10-24,1935,1935
2017-10-25,1954.45,1954.45
2017-10-26,1944.52,1944.52
2017-10-27,1931.71,1931.71
2017-10-30,1939.42,1939.42
2017-10-31,1946.19,1946.19
2017-11-01,1967.16,1967.16
2017-11-02,1970.6,1970.6
2017-11-03,1972.04,1972.04
2017-11-06,1978.6,1978.6
2017-11-07,1983.1,1983.1
2017-11-08,1976.33,1976.33
2017-11-09,1970.77,1970.77
2017-11-10,1962.85,1962.85
2017-11-13,1960.5,1960.5
2017-11-14,1948.38,1948.38
2017-11-15,1938.06,1938.06
2017-11-16,1961.23,1961.23
2017-11-17,1969.9,1969.9
2017-11-20,1960.84,1960.84
2017-11-21,1949.71,1949.71
2017-11-22,1970.17,1970.17
2017-11-23,1967.49,1967.49
2017-11-24,1971.84,1971.84
2017-11-27,1958.96,1958.96
2017-11-28,1960.55,1960.55
2017-11-29,1962.94,1962.94
2017-11-30,1935.93,1935.93
2017-12-04,1947.71,1947.71
2017-12-05,1943.22,1943.22
2017-12-06,1948.54,1948.54
2017-12-07,1942.69,1942.69
2017-12-08,1946.35,1946.35
2017-12-11,1941.5,1941.5
2017-12-12,1940.91,1940.91
2017-12-13,1946.96,1946.96
2017-12-14,1962.02,1962.02
2017-12-15,1957.07,1957.07
2017-12-18,1964.01,1964.01
2017-12-19,1971.59,1971.59
2017-12-20,1945.29,1945.29
2017-12-21,1967.43,1967.43
2017-12-22,1976.78,1976.78
2017-12-27,1994.5,1994.5
2017-12-28,2002.02,2002.02
2017-12-29,2020.36,2020.36
2018-01-02,2010.35,2010.35
2018-01-03,1985.76,1985.76
2018-01-04,2004.49,2004.49
2018-01-05,2029.76,2029.76
2018-01-08,2057.3,2057.3
2018-01-09,2055.12,2055.12
2018-01-10,2055.12,2055.12
2018-01-11,2054.93,2054.93
2018-01-12,2051.13,2051.13
2018-01-15,2058.14,2058.14
2018-01-16,2081.02,2081.02
2018-01-17,2093.78,2093.78
2018-01-18,2100.57,2100.57
2018-01-19,2107.95,2107.95
2018-01-22,2120.56,2120.56
2018-01-23,2161.42,2161.42
2018-01-24,2171.09,2171.09
2018-01-25,2168.47,2168.47
2018-01-26,2188.38,2188.38
2018-01-29,2210.47,2210.47
2018-01-30,2168,2168
2018-01-31,2179.56,2179.56
2018-02-01,2180.17,2180.17
2018-02-02,2181.97,2181.97
2018-02-05,2166.19,2166.19
2018-02-06,2126.88,2126.88
2018-02-07,2146.48,2146.48
2018-02-08,2151,2151
2018-02-09,2127.26,2127.26
2018-02-12,2131.04,2131.04
2018-02-13,2150.35,2150.35
2018-02-14,2158.1,2158.1
2018-02-15,2158.42,2158.42
2018-02-19,2192.45,2192.45
2018-02-20,2188.28,2188.28
2018-02-21,2181.69,2181.69
2018-02-22,2160.86,2160.86
2018-02-23,2172.31,2172.31
2018-02-26,2146.26,2146.26
2018-02-27,2159.9,2159.9
2018-02-28,2160.06,2160.06
2018-03-01,2164.38,2164.38
2018-03-02,2152.2,2152.2
2018-03-05,2134.04,2134.04
2018-03-06,2121.12,2121.12
2018-03-07,2076.83,2076.83
2018-03-08,2099.11,2099.11
2018-03-09,2097.46,2097.46
2018-03-12,2122.48,2122.48
2018-03-13,2088.41,2088.41
2018-03-14,2071.38,2071.38
2018-03-15,2043.62,2043.62
2018-03-16,2033.77,2033.77
2018-03-19,2026.87,2026.87
2018-03-20,2015.02,2015.02
2018-03-21,2037.11,2037.11
2018-03-22,2019.05,2019.05
2018-03-23,2003.6,2003.6
2018-03-26,2004.42,2004.42
2018-03-27,2003.7,2003.7
2018-03-28,1980.74,1980.74
2018-03-29,1998.73,1998.73
2018-04-02,2021.3,2021.3
2018-04-03,2019.93,2019.93
2018-04-04,1993.96,1993.96
2018-04-05,2012.55,2012.55
2018-04-06,2004.24,2004.24
2018-04-09,2030.99,2030.99
2018-04-10,2055.65,2055.65
2018-04-11,2069.36,2069.36
2018-04-12,2051.38,2051.38
2018-04-13,2040.14,2040.14
2018-04-16,2039.15,2039.15
2018-04-17,2038.46,2038.46
2018-04-18,2050.86,2050.86
2018-04-19,2068.15,2068.15
2018-04-20,2063.06,2063.06
2018-04-23,2051.16,2051.16
2018-04-24,2027.48,2027.48
2018-04-25,1980,1980
2018-04-26,1921.67,1921.67
2018-04-27,1919.43,1919.43
2018-04-30,1938.26,1938.26
2018-05-02,1952.71,1952.71
2018-05-03,1903.93,1903.93
2018-05-04,1886.13,1886.13
2018-05-07,1907.98,1907.98
2018-05-08,1876.23,1876.23
2018-05-09,1920.11,1920.11
2018-05-11,1938.16,1938.16
2018-05-14,1932.51,1932.51
2018-05-15,1908.44,1908.44
2018-05-16,1917.04,1917.04
2018-05-17,1911.08,1911.08
2018-05-18,1908.56,1908.56
2018-05-21,1898.89,1898.89
2018-05-22,1901.94,1901.94
2018-05-23,1921.28,1921.28
2018-05-24,1976.82,1976.82
2018-05-25,1983.01,1983.01
2018-05-28,2006.39,2006.39
2018-05-30,1983.59,1983.59
2018-05-31,1976.13,1976.13
2018-06-04,2009.31,2009.31
2018-06-05,2036.12,2036.12
2018-06-06,2025.74,2025.74
2018-06-07,2041.33,2041.33
2018-06-08,2004.22,2004.22
2018-06-20,1965.57,1965.57
2018-06-21,1939.58,1939.58
2018-06-22,1943.45,1943.45
2018-06-25,1947.16,1947.16
2018-06-26,1925.61,1925.61
2018-06-27,1903.8,1903.8
2018-06-28,1850.28,1850.28
2018-06-29,1904.77,1904.77
2018-07-02,1877.78,1877.78
2018-07-03,1830.75,1830.75
2018-07-04,1858.68,1858.68
2018-07-05,1864.06,1864.06
2018-07-06,1846.91,1846.91
2018-07-09,1881.67,1881.67
2018-07-10,1908.21,1908.21
2018-07-11,1918.58,1918.58
2018-07-12,1929.74,1929.74
2018-07-13,1941.31,1941.31
2018-07-16,1921.88,1921.88
2018-07-17,1913.17,1913.17
2018-07-18,1934.09,1934.09
2018-07-19,1928.19,1928.19
2018-07-20,1925.14,1925.14
2018-07-23,1931.87,1931.87
2018-07-24,1938.91,1938.91
2018-07-25,1949.25,1949.25
2018-07-26,1957.77,1957.77
2018-07-27,1981.35,1981.35
2018-07-30,1996.08,1996.08
2018-07-31,1955.97,1955.97
2018-08-01,1992.24,1992.24
2018-08-02,1979.86,1979.86
2018-08-03,1974.44,1974.44
2018-08-06,2006.33,2006.33
2018-08-07,1998.54,1998.54
2018-08-08,2000.97,2000.97
2018-08-09,1992.02,1992.02
2018-08-10,1992.32,1992.32
2018-08-13,1914.1,1914.1
2018-08-14,1877.38,1877.38
2018-08-15,1888.4,1888.4
2018-08-16,1866.11,1866.11
2018-08-20,1907.46,1907.46
2018-08-21,1927.12,1927.12
2018-08-23,1941.43,1941.43
2018-08-24,1928.21,1928.21
2018-08-27,1948.87,1948.87
2018-08-28,1946.73,1946.73
2018-08-29,1956.83,1956.83
2018-08-30,1935.52,1935.52
2018-08-31,1926.99,1926.99
2018-09-03,1902.24,1902.24
2018-09-04,1878.82,1878.82
2018-09-05,1798.67,1798.67
2018-09-06,1822.56,1822.56
2018-09-07,1840.48,1840.48
2018-09-10,1832.01,1832.01
2018-09-12,1824.59,1824.59
2018-09-13,1846.4,1846.4
2018-09-14,1872.85,1872.85
2018-09-17,1837.27,1837.27
2018-09-18,1835.33,1835.33
2018-09-19,1851.37,1851.37
2018-09-20,1874.59,1874.59
2018-09-21,1885.65,1885.65
2018-09-24,1851.1,1851.1
2018-09-25,1852.34,1852.34
2018-09-26,1852.35,1852.35
2018-09-27,1871.27,1871.27
2018-09-28,1888.82,1888.82
2018-10-01,1883.64,1883.64
2018-10-02,1858.4,1858.4
2018-10-03,1860.81,1860.81
2018-10-04,1824.88,1824.88
2018-10-05,1834.55,1834.55
2018-10-08,1836.38,1836.38
2018-10-09,1848.9,1848.9
2018-10-10,1865.83,1865.83
2018-10-11,1827.38,1827.38
2018-10-12,1847.2,1847.2
2018-10-15,1830.62,1830.62
2018-10-16,1857.58,1857.58
2018-10-17,1879.24,1879.24
2018-10-18,1875.88,1875.88
2018-10-19,1872.94,1872.94
2018-10-22,1876.48,1876.48
2018-10-23,1864.2,1864.2
2018-10-24,1826.27,1826.27
2018-10-25,1839.87,1839.87
2018-10-26,1844.81,1844.81
2018-10-29,1830.45,1830.45
2018-10-30,1834.91,1834.91
2018-10-31,1859.4,1859.4
2018-11-01,1855.33,1855.33
2018-11-02,1871.96,1871.96
2018-11-05,1873.29,1873.29
2018-11-06,1878.24,1878.24
2018-11-07,1893.35,1893.35
2018-11-08,1912.14,1912.14
2018-11-09,1890.81,1890.81
2018-11-12,1856.8,1856.8
2018-11-13,1872.35,1872.35
2018-11-14,1873.54,1873.54
2018-11-15,1900.8,1900.8
2018-11-16,1924.37,1924.37
2018-11-19,1926.92,1926.92
2018-11-21,1899.59,1899.59
2018-11-22,1907.78,1907.78
2018-11-23,1914.92,1914.92
2018-11-26,1913.15,1913.15
2018-11-27,1903.72,1903.72
2018-11-28,1891.93,1891.93
2018-11-29,1931.41,1931.41
2018-11-30,1912.84,1912.84
2018-12-03,1941.86,1941.86
2018-12-04,1946.75,1946.75
2018-12-05,1938.09,1938.09
2018-12-06,1924.98,1924.98
2018-12-07,1936.26,1936.26
2018-12-10,1922.99,1922.99
2018-12-11,1918.06,1918.06
2018-12-12,1931.48,1931.48
2018-12-13,1949.94,1949.94
2018-12-14,1940.84,1940.84
2018-12-17,1915.07,1915.07
2018-12-18,1917.22,1917.22
2018-12-19,1939.1,1939.1
2018-12-20,1929.4,1929.4
2018-12-21,1931.24,1931.24
2018-12-26,1904.78,1904.78
2018-12-27,1921.1,1921.1
2018-12-28,1924.94,1924.94
2019-01-02,1925.51,1925.51
2019-01-03,1939.62,1939.62
2019-01-04,1961.03,1961.03
2019-01-07,1973.93,1973.93
2019-01-08,1968.02,1968.02
2019-01-09,1976.89,1976.89
2019-01-10,2000.47,2000.47
2019-01-11,2016.49,2016.49
2019-01-14,2006.01,2006.01
2019-01-15,2038.72,2038.72
2019-01-16,2050.13,2050.13
2019-01-17,2045.02,2045.02
2019-01-18,2055.13,2055.13
2019-01-21,2054.74,2054.74
2019-01-22,2060.55,2060.55
2019-01-23,2071.36,2071.36
2019-01-24,2079.49,2079.49
2019-01-25,2083.86,2083.86
2019-01-28,2074.89,2074.89
2019-01-29,2066.39,2066.39
2019-01-30,2074.61,2074.61
2019-01-31,2100.62,2100.62
2019-02-01,2104.93,2104.93
2019-02-04,2090.06,2090.06
2019-02-06,2116.47,2116.47
2019-02-07,2101.22,2101.22
2019-02-08,2089.31,2089.31
2019-02-11,2071.88,2071.88
2019-02-12,2047.24,2047.24
2019-02-13,2055.99,2055.99
2019-02-14,2057.62,2057.62
2019-02-15,2047.07,2047.07
2019-02-18,2084.21,2084.21
2019-02-19,2090.8,2090.8
2019-02-20,2100.32,2100.32
2019-02-21,2112.04,2112.04
2019-02-22,2103.26,2103.26
2019-02-25,2107.94,2107.94
2019-02-26,2117.98,2117.98
2019-02-27,2106.68,2106.68
2019-02-28,2071.73,2071.73
2019-03-01,2086.05,2086.05
2019-03-04,2079.52,2079.52
2019-03-05,2056.76,2056.76
2019-03-06,2066.52,2066.52
2019-03-08,2033.47,2033.47
2019-03-11,2024.31,2024.31
2019-03-12,2016.95,2016.95
2019-03-13,2031.98,2031.98
2019-03-14,2043.53,2043.53
2019-03-15,2050.44,2050.44
2019-03-18,2065.14,2065.14
2019-03-19,2059.31,2059.31
2019-03-20,2057.07,2057.07
2019-03-21,2064.94,2064.94
2019-03-22,2063.13,2063.13
2019-03-25,2013.12,2013.12
2019-03-26,2027,2027
2019-03-27,2019.25,2019.25
2019-03-28,2025.35,2025.35
2019-03-29,2028.88,2028.88
2019-04-01,2031.34,2031.34
2019-04-02,2038.56,2038.56
2019-04-04,2043.77,2043.77
2019-04-05,2046.03,2046.03
2019-04-08,2019.56,2019.56
2019-04-09,2042.19,2042.19
2019-04-10,2040.39,2040.39
2019-04-11,2017.23,2017.23
2019-04-12,2008.94,2008.94
2019-04-15,2019.36,2019.36
2019-04-16,2040.87,2040.87
2019-04-18,2055.65,2055.65
2019-04-22,2026.97,2026.97
2019-04-23,2056.08,2056.08
2019-04-24,2049.04,2049.04
2019-04-25,2014.35,2014.35
2019-04-26,2028.78,2028.78
2019-04-29,2035.37,2035.37
2019-04-30,2034.54,2034.54
2019-05-02,1998.29,1998.29
2019-05-03,1978.11,1978.11
2019-05-06,1943.92,1943.92
2019-05-07,1960.88,1960.88
2019-05-08,1948.96,1948.96
2019-05-09,1913.15,1913.15
2019-05-10,1922.37,1922.37
2019-05-13,1889.25,1889.25
2019-05-14,1875.01,1875.01
2019-05-15,1842.12,1842.12
2019-05-16,1808.38,1808.38
2019-05-17,1795.71,1795.71
2019-05-20,1819.14,1819.14
2019-05-21,1833.39,1833.39
2019-05-22,1829.42,1829.42
2019-05-23,1863.08,1863.08
2019-05-24,1877.59,1877.59
2019-05-27,1905.65,1905.65
2019-05-28,1873.31,1873.31
2019-05-29,1892.35,1892.35
2019-05-31,1929.08,1929.08
2019-06-10,1967.06,1967.06
2019-06-11,1971.73,1971.73
2019-06-12,1962.51,1962.51
2019-06-13,1968.19,1968.19
2019-06-14,1957.78,1957.78
2019-06-17,1929.25,1929.25
2019-06-18,1955.8,1955.8
2019-06-19,1995.94,1995.94
2019-06-20,2001.99,2001.99
2019-06-21,1992.93,1992.93
2019-06-24,1987.52,1987.52
2019-06-25,2003.7,2003.7
2019-06-26,2006.74,2006.74
2019-06-27,2019.71,2019.71
2019-06-28,2019.41,2019.41
2019-07-01,2048.4,2048.4
2019-07-02,2045.99,2045.99
2019-07-03,2022.45,2022.45
2019-07-04,2026.37,2026.37
2019-07-05,2024.13,2024.13
2019-07-08,2017.67,2017.67
2019-07-09,2033.72,2033.72
2019-07-10,2043.49,2043.49
2019-07-11,2049.24,2049.24
2019-07-12,2030.42,2030.42
2019-07-15,2060.16,2060.16
2019-07-16,2057.7,2057.7
2019-07-17,2051.68,2051.68
2019-07-18,2043.68,2043.68
2019-07-19,2052.76,2052.76
2019-07-22,2037.78,2037.78
2019-07-23,2037.03,2037.03
2019-07-24,2030.56,2030.56
2019-07-25,2041.2,2041.2
2019-07-26,2012.18,2012.18
2019-07-29,2016.42,2016.42
2019-07-30,2046.23,2046.23
2019-07-31,2042.29,2042.29
2019-08-01,2032.58,2032.58
2019-08-02,2010.05,2010.05
2019-08-05,1938.07,1938.07
2019-08-06,1931.51,1931.51
2019-08-07,1960.23,1960.23
2019-08-08,1990.07,1990.07
2019-08-09,1994.57,1994.57
2019-08-12,1983.56,1983.56
2019-08-13,1982.37,1982.37
2019-08-14,2006.24,2006.24
2019-08-15,1998.13,1998.13
2019-08-16,1997.85,1997.85
2019-08-19,1998.72,1998.72
2019-08-20,1989.36,1989.36
2019-08-21,1981.88,1981.88
2019-08-22,1970.6,1970.6
2019-08-23,1964.9,1964.9
2019-08-26,1957.74,1957.74
2019-08-27,1965.16,1965.16
2019-08-28,1965.6,1965.6
2019-08-29,1967.74,1967.74
2019-08-30,1975.08,1975.08
2019-09-02,1971.03,1971.03
2019-09-03,1947.47,1947.47
2019-09-04,1956.13,1956.13
2019-09-05,1968.28,1968.28
2019-09-06,1965.74,1965.74
2019-09-09,1984.36,1984.36
2019-09-10,1993.15,1993.15
2019-09-11,2012.82,2012.82
2019-09-12,1997.65,1997.65
2019-09-13,1988.14,1988.14
2019-09-16,1952.85,1952.85
2019-09-17,1967.99,1967.99
2019-09-18,1977.68,1977.68
2019-09-19,1960.72,1960.72
2019-09-20,1963.57,1963.57
2019-09-23,1947.32,1947.32
2019-09-24,1911.11,1911.11
2019-09-25,1908.01,1908.01
2019-09-26,1932.73,1932.73
2019-09-27,1916.28,1916.28
2019-09-30,1904.38,1904.38
2019-10-01,1883.06,1883.06
2019-10-02,1850.84,1850.84
2019-10-03,1849.71,1849.71
2019-10-04,1849,1849
2019-10-07,1825.43,1825.43
2019-10-08,1831.29,1831.29
2019-10-09,1837.64,1837.64
2019-10-10,1844.17,1844.17
2019-10-11,1876.71,1876.71
2019-10-14,1883.01,1883.01
2019-10-15,1893.83,1893.83
2019-10-16,1890.42,1890.42
2019-10-17,1894.52,1894.52
2019-10-18,1905.39,1905.39
2019-10-21,1903.66,1903.66
2019-10-22,1905.41,1905.41
2019-10-23,1922.92,1922.92
2019-10-24,1949.35,1949.35
2019-10-25,1913.54,1913.54
2019-10-28,1912.09,1912.09
2019-10-29,1915.87,1915.87
2019-10-30,1922.06,1922.06
2019-10-31,1897.89,1897.89
2019-11-01,1873.11,1873.11
2019-11-04,1872.07,1872.07
2019-11-05,1899.04,1899.04
2019-11-06,1888.92,1888.92
2019-11-07,1876.22,1876.22
2019-11-08,1882.65,1882.65
2019-11-11,1871.3,1871.3
2019-11-12,1875.81,1875.81
2019-11-13,1858.72,1858.72
2019-11-14,1841.36,1841.36
2019-11-15,1851.94,1851.94
2019-11-18,1841.51,1841.51
2019-11-19,1849.26,1849.26
2019-11-20,1848.98,1848.98
2019-11-21,1834.03,1834.03
2019-11-22,1826.31,1826.31
2019-11-25,1818.35,1818.35
2019-11-26,1803.54,1803.54
2019-11-27,1795.66,1795.66
2019-11-28,1761.28,1761.28
2019-11-29,1772.4,1772.4
2019-12-02,1819.36,1819.36
2019-12-03,1816.63,1816.63
2019-12-04,1806.76,1806.76
2019-12-05,1830.88,1830.88
2019-12-06,1844.69,1844.69
2019-12-09,1851.78,1851.78
2019-12-10,1852.19,1852.19
2019-12-11,1850.97,1850.97
2019-12-12,1847.4,1847.4
2019-12-13,1879.46,1879.46
2019-12-16,1895.35,1895.35
2019-12-17,1897.83,1897.83
2019-12-18,1901.21,1901.21
2019-12-19,1890.77,1890.77
2019-12-20,1891.99,1891.99
2019-12-23,1898.21,1898.21
2019-12-26,1910.19,1910.19
2019-12-27,1918.56,1918.56
2019-12-30,1911.64,1911.64
2020-01-02,1917.39,1917.39
2020-01-03,1929.54,1929.54
2020-01-06,1911.08,1911.08
2020-01-07,1914.64,1914.64
2020-01-08,1895.73,1895.73
2020-01-09,1914.8,1914.8
2020-01-10,1918.99,1918.99
2020-01-13,1919.12,1919.12
2020-01-14,1920.86,1920.86
2020-01-15,1890.86,1890.86
2020-01-16,1893.59,1893.59
2020-01-17,1904.31,1904.31
2020-01-20,1879.42,1879.42
2020-01-21,1870.99,1870.99
2020-01-22,1856.41,1856.41
2020-01-23,1859.81,1859.81
2020-01-24,1859.41,1859.41
2020-01-27,1806.56,1806.56
2020-01-28,1808.4,1808.4
2020-01-29,1805.12,1805.12
2020-01-30,1782.69,1782.69
2020-01-31,1746.58,1746.58
2020-02-03,1724.06,1724.06
2020-02-04,1738.88,1738.88
2020-02-05,1763.61,1763.61
2020-02-06,1778.46,1778.46
2020-02-07,1780.56,1780.56
2020-02-10,1752.88,1752.88
2020-02-11,1756.64,1756.64
2020-02-12,1746.6,1746.6
2020-02-13,1728.67,1728.67
2020-02-14,1731.75,1731.75
2020-02-17,1735.56,1735.56
2020-02-18,1751.79,1751.79
2020-02-19,1763.58,1763.58
2020-02-20,1770.44,1770.44
2020-02-21,1747.11,1747.11
2020-02-24,1713.24,1713.24
2020-02-25,1713.75,1713.75
2020-02-26,1675.78,1675.78
2020-02-27,1629.08,1629.08
2020-02-28,1596.2,1596.2
2020-03-02,1569.71,1569.71
2020-03-03,1619.05,1619.05
2020-03-04,1661.54,1661.54
2020-03-05,1658.07,1658.07
2020-03-06,1611.2,1611.2
2020-03-09,1478.04,1478.04
2020-03-10,1499,1499
2020-03-11,1465.33,1465.33
2020-03-12,1365.95,1365.95
2020-03-13,1375.02,1375.02
2020-03-16,1300.26,1300.26
2020-03-17,1224.88,1224.88
2020-03-18,1176.37,1176.37
2020-03-19,1112.6,1112.6
2020-03-20,1134.34,1134.34
2020-03-23,1076.91,1076.91
2020-03-24,1063.45,1063.45
2020-03-26,1185.32,1185.32
2020-03-27,1241.68,1241.68
2020-03-30,1188.52,1188.52
2020-03-31,1238.72,1238.72
2020-04-01,1215,1215
2020-04-02,1234.5,1234.5
2020-04-03,1271.8,1271.8
2020-04-06,1339.15,1339.15
2020-04-07,1345.6,1345.6
2020-04-08,1286.37,1286.37
2020-04-09,1293.91,1293.91
2020-04-13,1290.47,1290.47
2020-04-14,1325.39,1325.39
2020-04-15,1302.51,1302.51
2020-04-16,1260.79,1260.79
2020-04-17,1309.21,1309.21
2020-04-20,1289.89,1289.89
2020-04-21,1264.93,1264.93
2020-04-22,1276.36,1276.36
2020-04-23,1279.38,1279.38
2020-04-24,1251.96,1251.96
2020-04-27,1257.1,1257.1
2020-04-28,1261.24,1261.24
2020-04-29,1276.25,1276.25
2020-04-30,1314.18,1314.18
2020-05-04,1272.7,1272.7
2020-05-05,1278.6,1278.6
2020-05-06,1271.65,1271.65
2020-05-08,1285.63,1285.63
2020-05-11,1294.15,1294.15
2020-05-12,1267.44,1267.44
2020-05-13,1259.67,1259.67
2020-05-14,1244.39,1244.39
2020-05-15,1245.07,1245.07
2020-05-18,1252.91,1252.91
2020-05-19,1261.97,1261.97
2020-05-20,1254.38,1254.38
2020-05-26,1280.22,1280.22
2020-05-27,1280.7,1280.7
2020-05-28,1297.83,1297.83
2020-05-29,1319.2,1319.2
2020-06-02,1352.59,1352.59
2020-06-03,1392.48,1392.48
2020-06-04,1387.95,1387.95
2020-06-05,1411.41,1411.41
2020-06-08,1457.08,1457.08
2020-06-09,1445.42,1445.42
2020-06-10,1403.69,1403.69
2020-06-11,1379.08,1379.08
2020-06-12,1385.74,1385.74
2020-06-15,1360.46,1360.46
2020-06-16,1428.14,1428.14
2020-06-17,1434.61,1434.61
2020-06-18,1422.36,1422.36
2020-06-19,1423.98,1423.98
2020-06-22,1424.1,1424.1
2020-06-23,1417.51,1417.51
2020-06-24,1441.47,1441.47
2020-06-25,1419.51,1419.51
2020-06-26,1420.5,1420.5
2020-06-29,1409.38,1409.38
2020-06-30,1407.97,1407.97
2020-07-01,1405.98,1405.98
2020-07-02,1418.46,1418.46
2020-07-03,1419.28,1419.28
2020-07-06,1428.43,1428.43
2020-07-07,1427.39,1427.39
2020-07-08,1458.27,1458.27
2020-07-09,1451.72,1451.72
2020-07-10,1437.37,1437.37
2020-07-13,1462.82,1462.82
2020-07-14,1458.17,1458.17
2020-07-15,1460.26,1460.26
2020-07-16,1465.44,1465.44
2020-07-17,1469.37,1469.37
2020-07-20,1452.26,1452.26
2020-07-21,1493.96,1493.96
2020-07-22,1501.56,1501.56
2020-07-23,1515.98,1515.98
2020-07-24,1495.26,1495.26
2020-07-27,1517.48,1517.48
2020-07-28,1511.56,1511.56
2020-07-29,1512.24,1512.24
2020-07-30,1514.31,1514.31
2020-08-03,1461.2,1461.2
2020-08-04,1489.71,1489.71
2020-08-05,1518.02,1518.02
2020-08-06,1548,1548
2020-08-07,1545.4,1545.4
2020-08-10,1549.65,1549.65
2020-08-11,1564.68,1564.68
2020-08-12,1567.45,1567.45
2020-08-13,1567.64,1567.64
2020-08-14,1566.08,1566.08
2020-08-18,1585.01,1585.01
2020-08-19,1581.15,1581.15
2020-08-24,1579.76,1579.76
2020-08-25,1601.31,1601.31
2020-08-26,1604.6,1604.6
2020-08-27,1603.11,1603.11
2020-08-28,1601.67,1601.67
2020-08-31,1571.66,1571.66
2020-09-01,1594.32,1594.32
2020-09-02,1602.6,1602.6
2020-09-03,1583.77,1583.77
2020-09-04,1568.31,1568.31
2020-09-07,1568.46,1568.46
2020-09-08,1569.73,1569.73
2020-09-09,1526.81,1526.81
2020-09-10,1438.08,1438.08
2020-09-11,1476.8,1476.8
2020-09-14,1527.92,1527.92
2020-09-15,1512.63,1512.63
2020-09-16,1499.51,1499.51
2020-09-17,1488.09,1488.09
2020-09-18,1503.74,1503.74
2020-09-21,1477.32,1477.32
2020-09-22,1457.07,1457.07
2020-09-23,1448.86,1448.86
2020-09-24,1416.44,1416.44
2020-09-25,1453.02,1453.02
2020-09-28,1444.48,1444.48
2020-09-29,1435.4,1435.4
2020-09-30,1428.56,1428.56
2020-10-01,1465.02,1465.02
2020-10-02,1446.85,1446.85
2020-10-05,1453.85,1453.85
2020-10-06,1469.78,1469.78
2020-10-07,1466.45,1466.45
2020-10-08,1484.17,1484.17
2020-10-09,1493.25,1493.25
2020-10-12,1505.46,1505.46
2020-10-13,1512.37,1512.37
2020-10-14,1545.02,1545.02
2020-10-15,1526.1,1526.1
2020-10-16,1530.06,1530.06
2020-10-19,1548.35,1548.35
2020-10-20,1544.24,1544.24
2020-10-21,1553.93,1553.93
2020-10-22,1547.24,1547.24
2020-10-23,1552.66,1552.66
2020-10-26,1555.98,1555.98
2020-10-27,1548.31,1548.31
2020-11-02,1546.06,1546.06
2020-11-03,1555.83,1555.83
2020-11-04,1529.07,1529.07
2020-11-05,1580.05,1580.05
2020-11-06,1604.47,1604.47
2020-11-09,1629.54,1629.54
2020-11-10,1650.99,1650.99
2020-11-11,1666.58,1666.58
2020-11-12,1649.83,1649.83
2020-11-13,1659.51,1659.51
2020-11-16,1679.44,1679.44
2020-11-17,1698.07,1698.07
2020-11-18,1713.2,1713.2
2020-11-19,1736.13,1736.13
2020-11-20,1733.73,1733.73
2020-11-23,1773.84,1773.84
2020-11-24,1790.13,1790.13
2020-11-25,1792.73,1792.73
2020-11-26,1833.68,1833.68
2020-11-27,1856.3,1856.3
2020-11-30,1799.31,1799.31
2020-12-01,1827.83,1827.83
2020-12-02,1867.46,1867.46
2020-12-03,1890.52,1890.52
2020-12-04,1905.45,1905.45
2020-12-07,1948.1,1948.1
2020-12-08,1947.74,1947.74
2020-12-10,1941.83,1941.83
2020-12-11,1940.65,1940.65
2020-12-14,1965.01,1965.01
2020-12-15,1971.99,1971.99
2020-12-16,2036.84,2036.84
2020-12-17,2036.73,2036.73
2020-12-18,2057.57,2057.57
2020-12-21,2113.31,2113.31
2020-12-22,2020.3,2020.3
2020-12-23,2023.65,2023.65
2020-12-28,2067.72,2067.72
2020-12-29,2037.06,2037.06
2020-12-30,2003.73,2003.73
2021-01-04,2079.53,2079.53
2021-01-05,2096.93,2096.93
2021-01-06,2051.31,2051.31
2021-01-07,2113.02,2113.02
2021-01-08,2150.88,2150.88
2021-01-11,2155.33,2155.33
2021-01-12,2151.85,2151.85
2021-01-13,2196.09,2196.09
2021-01-14,2202.86,2202.86
2021-01-15,2198.91,2198.91
2021-01-18,2178.93,2178.93
2021-01-19,2135.1,2135.1
2021-01-20,2219.77,2219.77
2021-01-21,2221.28,2221.28
2021-01-22,2146.21,2146.21
2021-01-25,2137.2,2137.2
2021-01-26,2087.09,2087.09
2021-01-27,2084.74,2084.74
2021-01-28,2031.15,2031.15
2021-01-29,2016.3,2016.3
2021-02-01,2125.9,2125.9
2021-02-02,2076.87,2076.87
2021-02-03,2071.83,2071.83
2021-02-04,2101.07,2101.07
2021-02-05,2113.78,2113.78
2021-02-08,2140.8,2140.8
2021-02-09,2122.16,2122.16
2021-02-10,2140.68,2140.68
2021-02-11,2138.36,2138.36
2021-02-15,2173.56,2173.56
2021-02-16,2193,2193
2021-02-17,2154.75,2154.75
2021-02-18,2151.25,2151.25
2021-02-19,2163.13,2163.13
2021-02-22,2195.49,2195.49
2021-02-23,2202.51,2202.51
2021-02-24,2186.19,2186.19
2021-02-25,2196.82,2196.82
2021-02-26,2174.29,2174.29
2021-03-01,2208.52,2208.52
2021-03-02,2179.18,2179.18
2021-03-03,2174.6,2174.6
2021-03-04,2126.23,2126.23
2021-03-05,2107.49,2107.49
2021-03-08,2093.82,2093.82
2021-03-09,2077.52,2077.52
2021-03-10,2098.63,2098.63
2021-03-12,2143.03,2143.03
2021-03-15,2137.19,2137.19
2021-03-16,2122.97,2122.97
2021-03-17,2115.27,2115.27
2021-03-18,2152.41,2152.41
2021-03-19,2129.43,2129.43
2021-03-22,2115.34,2115.34
2021-03-23,2091.75,2091.75
2021-03-24,2047.21,2047.21
2021-03-25,2047.14,2047.14
2021-03-26,2091.02,2091.02
2021-03-29,2069.8,2069.8
2021-03-30,2030.67,2030.67
2021-03-31,2004.88,2004.88
2021-04-01,2020.35,2020.35
2021-04-05,2016.14,2016.14
2021-04-06,2047.24,2047.24
2021-04-07,2063.92,2063.92
2021-04-08,2072.86,2072.86
2021-04-09,2071.28,2071.28
2021-04-12,2028.58,2028.58
2021-04-13,2037.96,2037.96
2021-04-14,2078.94,2078.94
2021-04-15,2092.93,2092.93
2021-04-16,2110.96,2110.96
2021-04-19,2096.68,2096.68
2021-04-20,2108.25,2108.25
2021-04-21,2096.49,2096.49
2021-04-22,2102.76,2102.76
2021-04-23,2108.26,2108.26
2021-04-26,2093.11,2093.11
2021-04-27,2094.89,2094.89
2021-04-28,2109.51,2109.51
2021-04-29,2136.3,2136.3
2021-04-30,2126.54,2126.54
2021-05-03,2109.18,2109.18
2021-05-04,2120.04,2120.04
2021-05-05,2141.2,2141.2
2021-05-06,2141.4,2141.4
2021-05-07,2123.56,2123.56
2021-05-10,2157.6,2157.6
2021-05-11,2136.39,2136.39
2021-05-17,2105.38,2105.38
2021-05-18,2137.42,2137.42
2021-05-19,2146.1,2146.1
2021-05-20,2164.44,2164.44
2021-05-21,2172.6,2172.6
2021-05-24,2198.33,2198.33
2021-05-25,2243.65,2243.65
2021-05-27,2259.39,2259.39
2021-05-28,2238.1,2238.1
2021-05-31,2287.72,2287.72
2021-06-02,2338.01,2338.01
2021-06-03,2390.78,2390.78
2021-06-04,2378.71,2378.71
2021-06-07,2387.8,2387.8
2021-06-08,2366.15,2366.15
2021-06-09,2401.02,2401.02
2021-06-10,2406.31,2406.31
2021-06-11,2403.18,2403.18
2021-06-14,2393.08,2393.08
2021-06-15,2393.41,2393.41
2021-06-16,2414.17,2414.17
2021-06-17,2413.85,2413.85
2021-06-18,2404.27,2404.27
2021-06-21,2409.53,2409.53
2021-06-22,2442.21,2442.21
2021-06-23,2412.73,2412.73
2021-06-24,2402.33,2402.33
2021-06-25,2399.18,2399.18
2021-06-28,2367.27,2367.27
2021-06-29,2365.16,2365.16
2021-06-30,2387.44,2387.44
2021-07-01,2381.97,2381.97
2021-07-02,2387.46,2387.46
2021-07-05,2415.01,2415.01
2021-07-06,2435.22,2435.22
2021-07-07,2424.51,2424.51
2021-07-08,2427.98,2427.98
2021-07-09,2441.32,2441.32
2021-07-12,2450.43,2450.43
2021-07-13,2399.48,2399.48
2021-07-14,2412.42,2412.42
2021-07-15,2441.74,2441.74
2021-07-16,2461.66,2461.66
2021-07-19,2469.07,2469.07
2021-07-21,2468.69,2468.69
2021-07-22,2483.97,2483.97
2021-07-23,2512.66,2512.66
2021-07-26,2511.8,2511.8
2021-07-27,2521.36,2521.36
2021-07-28,2538.89,2538.89
2021-07-29,2545.51,2545.51
2021-07-30,2553.32,2553.32
2021-08-02,2540.31,2540.31
2021-08-03,2552.1,2552.1
2021-08-04,2552.96,2552.96
2021-08-05,2536.56,2536.56
2021-08-06,2542.01,2542.01
2021-08-09,2496.57,2496.57
2021-08-10,2479.33,2479.33
2021-08-12,2511.89,2511.89
2021-08-13,2527.03,2527.03
2021-08-16,2499.81,2499.81
2021-08-18,2512.75,2512.75
2021-08-19,2471.08,2471.08
2021-08-20,2501.91,2501.91
2021-08-23,2545.48,2545.48
2021-08-24,2507.13,2507.13
2021-08-25,2506.21,2506.21
2021-08-26,2474.05,2474.05
2021-08-27,2472.54,2472.54
2021-08-30,2518.35,2518.35
2021-08-31,2527.34,2527.34
2021-09-01,2479.22,2479.22
2021-09-02,2481.74,2481.74
2021-09-03,2500.53,2500.53
2021-09-06,2503.31,2503.31
2021-09-07,2496.93,2496.93
2021-09-08,2468.83,2468.83
2021-09-09,2476.68,2476.68
2021-09-10,2482.33,2482.33
2021-09-13,2474.5,2474.5
2021-09-14,2486.06,2486.06
2021-09-15,2487.02,2487.02
2021-09-16,2487.54,2487.54
2021-09-17,2494.75,2494.75
2021-09-20,2467.49,2467.49
2021-09-21,2449.57,2449.57
2021-09-22,2465.63,2465.63
2021-09-23,2459.14,2459.14
2021-09-24,2459.95,2459.95
2021-09-27,2452.19,2452.19
2021-09-28,2442.6,2442.6
2021-09-29,2439.41,2439.41
2021-09-30,2496.91,2496.91
2021-10-01,2471.19,2471.19
2021-10-04,2524.04,2524.04
2021-10-05,2465.23,2465.23
2021-10-06,2503.8,2503.8
2021-10-07,2486.06,2486.06
2021-10-08,2494.84,2494.84
2021-10-11,2495.65,2495.65
2021-10-12,2485.04,2485.04
2021-10-13,2487.77,2487.77
2021-10-14,2521.77,2521.77
2021-10-15,2545.2,2545.2
2021-10-18,2540.34,2540.34
2021-10-19,2512.76,2512.76
2021-10-21,2510.22,2510.22
2021-10-22,2520.26,2520.26
2021-10-25,2513.12,2513.12
2021-10-26,2521.46,2521.46
2021-10-27,2505.81,2505.81
2021-10-28,2494.27,2494.27
2021-10-29,2524.79,2524.79
2021-11-01,2490.53,2490.53
2021-11-02,2467.5,2467.5
2021-11-03,2481.52,2481.52
2021-11-04,2492.42,2492.42
2021-11-05,2482.07,2482.07
2021-11-08,2490.42,2490.42
2021-11-09,2509.05,2509.05
2021-11-10,2521.77,2521.77
2021-11-11,2513.08,2513.08
2021-11-12,2528.32,2528.32
2021-11-15,2510.25,2510.25
2021-11-16,2520.36,2520.36
2021-11-17,2540.63,2540.63
2021-11-18,2532.13,2532.13
2021-11-19,2576.55,2576.55
2021-11-22,2575.74,2575.74
2021-11-23,2567.72,2567.72
2021-11-24,2578.43,2578.43
2021-11-25,2597.53,2597.53
2021-11-26,2530.81,2530.81
2021-11-29,2554.78,2554.78
2021-11-30,2528.69,2528.69
2021-12-01,2522.26,2522.26
2021-12-02,2551.85,2551.85
2021-12-03,2528.23,2528.23
2021-12-06,2518.59,2518.59
2021-12-07,2534.31,2534.31
2021-12-08,2536.4,2536.4
2021-12-09,2558.69,2558.69
2021-12-10,2549.71,2549.71
2021-12-13,2543.26,2543.26
2021-12-14,2527.57,2527.57
2021-12-15,2536.94,2536.94
2021-12-16,2539.17,2539.17
2021-12-17,2528.76,2528.76
2021-12-20,2520.36,2520.36
2021-12-21,2528.76,2528.76
2021-12-22,2529,2529
2021-12-23,2546.25,2546.25
2021-12-24,2530.94,2530.94
2021-12-27,2524.32,2524.32
2021-12-28,2535.42,2535.42
2021-12-29,2536.92,2536.92
2021-12-30,2516.34,2516.34
2022-01-03,2574.24,2574.24
2022-01-04,2574.34,2574.34
2022-01-05,2518.1,2518.1
2022-01-06,2511.33,2511.33
2022-01-07,2529.8,2529.8
2022-01-10,2523.61,2523.61
2022-01-11,2498.34,2498.34
2022-01-12,2491.56,2491.56
2022-01-13,2496.28,2496.28
2022-01-14,2509.13,2509.13
2022-01-17,2498.08,2498.08
2022-01-18,2477.89,2477.89
2022-01-19,2465.67,2465.67
2022-01-20,2476.06,2476.06
2022-01-21,2506.71,2506.71
2022-01-24,2479.82,2479.82
2022-01-25,2434.89,2434.89
2022-01-26,2461.1,2461.1
2022-01-27,2471.84,2471.84
2022-01-28,2497.69,2497.69
2022-01-31,2488.91,2488.91
2022-02-02,2514.44,2514.44
2022-02-03,2498.51,2498.51
2022-02-04,2516.52,2516.52
2022-02-07,2539.01,2539.01
2022-02-08,2533.9,2533.9
2022-02-09,2534.3,2534.3
2022-02-10,2512.34,2512.34
2022-02-11,2525.74,2525.74
2022-02-14,2505.69,2505.69
2022-02-15,2526.8,2526.8
2022-02-16,2547.75,2547.75
2022-02-17,2529.69,2529.69
2022-02-18,2546.32,2546.32
2022-02-21,2527.7,2527.7
2022-02-22,2488.2,2488.2
2022-02-23,2496.95,2496.95
2022-02-24,2476.07,2476.07
2022-02-25,2508.11,2508.11
2022-03-01,2520.07,2520.07
2022-03-02,2497.24,2497.24
2022-03-04,2580.58,2580.58
2022-03-07,2570.37,2570.37
2022-03-08,2548.4,2548.4
2022-03-09,2563.33,2563.33
2022-03-10,2562.37,2562.37
2022-03-11,2581.33,2581.33
2022-03-14,2565.9,2565.9
2022-03-15,2542.32,2542.32
2022-03-16,2571.11,2571.11
2022-03-17,2580.46,2580.46
2022-03-18,2566.59,2566.59
2022-03-21,2579.54,2579.54
2022-03-22,2601.42,2601.42
2022-03-23,2605.52,2605.52
2022-03-24,2643.31,2643.31
2022-03-25,2611.62,2611.62
2022-03-28,2631.99,2631.99
2022-03-29,2597.93,2597.93
2022-03-30,2603.72,2603.72
2022-03-31,2623.74,2623.74
2022-04-01,2633.02,2633.02
2022-04-04,2638.13,2638.13
2022-04-05,2673.33,2673.33
2022-04-06,2656.27,2656.27
2022-04-07,2676.28,2676.28
2022-04-08,2725.37,2725.37
2022-04-11,2688.87,2688.87
2022-04-12,2687.21,2687.21
2022-04-13,2712.4,2712.4
2022-04-14,2695.98,2695.98
2022-04-18,2719.04,2719.04
2022-04-19,2667.82,2667.82
2022-04-20,2671.95,2671.95
2022-04-21,2683.7,2683.7
2022-04-22,2663.45,2663.45
2022-04-25,2664.89,2664.89
2022-04-26,2667.31,2667.31
2022-04-27,2659.25,2659.25
2022-04-28,2692.15,2692.15
2022-05-09,2553.75,2553.75
2022-05-10,2488.94,2488.94
2022-05-11,2486.33,2486.33
2022-05-12,2402.34,2402.34
2022-05-13,2403.54,2403.54
2022-05-17,2434.02,2434.02
2022-05-18,2501.5,2501.5
2022-05-19,2522.96,2522.96
2022-05-20,2555.98,2555.98
2022-05-23,2537.2,2537.2
2022-05-24,2583.17,2583.17
2022-05-25,2567.97,2567.97
2022-05-27,2627.82,2627.82
2022-05-30,2639.03,2639.03
2022-05-31,2688.84,2688.84
2022-06-02,2694.95,2694.95
2022-06-03,2709.28,2709.28
2022-06-06,2650.06,2650.06
2022-06-07,2666.53,2666.53
2022-06-08,2685.75,2685.75
2022-06-09,2688.99,2688.99
2022-06-10,2667.21,2667.21
2022-06-13,2626.34,2626.34
2022-06-14,2645.29,2645.29
2022-06-15,2618.67,2618.67
2022-06-16,2623.45,2623.45
2022-06-17,2570.53,2570.53
2022-06-20,2587.2,2587.2
2022-06-21,2609.28,2609.28
2022-06-22,2576.96,2576.96
2022-06-23,2560.44,2560.44
2022-06-24,2582.62,2582.62
2022-06-27,2590.73,2590.73
2022-06-28,2583.89,2583.89
2022-06-29,2558.8,2558.8
2022-06-30,2547.29,2547.29
2022-07-01,2495.59,2495.59
2022-07-04,2441.38,2441.38
2022-07-05,2461.64,2461.64
2022-07-06,2436.16,2436.16
2022-07-07,2451.49,2451.49
2022-07-08,2503.63,2503.63
2022-07-11,2485.29,2485.29
2022-07-12,2480.28,2480.28
2022-07-13,2456.65,2456.65
2022-07-14,2453.24,2453.24
2022-07-15,2429.27,2429.27
2022-07-18,2433.53,2433.53
2022-07-19,2465.16,2465.16
2022-07-20,2520.82,2520.82
2022-07-21,2521.76,2521.76
2022-07-22,2536.53,2536.53
2022-07-25,2519.52,2519.52
2022-07-26,2528.31,2528.31
2022-07-27,2535.21,2535.21
2022-07-28,2563.2,2563.2
2022-07-29,2558.42,2558.42
2022-08-01,2569.76,2569.76
2022-08-02,2557.28,2557.28
2022-08-03,2598.9,2598.9
2022-08-04,2576.3,2576.3
2022-08-05,2565.58,2565.58
2022-08-08,2555.15,2555.15
2022-08-09,2553.88,2553.88
2022-08-10,2539.43,2539.43
2022-08-11,2568.48,2568.48
2022-08-12,2548.55,2548.55
2022-08-15,2513.13,2513.13
2022-08-16,2514.91,2514.91
2022-08-18,2528.3,2528.3
2022-08-19,2525.04,2525.04
2022-08-22,2522.48,2522.48
2022-08-23,2546.79,2546.79
2022-08-24,2558.89,2558.89
2022-08-25,2561.72,2561.72
2022-08-26,2538.44,2538.44
2022-08-29,2529.93,2529.93
2022-08-30,2535.82,2535.82
2022-08-31,2529.97,2529.97
2022-09-01,2519.4,2519.4
2022-09-02,2518.28,2518.28
2022-09-05,2532.68,2532.68
2022-09-06,2542.82,2542.82
2022-09-07,2527.69,2527.69
2022-09-08,2542.64,2542.64
2022-09-09,2534.94,2534.94
2022-09-12,2547.83,2547.83
2022-09-13,2588.06,2588.06
2022-09-14,2600.91,2600.91
2022-09-15,2623.53,2623.53
2022-09-16,2574.26,2574.26
2022-09-19,2563.22,2563.22
2022-09-20,2564.88,2564.88
2022-09-21,2585.5,2585.5
2022-09-22,2591.01,2591.01
2022-09-23,2596.54,2596.54
2022-09-26,2565.43,2565.43
2022-09-27,2567.76,2567.76
2022-09-28,2558.91,2558.91
2022-09-29,2519.21,2519.21
2022-09-30,2506.38,2506.38
2022-10-03,2491.63,2491.63
2022-10-04,2522.21,2522.21
2022-10-05,2530.15,2530.15
2022-10-06,2567.39,2567.39
2022-10-07,2556.4,2556.4
2022-10-10,2543.48,2543.48
2022-10-11,2519.65,2519.65
2022-10-12,2495.38,2495.38
2022-10-13,2495.23,2495.23
2022-10-14,2480.43,2480.43
2022-10-17,2465.95,2465.95
2022-10-18,2462.45,2462.45
2022-10-19,2520.59,2520.59
2022-10-20,2553.71,2553.71
2022-10-21,2575.11,2575.11
2022-10-24,2563.21,2563.21
2022-10-25,2557.6,2557.6
2022-10-26,2523.56,2523.56
2022-10-27,2555.88,2555.88
2022-10-28,2505.72,2505.72
2022-10-31,2514.53,2514.53
2022-11-01,2457.74,2457.74
2022-11-02,2453.59,2453.59
2022-11-03,2471.6,2471.6
2022-11-04,2453.11,2453.11
2022-11-07,2456.17,2456.17
2022-11-08,2451.38,2451.38
2022-11-09,2445.58,2445.58
2022-11-10,2403.15,2403.15
2022-11-11,2466.53,2466.53
2022-11-14,2421.95,2421.95
2022-11-15,2414.42,2414.42
2022-11-16,2394.9,2394.9
2022-11-17,2412.82,2412.82
2022-11-18,2427.41,2427.41
2022-11-21,2394.7,2394.7
2022-11-22,2384.56,2384.56
2022-11-23,2400.49,2400.49
2022-11-24,2414.29,2414.29
2022-11-25,2387.84,2387.84
2022-11-28,2349.9,2349.9
2022-11-29,2336.16,2336.16
2022-11-30,2362.71,2362.71
2022-12-01,2345.82,2345.82
2022-12-02,2332.13,2332.13
2022-12-05,2308.54,2308.54
2022-12-06,2265.19,2265.19
2022-12-07,2229.47,2229.47
2022-12-08,2239.96,2239.96
2022-12-09,2205.11,2205.11
2022-12-12,2209.9,2209.9
2022-12-13,2233.25,2233.25
2022-12-14,2223.46,2223.46
2022-12-15,2209.19,2209.19
2022-12-16,2226.38,2226.38
2022-12-19,2212.34,2212.34
2022-12-20,2175.49,2175.49
2022-12-21,2167.9,2167.9
2022-12-22,2187.53,2187.53
2022-12-23,2172.44,2172.44
2022-12-26,2159.11,2159.11
2022-12-27,2160.7,2160.7
2022-12-28,2148.81,2148.81
2022-12-29,2155.07,2155.07
2022-12-30,2161.95,2161.95
2023-01-02,2143.17,2143.17
2023-01-03,2150.41,2150.41
2023-01-04,2134.08,2134.08
2023-01-05,2065,2065
2023-01-06,2060.38,2060.38
2023-01-09,2070.5,2070.5
2023-01-10,2047.68,2047.68
2023-01-11,2038.67,2038.67
2023-01-12,2068.56,2068.56
2023-01-13,2076,2076
2023-01-16,2091.89,2091.89
2023-01-17,2118.87,2118.87
2023-01-18,2122.19,2122.19
2023-01-19,2144.48,2144.48
2023-01-20,2145.48,2145.48
2023-01-24,2142.91,2142.91
2023-01-25,2160.82,2160.82
2023-01-26,2190.19,2190.19
2023-01-27,2197.48,2197.48
2023-01-30,2181.14,2181.14
2023-01-31,2184.1,2184.1
2023-02-01,2193.59,2193.59
2023-02-02,2212.29,2212.29
2023-02-03,2197.94,2197.94
2023-02-06,2182.54,2182.54
2023-02-07,2187.63,2187.63
2023-02-08,2193.06,2193.06
2023-02-09,2179.25,2179.25
2023-02-10,2171.46,2171.46
2023-02-13,2183.19,2183.19
2023-02-14,2195.2,2195.2
2023-02-15,2176.63,2176.63
2023-02-16,2172.69,2172.69
2023-02-17,2171.73,2171.73
2023-02-20,2194.86,2194.86
2023-02-21,2177.72,2177.72
2023-02-22,2147.21,2147.21
2023-02-23,2146.46,2146.46
2023-02-24,2154.99,2154.99
2023-02-27,2147.91,2147.91
2023-02-28,2165.42,2165.42
2023-03-01,2173.6,2173.6
2023-03-02,2171.98,2171.98
2023-03-03,2161.12,2161.12
2023-03-06,2161.78,2161.78
2023-03-07,2129.59,2129.59
2023-03-08,2132.92,2132.92
2023-03-09,2141.14,2141.14
2023-03-10,2118.57,2118.57
2023-03-13,2101.52,2101.52
2023-03-14,2042.02,2042.02
2023-03-15,2031.02,2031.02
2023-03-16,2003.92,2003.92
2023-03-17,2065.08,2065.08
2023-03-20,2032.38,2032.38
2023-03-21,2061.12,2061.12
2023-03-24,2094.5,2094.5
2023-03-27,2100.77,2100.77
2023-03-28,2132.12,2132.12
2023-03-29,2161.35,2161.35
2023-03-30,2145.87,2145.87
2023-03-31,2152.49,2152.49
2023-04-03,2143.32,2143.32
2023-04-04,2142.6,2142.6
2023-04-05,2124.46,2124.46
2023-04-06,2110.58,2110.58
2023-04-10,2081.43,2081.43
2023-04-11,2109.92,2109.92
2023-04-12,2118.22,2118.22
2023-04-13,2109.24,2109.24
2023-04-14,2125.21,2125.21
2023-04-17,2104.98,2104.98
2023-04-18,2128.49,2128.49
2023-04-26,2141.93,2141.93
2023-04-27,2140.42,2140.42
2023-04-28,2148.45,2148.45
2023-05-02,2119.24,2119.24
2023-05-03,2116.12,2116.12
2023-05-04,2135.1,2135.1
2023-05-05,2135.42,2135.42
2023-05-08,2140.34,2140.34
2023-05-09,2145.06,2145.06
2023-05-10,2164.31,2164.31
2023-05-11,2140.76,2140.76
2023-05-12,2129.42,2129.42
2023-05-15,2117.8,2117.8
2023-05-16,2090.01,2090.01
2023-05-17,2082.84,2082.84
2023-05-19,2081.28,2081.28
2023-05-22,2089.88,2089.88
2023-05-23,2082.01,2082.01
2023-05-24,2082.83,2082.83
2023-05-25,2065.6,2065.6
2023-05-26,2071.23,2071.23
2023-05-29,2063.63,2063.63
2023-05-30,2056.42,2056.42
2023-05-31,2070.58,2070.58
2023-06-05,2079.55,2079.55
2023-06-06,2088.73,2088.73
2023-06-07,2092.26,2092.26
2023-06-08,2109.06,2109.06
2023-06-09,2118.31,2118.31
2023-06-12,2133.16,2133.16
2023-06-13,2117.52,2117.52
2023-06-14,2129.02,2129.02
2023-06-15,2130.24,2130.24
2023-06-16,2122.38,2122.38
2023-06-19,2122.45,2122.45
2023-06-20,2095.63,2095.63
2023-06-21,2112.95,2112.95
2023-06-22,2108.21,2108.21
2023-06-23,2090.85,2090.85
2023-06-26,2086.88,2086.88
2023-06-27,2085.11,2085.11
2023-07-03,2101.56,2101.56
2023-07-04,2108.05,2108.05
2023-07-05,2143.56,2143.56
2023-07-06,2160.22,2160.22
2023-07-07,2132.92,2132.92
2023-07-10,2129.93,2129.93
2023-07-11,2139.38,2139.38
2023-07-12,2125.46,2125.46
2023-07-13,2115.58,2115.58
2023-07-14,2136.01,2136.01
2023-07-17,2136.63,2136.63
2023-07-18,2117.49,2117.49
2023-07-20,2129.75,2129.75
2023-07-21,2129.67,2129.67
2023-07-24,2134.29,2134.29
2023-07-25,2127.18,2127.18
2023-07-26,2133.32,2133.32
2023-07-27,2123.75,2123.75
2023-07-28,2126.06,2126.06
2023-07-31,2119.98,2119.98
2023-08-01,2106.02,2106.02
2023-08-02,2086.4,2086.4
2023-08-03,2104.24,2104.24
2023-08-04,2093.66,2093.66
2023-08-07,2113.32,2113.32
2023-08-08,2105.1,2105.1
2023-08-09,2090.45,2090.45
2023-08-10,2080.22,2080.22
2023-08-11,2079.47,2079.47
2023-08-14,2083.13,2083.13
2023-08-15,2093,2093
2023-08-16,2078.33,2078.33
2023-08-18,2075.69,2075.69
2023-08-21,2064.55,2064.55
2023-08-22,2083.33,2083.33
2023-08-23,2080.04,2080.04
2023-08-24,2058.87,2058.87
2023-08-25,2054.83,2054.83
2023-08-28,2060.59,2060.59
2023-08-29,2062.97,2062.97
2023-08-30,2065.46,2065.46
2023-08-31,2064.15,2064.15
2023-09-01,2066.22,2066.22
2023-09-04,2078.42,2078.42
2023-09-05,2079.45,2079.45
2023-09-06,2093.94,2093.94
2023-09-07,2080.95,2080.95
2023-09-08,2072.89,2072.89
2023-09-11,2069.27,2069.27
2023-09-12,2071.02,2071.02
2023-09-13,2056.47,2056.47
2023-09-14,2059.18,2059.18
2023-09-15,2061.99,2061.99
2023-09-18,2048.5,2048.5
2023-09-19,2068.89,2068.89
2023-09-20,2081.5,2081.5
2023-09-21,2061.96,2061.96
2023-09-22,2065.46,2065.46
2023-09-25,2058.93,2058.93
2023-09-26,2029.68,2029.68
2023-09-27,2037.77,2037.77
2023-09-29,2030.83,2030.83
2023-10-02,2026.1,2026.1
2023-10-03,2015.86,2015.86
2023-10-04,1985.92,1985.92
2023-10-05,1986.63,1986.63
2023-10-06,1992.44,1992.44
2023-10-09,1997.51,1997.51
2023-10-10,2006.48,2006.48
2023-10-11,1995.39,1995.39
2023-10-12,1983.51,1983.51
2023-10-13,1974.02,1974.02
2023-10-16,1968.41,1968.41
2023-10-17,1966.02,1966.02
2023-10-18,1965.49,1965.49
2023-10-19,1931.56,1931.56
2023-10-20,1924.76,1924.76
2023-10-23,1894.33,1894.33
2023-10-24,1910.73,1910.73
2023-10-25,1905.72,1905.72
2023-10-26,1871.04,1871.04
2023-10-27,1868.02,1868.02
2023-10-30,1854.57,1854.57
2023-10-31,1861.62,1861.62
2023-11-01,1826.67,1826.67
2023-11-02,1845.22,1845.22
2023-11-03,1863.49,1863.49
2023-11-06,1886.43,1886.43
2023-11-07,1870.69,1870.69
2023-11-08,1850.49,1850.49
2023-11-09,1849.96,1849.96
2023-11-10,1839.67,1839.67
2023-11-13,1841.69,1841.69
2023-11-14,1854.1,1854.1
2023-11-15,1885.85,1885.85
2023-11-16,1877.91,1877.91
2023-11-17,1871.52,1871.52
2023-11-20,1865.52,1865.52
2023-11-21,1870.11,1870.11
2023-11-22,1843.95,1843.95
2023-11-23,1877.89,1877.89
2023-11-24,1891.57,1891.57
2023-11-27,1908.62,1908.62
2023-11-28,1898.6,1898.6
2023-11-29,1899.55,1899.55
2023-11-30,1907.79,1907.79
2023-12-01,1928.12,1928.12
2023-12-04,1915.93,1915.93
2023-12-05,1911.6,1911.6
2023-12-06,1892.35,1892.35
2023-12-07,1876.84,1876.84
2023-12-08,1887.06,1887.06
2023-12-11,1845.19,1845.19
2023-12-12,1860.53,1860.53
2023-12-13,1829.03,1829.03
2023-12-14,1868.66,1868.66
2023-12-15,1869.63,1869.63
2023-12-18,1844.29,1844.29
2023-12-19,1860.39,1860.39
2023-12-20,1878.11,1878.11
2023-12-21,1869.5,1869.5
2023-12-22,1874.02,1874.02
2023-12-27,1872.42,1872.42
2023-12-28,1882.28,1882.28
2023-12-29,1902.33,1902.33
2024-01-02,1917.51,1917.51
2024-01-03,1923.09,1923.09
2024-01-04,1940.85,1940.85
2024-01-05,1949.91,1949.91
2024-01-08,1928.4,1928.4
2024-01-09,1910.96,1910.96
2024-01-10,1912.7,1912.7
2024-01-11,1917.43,1917.43
2024-01-12,1922.66,1922.66
2024-01-15,1929.61,1929.61
2024-01-16,1933.5,1933.5
2024-01-17,1923.84,1923.84
2024-01-18,1933.03,1933.03
2024-01-19,1934.08,1934.08
2024-01-22,1926.95,1926.95
2024-01-23,1910.21,1910.21
2024-01-24,1896.75,1896.75
2024-01-25,1895,1895
2024-01-26,1876.71,1876.71
2024-01-29,1884.47,1884.47
2024-01-30,1895,1895
2024-01-31,1894.17,1894.17
2024-02-01,1889.28,1889.28
2024-02-02,1893.94,1893.94
2024-02-05,1879.82,1879.82
2024-02-06,1890.05,1890.05
2024-02-07,1879.01,1879.01
2024-02-12,1895.34,1895.34
2024-02-13,1878.24,1878.24
2024-02-15,1888.89,1888.89
2024-02-16,1885.85,1885.85
2024-02-19,1860.56,1860.56
2024-02-20,1880.49,1880.49
2024-02-21,1878.47,1878.47
2024-02-22,1881.5,1881.5
2024-02-23,1871.92,1871.92
2024-02-26,1859.5,1859.5
2024-02-27,1857.44,1857.44
2024-02-28,1854.53,1854.53
2024-02-29,1845.51,1845.51
2024-03-01,1834.08,1834.08
2024-03-04,1823.19,1823.19
2024-03-05,1809.99,1809.99
2024-03-06,1829.83,1829.83
2024-03-07,1833.2,1833.2
2024-03-08,1828.82,1828.82
2024-03-13,1826.03,1826.03
2024-03-14,1834.21,1834.21
2024-03-15,1817.04,1817.04
2024-03-18,1812.11,1812.11
2024-03-19,1809.65,1809.65
2024-03-20,1807.62,1807.62
2024-03-21,1812.66,1812.66
2024-03-22,1815.14,1815.14
2024-03-25,1841.72,1841.72
2024-03-26,1832.04,1832.04
2024-03-27,1822.84,1822.84
2024-03-28,1815.06,1815.06
2024-04-01,1785.71,1785.71
2024-04-02,1797.95,1797.95
2024-04-03,1787.35,1787.35
2024-04-04,1811.81,1811.81
2024-04-05,1805.95,1805.95
2024-04-16,1768.75,1768.75
2024-04-17,1741.06,1741.06
2024-04-18,1740.07,1740.07
2024-04-19,1708.48,1708.48
2024-04-22,1712.48,1712.48
2024-04-23,1724.17,1724.17
2024-04-24,1723.1,1723.1
2024-04-25,1714.47,1714.47
2024-04-26,1693.64,1693.64
2024-04-29,1729.63,1729.63
2024-04-30,1764.16,1764.16
2024-05-02,1729.33,1729.33
2024-05-03,1738.48,1738.48
2024-05-06,1741.74,1741.74
2024-05-07,1746.89,1746.89
2024-05-08,1756.53,1756.53
2024-05-13,1764.73,1764.73
2024-05-14,1765.25,1765.25
2024-05-15,1773.13,1773.13
2024-05-16,1791.48,1791.48
2024-05-17,1808.87,1808.87
2024-05-20,1796.31,1796.31
2024-05-21,1752.69,1752.69
2024-05-22,1762.66,1762.66
2024-05-27,1753.25,1753.25
2024-05-28,1777.56,1777.56
2024-05-29,1772.67,1772.67
2024-05-30,1751.72,1751.72
2024-05-31,1749.58,1749.58
2024-06-03,1772.46,1772.46
2024-06-04,1779.02,1779.02
2024-06-05,1749.65,1749.65
2024-06-06,1763.53,1763.53
2024-06-07,1758.44,1758.44
2024-06-10,1748.3,1748.3
2024-06-11,1728.56,1728.56
2024-06-12,1715.03,1715.03
2024-06-13,1711.97,1711.97
2024-06-14,1682.37,1682.37
2024-06-19,1670.02,1670.02
2024-06-20,1694.08,1694.08
2024-06-21,1723.84,1723.84
2024-06-24,1719.93,1719.93
2024-06-25,1708.93,1708.93
2024-06-26,1713.02,1713.02
2024-06-27,1727.3,1727.3
2024-06-28,1751.28,1751.28
2024-07-01,1774.64,1774.64
2024-07-02,1761.15,1761.15
2024-07-03,1764.7,1764.7
2024-07-04,1771.9,1771.9
2024-07-05,1792.75,1792.75
2024-07-08,1795.23,1795.23
2024-07-09,1813.87,1813.87
2024-07-10,1815.48,1815.48
2024-07-11,1816.8,1816.8
2024-07-12,1824.78,1824.78
2024-07-15,1811.49,1811.49
2024-07-16,1809.27,1809.27
2024-07-17,1816.75,1816.75
2024-07-18,1826.82,1826.82
2024-07-19,1812.41,1812.41
2024-07-22,1822.22,1822.22
2024-07-23,1820.9,1820.9
2024-07-24,1801.25,1801.25
2024-07-25,1790.34,1790.34
2024-07-26,1800.93,1800.93
2024-07-29,1799.93,1799.93
2024-07-30,1790.89,1790.89
2024-07-31,1798.66,1798.66
2024-08-01,1812.72,1812.72
2024-08-02,1801.44,1801.44
2024-08-05,1737.54,1737.54
2024-08-06,1758.05,1758.05
2024-08-07,1772.86,1772.86
2024-08-08,1774.15,1774.15
2024-08-09,1786.89,1786.89
2024-08-12,1800.52,1800.52
2024-08-13,1808.91,1808.91
2024-08-14,1824.67,1824.67
2024-08-15,1817.22,1817.22
2024-08-16,1825.22,1825.22
2024-08-19,1822.55,1822.55
2024-08-20,1844.9,1844.9
2024-08-21,1843.25,1843.25
2024-08-22,1827.25,1827.25
2024-08-23,1847.52,1847.52
2024-08-26,1860.1,1860.1
2024-08-27,1854.75,1854.75
2024-08-28,1862.95,1862.95
2024-08-29,1865.85,1865.85
2024-08-30,1865.72,1865.72
2024-09-02,1881.95,1881.95
2024-09-03,1860.24,1860.24
2024-09-04,1856.26,1856.26
2024-09-05,1865.36,1865.36
2024-09-06,1869.86,1869.86
2024-09-09,1860.3,1860.3
2024-09-10,1866.41,1866.41
2024-09-11,1869.58,1869.58
2024-09-12,1893.02,1893.02
2024-09-13,1888.56,1888.56
2024-09-17,1901.85,1901.85
2024-09-18,1898.78,1898.78
2024-09-19,1915.27,1915.27
2024-09-20,1903.25,1903.25
2024-09-23,1926.63,1926.63
2024-09-24,1932.23,1932.23
2024-09-25,1927.63,1927.63
2024-09-26,1933.39,1933.39
2024-09-27,1926.96,1926.96
2024-09-30,1896.54,1896.54
2024-10-01,1910.32,1910.32
2024-10-02,1888.12,1888.12
2024-10-03,1907.84,1907.84
2024-10-04,1888.84,1888.84
2024-10-07,1900.04,1900.04
2024-10-08,1909.56,1909.56
2024-10-09,1896.99,1896.99
2024-10-10,1898.36,1898.36
2024-10-11,1907.01,1907.01
2024-10-14,1912.83,1912.83
2024-10-15,1926.92,1926.92
2024-10-16,1924.32,1924.32
2024-10-17,1936.38,1936.38
2024-10-21,1961.96,1961.96
2024-10-22,1955.7,1955.7
2024-10-23,1959.89,1959.89
2024-10-24,1945.71,1945.71
2024-10-25,1941.58,1941.58
2024-10-28,1924.74,1924.74
2024-10-29,1919.89,1919.89
2024-10-30,1917.35,1917.35
2024-10-31,1920.79,1920.79
2024-11-01,1904.85,1904.85
2024-11-04,1894.43,1894.43
2024-11-05,1898.96,1898.96
2024-11-06,1867.83,1867.83
2024-11-07,1853.52,1853.52
2024-11-08,1856.5,1856.5
2024-11-11,1857.91,1857.91
2024-11-12,1868.39,1868.39
2024-11-13,1857.97,1857.97
2024-11-14,1841.59,1841.59
2024-11-15,1830.56,1830.56
2024-11-18,1818.7,1818.7
2024-11-19,1840.84,1840.84
2024-11-20,1833.59,1833.59
2024-11-21,1826.49,1826.49
2024-11-22,1829.9,1829.9
2024-11-25,1848.1,1848.1
2024-11-26,1832.62,1832.62
2024-11-28,1822.92,1822.92
2024-11-29,1816.96,1816.96
2024-12-02,1801.66,1801.66
2024-12-03,1840.97,1840.97
2024-12-04,1859.46,1859.46
2024-12-05,1853.33,1853.33
2024-12-06,1856.01,1856.01
2024-12-09,1875.57,1875.57
2024-12-10,1881.74,1881.74
2024-12-11,1879.53,1879.53
2024-12-12,1853.09,1853.09
2024-12-13,1838.72,1838.72
2024-12-16,1824.5,1824.5
2024-12-17,1790.72,1790.72
2024-12-18,1771.04,1771.04
2024-12-19,1747.44,1747.44
2024-12-20,1744.06,1744.06
2024-12-23,1767.98,1767.98
2024-12-24,1766.4,1766.4
2024-12-27,1776.24,1776.24
2024-12-30,1783.82,1783.82
2025-01-02,1789.07,1789.07
2025-01-03,1786.62,1786.62
2025-01-06,1763.62,1763.62
2025-01-07,1758.09,1758.09
2025-01-08,1752.53,1752.53
2025-01-09,1752.01,1752.01
2025-01-10,1749.55,1749.55
2025-01-13,1738.03,1738.03
2025-01-14,1726.01,1726.01
2025-01-15,1762.11,1762.11
2025-01-16,1756.69,1756.69
2025-01-17,1759.04,1759.04
2025-01-20,1772.11,1772.11
2025-01-21,1768.26,1768.26
2025-01-22,1786.69,1786.69
2025-01-23,1780.54,1780.54
2025-01-24,1762.35,1762.35
2025-01-30,1743.46,1743.46
2025-01-31,1754.02,1754.02
2025-02-03,1733.15,1733.15
2025-02-04,1735.53,1735.53
2025-02-05,1720.14,1720.14
2025-02-06,1676.41,1676.41
2025-02-07,1682.28,1682.28
2025-02-10,1654.44,1654.44
2025-02-11,1628.48,1628.48
2025-02-12,1657.26,1657.26
2025-02-13,1645.7,1645.7
2025-02-14,1657.33,1657.33
2025-02-17,1691.85,1691.85
2025-02-18,1700.75,1700.75
2025-02-19,1672.1,1672.1
2025-02-20,1661.99,1661.99
2025-02-21,1653.79,1653.79
2025-02-24,1639.01,1639.01
2025-02-25,1601.33,1601.33
2025-02-26,1599.48,1599.48
2025-02-27,1572.89,1572.89
2025-02-28,1513,1513
2025-03-03,1570.71,1570.71
2025-03-04,1547.6,1547.6
2025-03-05,1576.25,1576.25
2025-03-06,1586.63,1586.63
2025-03-07,1586.29,1586.29
2025-03-10,1577.99,1577.99
2025-03-11,1555.85,1555.85
2025-03-12,1578.87,1578.87
2025-03-13,1563.59,1563.59
2025-03-14,1540.34,1540.34
2025-03-17,1535.33,1535.33
2025-03-18,1486.65,1486.65
2025-03-19,1496.26,1496.26
2025-03-20,1501.19,1501.19
2025-03-21,1474.92,1474.92
2025-03-24,1455.41,1455.41
2025-03-25,1492.97,1492.97
2025-03-26,1563.04,1563.04
2025-03-27,1566.69,1566.69
2025-04-08,1439.18,1439.18
2025-04-09,1438.02,1438.02
2025-04-10,1496.09,1496.09
2025-04-11,1508.35,1508.35
2025-04-14,1550.38,1550.38
2025-04-15,1557.23,1557.23
2025-04-16,1545.46,1545.46
2025-04-17,1570.25,1570.25
2025-04-21,1564.75,1564.75
2025-04-22,1592.89,1592.89
2025-04-23,1614.93,1614.93
2025-04-24,1607.67,1607.67
2025-04-25,1622.79,1622.79
2025-04-28,1633.05,1633.05
2025-04-29,1631.42,1631.42
2025-04-30,1638.28,1638.28
2025-05-02,1636.86,1636.86
2025-05-05,1642.03,1642.03
2025-05-06,1654.05,1654.05
2025-05-07,1656.29,1656.29
2025-05-08,1634.62,1634.62
2025-05-09,1614.97,1614.97
2025-05-14,1647.27,1647.27
2025-05-15,1659.83,1659.83
2025-05-16,1673.43,1673.43
2025-05-19,1685.63,1685.63
2025-05-20,1666.78,1666.78
2025-05-21,1689.06,1689.06
2025-05-22,1690.24,1690.24
2025-05-23,1696.72,1696.72
2025-05-26,1685.23,1685.23
2025-05-27,1689.89,1689.89
2025-05-28,1684.08,1684.08
2025-06-02,1654.02,1654.02
2025-06-03,1641.94,1641.94
2025-06-04,1653.23,1653.23
2025-06-05,1651.08,1651.08
2025-06-10,1666.57,1666.57
2025-06-11,1674.43,1674.43
2025-06-12,1670,1670
2025-06-13,1663.11,1663.11
2025-06-16,1662.38,1662.38
2025-06-17,1666.13,1666.13
2025-06-18,1655,1655
2025-06-19,1619.9,1619.9
2025-06-20,1604.02,1604.02
2025-06-23,1579.78,1579.78
2025-06-24,1598.48,1598.48
2025-06-25,1584.39,1584.39
2025-06-26,1602.06,1602.06
2025-06-30,1612.44,1612.44
2025-07-01,1603.21,1603.21
2025-07-02,1597.21,1597.21
2025-07-03,1599.25,1599.25
2025-07-04,1593.98,1593.98
2025-07-07,1598,1598
2025-07-08,1588.98,1588.98
2025-07-09,1603.87,1603.87
2025-07-10,1625.48,1625.48
2025-07-11,1636.74,1636.74
2025-07-14,1615.04,1615.04
2025-07-15,1622.54,1622.54
2025-07-16,1631.77,1631.77
2025-07-17,1640.36,1640.36
2025-07-18,1637.36,1637.36
2025-07-21,1654.5,1654.5
2025-07-22,1645.86,1645.86
2025-07-23,1668.3,1668.3
2025-07-24,1684.82,1684.82
2025-07-25,1677.1,1677.1
2025-07-28,1683.9,1683.9
2025-07-29,1693.27,1693.27
2025-07-30,1689.13,1689.13
2025-07-31,1676.77,1676.77
2025-08-01,1688.59,1688.59
2025-08-04,1681.76,1681.76
2025-08-05,1694.41,1694.41
2025-08-06,1697.32,1697.32
2025-08-07,1700.08,1700.08
2025-08-08,1704.61,1704.61
2025-08-11,1717.71,1717.71
2025-08-12,1776.57,1776.57
2025-08-13,1787.24,1787.24
2025-08-14,1785.4,1785.4
2025-08-15,1769.59,1769.59
2025-08-19,1780.18,1780.18
2025-08-20,1795.84,1795.84
2025-08-21,1796.06,1796.06
2025-08-22,1789.33,1789.33
2025-08-25,1806.68,1806.68
2025-08-26,1792.58,1792.58
2025-08-27,1793.71,1793.71
2025-08-28,1810.59,1810.59
2025-08-29,1797.79,1797.79
2025-09-01,1793.06,1793.06
2025-09-02,1805.77,1805.77
2025-09-03,1836.43,1836.43
2025-09-04,1833.46,1833.46
2025-09-08,1806.07,1806.07
2025-09-09,1791.8,1791.8
2025-09-10,1803.63,1803.63
2025-09-11,1822.05,1822.05
2025-09-12,1834.99,1834.99
2025-09-15,1846.43,1846.43
2025-09-16,1845.73,1845.73
2025-09-17,1874.69,1874.69
2025-09-18,1859.37,1859.37
2025-09-19,1891.59,1891.59
2025-09-22,1896.41,1896.41
2025-09-23,1910.84,1910.84
2025-09-24,1936.9,1936.9
2025-09-25,1920.04,1920.04
2025-09-26,1935.92,1935.92
2025-09-29,1948.25,1948.25
2025-09-30,1923.76,1923.76
2025-10-01,1922.53,1922.53
2025-10-02,1921.44,1921.44
2025-10-03,1943.19,1943.19
2025-10-06,1923.66,1923.66
2025-10-07,1928.25,1928.25
2025-10-08,1963.22,1963.22
2025-10-09,1974.29,1974.29
2025-10-10,1972.69,1972.69
2025-10-13,1952.45,1952.45
2025-10-14,1927.84,1927.84
2025-10-15,1933.88,1933.88
2025-10-16,1952.19,1952.19
2025-10-17,1913.87,1913.87
2025-10-20,1962.25,1962.25
2025-10-21,1997.88,1997.88
2025-10-22,1990.45,1990.45
2025-10-23,2026.65,2026.65
2025-10-24,2024.19,2024.19
2025-10-27,1989.41,1989.41
2025-10-28,1989.17,1989.17
2025-10-29,2013.1,2013.1
2025-10-30,2017.27,2017.27
2025-10-31,2005.84,2005.84
2025-11-03,2015.76,2015.76
2025-11-04,2040.89,2040.89
2025-11-05,2042.27,2042.27
2025-11-06,2048.05,2048.05
2025-11-07,2042.3,2042.3
2025-11-10,2059.75,2059.75
2025-11-11,2063.86,2063.86
2025-11-12,2067.39,2067.39
2025-11-13,2051.15,2051.15
2025-11-14,2032.74,2032.74
2025-11-17,2040.31,2040.31
2025-11-18,2024.28,2024.28
2025-11-19,2035.26,2035.26
2025-11-20,2038.09,2038.09
2025-11-21,2038.11,2038.11
2025-11-24,2078.14,2078.14
2025-11-25,2089.79,2089.79
2025-11-26,2103.5,2103.5
2025-11-27,2094.89,2094.89
2025-11-28,2088.88,2088.88
2025-12-01,2086.77,2086.77
2025-12-02,2100.34,2100.34
2025-12-03,2098.79,2098.79
2025-12-04,2118.22,2118.22
2025-12-05,2142.03,2142.03
2025-12-08,2156.01,2156.01
2025-12-09,2127.29,2127.29
2025-12-10,2125.52,2125.52
2025-12-11,2110.41,2110.41
2025-12-12,2122.55,2122.55
2025-12-15,2125.91,2125.91
2025-12-16,2124.75,2124.75
2025-12-17,2128.98,2128.98
2025-12-18,2132.05,2132.05
2025-12-19,2119.88,2119.88
2025-12-22,2128.88,2128.88
2025-12-23,2136.97,2136.97
2025-12-24,2126.7,2126.7
2025-12-29,2154.49,2154.49
2025-12-30,2147.65,2147.65
2026-01-02,2176.92,2176.92
2026-01-05,2214.28,2214.28
2026-01-06,2224.82,2224.82
2026-01-07,2229.69,2229.69
2026-01-08,2200.5,2200.5
2026-01-09,2195.84,2195.84
2026-01-12,2195.17,2195.17
2026-01-13,2202.72,2202.72
2026-01-14,2214.8,2214.8
2026-01-15,2212.21,2212.21
2026-01-19,2225.19,2225.19
2026-01-20,2234.3,2234.3
2026-01-21,2196.41,2196.41
2026-01-22,2205.37,2205.37
2026-01-23,2202.19,2202.19
2026-01-26,2204.5,2204.5
2026-01-27,2186.14,2186.14
2026-01-28,2078.9,2078.9
2026-01-29,2055.29,2055.29
2026-01-30,2060.66,2060.66
2026-02-02,1999.99,1999.99
2026-02-03,2045.25,2045.25
2026-02-04,2053.58,2053.58
2026-02-05,2047.91,2047.91
2026-02-06,2022.57,2022.57
2026-02-09,2025.71,2025.71
2026-02-10,2049.05,2049.05
2026-02-11,2075.98,2075.98
2026-02-12,2076.64,2076.64
2026-02-13,2057.07,2057.07
2026-02-18,2075.9,2075.9
2026-02-19,2073.89,2073.89
2026-02-20,2072.91,2072.91
2026-02-23,2103.8,2103.8
2026-02-24,2079.9,2079.9
2026-02-25,2103.53,2103.53
2026-02-26,2083.58,2083.58
2026-02-27,2080.97,2080.97
2026-03-02,2030.92,2030.92
2026-03-03,2023.27,2023.27
2026-03-04,1946.06,1946.06
2026-03-05,1978.91,1978.91
2026-03-06,1949.58,1949.58
2026-03-09,1893.48,1893.48
2026-03-10,1914.12,1914.12
2026-03-11,1902.92,1902.92
2026-03-12,1906.38,1906.38
2026-03-13,1871.49,1871.49
2026-03-16,1853.09,1853.09
2026-03-17,1874.95,1874.95
2026-03-25,1937.63,1937.63
2026-03-26,1902.59,1902.59
2026-03-27,1878.05,1878.05
2026-03-30,1888.84,1888.84
2026-03-31,1886.44,1886.44
2026-04-01,1906.66,1906.66
2026-04-02,1880.72,1880.72
2026-04-06,1879.14,1879.14
2026-04-07,1855.72,1855.72
2026-04-08,1916.72,1916.72
2026-04-09,1903.79,1903.79
2026-04-10,1923.96,1923.96
2026-04-13,1918.48,1918.48
2026-04-14,1942.44,1942.44
2026-04-15,1941.83,1941.83
2026-04-16,1941.35,1941.35
2026-04-17,1943.68,1943.68
2026-04-20,1934.71,1934.71
2026-04-21,1944.21,1944.21
2026-04-22,1966.83,1966.83
2026-04-23,1940.48,1940.48
2026-04-24,1904.58,1904.58
2026-04-27,1903.98,1903.98
2026-04-28,1895.16,1895.16
2026-04-29,1905.07,1905.07
2026-04-30,1877.73,1877.73
2026-05-04,1889.71,1889.71
2026-05-05,1886.64,1886.64
2026-05-06,1894.87,1894.87
2026-05-07,1920.84,1920.84
2026-05-08,1888.35,1888.35
2026-05-11,1892.33,1892.33
2026-05-12,1885.32,1885.32
2026-05-13,1867.7,1867.7
2026-05-18,1847.87,1847.87
2026-05-19,1814.16,1814.16
2026-05-20,1807.43,1807.43
2026-05-21,1767,1767
2026-05-22,1777.75,1777.75
2026-05-25,1800.31,1800.31
2026-05-26,1772.32,1772.32
2026-05-29,1753.34,1753.34
2026-06-02,1747,1747
2026-06-03,1688.48,1688.48
2026-06-04,1675.38,1675.38
2026-06-05,1634.1,1634.1
2026-06-08,1565.08,1565.08
2026-06-09,1657.9,1657.9
2026-06-10,1688.12,1688.12
2026-06-11,1682.79,1682.79
2026-06-12,1714.13,1714.13
2026-06-15,1771.94,1771.94
2026-06-17,1768.26,1768.26
2026-06-18,1760.88,1760.88
2026-06-19,1745.87,1745.87
2026-06-22,1725.67,1725.67
2026-06-23,1727.04,1727.04
2026-06-24,1684.28,1684.28
2026-06-25,1711.83,1711.83
2026-06-26,1697.35,1697.35
2026-06-29,1680.39,1680.39
2026-06-30,1644.05,1644.05
2026-07-01,1650.58,1650.58
2026-07-02,1661.64,1661.64
2026-07-03,1700.53,1700.53
2026-07-06,1701.28,1701.28
2026-07-07,1727.47,1727.47
2026-07-08,1704.36,1704.36
2026-07-09,1712.25,1712.25
2026-07-10,1716.94,1716.94
2026-07-13,1739.23,1739.23
2026-07-14,1743.54,1743.54
2026-07-15,1746.6,1746.6
2026-07-16,1766.63,1766.63
2026-07-17,1790.2,1790.2
2026-07-20,1802.08,1802.08
2026-07-21,1816.19,1816.19
2026-07-22,1811.28,1811.28
2026-07-23,1797.6,1797.6
2026-07-24,1767.32,1767.32
2026-07-27,1763.67,1763.67
2026-07-28,1758.19,1758.19
2026-07-29,1751.27,1751.27
2026-07-30,1776.64,1776.64
2026-07-31,1784.5,1784.5
2026-08-03,1785.82,1785.82
2026-08-04,1815.42,1815.42
2026-08-05,1816.77,1816.77
2026-08-06,1812.67,1812.67
2026-08-07,1836.72,1836.72
2026-08-10,1821.71,1821.71
2026-08-11,1798.97,1798.97
2026-08-12,1813.11,1813.11
2026-08-13,1800.52,1800.52
2026-08-14,1816.45,1816.45
2026-08-18,1823.76,1823.76
2026-08-19,1809.96,1809.96
2026-08-20,1836.33,1836.33
2026-08-21,1846.26,1846.26
2026-08-24,1844.13,1844.13
2026-08-26,1824.68,1824.68
2026-08-27,1850.54,1850.54
2026-08-28,1847.98,1847.98
2026-08-31,1855.92,1855.92
2026-09-01,1873.86,1873.86
2026-09-02,1856.59,1856.59
2026-09-03,1892.65,1892.65
2026-09-04,1876.66,1876.66
2026-09-07,1874.6,1874.6
2026-09-08,1892.44,1892.44
2026-09-09,1890.53,1890.53
2026-09-10,1868.16,1868.16
2026-09-11,1852.34,1852.34
2026-09-14,1865.3,1865.3
2026-09-15,1850.39,1850.39
2026-09-16,1838.11,1838.11
2026-09-17,1844.55,1844.55
2026-09-18,1829.91,1829.91
2026-09-21,1813.14,1813.14
2026-09-22,1789.12,1789.12
2026-09-23,1802.79,1802.79
2026-09-24,1780.63,1780.63
2026-09-25,1766.77,1766.77
2026-09-28,1735.31,1735.31
2026-09-29,1724.04,1724.04
2026-09-30,1705.69,1705.69
2026-10-01,1680.67,1680.67
2026-10-02,1695.29,1695.29
2026-10-05,1716.48,1716.48
