manager,custodian,fund,type,currency,aum,units
"Avrist Asset Management, PT",STANDARD CHARTERED BANK - CUSTODY,Avrist Balanced Amar Syariah,Mixed Asset Fund,IDR,1634367760.16,1494073.55
"Avrist Asset Management, PT",STANDARD CHARTERED BANK - CUSTODY,Avrist Equity Amar Syariah,Equity Fund,IDR,1652399849.1,2385392.57
"Avrist Asset Management, PT",STANDARD CHARTERED BANK - CUSTODY,Avrist Equity Cross Sectoral,Equity Fund,IDR,10056805926.12,11545396.53
"Batavia Prosperindo Aset Manajemen, PT","BANK MANDIRI (PERSERO) - CUSTODY, Tbk, PT",Batavia Campuran Bertumbuh,Mixed Asset Fund,IDR,24469.63,0
"Batavia Prosperindo Aset Manajemen, PT",DEUTSCHE BANK A. G. - CUSTODY,BATAVIA DANA DINAMIS,Mixed Asset Fund,IDR,28180175677.37,3247333.21
"Batavia Prosperindo Aset Manajemen, PT","BANK BUKOPIN - CUSTODY, Tbk, PT",BATAVIA DANA KAS CEMERLANG,Money Market Fund,IDR,0,0
"Batavia Prosperindo Aset Manajemen, PT","BANK CENTRAL ASIA - CUSTODY, Tbk, PT",BATAVIA DANA KAS GEBYAR,Money Market Fund,IDR,1046560456883.91,263054555.71
"Batavia Prosperindo Aset Manajemen, PT","BANK RAKYAT INDONESIA (PERSERO) - CUSTODY, Tbk, PT",BATAVIA DANA OBLIGASI CEMERLANG,Fixed Income Fund,IDR,681748415495.76,472987388.86
"Batavia Prosperindo Aset Manajemen, PT","BANK DBS INDONESIA - CUSTODY, PT",BATAVIA DANA OBLIGASI OPTIMAL,Fixed Income Fund,IDR,537430906602,247320092.53
"Batavia Prosperindo Aset Manajemen, PT","BANK RAKYAT INDONESIA (PERSERO) - CUSTODY, Tbk, PT",Batavia Dana Obligasi Unggulan,Fixed Income Fund,IDR,0,0
"Batavia Prosperindo Aset Manajemen, PT",DEUTSCHE BANK A. G. - CUSTODY,BATAVIA DANA SAHAM,Equity Fund,IDR,1563925873524.07,28274690.98
"Batavia Prosperindo Aset Manajemen, PT",DEUTSCHE BANK A. G. - CUSTODY,BATAVIA DANA SAHAM OPTIMAL,Equity Fund,IDR,208197145491.1,71424838.6
"Batavia Prosperindo Aset Manajemen, PT",DEUTSCHE BANK A. G. - CUSTODY,BATAVIA DANA SAHAM SYARIAH,Equity Fund,IDR,19596826699.71,12365149.16
"Batavia Prosperindo Aset Manajemen, PT",PT Bank OCBC NISP Tbk,Batavia Pesona Obligasi,Fixed Income Fund,IDR,337146128773.2,361078190.19
"Batavia Prosperindo Aset Manajemen, PT","BANK PERMATA - CUSTODY, Tbk, PT",Batavia Proteksi Andalan 7,Capital Protected Fund,IDR,155466322464.91,154000000
"Batavia Prosperindo Aset Manajemen, PT",STANDARD CHARTERED BANK - CUSTODY,BATAVIA PROTEKSI CEMERLANG PLUS,Capital Protected Fund,IDR,124783765039.91,120000000
"Batavia Prosperindo Aset Manajemen, PT","BANK CENTRAL ASIA - CUSTODY, Tbk, PT",BATAVIA PROTEKSI GEBYAR V,Capital Protected Fund,IDR,0,0
"Batavia Prosperindo Aset Manajemen, PT","BANK DBS INDONESIA - CUSTODY, PT",BATAVIA PROTEKSI ULTIMA 11,Capital Protected Fund,IDR,201109309,200000
"Batavia Prosperindo Aset Manajemen, PT","BANK MANDIRI (PERSERO) - CUSTODY, Tbk, PT",Batavia Proteksi Ultima 12,Capital Protected Fund,IDR,0,0
"Batavia Prosperindo Aset Manajemen, PT","BANK MANDIRI (PERSERO) - CUSTODY, Tbk, PT",BATAVIA SAHAM SEJAHTERA,Equity Fund,IDR,673493469677.97,619254793.81
"Corfina Capital, PT","BANK DBS INDONESIA - CUSTODY, PT",Corfina Grow 2 Prosper Rotasi Strategis,Equity Fund,IDR,0,0
"Sinarmas Asset Management, PT","BANK CIMB NIAGA - CUSTODY, Tbk, PT",Danamas Pasti,Fixed Income Fund,IDR,294325479306.06,58403391.94
"Sinarmas Asset Management, PT","BANK CIMB NIAGA - CUSTODY, Tbk, PT",Danamas Rupiah,Money Market Fund,IDR,10258094683.53,6244573.15
"Sinarmas Asset Management, PT","BANK CIMB NIAGA - CUSTODY, Tbk, PT",DANAMAS RUPIAH PLUS,Money Market Fund,IDR,1593574058037.89,877374222.19
"Sinarmas Asset Management, PT","BANK CIMB NIAGA - CUSTODY, Tbk, PT",DANAMAS STABIL,Fixed Income Fund,IDR,14372895906563.8,2889441345.67
"Indoasia Aset Manajemen, PT","BANK DBS INDONESIA - CUSTODY, PT",I AM BOND FUND,Fixed Income Fund,IDR,350492505603,247433283.98
"Batavia Prosperindo Aset Manajemen, PT","BANK RAKYAT INDONESIA (PERSERO) - CUSTODY, Tbk, PT",KIK PEMUPUKAN DANA TAPERA BATAVIA PASAR UANG SYARIAH,Money Market Fund,IDR,27453377855.44,23824978.48
PT BRI Manajemen Investasi,"BANK RAKYAT INDONESIA (PERSERO) - CUSTODY, Tbk, PT",KIK PEMUPUKAN DANA TAPERA BRI MI PASAR UANG SYARIAH,Money Market Fund,IDR,27394705630.88,23798404.04
"Millenium Capital Management, PT","BANK MANDIRI (PERSERO) - CUSTODY, Tbk, PT",KIK REKSA DANA MILLENIUM EQUITY GROWTH FUND,Equity Fund,IDR,3719893946.88,38864653
"Bahana TCW Investment Management, PT","BANK RAKYAT INDONESIA (PERSERO) - CUSTODY, Tbk, PT",KONTRAK INVESTASI KOLEKTIF PEMUPUKAN DANA TAPERA BAHANA PASAR UANG,Money Market Fund,IDR,77961760237.23,65975118.04
"Bahana TCW Investment Management, PT","BANK RAKYAT INDONESIA (PERSERO) - CUSTODY, Tbk, PT",KONTRAK INVESTASI KOLEKTIF PEMUPUKAN DANA TAPERA BAHANA PASAR UANG SYARIAH,Money Market Fund,IDR,27463138446.73,23829808.95
"Bahana TCW Investment Management, PT","BANK RAKYAT INDONESIA (PERSERO) - CUSTODY, Tbk, PT",KONTRAK INVESTASI KOLEKTIF PEMUPUKAN DANA TAPERA BAHANA PENDAPATAN TETAP,Fixed Income Fund,IDR,201846796083.57,162691493.44
"Bahana TCW Investment Management, PT","BANK RAKYAT INDONESIA (PERSERO) - CUSTODY, Tbk, PT",KONTRAK INVESTASI KOLEKTIF PEMUPUKAN DANA TAPERA BAHANA PENDAPATAN TETAP TANPA PENJUALAN KEMBALI,Fixed Income Fund,IDR,282408110142.01,243173083.84
"Batavia Prosperindo Aset Manajemen, PT","BANK RAKYAT INDONESIA (PERSERO) - CUSTODY, Tbk, PT",KONTRAK INVESTASI KOLEKTIF PEMUPUKAN DANA TAPERA BATAVIA PASAR UANG,Money Market Fund,IDR,163568114321.22,138100068.76
"Batavia Prosperindo Aset Manajemen, PT","BANK RAKYAT INDONESIA (PERSERO) - CUSTODY, Tbk, PT",KONTRAK INVESTASI KOLEKTIF PEMUPUKAN DANA TAPERA BATAVIA PENDAPATAN TETAP,Fixed Income Fund,IDR,110084717599.4,90923186.16
"Batavia Prosperindo Aset Manajemen, PT","BANK RAKYAT INDONESIA (PERSERO) - CUSTODY, Tbk, PT",KONTRAK INVESTASI KOLEKTIF PEMUPUKAN DANA TAPERA BATAVIA PENDAPATAN TETAP TANPA PENJUALAN KEMBALI,Fixed Income Fund,IDR,256488354889.49,220795002.86
"BNI Asset Management, PT","BANK RAKYAT INDONESIA (PERSERO) - CUSTODY, Tbk, PT",KONTRAK INVESTASI KOLEKTIF PEMUPUKAN DANA TAPERA BNI AM PASAR UANG,Money Market Fund,IDR,117205666889.1,99637121.31
"BNI Asset Management, PT","BANK RAKYAT INDONESIA (PERSERO) - CUSTODY, Tbk, PT",KONTRAK INVESTASI KOLEKTIF PEMUPUKAN DANA TAPERA BNI AM PASAR UANG SYARIAH,Money Market Fund,IDR,27294860864.96,23780671.25
"BNI Asset Management, PT","BANK RAKYAT INDONESIA (PERSERO) - CUSTODY, Tbk, PT",KONTRAK INVESTASI KOLEKTIF PEMUPUKAN DANA TAPERA BNI AM PENDAPATAN TETAP,Fixed Income Fund,IDR,141040887627.07,117640000
"BNI Asset Management, PT","BANK RAKYAT INDONESIA (PERSERO) - CUSTODY, Tbk, PT",KONTRAK INVESTASI KOLEKTIF PEMUPUKAN DANA TAPERA BNI AM PENDAPATAN TETAP TANPA PENJUALAN KEMBALI,Fixed Income Fund,IDR,283111200742.49,244067665.25
PT BRI Manajemen Investasi,"BANK RAKYAT INDONESIA (PERSERO) - CUSTODY, Tbk, PT",KONTRAK INVESTASI KOLEKTIF PEMUPUKAN DANA TAPERA BRI MI PASAR UANG,Money Market Fund,IDR,137148021495.85,115946521.04
PT BRI Manajemen Investasi,"BANK RAKYAT INDONESIA (PERSERO) - CUSTODY, Tbk, PT",KONTRAK INVESTASI KOLEKTIF PEMUPUKAN DANA TAPERA BRI MI PENDAPATAN TETAP,Fixed Income Fund,IDR,60303417789.5,49674225.92
PT BRI Manajemen Investasi,"BANK RAKYAT INDONESIA (PERSERO) - CUSTODY, Tbk, PT",KONTRAK INVESTASI KOLEKTIF PEMUPUKAN DANA TAPERA BRI MI PENDAPATAN TETAP TANPA PENJUALAN KEMBALI,Fixed Income Fund,IDR,256232274182.08,221375455
"Mandiri Manajemen Investasi, PT","BANK RAKYAT INDONESIA (PERSERO) - CUSTODY, Tbk, PT",KONTRAK INVESTASI KOLEKTIF PEMUPUKAN DANA TAPERA MANDIRI PASAR UANG,Money Market Fund,IDR,174480504766.54,148440678.91
"Mandiri Manajemen Investasi, PT","BANK RAKYAT INDONESIA (PERSERO) - CUSTODY, Tbk, PT",KONTRAK INVESTASI KOLEKTIF PEMUPUKAN DANA TAPERA MANDIRI PASAR UANG SYARIAH,Money Market Fund,IDR,25815223377.32,23351965.58
"Mandiri Manajemen Investasi, PT","BANK RAKYAT INDONESIA (PERSERO) - CUSTODY, Tbk, PT",KONTRAK INVESTASI KOLEKTIF PEMUPUKAN DANA TAPERA MANDIRI PENDAPATAN TETAP,Fixed Income Fund,IDR,141540413648.59,117640000
"Mandiri Manajemen Investasi, PT","BANK RAKYAT INDONESIA (PERSERO) - CUSTODY, Tbk, PT",KONTRAK INVESTASI KOLEKTIF PEMUPUKAN DANA TAPERA MANDIRI PENDAPATAN TETAP TANPA PENJUALAN KEMBALI,Fixed Income Fund,IDR,219229474355.83,189612203.83
"Manulife Aset Manajemen Indonesia, PT","BANK RAKYAT INDONESIA (PERSERO) - CUSTODY, Tbk, PT",KONTRAK INVESTASI KOLEKTIF PEMUPUKAN DANA TAPERA MANULIFE PASAR UANG,Money Market Fund,IDR,105035359416.82,89268997.56
"Manulife Aset Manajemen Indonesia, PT","BANK RAKYAT INDONESIA (PERSERO) - CUSTODY, Tbk, PT",KONTRAK INVESTASI KOLEKTIF PEMUPUKAN DANA TAPERA MANULIFE PASAR UANG SYARIAH,Money Market Fund,IDR,27225726011.8,23782846.92
"Manulife Aset Manajemen Indonesia, PT","BANK RAKYAT INDONESIA (PERSERO) - CUSTODY, Tbk, PT",KONTRAK INVESTASI KOLEKTIF PEMUPUKAN DANA TAPERA MANULIFE PENDAPATAN TETAP,Fixed Income Fund,IDR,236192089763.3,190708158.97
"Manulife Aset Manajemen Indonesia, PT","BANK RAKYAT INDONESIA (PERSERO) - CUSTODY, Tbk, PT",KONTRAK INVESTASI KOLEKTIF PEMUPUKAN DANA TAPERA MANULIFE PENDAPATAN TETAP TANPA PENJUALAN KEMBALI,Fixed Income Fund,IDR,203145358015.68,175340138.09
"Schroder Investment Management Indonesia, PT","BANK RAKYAT INDONESIA (PERSERO) - CUSTODY, Tbk, PT",KONTRAK INVESTASI KOLEKTIF PEMUPUKAN DANA TAPERA SCHRODER PASAR UANG,Money Market Fund,IDR,47152374311.78,40097212.96
"Schroder Investment Management Indonesia, PT","BANK RAKYAT INDONESIA (PERSERO) - CUSTODY, Tbk, PT",KONTRAK INVESTASI KOLEKTIF PEMUPUKAN DANA TAPERA SCHRODER PASAR UANG SYARIAH,Money Market Fund,IDR,25631517466.71,23352889.07
"Schroder Investment Management Indonesia, PT","BANK RAKYAT INDONESIA (PERSERO) - CUSTODY, Tbk, PT",KONTRAK INVESTASI KOLEKTIF PEMUPUKAN DANA TAPERA SCHRODER PENDAPATAN TETAP,Fixed Income Fund,IDR,108491201872.69,90998101.27
"Schroder Investment Management Indonesia, PT","BANK RAKYAT INDONESIA (PERSERO) - CUSTODY, Tbk, PT",KONTRAK INVESTASI KOLEKTIF PEMUPUKAN DANA TAPERA SCHRODER PENDAPATAN TETAP TANPA PENJUALAN KEMBALI,Fixed Income Fund,IDR,297046410549.96,254914690.65
"Mandiri Manajemen Investasi, PT",DEUTSCHE BANK A. G. - CUSTODY,Mandiri Investa Ekuitas Syariah,Equity Fund,IDR,2649897624.68,2844994.86
"Mega Asset Management, PT","BANK CIMB NIAGA - CUSTODY, Tbk, PT",MEGA ASSET MANTAP PLUS,Fixed Income Fund,IDR,890693323.72,448352.12
"Mega Asset Management, PT","BANK CIMB NIAGA - CUSTODY, Tbk, PT",MEGA DANA KAS,Money Market Fund,IDR,375990968089.12,171118992.45
"Mega Asset Management, PT","BANK CIMB NIAGA - CUSTODY, Tbk, PT",Mega Dana Kombinasi,Mixed Asset Fund,IDR,156639916382.55,202513988.04
"Mega Asset Management, PT","BANK CIMB NIAGA - CUSTODY, Tbk, PT",MEGA DANA TERPROTEKSI VIII,Capital Protected Fund,IDR,42685985882.26,42000000
"Kresna Asset Management, PT","BANK CIMB NIAGA - CUSTODY, Tbk, PT",Mrs Cash Kresna,Money Market Fund,IDR,0,0
"Narada Aset Manajemen, PT","BANK DBS INDONESIA - CUSTODY, PT",Narada Saham Indonesia,Equity Fund,IDR,0,516196172.73
"Panin Asset Management, PT",DEUTSCHE BANK A. G. - CUSTODY,Panin Dana Maksima,Equity Fund,IDR,871091857093.81,11156608.69
"Panin Asset Management, PT","BANK PERMATA - CUSTODY, Tbk, PT",Panin Dana Obligasi Bersama,Fixed Income Fund,IDR,341485869961.08,366595257
"Phillip Asset Management, PT","BANK DBS INDONESIA - CUSTODY, PT",PHILLIP GOVERNMENT BOND,Fixed Income Fund,IDR,10367711856,7217529.66
"Phillip Asset Management, PT","BANK PERMATA - CUSTODY, Tbk, PT",Phillip Money Market Fund,Money Market Fund,IDR,387358337496.91,217512898.86
"Phillip Asset Management, PT","BANK PERMATA - CUSTODY, Tbk, PT",Phillip Rupiah Balanced Fund,Mixed Asset Fund,IDR,5230896262.17,2310731.71
"Panin Asset Management, PT","BANK CENTRAL ASIA - CUSTODY, Tbk, PT",PL REKSA DANA PANIN GEBYAR INDONESIA II,Fixed Income Fund,IDR,149568213459.95,49876700.48
"PNM Investment Management, PT","BANK DBS INDONESIA - CUSTODY, PT",PNM SAHAM AGRESIF,Equity Fund,IDR,10909224802,14812854.91
"Batavia Prosperindo Aset Manajemen, PT","BANK DBS INDONESIA - CUSTODY, PT",RD BATAVIA OBLIGASI UTAMA,Fixed Income Fund,IDR,152681447749,83610878.1
"Insight Investments Management, PT","BANK CIMB NIAGA - CUSTODY, Tbk, PT",RD HAJI SYARIAH I HAJJ,Fixed Income Fund,IDR,2170792891168.61,407113131.31
"Kiwoom Investment Management Indonesia, PT","BANK DBS INDONESIA - CUSTODY, PT",RD KIWOOM INDONESIA OPTIMUM FUND,Mixed Asset Fund,IDR,57289901494,45426374.22
"Setiabudi Investment Management, PT","BANK CENTRAL ASIA - CUSTODY, Tbk, PT",RD SETIABUDI DANA KOMBINASI DINAMIS,Mixed Asset Fund,IDR,257560412543.04,220276844.7
"Pinnacle Persada Investama, PT","BANK DBS INDONESIA - CUSTODY, PT",RD SYARIAH PINNACLE SHARIA MONEY MARKET FUND,Money Market Fund,IDR,2698930626,2004172
"Insight Investments Management, PT","BANK DBS INDONESIA - CUSTODY, PT",RDST INSIGHT TERPROTEKSI SYARIAH III,Capital Protected Fund,IDR,0,0
"Insight Investments Management, PT","BANK MANDIRI (PERSERO) - CUSTODY, Tbk, PT",REKSA DANA  INSIGHT COMMUNITY DEVELOPMENT,Mixed Asset Fund,IDR,414061516773.27,502036540.35
"Insight Investments Management, PT","BANK MANDIRI (PERSERO) - CUSTODY, Tbk, PT",REKSA DANA  INSIGHT MONEY,Money Market Fund,IDR,323911278253.85,175862861.16
"Insight Investments Management, PT","BANK MANDIRI (PERSERO) - CUSTODY, Tbk, PT",REKSA DANA  INSIGHT MONEY SYARIAH,Money Market Fund,IDR,177136309059.99,104881196.13
"Insight Investments Management, PT","BANK MANDIRI (PERSERO) - CUSTODY, Tbk, PT",REKSA DANA  INSIGHT SCHOLARSHIP FUND,Fixed Income Fund,IDR,1907065525212.24,1433645907.87
"Sinarmas Asset Management, PT","BANK CIMB NIAGA - CUSTODY, Tbk, PT",Reksa Dana  Simas  Pendapatan Tetap Andalan,Fixed Income Fund,IDR,18560376834.19,10667253.44
"Corfina Capital, PT","BANK DBS INDONESIA - CUSTODY, PT",REKSA DANA  SYARIAH CORFINA EQUITY SYARIAH,Equity Fund,IDR,0,0
"Panin Asset Management, PT","BANK CENTRAL ASIA - CUSTODY, Tbk, PT",REKSA DANA  TERPROTEKSI PANIN 30,Capital Protected Fund,IDR,32316884536.22,31671562.67
"Bahana TCW Investment Management, PT",PT Bank HSBC Indonesia,Reksa Dana ABF Indonesia Bond Index Fund,Exchanged Traded Fund,IDR,6847310886016,119769707.26
"Allianz Global Investors Asset Management Indonesia, PT",DEUTSCHE BANK A. G. - CUSTODY,REKSA DANA ALLIANZ ALPHA SECTOR ROTATION,Equity Fund,IDR,0,0
"Allianz Global Investors Asset Management Indonesia, PT",DEUTSCHE BANK A. G. - CUSTODY,REKSA DANA ALLIANZ ALPHA SECTOR ROTATION KELAS A,Equity Fund,IDR,108270385950.52,75454996.74
"Allianz Global Investors Asset Management Indonesia, PT",DEUTSCHE BANK A. G. - CUSTODY,REKSA DANA ALLIANZ ALPHA SECTOR ROTATION KELAS B1,Equity Fund,IDR,74116863563.93,50723204.43
"Allianz Global Investors Asset Management Indonesia, PT",DEUTSCHE BANK A. G. - CUSTODY,REKSA DANA ALLIANZ ALPHA SECTOR ROTATION KELAS IB,Equity Fund,IDR,0,0
"Allianz Global Investors Asset Management Indonesia, PT","BANK RAKYAT INDONESIA (PERSERO) - CUSTODY, Tbk, PT",REKSA DANA ALLIANZ FIXED INCOME FUND 2,Fixed Income Fund,IDR,71444770796.07,43018149.66
"Allianz Global Investors Asset Management Indonesia, PT",STANDARD CHARTERED BANK - CUSTODY,REKSA DANA ALLIANZ INDO ASIA EQUITY FUND,Equity Fund,IDR,0,0
"Allianz Global Investors Asset Management Indonesia, PT",STANDARD CHARTERED BANK - CUSTODY,REKSA DANA ALLIANZ INDO ASIA EQUITY FUND KELAS A,Equity Fund,IDR,30871382149.69,25532699.37
"Allianz Global Investors Asset Management Indonesia, PT",STANDARD CHARTERED BANK - CUSTODY,REKSA DANA ALLIANZ INDO ASIA EQUITY FUND KELAS B1,Equity Fund,IDR,51623703596.25,42673039.17
"Allianz Global Investors Asset Management Indonesia, PT",STANDARD CHARTERED BANK - CUSTODY,REKSA DANA ALLIANZ INDO ASIA EQUITY FUND KELAS C,Equity Fund,IDR,0,0
"Allianz Global Investors Asset Management Indonesia, PT",STANDARD CHARTERED BANK - CUSTODY,REKSA DANA ALLIANZ INDO FIXED INCOME FUND,Fixed Income Fund,IDR,0,0
"Allianz Global Investors Asset Management Indonesia, PT","BANK MEGA - CUSTODY, Tbk, PT",REKSA DANA ALLIANZ MONEY MARKET FUND 2,Money Market Fund,IDR,0,0
"Allianz Global Investors Asset Management Indonesia, PT","BANK MEGA - CUSTODY, Tbk, PT",REKSA DANA ALLIANZ MONEY MARKET FUND 5,Money Market Fund,IDR,0,0
"Allianz Global Investors Asset Management Indonesia, PT",PT Bank HSBC Indonesia,REKSA DANA ALLIANZ RUPIAH LIQUID FUND,Money Market Fund,IDR,0,0
"Allianz Global Investors Asset Management Indonesia, PT",PT Bank HSBC Indonesia,REKSA DANA ALLIANZ RUPIAH LIQUID FUND KELAS A,Money Market Fund,IDR,36616165579,20057362.95
"Allianz Global Investors Asset Management Indonesia, PT",PT Bank HSBC Indonesia,REKSA DANA ALLIANZ RUPIAH LIQUID FUND KELAS B1,Money Market Fund,IDR,53671897877,29278931.59
"Allianz Global Investors Asset Management Indonesia, PT",STANDARD CHARTERED BANK - CUSTODY,REKSA DANA ALLIANZ TM INDO BOND FUND,Fixed Income Fund,IDR,3.23,0
"Allianz Global Investors Asset Management Indonesia, PT",PT Bank HSBC Indonesia,REKSA DANA ALLIANZ USD FIXED INCOME FUND,Fixed Income Fund,USD,0,0
"Allianz Global Investors Asset Management Indonesia, PT",PT Bank HSBC Indonesia,REKSA DANA ALLIANZ USD FIXED INCOME FUND KELAS A,Fixed Income Fund,USD,107719938368.79,6072861.15
"Allianz Global Investors Asset Management Indonesia, PT",PT Bank HSBC Indonesia,REKSA DANA ALLIANZ USD FIXED INCOME FUND KELAS B1,Fixed Income Fund,USD,57071280148.17,3194100
PT Alpha Aset Manajemen,"BANK DANAMON INDONESIA - CUSTODY, Tbk, PT",REKSA DANA ALPHA DANA EKUITAS,Equity Fund,IDR,10591689176.29,9610354.21
PT Alpha Aset Manajemen,"BANK DANAMON INDONESIA - CUSTODY, Tbk, PT",REKSA DANA ALPHA PASAR UANG,Money Market Fund,IDR,9917398051.41,9074575.69
PT Axa Investment Managers Select Indonesia,CITIBANK N. A. - CUSTODY,REKSA DANA ARCHITAS SAHAM UTAMA,Equity Fund,IDR,0,0
"PT Ashmore Asset Management Indonesia, Tbk",PT Bank HSBC Indonesia,REKSA DANA ASHMORE DANA BALANCED NUSANTARA,Mixed Asset Fund,IDR,347800799793,341603167.99
"PT Ashmore Asset Management Indonesia, Tbk",PT Bank HSBC Indonesia,Reksa Dana Ashmore Dana Ekuitas Nusantara,Equity Fund,IDR,1943496905192,1647908990.65
"PT Ashmore Asset Management Indonesia, Tbk",CITIBANK N. A. - CUSTODY,REKSA DANA ASHMORE DANA EKUITAS PRIMA,Equity Fund,IDR,0,0
"PT Ashmore Asset Management Indonesia, Tbk",PT Bank HSBC Indonesia,REKSA DANA ASHMORE DANA OBLIGASI NUSANTARA,Fixed Income Fund,IDR,0,0
"PT Ashmore Asset Management Indonesia, Tbk",PT Bank HSBC Indonesia,REKSA DANA ASHMORE DANA OBLIGASI NUSANTARA KELAS A,Fixed Income Fund,IDR,1980081491609,1312746054.79
"PT Ashmore Asset Management Indonesia, Tbk",PT Bank HSBC Indonesia,REKSA DANA ASHMORE DANA OBLIGASI NUSANTARA KELAS B,Fixed Income Fund,IDR,0,0
"PT Ashmore Asset Management Indonesia, Tbk",PT Bank HSBC Indonesia,REKSA DANA ASHMORE DANA OBLIGASI PROVIDENTIA NUSANTARA,Fixed Income Fund,IDR,34357359232,33633802.35
"PT Ashmore Asset Management Indonesia, Tbk",CITIBANK N. A. - CUSTODY,REKSA DANA ASHMORE DANA OBLIGASI STRATEGIS NUSANTARA,Fixed Income Fund,IDR,0,0
"PT Ashmore Asset Management Indonesia, Tbk",PT Bank HSBC Indonesia,Reksa Dana Ashmore Dana Obligasi Unggulan Nusantara,Fixed Income Fund,IDR,0,0
"PT Ashmore Asset Management Indonesia, Tbk",PT Bank HSBC Indonesia,REKSA DANA ASHMORE DANA OBLIGASI UNGGULAN NUSANTARA KELAS A,Fixed Income Fund,IDR,1870745306684,1776066155.21
"PT Ashmore Asset Management Indonesia, Tbk",PT Bank HSBC Indonesia,REKSA DANA ASHMORE DANA OBLIGASI UNGGULAN NUSANTARA KELAS B,Fixed Income Fund,IDR,0,0
"PT Ashmore Asset Management Indonesia, Tbk","BANK CIMB NIAGA - CUSTODY, Tbk, PT",Reksa Dana Ashmore Dana Pasar Uang Nusantara,Money Market Fund,IDR,465698398749.14,359019542.57
"PT Ashmore Asset Management Indonesia, Tbk",PT Bank HSBC Indonesia,Reksa Dana Ashmore Dana Progresif Nusantara,Equity Fund,IDR,690325980883,472003883.9
"PT Ashmore Asset Management Indonesia, Tbk",PT Bank HSBC Indonesia,Reksa Dana Ashmore Dana USD Equity Nusantara,Equity Fund,USD,35608744477.35,1909875.16
"PT Ashmore Asset Management Indonesia, Tbk","BANK RAKYAT INDONESIA (PERSERO) - CUSTODY, Tbk, PT",REKSA DANA ASHMORE DANA USD FIXED INCOME,Fixed Income Fund,USD,18190435387.8,1138258.62
"PT Ashmore Asset Management Indonesia, Tbk",PT Bank HSBC Indonesia,Reksa Dana Ashmore Dana USD Nusantara,Fixed Income Fund,USD,926820768488.53,45263433.91
"PT Ashmore Asset Management Indonesia, Tbk",PT Bank HSBC Indonesia,REKSA DANA ASHMORE DIGITAL EQUITY SUSTAINABLE FUND,Equity Fund,IDR,52362675879,68752965.2
"PT Ashmore Asset Management Indonesia, Tbk",DEUTSCHE BANK A. G. - CUSTODY,REKSA DANA ASHMORE ETF LQ45 ALPHA,Exchanged Traded Fund,IDR,0,0
"PT Ashmore Asset Management Indonesia, Tbk",CITIBANK N. A. - CUSTODY,REKSA DANA ASHMORE SAHAM DINAMIS NUSANTARA,Equity Fund,IDR,256664840032.14,259760384.14
"PT Ashmore Asset Management Indonesia, Tbk",PT Bank HSBC Indonesia,Reksa Dana Ashmore Saham Providentia Nusantara,Equity Fund,IDR,0,0
"PT Ashmore Asset Management Indonesia, Tbk",PT Bank HSBC Indonesia,Reksa Dana Ashmore Saham Sejahtera Nusantara,Equity Fund,IDR,2682839138162,2847671081.63
"PT Ashmore Asset Management Indonesia, Tbk",PT Bank HSBC Indonesia,Reksa Dana Ashmore Saham Sejahtera Nusantara II,Equity Fund,IDR,205097608013,197830601.07
"PT Ashmore Asset Management Indonesia, Tbk","BANK MANDIRI (PERSERO) - CUSTODY, Tbk, PT",Reksa Dana Ashmore Saham Unggulan Nusantara,Equity Fund,IDR,28589286780.9,24303607.83
"Asia Raya Kapital, PT","BANK MEGA - CUSTODY, Tbk, PT",REKSA DANA ASIA RAYA SAHAM BERKEMBANG,Equity Fund,IDR,329516937990.88,889519567.54
"Aurora Asset Management,PT",PT Bank Maybank Indonesia Tbk,REKSA DANA AURORA BALANCE,Mixed Asset Fund,IDR,0,0
"Aurora Asset Management,PT","BANK MEGA - CUSTODY, Tbk, PT",REKSA DANA AURORA DANA EKUITAS,Equity Fund,IDR,3468643806.71,16236678.91
"Aurora Asset Management,PT","BANK CENTRAL ASIA - CUSTODY, Tbk, PT",REKSA DANA AURORA EQUITY,Equity Fund,IDR,77980627947.67,397686654.15
"Aurora Asset Management,PT","BANK CENTRAL ASIA - CUSTODY, Tbk, PT",REKSA DANA AURORA SMC EQUITY,Equity Fund,IDR,138954615510.4,317168886.22
"Avrist Asset Management, PT","BANK BUKOPIN - CUSTODY, Tbk, PT",REKSA DANA AVRIST ADA KAS INTAN,Money Market Fund,IDR,43556521.07,116628.41
"Avrist Asset Management, PT",STANDARD CHARTERED BANK - CUSTODY,REKSA DANA AVRIST ADA KAS MUTIARA,Money Market Fund,IDR,222138408472.28,146682982.21
"Avrist Asset Management, PT","BANK DBS INDONESIA - CUSTODY, PT",REKSA DANA AVRIST ADA OBLIGASI BERLIAN,Fixed Income Fund,IDR,170898894473,159518943.92
"Avrist Asset Management, PT",STANDARD CHARTERED BANK - CUSTODY,REKSA DANA AVRIST ADA SAHAM BLUE SAFIR,Equity Fund,IDR,0,0
"Avrist Asset Management, PT",STANDARD CHARTERED BANK - CUSTODY,REKSA DANA AVRIST ADA SAHAM BLUE SAFIR KELAS A,Equity Fund,IDR,90422410534.12,103314658.15
"Avrist Asset Management, PT",STANDARD CHARTERED BANK - CUSTODY,REKSA DANA AVRIST ADA SAHAM BLUE SAFIR KELAS B,Equity Fund,IDR,0,0
"Avrist Asset Management, PT",STANDARD CHARTERED BANK - CUSTODY,REKSA DANA AVRIST ADA SAHAM BLUE SAFIR KELAS C,Equity Fund,IDR,0,0
"Avrist Asset Management, PT",STANDARD CHARTERED BANK - CUSTODY,REKSA DANA AVRIST ADA SAHAM BLUE SAFIR KELAS D,Equity Fund,IDR,1835490133.89,1809398.01
"Avrist Asset Management, PT","BANK DBS INDONESIA - CUSTODY, PT",REKSA DANA AVRIST BOND FUND,Fixed Income Fund,IDR,7625255874,5419017.52
"Avrist Asset Management, PT","BANK NEGARA INDONESIA (PERSERO) - CUSTODY, Tbk, PT",REKSA DANA AVRIST DANA KAS PRIMA,Money Market Fund,IDR,0,0
"Avrist Asset Management, PT","BANK DBS INDONESIA - CUSTODY, PT",REKSA DANA AVRIST DANA OBLIGASI SEJAHTERA,Fixed Income Fund,IDR,47180833823,44309140.56
"Avrist Asset Management, PT","BANK DBS INDONESIA - CUSTODY, PT",REKSA DANA AVRIST EMERALD STABLE FUND,Fixed Income Fund,IDR,168703115706,150085818.28
"Avrist Asset Management, PT","BANK CENTRAL ASIA - CUSTODY, Tbk, PT",REKSA DANA AVRIST EQUITY GROWTH FUND,Equity Fund,IDR,8328430117.81,7873523.98
"Avrist Asset Management, PT","BANK DBS INDONESIA - CUSTODY, PT",REKSA DANA AVRIST LIQUID FUND,Money Market Fund,IDR,6685188767,5170928.14
"Avrist Asset Management, PT",STANDARD CHARTERED BANK - CUSTODY,REKSA DANA AVRIST PRIME BOND FUND,Fixed Income Fund,IDR,62545353699.03,32784253.31
"Avrist Asset Management, PT","BANK PERMATA - CUSTODY, Tbk, PT",Reksa Dana Avrist Prime Income Fund,Fixed Income Fund,IDR,95503615758.38,89135609.5
PT Axa Investment Managers Select Indonesia,CITIBANK N. A. - CUSTODY,REKSA DANA AXA BOND INCOME,Fixed Income Fund,IDR,0,0
PT Axa Investment Managers Select Indonesia,CITIBANK N. A. - CUSTODY,REKSA DANA AXA BOND INCOME KELAS A,Fixed Income Fund,IDR,1031209095.3,1000000
PT Axa Investment Managers Select Indonesia,CITIBANK N. A. - CUSTODY,REKSA DANA AXA BOND INCOME KELAS O,Fixed Income Fund,IDR,100534654522.11,46461756.51
PT Axa Investment Managers Select Indonesia,CITIBANK N. A. - CUSTODY,REKSA DANA AXA BUMN TITANS EQUITY,Equity Fund,IDR,56931451381.76,56633932.14
PT Axa Investment Managers Select Indonesia,DEUTSCHE BANK A. G. - CUSTODY,REKSA DANA AXA OBLIGASI DOLLAR,Fixed Income Fund,USD,18016439623.19,560665.99
PT Axa Investment Managers Select Indonesia,DEUTSCHE BANK A. G. - CUSTODY,REKSA DANA AXA SAHAM DINAMIS,Equity Fund,IDR,14769565231.98,2684662.11
"Bahana TCW Investment Management, PT",CITIBANK N. A. - CUSTODY,REKSA DANA BAHANA AKSELERASI MULTI FLEXI SAHAM,Equity Fund,IDR,0,0
"Bahana TCW Investment Management, PT",STANDARD CHARTERED BANK - CUSTODY,REKSA DANA BAHANA ALPHA FIXED INCOME FUND,Fixed Income Fund,IDR,0,0
"Bahana TCW Investment Management, PT",PT KEB Hana Bank Indonesia,REKSA DANA BAHANA APEX FIXED INCOME FUND,Fixed Income Fund,IDR,235371214737.27,231551977.54
"Bahana TCW Investment Management, PT",PT Bank HSBC Indonesia,REKSA DANA BAHANA BALANCE FLEXI YIELD FUND,Mixed Asset Fund,IDR,0,0
"Bahana TCW Investment Management, PT",PT Bank HSBC Indonesia,REKSA DANA BAHANA BALANCE FLEXI YIELD FUND KELAS G,Mixed Asset Fund,IDR,40373682886.54,39841953.94
"Bahana TCW Investment Management, PT",PT Bank HSBC Indonesia,REKSA DANA BAHANA BALANCE FLEXI YIELD FUND KELAS I,Mixed Asset Fund,IDR,0,0
"Bahana TCW Investment Management, PT","BANK CIMB NIAGA - CUSTODY, Tbk, PT",Reksa Dana Bahana Berimbang Asabri Sejahtera,Mixed Asset Fund,IDR,0,0
"Bahana TCW Investment Management, PT",PT. BANK PEMBANGUNAN DAERAH JAWA BARAT DAN BANTEN TBK,Reksa Dana Bahana Cash Management,Money Market Fund,IDR,68208654355.04,32209056.39
"Bahana TCW Investment Management, PT",STANDARD CHARTERED BANK - CUSTODY,REKSA DANA BAHANA DANA EKUITAS ANDALAN,Equity Fund,IDR,0,0
"Bahana TCW Investment Management, PT",STANDARD CHARTERED BANK - CUSTODY,REKSA DANA BAHANA DANA EKUITAS ANDALAN Kelas G,Equity Fund,IDR,337137868758.19,74341134.44
"Bahana TCW Investment Management, PT",STANDARD CHARTERED BANK - CUSTODY,REKSA DANA BAHANA DANA EKUITAS ANDALAN Kelas S,Equity Fund,IDR,269966067591.68,300016382.5
"Bahana TCW Investment Management, PT",STANDARD CHARTERED BANK - CUSTODY,REKSA DANA BAHANA DANA EKUITAS PRIMA,Equity Fund,IDR,145571981504.9,38850297.43
"Bahana TCW Investment Management, PT",STANDARD CHARTERED BANK - CUSTODY,REKSA DANA BAHANA DANA INFRASTRUKTUR,Mixed Asset Fund,IDR,0,0
"Bahana TCW Investment Management, PT",STANDARD CHARTERED BANK - CUSTODY,REKSA DANA BAHANA DANA LIKUID,Money Market Fund,IDR,0,0
"Bahana TCW Investment Management, PT",STANDARD CHARTERED BANK - CUSTODY,REKSA DANA BAHANA DANA LIKUID KELAS G,Money Market Fund,IDR,2785600455838.58,1452650707.16
"Bahana TCW Investment Management, PT",STANDARD CHARTERED BANK - CUSTODY,REKSA DANA BAHANA DANA LIKUID KELAS I,Money Market Fund,IDR,20995826919.33,19829466.59
"Bahana TCW Investment Management, PT","BANK CENTRAL ASIA - CUSTODY, Tbk, PT",REKSA DANA BAHANA E OPTIMA PROTECTED FUND 124,Capital Protected Fund,IDR,105831515285.8,100000000
"Bahana TCW Investment Management, PT","BANK CENTRAL ASIA - CUSTODY, Tbk, PT",REKSA DANA BAHANA E OPTIMA PROTECTED FUND 125,Capital Protected Fund,IDR,104674644319.62,100000000
"Bahana TCW Investment Management, PT",STANDARD CHARTERED BANK - CUSTODY,REKSA DANA BAHANA EXPLORER EQUITY FUND,Equity Fund,IDR,0,0
"Bahana TCW Investment Management, PT",STANDARD CHARTERED BANK - CUSTODY,REKSA DANA BAHANA EXPLORER EQUITY FUND KELAS G,Equity Fund,IDR,0,0
"Bahana TCW Investment Management, PT",STANDARD CHARTERED BANK - CUSTODY,REKSA DANA BAHANA EXPLORER EQUITY FUND KELAS I,Equity Fund,IDR,320895095170.08,383450855.18
"Bahana TCW Investment Management, PT","BANK CENTRAL ASIA - CUSTODY, Tbk, PT",REKSA DANA BAHANA GEBYAR DANA LIKUID,Money Market Fund,IDR,2684391980476.93,2389795249.07
"Bahana TCW Investment Management, PT",CITIBANK N. A. - CUSTODY,REKSA DANA BAHANA INCOME BOND FUND,Fixed Income Fund,IDR,0,0
"Bahana TCW Investment Management, PT","BANK MEGA - CUSTODY, Tbk, PT",REKSA DANA BAHANA INCOME STREAM,Fixed Income Fund,IDR,1052399009550.83,728158485.98
"Bahana TCW Investment Management, PT",STANDARD CHARTERED BANK - CUSTODY,REKSA DANA BAHANA LIQUID USD,Money Market Fund,USD,1481455159162.96,92667078.8
"Bahana TCW Investment Management, PT",STANDARD CHARTERED BANK - CUSTODY,REKSA DANA BAHANA MONEY MARKET ENDOWMENT FUND,Money Market Fund,IDR,36354055191.81,33634917.68
"Bahana TCW Investment Management, PT",STANDARD CHARTERED BANK - CUSTODY,REKSA DANA BAHANA OBLIGASI GANESHA,Fixed Income Fund,IDR,0,0
"Bahana TCW Investment Management, PT",STANDARD CHARTERED BANK - CUSTODY,REKSA DANA BAHANA OBLIGASI GANESHA KELAS D,Fixed Income Fund,IDR,475651736336.94,466979034.79
"Bahana TCW Investment Management, PT",STANDARD CHARTERED BANK - CUSTODY,REKSA DANA BAHANA OBLIGASI GANESHA KELAS G,Fixed Income Fund,IDR,512712964785.19,109832033.52
"Bahana TCW Investment Management, PT",STANDARD CHARTERED BANK - CUSTODY,REKSA DANA BAHANA OBLIGASI GANESHA KELAS I,Fixed Income Fund,IDR,393594764214.75,368527654.65
"Bahana TCW Investment Management, PT",STANDARD CHARTERED BANK - CUSTODY,REKSA DANA BAHANA OBLIGASI KEHATI LESTARI,Fixed Income Fund,IDR,0,0
"Bahana TCW Investment Management, PT",STANDARD CHARTERED BANK - CUSTODY,REKSA DANA BAHANA OBLIGASI KEHATI LESTARI KELAS D,Fixed Income Fund,IDR,0,0
"Bahana TCW Investment Management, PT",STANDARD CHARTERED BANK - CUSTODY,REKSA DANA BAHANA OBLIGASI KEHATI LESTARI KELAS G,Fixed Income Fund,IDR,88470750457.74,30549343.01
"Bahana TCW Investment Management, PT",STANDARD CHARTERED BANK - CUSTODY,REKSA DANA BAHANA OBLIGASI KEHATI LESTARI KELAS S,Fixed Income Fund,IDR,0,0
"Bahana TCW Investment Management, PT",PT Bank HSBC Indonesia,REKSA DANA BAHANA PENDAPATAN TETAP ABADI 2,Fixed Income Fund,IDR,1373322317377,493696044.26
"Bahana TCW Investment Management, PT",STANDARD CHARTERED BANK - CUSTODY,REKSA DANA BAHANA PENDAPATAN TETAP INDONESIA SEHAT,Fixed Income Fund,IDR,0,0
"Bahana TCW Investment Management, PT","BANK CENTRAL ASIA - CUSTODY, Tbk, PT",REKSA DANA BAHANA PENDAPATAN TETAP MAKARA PRIMA,Fixed Income Fund,IDR,0,0
"Bahana TCW Investment Management, PT","BANK CENTRAL ASIA - CUSTODY, Tbk, PT",REKSA DANA BAHANA PENDAPATAN TETAP MAKARA PRIMA KELAS D,Fixed Income Fund,IDR,302416914779.15,299622520.31
"Bahana TCW Investment Management, PT","BANK CENTRAL ASIA - CUSTODY, Tbk, PT",REKSA DANA BAHANA PENDAPATAN TETAP MAKARA PRIMA KELAS G,Fixed Income Fund,IDR,3476306791355.22,1001347149.85
"Bahana TCW Investment Management, PT","BANK CENTRAL ASIA - CUSTODY, Tbk, PT",REKSA DANA BAHANA PENDAPATAN TETAP MAKARA PRIMA KELAS I,Fixed Income Fund,IDR,438305112174.85,358113411.57
"Bahana TCW Investment Management, PT",PT Bank OCBC NISP Tbk,Reksa Dana Bahana Pendapatan Tetap Regular,Fixed Income Fund,IDR,388903059784.37,393677542.76
"Bahana TCW Investment Management, PT",STANDARD CHARTERED BANK - CUSTODY,REKSA DANA BAHANA PENDAPATAN TETAP UTAMA,Fixed Income Fund,IDR,154416534000.62,153989095.96
"Bahana TCW Investment Management, PT",PT Bank HSBC Indonesia,Reksa Dana Bahana Pendapatan Tetap Utama 2,Fixed Income Fund,IDR,12390892887,1868076.82
"Bahana TCW Investment Management, PT",PT KEB Hana Bank Indonesia,REKSA DANA BAHANA PREMIER FIXED INCOME FUND,Fixed Income Fund,IDR,84724886558.07,61134706.88
"Bahana TCW Investment Management, PT",STANDARD CHARTERED BANK - CUSTODY,REKSA DANA BAHANA PRIMAVERA 99,Equity Fund,IDR,0,0
"Bahana TCW Investment Management, PT",STANDARD CHARTERED BANK - CUSTODY,REKSA DANA BAHANA PRIMAVERA 99 Kelas A,Equity Fund,IDR,203084426956.9,156775663.55
"Bahana TCW Investment Management, PT",STANDARD CHARTERED BANK - CUSTODY,REKSA DANA BAHANA PRIMAVERA 99 Kelas G,Equity Fund,IDR,17922279770.6,14888432.82
"Bahana TCW Investment Management, PT",STANDARD CHARTERED BANK - CUSTODY,REKSA DANA BAHANA PRIMAVERA 99 Kelas S,Equity Fund,IDR,1263502464473.72,1033483081.35
"Bahana TCW Investment Management, PT",STANDARD CHARTERED BANK - CUSTODY,REKSA DANA BAHANA PRIMAVERA PLUS,Equity Fund,IDR,49601555902.14,4085361.01
"Bahana TCW Investment Management, PT",STANDARD CHARTERED BANK - CUSTODY,REKSA DANA BAHANA PRIME INCOME BOND FUND,Fixed Income Fund,IDR,0,0
"Bahana TCW Investment Management, PT",STANDARD CHARTERED BANK - CUSTODY,REKSA DANA BAHANA PRIME INCOME FUND,Fixed Income Fund,IDR,1941124636982.36,792682389.21
"Bahana TCW Investment Management, PT",STANDARD CHARTERED BANK - CUSTODY,REKSA DANA BAHANA PROGRESSIVE INCOME FUND,Fixed Income Fund,IDR,12857820020.57,6358384.38
"Bahana TCW Investment Management, PT","BANK MEGA - CUSTODY, Tbk, PT",REKSA DANA BAHANA PROVIDENT FUND,Fixed Income Fund,IDR,149566841615.97,80695882.14
"Bahana TCW Investment Management, PT",CITIBANK N. A. - CUSTODY,REKSA DANA BAHANA QUANT STRATEGY,Mixed Asset Fund,IDR,0,0
"Bahana TCW Investment Management, PT",PT Bank OCBC NISP Tbk,Reksa Dana Bahana Regular Income Fund,Fixed Income Fund,IDR,1058840907352.92,984471464.33
"Bahana TCW Investment Management, PT","BANK CENTRAL ASIA - CUSTODY, Tbk, PT",REKSA DANA BAHANA REVOLVING FUND,Money Market Fund,IDR,302716947064.15,149933285.95
"Bahana TCW Investment Management, PT",PT KEB Hana Bank Indonesia,REKSA DANA BAHANA SINERGI PASAR UANG,Money Market Fund,IDR,0,0
"Bahana TCW Investment Management, PT",PT KEB Hana Bank Indonesia,REKSA DANA BAHANA SINERGI PASAR UANG KELAS A,Money Market Fund,IDR,0,0
"Bahana TCW Investment Management, PT",PT KEB Hana Bank Indonesia,REKSA DANA BAHANA SINERGI PASAR UANG KELAS DANA ABADI PUNDI PUNDI PL,Money Market Fund,IDR,5850264257.19,5661476.82
"Bahana TCW Investment Management, PT",PT KEB Hana Bank Indonesia,REKSA DANA BAHANA SINERGI PASAR UANG KELAS I,Money Market Fund,IDR,10935405773.35,10032298.13
"Bahana TCW Investment Management, PT","BANK CENTRAL ASIA - CUSTODY, Tbk, PT",REKSA DANA BAHANA STELLAR EQUITY FUND,Equity Fund,IDR,0,0
"Bahana TCW Investment Management, PT","BANK CENTRAL ASIA - CUSTODY, Tbk, PT",REKSA DANA BAHANA STELLAR EQUITY FUND KELAS G,Equity Fund,IDR,0,0
"Bahana TCW Investment Management, PT","BANK CENTRAL ASIA - CUSTODY, Tbk, PT",REKSA DANA BAHANA STELLAR EQUITY FUND KELAS I,Equity Fund,IDR,1265509522163.05,1373715020.34
"Bahana TCW Investment Management, PT",STANDARD CHARTERED BANK - CUSTODY,REKSA DANA BAHANA SUKUK SYARIAH,Fixed Income Fund,IDR,11564941032.24,5995444.36
"Bahana TCW Investment Management, PT",STANDARD CHARTERED BANK - CUSTODY,REKSA DANA BAHANA TRAILBLAZER FUND,Equity Fund,IDR,11953366239.48,13619535.54
"Bahana TCW Investment Management, PT",PT KEB Hana Bank Indonesia,REKSA DANA BAHANA USD FIXED INCOME,Fixed Income Fund,USD,0,0
"Bahana TCW Investment Management, PT",PT KEB Hana Bank Indonesia,REKSA DANA BAHANA USD FIXED INCOME KELAS A,Fixed Income Fund,USD,0,0
"Bahana TCW Investment Management, PT",PT KEB Hana Bank Indonesia,REKSA DANA BAHANA USD FIXED INCOME KELAS I,Fixed Income Fund,USD,27568945315.29,1562933.6
"Bahana TCW Investment Management, PT",STANDARD CHARTERED BANK - CUSTODY,REKSA DANA BAHANA USD GLOBAL SHARIA EQUITIES,Global Fund,USD,51556057539.13,2050883.43
"Sucorinvest Asset Management, PT",PT Bank HSBC Indonesia,Reksa Dana Balanced Fund Sucorinvest Anak Pintar,Mixed Asset Fund,IDR,144771770214,47379635.09
"Batavia Prosperindo Aset Manajemen, PT",PT Bank HSBC Indonesia,REKSA DANA BATAVIA CAMPURAN CEMERLANG,Mixed Asset Fund,IDR,0,0
"Batavia Prosperindo Aset Manajemen, PT",PT Bank HSBC Indonesia,REKSA DANA BATAVIA CAMPURAN CEMERLANG KELAS A,Mixed Asset Fund,IDR,15528800042,15266924.72
"Batavia Prosperindo Aset Manajemen, PT",PT Bank HSBC Indonesia,REKSA DANA BATAVIA CAMPURAN CEMERLANG KELAS B,Mixed Asset Fund,IDR,831447709568,790327784.42
"Batavia Prosperindo Aset Manajemen, PT","BANK MEGA - CUSTODY, Tbk, PT",REKSA DANA BATAVIA CAMPURAN UTAMA,Mixed Asset Fund,IDR,240638.65,0
"Batavia Prosperindo Aset Manajemen, PT","BANK CENTRAL ASIA - CUSTODY, Tbk, PT",Reksa Dana Batavia Dana Kas Maxima,Money Market Fund,IDR,13109147506176,7116103932.54
"Batavia Prosperindo Aset Manajemen, PT",PT. BANK PEMBANGUNAN DAERAH JAWA BARAT DAN BANTEN TBK,REKSA DANA BATAVIA DANA KAS NUSANTARA,Money Market Fund,IDR,87909220474.42,71450864.22
"Batavia Prosperindo Aset Manajemen, PT",PT Bank HSBC Indonesia,Reksa Dana Batavia Dana Likuid,Money Market Fund,IDR,306892002465,223206439.7
"Batavia Prosperindo Aset Manajemen, PT",STANDARD CHARTERED BANK - CUSTODY,REKSA DANA BATAVIA DANA OBLIGASI PLUS,Fixed Income Fund,IDR,12360005783.38,5728231.49
"Batavia Prosperindo Aset Manajemen, PT",STANDARD CHARTERED BANK - CUSTODY,REKSA DANA BATAVIA DANA OBLIGASI SEJAHTERA,Fixed Income Fund,IDR,52863947973.97,55834023.34
"Batavia Prosperindo Aset Manajemen, PT",STANDARD CHARTERED BANK - CUSTODY,REKSA DANA BATAVIA DANA OBLIGASI ULTIMA,Fixed Income Fund,IDR,858658299643.09,290600425.05
"Batavia Prosperindo Aset Manajemen, PT",PT Bank HSBC Indonesia,REKSA DANA BATAVIA DISRUPTIVE EQUITY,Equity Fund,IDR,11793963598,12598169.93
"Batavia Prosperindo Aset Manajemen, PT",PT Bank HSBC Indonesia,Reksa Dana Batavia LQ45 Plus,Index Fund,IDR,25083039262,27789353.3
"Batavia Prosperindo Aset Manajemen, PT","BANK CENTRAL ASIA - CUSTODY, Tbk, PT",REKSA DANA BATAVIA OBLIGASI BERKEMBANG,Fixed Income Fund,IDR,8884986932.21,8726630.85
"Batavia Prosperindo Aset Manajemen, PT","BANK MEGA - CUSTODY, Tbk, PT",REKSA DANA BATAVIA OBLIGASI BERTUMBUH,Fixed Income Fund,IDR,5427674.94,3245.42
"Batavia Prosperindo Aset Manajemen, PT",PT Bank HSBC Indonesia,REKSA DANA BATAVIA OBLIGASI NEGARA INDONESIA,Fixed Income Fund,IDR,52003623929,43756080.96
"Batavia Prosperindo Aset Manajemen, PT",PT Bank HSBC Indonesia,Reksa Dana Batavia Providentia Balanced Fund,Mixed Asset Fund,IDR,30274826270,20010617.08
"Batavia Prosperindo Aset Manajemen, PT","BANK MANDIRI (PERSERO) - CUSTODY, Tbk, PT",REKSA DANA BATAVIA SAHAM BERTUMBUH,Equity Fund,IDR,46959942569.05,45392307.77
"Batavia Prosperindo Aset Manajemen, PT","BANK MANDIRI (PERSERO) - CUSTODY, Tbk, PT",Reksa Dana Batavia Saham Cemerlang,Equity Fund,IDR,1411380345968.87,1308063803.51
"Batavia Prosperindo Aset Manajemen, PT",PT Bank HSBC Indonesia,Reksa Dana Batavia Saham ESG Impact,Equity Fund,IDR,15995056243,17236759.77
"Batavia Prosperindo Aset Manajemen, PT",DEUTSCHE BANK A. G. - CUSTODY,REKSA DANA BATAVIA SMART LIQUID ETF,Exchanged Traded Fund,IDR,153724076625.56,321200000
"Batavia Prosperindo Aset Manajemen, PT",PT Bank HSBC Indonesia,Reksa Dana Batavia USD Balanced Asia,Mixed Asset Fund,USD,288780049675.1,13919352.4
"Batavia Prosperindo Aset Manajemen, PT",PT Bank HSBC Indonesia,REKSA DANA BATAVIA USD BOND FUND,Fixed Income Fund,USD,1151735073207.78,66241243.49
"Berdikari Manajemen Investasi, PT",PT Bank Tabungan Negara (Persero) Tbk,REKSA DANA BMI INDO DANA KAS,Money Market Fund,IDR,0,0
"Berdikari Manajemen Investasi, PT",PT KEB Hana Bank Indonesia,REKSA DANA BMI INDO OBLIGASI MANTAP,Fixed Income Fund,IDR,22396754031.41,18649272.2
"Berdikari Manajemen Investasi, PT","BANK MEGA - CUSTODY, Tbk, PT",REKSA DANA BMI INDO PASAR UANG,Money Market Fund,IDR,14460223598.51,12172490.33
"Berdikari Manajemen Investasi, PT","BANK MEGA - CUSTODY, Tbk, PT",REKSA DANA BMI INDO SAHAM ANDALAN,Equity Fund,IDR,47499024132.94,37960363.46
"BNI Asset Management, PT","BANK CIMB NIAGA - CUSTODY, Tbk, PT",REKSA DANA BNI AM DANA DOMPET DHUAFA,Fixed Income Fund,IDR,11298113161.85,2837837.5
"BNI Asset Management, PT","BANK DBS INDONESIA - CUSTODY, PT",REKSA DANA BNI AM DANA LIKUID,Money Market Fund,IDR,0,0
"BNI Asset Management, PT","BANK DBS INDONESIA - CUSTODY, PT",REKSA DANA BNI AM DANA LIKUID KELAS A,Money Market Fund,IDR,392898459568,200735091.6
"BNI Asset Management, PT","BANK DBS INDONESIA - CUSTODY, PT",REKSA DANA BNI AM DANA LIKUID KELAS I1,Money Market Fund,IDR,922170950501,877555494.42
"BNI Asset Management, PT","BANK DBS INDONESIA - CUSTODY, PT",REKSA DANA BNI AM DANA PASAR UANG KEMILAU,Money Market Fund,IDR,0,0
"BNI Asset Management, PT","BANK DBS INDONESIA - CUSTODY, PT",REKSA DANA BNI AM DANA PASAR UANG KEMILAU KELAS A,Money Market Fund,IDR,156545956795,67269248.1
"BNI Asset Management, PT","BANK DBS INDONESIA - CUSTODY, PT",REKSA DANA BNI AM DANA PASAR UANG KEMILAU KELAS B,Money Market Fund,IDR,0,0
"BNI Asset Management, PT","BANK MEGA - CUSTODY, Tbk, PT",REKSA DANA BNI AM DANA PENDAPATAN TETAP,Fixed Income Fund,IDR,962042001180.36,598768490.73
"BNI Asset Management, PT","BANK CIMB NIAGA - CUSTODY, Tbk, PT",Reksa Dana BNI AM Dana Pendapatan Tetap Kastara,Fixed Income Fund,IDR,767331255867.73,632028132.54
"BNI Asset Management, PT","BANK CIMB NIAGA - CUSTODY, Tbk, PT",Reksa Dana BNI AM Dana Pendapatan Tetap Makara Investasi,Fixed Income Fund,IDR,157209799040.39,123252158.79
"BNI Asset Management, PT","BANK CIMB NIAGA - CUSTODY, Tbk, PT",Reksa Dana BNI AM Dana Pendapatan Tetap Manggala,Fixed Income Fund,IDR,0,0
"BNI Asset Management, PT","BANK CIMB NIAGA - CUSTODY, Tbk, PT",REKSA DANA BNI AM DANA PENDAPATAN TETAP MANGGALA KELAS A,Fixed Income Fund,IDR,1272961597823.63,1139084680.78
"BNI Asset Management, PT","BANK CIMB NIAGA - CUSTODY, Tbk, PT",REKSA DANA BNI AM DANA PENDAPATAN TETAP MANGGALA KELAS I1,Fixed Income Fund,IDR,51529340122.6,49276018.72
"BNI Asset Management, PT","BANK CIMB NIAGA - CUSTODY, Tbk, PT",Reksa Dana BNI AM Dana Saham Bandagara,Equity Fund,IDR,292963903572.75,386565055.97
"BNI Asset Management, PT",PT Bank Maybank Indonesia Tbk,REKSA DANA BNI AM UGM PROGRESSIVE BALANCED,Mixed Asset Fund,IDR,65736678622.36,42369608.45
"BNI Asset Management, PT",PT Bank Maybank Indonesia Tbk,REKSA DANA BNIAM DANA LANCAR SYARIAH,Money Market Fund,IDR,103284309773.14,56667828.03
"BNI Asset Management, PT","BANK DANAMON INDONESIA - CUSTODY, Tbk, PT",REKSA DANA BNIAM DANA SAHAM INSPIRING EQUITY FUND,Equity Fund,IDR,1133850412976.71,1275369525.81
"BNI Asset Management, PT","BANK DBS INDONESIA - CUSTODY, PT",REKSA DANA BNIAM DANA SAHAM SYARIAH MUSAHAMAH,Equity Fund,IDR,0,0
"BNP Paribas Asset Management, PT",CITIBANK N. A. - CUSTODY,REKSA DANA BNP PARIBAS EKUITAS,Equity Fund,IDR,651261012856.14,37542458.6
"BNP Paribas Asset Management, PT",DEUTSCHE BANK A. G. - CUSTODY,REKSA DANA BNP PARIBAS EQUITRA CAMPURAN HARMONI,Mixed Asset Fund,IDR,71671342357.57,18246324.91
"BNP Paribas Asset Management, PT",PT Bank HSBC Indonesia,REKSA DANA BNP PARIBAS INDONESIA ESG EQUITY,Equity Fund,IDR,0,0
"BNP Paribas Asset Management, PT",PT Bank HSBC Indonesia,REKSA DANA BNP PARIBAS INDONESIA ESG EQUITY KELAS IK1,Equity Fund,IDR,8276827091,9000000
"BNP Paribas Asset Management, PT",PT Bank HSBC Indonesia,REKSA DANA BNP PARIBAS INDONESIA ESG EQUITY KELAS IK2,Equity Fund,IDR,938300633,1006836.42
"BNP Paribas Asset Management, PT",PT Bank HSBC Indonesia,REKSA DANA BNP PARIBAS INDONESIA ESG EQUITY KELAS RK1,Equity Fund,IDR,1180702669,1293013.23
"BNP Paribas Asset Management, PT","BANK CIMB NIAGA - CUSTODY, Tbk, PT",REKSA DANA BNP PARIBAS INFRASTRUKTUR PLUS,Equity Fund,IDR,411880837830.2,152833136.51
"BNP Paribas Asset Management, PT",DEUTSCHE BANK A. G. - CUSTODY,REKSA DANA BNP PARIBAS MAXI SAHAM,Equity Fund,IDR,1237220579494.47,709863919.78
"BNP Paribas Asset Management, PT","BANK DBS INDONESIA - CUSTODY, PT",REKSA DANA BNP PARIBAS OBLIGASI BERLIAN,Fixed Income Fund,IDR,228813282837,222989021.86
"BNP Paribas Asset Management, PT",DEUTSCHE BANK A. G. - CUSTODY,REKSA DANA BNP PARIBAS OBLIGASI CEMERLANG,Fixed Income Fund,IDR,53498812956.54,48928951.29
"BNP Paribas Asset Management, PT",CITIBANK N. A. - CUSTODY,REKSA DANA BNP PARIBAS OBLIGASI KEJORA,Fixed Income Fund,IDR,5506399787912.54,5208694018.94
"BNP Paribas Asset Management, PT",CITIBANK N. A. - CUSTODY,REKSA DANA BNP PARIBAS OMEGA,Fixed Income Fund,IDR,15738621683.82,8217406.68
"BNP Paribas Asset Management, PT",DEUTSCHE BANK A. G. - CUSTODY,REKSA DANA BNP PARIBAS PESONA,Equity Fund,IDR,303963462021.75,12590285.25
"BNP Paribas Asset Management, PT",CITIBANK N. A. - CUSTODY,REKSA DANA BNP PARIBAS PRIMA II,Fixed Income Fund,IDR,0,0
"BNP Paribas Asset Management, PT",CITIBANK N. A. - CUSTODY,REKSA DANA BNP PARIBAS PRIMA II KELAS DR1,Fixed Income Fund,IDR,6325922.32,6324.83
"BNP Paribas Asset Management, PT",CITIBANK N. A. - CUSTODY,REKSA DANA BNP PARIBAS PRIMA II KELAS IK1,Fixed Income Fund,IDR,30408380367.08,24977956.95
"BNP Paribas Asset Management, PT",CITIBANK N. A. - CUSTODY,REKSA DANA BNP PARIBAS PRIMA II KELAS IK2,Fixed Income Fund,IDR,0,0
"BNP Paribas Asset Management, PT",CITIBANK N. A. - CUSTODY,REKSA DANA BNP PARIBAS PRIMA II KELAS RK1,Fixed Income Fund,IDR,514138731929.5,159294001.31
"BNP Paribas Asset Management, PT",CITIBANK N. A. - CUSTODY,REKSA DANA BNP PARIBAS PRIMA USD,Fixed Income Fund,USD,0,0
"BNP Paribas Asset Management, PT",CITIBANK N. A. - CUSTODY,REKSA DANA BNP PARIBAS PRIMA USD KELAS IK1,Fixed Income Fund,USD,0,0
"BNP Paribas Asset Management, PT",CITIBANK N. A. - CUSTODY,REKSA DANA BNP PARIBAS PRIMA USD KELAS IK2,Fixed Income Fund,USD,0,0
"BNP Paribas Asset Management, PT",CITIBANK N. A. - CUSTODY,REKSA DANA BNP PARIBAS PRIMA USD KELAS INCOME,Fixed Income Fund,USD,93134638499.93,5551245.61
"BNP Paribas Asset Management, PT",CITIBANK N. A. - CUSTODY,REKSA DANA BNP PARIBAS PRIMA USD KELAS RK1,Fixed Income Fund,USD,1767851376321.25,80205450.92
"BNP Paribas Asset Management, PT",CITIBANK N. A. - CUSTODY,REKSA DANA BNP PARIBAS PROXIMA,Fixed Income Fund,IDR,375082639527.54,168013631.01
"BNP Paribas Asset Management, PT",DEUTSCHE BANK A. G. - CUSTODY,REKSA DANA BNP PARIBAS RUPIAH PLUS,Money Market Fund,IDR,927438191857.37,367459337.3
"BNP Paribas Asset Management, PT",CITIBANK N. A. - CUSTODY,REKSA DANA BNP PARIBAS SOLARIS,Equity Fund,IDR,132358854831.17,77979778.34
"BNP Paribas Asset Management, PT",DEUTSCHE BANK A. G. - CUSTODY,REKSA DANA BNP PARIBAS SPEKTRA,Mixed Asset Fund,IDR,0.01,0
PT BRI Manajemen Investasi,CITIBANK N. A. - CUSTODY,REKSA DANA BRI ANGGREK FLEKSIBEL,Mixed Asset Fund,IDR,22540988193.94,5780106.12
PT BRI Manajemen Investasi,STANDARD CHARTERED BANK - CUSTODY,REKSA DANA BRI BALANCED REGULAR INCOME FUND,Mixed Asset Fund,IDR,0,0
PT BRI Manajemen Investasi,STANDARD CHARTERED BANK - CUSTODY,REKSA DANA BRI BALANCED REGULAR INCOME FUND KELAS A,Mixed Asset Fund,IDR,2504696418768.57,2380389364.27
PT BRI Manajemen Investasi,STANDARD CHARTERED BANK - CUSTODY,REKSA DANA BRI BALANCED REGULAR INCOME FUND KELAS B,Mixed Asset Fund,IDR,30132403038.92,29710490.83
PT BRI Manajemen Investasi,STANDARD CHARTERED BANK - CUSTODY,REKSA DANA BRI BRAWIJAYA ABADI PENDAPATAN TETAP,Fixed Income Fund,IDR,76655220756.33,52807116.5
PT BRI Manajemen Investasi,"BANK CENTRAL ASIA - CUSTODY, Tbk, PT",REKSA DANA BRI ETF INDONESIA TOP 40,Exchanged Traded Fund,IDR,98310658888.16,219300000
PT BRI Manajemen Investasi,STANDARD CHARTERED BANK - CUSTODY,REKSA DANA BRI GAMASTEPS PASAR UANG,Money Market Fund,IDR,2476232898520.77,2190083466.45
PT BRI Manajemen Investasi,"BANK CENTRAL ASIA - CUSTODY, Tbk, PT",REKSA DANA BRI GEBYAR DANA LIKUID,Money Market Fund,IDR,581943150893.08,332635151.01
PT BRI Manajemen Investasi,"BANK CENTRAL ASIA - CUSTODY, Tbk, PT",REKSA DANA BRI GEBYAR DANA LIKUID II,Money Market Fund,IDR,12783371145.03,5744277.98
PT BRI Manajemen Investasi,"BANK CENTRAL ASIA - CUSTODY, Tbk, PT",REKSA DANA BRI GEBYAR INDONESIA II,Fixed Income Fund,IDR,255129582074.15,83877139.03
PT BRI Manajemen Investasi,CITIBANK N. A. - CUSTODY,REKSA DANA BRI MAWAR,Equity Fund,IDR,21947679719,3013204.85
PT BRI Manajemen Investasi,"BANK CIMB NIAGA - CUSTODY, Tbk, PT",REKSA DANA BRI MAWAR EKUITAS PLUS,Equity Fund,IDR,1326418501125.44,1623204717.85
PT BRI Manajemen Investasi,PT Bank HSBC Indonesia,REKSA DANA BRI MAWAR EKUITAS UTAMA,Equity Fund,IDR,990470233435,1295460635.61
PT BRI Manajemen Investasi,CITIBANK N. A. - CUSTODY,REKSA DANA BRI MAWAR FOKUS 10,Equity Fund,IDR,45199058316.87,38275617.06
PT BRI Manajemen Investasi,CITIBANK N. A. - CUSTODY,REKSA DANA BRI MAWAR KOMODITAS 10,Equity Fund,IDR,32845799309.19,40044996.99
PT BRI Manajemen Investasi,CITIBANK N. A. - CUSTODY,REKSA DANA BRI MAWAR KONSUMER 10,Equity Fund,IDR,0,0
PT BRI Manajemen Investasi,CITIBANK N. A. - CUSTODY,REKSA DANA BRI MAWAR KONSUMER 10 KELAS A,Equity Fund,IDR,195094972850.64,142518247.73
PT BRI Manajemen Investasi,CITIBANK N. A. - CUSTODY,REKSA DANA BRI MAWAR KONSUMER 10 KELAS B,Equity Fund,IDR,0,0
PT BRI Manajemen Investasi,"BANK PERMATA - CUSTODY, Tbk, PT",REKSA DANA BRI MELATI OBLIGASI NEGARA INDONESIA,Fixed Income Fund,IDR,384548377595.51,386560467.08
PT BRI Manajemen Investasi,STANDARD CHARTERED BANK - CUSTODY,REKSA DANA BRI MELATI PENDAPATAN TETAP MULTI PLUS,Fixed Income Fund,IDR,383031955650.8,230614173.89
PT BRI Manajemen Investasi,"BANK PERMATA - CUSTODY, Tbk, PT",REKSA DANA BRI MELATI PENDAPATAN TETAP UTAMA,Fixed Income Fund,IDR,889212639962.93,879300942.86
PT BRI Manajemen Investasi,STANDARD CHARTERED BANK - CUSTODY,REKSA DANA BRI MELATI PENDAPATAN UTAMA,Fixed Income Fund,IDR,41120933462.03,20984617.45
PT BRI Manajemen Investasi,PT Bank OCBC NISP Tbk,REKSA DANA BRI MELATI PENDAPATAN UTAMA II,Fixed Income Fund,IDR,754368993688.75,510430547.87
PT BRI Manajemen Investasi,CITIBANK N. A. - CUSTODY,REKSA DANA BRI MELATI PREMIUM DOLLAR,Fixed Income Fund,USD,32347346390.02,1373670.23
PT BRI Manajemen Investasi,"BANK CIMB NIAGA - CUSTODY, Tbk, PT",REKSA DANA BRI PENDAPATAN PRIMA PLUS,Fixed Income Fund,IDR,679300645760.84,368854393.39
PT BRI Manajemen Investasi,STANDARD CHARTERED BANK - CUSTODY,REKSA DANA BRI PENDAPATAN TETAP INDONESIA SEHAT,Fixed Income Fund,IDR,14976622817.86,8530822.69
PT BRI Manajemen Investasi,"BANK DBS INDONESIA - CUSTODY, PT",REKSA DANA BRI SERUNI LIKUID DOLAR,Money Market Fund,USD,66099877600.78,4006424.41
PT BRI Manajemen Investasi,STANDARD CHARTERED BANK - CUSTODY,REKSA DANA BRI SERUNI PASAR UANG II,Money Market Fund,IDR,0,0
PT BRI Manajemen Investasi,STANDARD CHARTERED BANK - CUSTODY,REKSA DANA BRI SERUNI PASAR UANG II KELAS A,Money Market Fund,IDR,3257953238360.23,1775039253.8
PT BRI Manajemen Investasi,STANDARD CHARTERED BANK - CUSTODY,REKSA DANA BRI SERUNI PASAR UANG II KELAS B,Money Market Fund,IDR,0,0
PT BRI Manajemen Investasi,"BANK CIMB NIAGA - CUSTODY, Tbk, PT",REKSA DANA BRI SERUNI PASAR UANG III,Money Market Fund,IDR,2537096339940.49,1399641328.29
PT BRI Manajemen Investasi,PT Bank Maybank Indonesia Tbk,REKSA DANA BRI SYARIAH BERIMBANG,Mixed Asset Fund,IDR,21126073673.24,3404763.24
PT BRI Manajemen Investasi,CITIBANK N. A. - CUSTODY,REKSA DANA BRI SYARIAH SAHAM,Equity Fund,IDR,13059160230.5,17667872.48
"Indo Arthabuana Investama,PT","BANK DANAMON INDONESIA - CUSTODY, Tbk, PT",REKSA DANA CAMPURAN INDO ARTHABUANA GOLDEN COMPASS,Mixed Asset Fund,IDR,10107949886.37,10001000
"Panin Asset Management, PT",DEUTSCHE BANK A. G. - CUSTODY,REKSA DANA CAMPURAN PANIN DANA BERIMBANG,Mixed Asset Fund,IDR,1089767357270.57,1144582288.64
"Panin Asset Management, PT","BANK CENTRAL ASIA - CUSTODY, Tbk, PT",REKSA DANA CAMPURAN PANIN DANA BERIMBANG DUA,Mixed Asset Fund,IDR,700449399671.83,780671759.23
"Panin Asset Management, PT",DEUTSCHE BANK A. G. - CUSTODY,REKSA DANA CAMPURAN PANIN PRIORITAS SEHAT,Mixed Asset Fund,IDR,0,0
"Panin Asset Management, PT",DEUTSCHE BANK A. G. - CUSTODY,REKSA DANA CAMPURAN PANIN PRIORITAS SEHAT KELAS A,Mixed Asset Fund,IDR,10509049049.06,10000000
"Panin Asset Management, PT",DEUTSCHE BANK A. G. - CUSTODY,REKSA DANA CAMPURAN PANIN PRIORITAS SEHAT KELAS B,Mixed Asset Fund,IDR,797623251.59,770624.93
"Sucorinvest Asset Management, PT",STANDARD CHARTERED BANK - CUSTODY,REKSA DANA CAMPURAN SUCORINVEST DANA PRIORITAS SEHAT,Mixed Asset Fund,IDR,0,0
"Sucorinvest Asset Management, PT",STANDARD CHARTERED BANK - CUSTODY,REKSA DANA CAMPURAN SUCORINVEST DANA PRIORITAS SEHAT KELAS A,Mixed Asset Fund,IDR,10340509095.91,10000000
"Sucorinvest Asset Management, PT",STANDARD CHARTERED BANK - CUSTODY,REKSA DANA CAMPURAN SUCORINVEST DANA PRIORITAS SEHAT KELAS B,Mixed Asset Fund,IDR,0,0
"Sucorinvest Asset Management, PT",STANDARD CHARTERED BANK - CUSTODY,REKSA DANA CAMPURAN SUCORINVEST DANA PRIORITAS SEHAT KELAS C,Mixed Asset Fund,IDR,57032008.32,58757.78
"Victoria Manajemen Investasi, PT","BANK MEGA - CUSTODY, Tbk, PT",REKSA DANA CAMPURAN VICTORIA JUPITER,Mixed Asset Fund,IDR,87850662195.94,260662356.87
"WANTEG ASSET MANAGEMENT, PT","BANK MANDIRI (PERSERO) - CUSTODY, Tbk, PT",REKSA DANA CAMPURAN WANTEG DIVERSITY FUND,Mixed Asset Fund,IDR,10994855327.21,9581072.75
"Capital Asset Management, PT","BANK DBS INDONESIA - CUSTODY, PT",REKSA DANA CAPITAL BALANCED FUND,Mixed Asset Fund,IDR,348754215423,331405980.53
"Capital Asset Management, PT","BANK DBS INDONESIA - CUSTODY, PT",REKSA DANA CAPITAL BALANCED GROWTH,Mixed Asset Fund,IDR,11665381429,10929740.34
"Capital Asset Management, PT","BANK DBS INDONESIA - CUSTODY, PT",REKSA DANA CAPITAL EQUITY FUND,Equity Fund,IDR,596967141004,653099205.14
"Capital Asset Management, PT","BANK DANAMON INDONESIA - CUSTODY, Tbk, PT",REKSA DANA CAPITAL FIXED INCOME FUND,Fixed Income Fund,IDR,2082961685875.81,1068500256.06
"Capital Asset Management, PT","BANK DANAMON INDONESIA - CUSTODY, Tbk, PT",REKSA DANA CAPITAL MONEY MARKET FUND,Money Market Fund,IDR,900456840436.53,514452966.78
"Capital Asset Management, PT","BANK DBS INDONESIA - CUSTODY, PT",REKSA DANA CAPITAL OPTIMAL BALANCED,Mixed Asset Fund,IDR,222072021071,174330443.52
"Capital Asset Management, PT",PT KEB Hana Bank Indonesia,REKSA DANA CAPITAL OPTIMAL CASH,Money Market Fund,IDR,20511660770.38,18253977.11
"Capital Asset Management, PT","BANK DBS INDONESIA - CUSTODY, PT",REKSA DANA CAPITAL OPTIMAL EQUITY,Equity Fund,IDR,11505596686,12027963.3
"Capital Asset Management, PT","BANK DANAMON INDONESIA - CUSTODY, Tbk, PT",REKSA DANA CAPITAL REGULAR INCOME FUND,Fixed Income Fund,IDR,10950916717.48,10372218.78
"Ciptadana Asset Management, PT","BANK DANAMON INDONESIA - CUSTODY, Tbk, PT",REKSA DANA CIPTA ANDALAN EKUITAS,Equity Fund,IDR,22485880288.76,9052984.87
"Ciptadana Asset Management, PT","BANK CIMB NIAGA - CUSTODY, Tbk, PT",REKSA DANA CIPTA BOND,Fixed Income Fund,IDR,10533332903.03,5593110.98
"Ciptadana Asset Management, PT","BANK CIMB NIAGA - CUSTODY, Tbk, PT",REKSA DANA CIPTA DANA CASH,Money Market Fund,IDR,263984612622.71,149435176.6
"Ciptadana Asset Management, PT","BANK BUKOPIN - CUSTODY, Tbk, PT",REKSA DANA CIPTA DANA KAS UNGGULAN,Money Market Fund,IDR,1099993.72,1437.24
"Ciptadana Asset Management, PT",PT Bank Maybank Indonesia Tbk,Reksa Dana Cipta Dana Obligasi,Fixed Income Fund,IDR,439996.11,370.84
"Ciptadana Asset Management, PT","BANK CIMB NIAGA - CUSTODY, Tbk, PT",Reksa Dana Cipta Dana Tunai,Money Market Fund,IDR,0,0
"Ciptadana Asset Management, PT",STANDARD CHARTERED BANK - CUSTODY,REKSA DANA CIPTA DINAMIKA,Mixed Asset Fund,IDR,8515281853.91,6391800.5
"Ciptadana Asset Management, PT","BANK BUKOPIN - CUSTODY, Tbk, PT",REKSA DANA CIPTA EQUITY PLUS,Equity Fund,IDR,21403554555.79,26020557.88
"Ciptadana Asset Management, PT","BANK CIMB NIAGA - CUSTODY, Tbk, PT",REKSA DANA CIPTA GTWS Equity,Equity Fund,IDR,44153724106.7,45241501.11
"Ciptadana Asset Management, PT","BANK CIMB NIAGA - CUSTODY, Tbk, PT",Reksa Dana Cipta Kasih Berimbang,Mixed Asset Fund,IDR,866705972.89,1056035.38
"Ciptadana Asset Management, PT","BANK CIMB NIAGA - CUSTODY, Tbk, PT",Reksa Dana Cipta Obligasi Prima,Fixed Income Fund,IDR,99239371258.38,97423318.23
"Ciptadana Asset Management, PT","BANK CIMB NIAGA - CUSTODY, Tbk, PT",Reksa Dana Cipta Obligasi Rupiah,Fixed Income Fund,IDR,0,0
"Ciptadana Asset Management, PT","BANK CIMB NIAGA - CUSTODY, Tbk, PT",REKSA DANA CIPTA OBLIGASI UNGGULAN,Fixed Income Fund,IDR,109195953403.1,106565237.7
"Ciptadana Asset Management, PT","BANK CIMB NIAGA - CUSTODY, Tbk, PT",REKSA DANA CIPTA PRIMA,Equity Fund,IDR,36917581304.59,28897337.47
"Ciptadana Asset Management, PT","BANK CIMB NIAGA - CUSTODY, Tbk, PT",Reksa Dana Cipta Saham Unggulan,Equity Fund,IDR,37310531962.85,12566981.25
"Ciptadana Asset Management, PT","BANK CIMB NIAGA - CUSTODY, Tbk, PT",Reksa Dana Cipta Sakura Cash,Money Market Fund,IDR,9235283934.06,6755773.36
"Ciptadana Asset Management, PT","BANK CIMB NIAGA - CUSTODY, Tbk, PT",REKSA DANA CIPTA SAKURA EQUITY,Equity Fund,IDR,19893136117.06,19646211.76
"Ciptadana Asset Management, PT","BANK DANAMON INDONESIA - CUSTODY, Tbk, PT",REKSA DANA CIPTA SYARIAH BALANCE,Mixed Asset Fund,IDR,2438440156.82,1357426.93
"Ciptadana Asset Management, PT","BANK DANAMON INDONESIA - CUSTODY, Tbk, PT",REKSA DANA CIPTA SYARIAH EQUITY,Equity Fund,IDR,10245273177.91,6238043.25
"Samuel Aset Manajemen, PT","BANK CENTRAL ASIA - CUSTODY, Tbk, PT",REKSA DANA DANA OBLIGASI STABIL,Fixed Income Fund,IDR,223974525411.44,32753869.87
PT Equity Aset Manajemen,STANDARD CHARTERED BANK - CUSTODY,REKSA DANA DANA PASTI,Fixed Income Fund,IDR,9233755761.87,1683190.34
"Pratama Capital Assets Management, PT",DEUTSCHE BANK A. G. - CUSTODY,REKSA DANA DANA PRATAMA EKUITAS,Equity Fund,IDR,0.06,0
PT Equity Aset Manajemen,STANDARD CHARTERED BANK - CUSTODY,REKSA DANA DANA PREMIER,Fixed Income Fund,IDR,4565549696.59,1206270.25
"Danakita Investama, PT",PT KEB Hana Bank Indonesia,REKSA DANA DANAKITA OBLIGASI NEGARA,Fixed Income Fund,IDR,51957390335.28,44633062.43
"Danakita Investama, PT",PT Bank Maybank Indonesia Tbk,Reksa Dana Danakita Stabil Pasar Uang,Money Market Fund,IDR,73683007859.64,44462200.31
"Sinarmas Asset Management, PT",PT Bank Maybank Indonesia Tbk,REKSA DANA DANAMAS DOLLAR,Fixed Income Fund,USD,2079623987015.37,58742085.91
"Sinarmas Asset Management, PT","BANK CIMB NIAGA - CUSTODY, Tbk, PT",REKSA DANA DANAMAS FLEKSI,Mixed Asset Fund,IDR,29556635901.9,5327549.69
"Danapathi Asset Management, PT","BANK DBS INDONESIA - CUSTODY, PT",REKSA DANA DANAPATHI BALANCE FUND,Mixed Asset Fund,IDR,46112302489,19721297.98
"Danapathi Asset Management, PT","BANK DBS INDONESIA - CUSTODY, PT",REKSA DANA DANAPATHI EQUITY GROWTH,Equity Fund,IDR,2979633826,1231624.72
"Danapathi Asset Management, PT","BANK DBS INDONESIA - CUSTODY, PT",REKSA DANA DANAPATHI FIXED INCOME FUND,Fixed Income Fund,IDR,56611869,39341.39
"Danapathi Asset Management, PT","BANK CIMB NIAGA - CUSTODY, Tbk, PT",REKSA DANA DANAPATHI MITRA MAXIMA EKUITAS,Equity Fund,IDR,42214019606.2,65023142.48
"Danapathi Asset Management, PT","BANK CENTRAL ASIA - CUSTODY, Tbk, PT",REKSA DANA DANAPATHI MONEY MARKET FUND,Money Market Fund,IDR,225572920093.24,153323945.79
PT BRI Manajemen Investasi,"BANK BUKOPIN - CUSTODY, Tbk, PT",REKSA DANA DANAREKSA SERUNI PASAR UANG VI,Money Market Fund,IDR,0,0
"Eastspring Investments Indonesia, PT",STANDARD CHARTERED BANK - CUSTODY,REKSA DANA EASTSPRING IDR FIXED INCOME,Fixed Income Fund,IDR,0,0
"Eastspring Investments Indonesia, PT",STANDARD CHARTERED BANK - CUSTODY,REKSA DANA EASTSPRING IDR FIXED INCOME FUND KELAS A,Fixed Income Fund,IDR,312206014007.85,172082587.48
"Eastspring Investments Indonesia, PT",STANDARD CHARTERED BANK - CUSTODY,REKSA DANA EASTSPRING IDR FIXED INCOME FUND KELAS B,Fixed Income Fund,IDR,5234603292747.84,3645018855.72
"Eastspring Investments Indonesia, PT",STANDARD CHARTERED BANK - CUSTODY,REKSA DANA EASTSPRING IDR FIXED INCOME FUND KELAS C,Fixed Income Fund,IDR,59878569483.74,56476261.61
"Eastspring Investments Indonesia, PT",STANDARD CHARTERED BANK - CUSTODY,REKSA DANA EASTSPRING INVESTMENTS CASH RESERVE,Money Market Fund,IDR,0,0
"Eastspring Investments Indonesia, PT",STANDARD CHARTERED BANK - CUSTODY,REKSA DANA EASTSPRING INVESTMENTS CASH RESERVE KELAS A,Money Market Fund,IDR,25268125316.71,14697564.75
"Eastspring Investments Indonesia, PT",STANDARD CHARTERED BANK - CUSTODY,REKSA DANA EASTSPRING INVESTMENTS CASH RESERVE KELAS B,Money Market Fund,IDR,0,0
"Eastspring Investments Indonesia, PT",STANDARD CHARTERED BANK - CUSTODY,REKSA DANA EASTSPRING INVESTMENTS IDR HIGH GRADE,Fixed Income Fund,IDR,0,0
"Eastspring Investments Indonesia, PT",STANDARD CHARTERED BANK - CUSTODY,REKSA DANA EASTSPRING INVESTMENTS IDR HIGH GRADE KELAS A,Fixed Income Fund,IDR,1927230642605.5,1153113405.9
"Eastspring Investments Indonesia, PT",STANDARD CHARTERED BANK - CUSTODY,REKSA DANA EASTSPRING INVESTMENTS IDR HIGH GRADE KELAS B,Fixed Income Fund,IDR,0,0
"Eastspring Investments Indonesia, PT",STANDARD CHARTERED BANK - CUSTODY,REKSA DANA EASTSPRING INVESTMENTS VALUE DISCOVERY,Equity Fund,IDR,0,0
"Eastspring Investments Indonesia, PT",STANDARD CHARTERED BANK - CUSTODY,REKSA DANA EASTSPRING INVESTMENTS VALUE DISCOVERY KELAS A,Equity Fund,IDR,260643596061.38,219617684.43
"Eastspring Investments Indonesia, PT",STANDARD CHARTERED BANK - CUSTODY,REKSA DANA EASTSPRING INVESTMENTS VALUE DISCOVERY KELAS B,Equity Fund,IDR,0,0
"Eastspring Investments Indonesia, PT",STANDARD CHARTERED BANK - CUSTODY,REKSA DANA EASTSPRING INVESTMENTS VALUE DISCOVERY KELAS C,Equity Fund,IDR,85771034521.49,100000000
"Eastspring Investments Indonesia, PT",STANDARD CHARTERED BANK - CUSTODY,REKSA DANA EASTSPRING INVESTMENTS YIELD DISCOVERY,Fixed Income Fund,IDR,0,0
"Eastspring Investments Indonesia, PT",STANDARD CHARTERED BANK - CUSTODY,REKSA DANA EASTSPRING INVESTMENTS YIELD DISCOVERY KELAS A,Fixed Income Fund,IDR,86681802066.02,52929565.22
"Eastspring Investments Indonesia, PT",STANDARD CHARTERED BANK - CUSTODY,REKSA DANA EASTSPRING INVESTMENTS YIELD DISCOVERY KELAS B,Fixed Income Fund,IDR,0,0
"Eastspring Investments Indonesia, PT",STANDARD CHARTERED BANK - CUSTODY,REKSA DANA EASTSPRING INVESTMENTS YIELD DISCOVERY KELAS C,Fixed Income Fund,IDR,0,0
"Emco Asset Management, PT","BANK CIMB NIAGA - CUSTODY, Tbk, PT",REKSA DANA EMCO GROWTH FUND,Equity Fund,IDR,34145624848.11,519487733.28
"Emco Asset Management, PT","BANK CIMB NIAGA - CUSTODY, Tbk, PT",REKSA DANA EMCO MANTAP,Equity Fund,IDR,38059944011.73,138925749.13
"Insight Investments Management, PT","BANK CIMB NIAGA - CUSTODY, Tbk, PT",REKSA DANA FIXED INCOME INSIGHT TRIM GOLF PRO ACCELERATION FUND I GOLF,Fixed Income Fund,IDR,0,0
"Insight Investments Management, PT","BANK CIMB NIAGA - CUSTODY, Tbk, PT",REKSA DANA FIXED INCOME INSIGHT TRIM GOLF PRO ACCELERATION FUND I GOLF KELAS A,Fixed Income Fund,IDR,172882019.74,169583.11
"Insight Investments Management, PT","BANK CIMB NIAGA - CUSTODY, Tbk, PT",REKSA DANA FIXED INCOME INSIGHT TRIM GOLF PRO ACCELERATION FUND I GOLF KELAS B,Fixed Income Fund,IDR,6306510511.46,6042741
"Foster Asset Management, PT",PT KEB Hana Bank Indonesia,REKSA DANA FOSTER BALANCED FUND,Mixed Asset Fund,IDR,10264803934.05,10002493.32
"Foster Asset Management, PT","BANK DANAMON INDONESIA - CUSTODY, Tbk, PT",REKSA DANA FOSTER EQUITY FUND,Equity Fund,IDR,263702807784.29,358890651.16
"Foster Asset Management, PT","BANK DANAMON INDONESIA - CUSTODY, Tbk, PT",Reksa Dana Foster Fixed Income,Fixed Income Fund,IDR,10808285360.93,7871946.28
"GAP Capital, PT","BANK DANAMON INDONESIA - CUSTODY, Tbk, PT",Reksa Dana GAP Balance Maxi Fund,Mixed Asset Fund,IDR,17318834787.39,19002020.18
"GAP Capital, PT",PT Bank Maybank Indonesia Tbk,REKSA DANA GAP DANA KOMBINASI,Mixed Asset Fund,IDR,56994937954.41,47323723.36
"GAP Capital, PT","BANK DANAMON INDONESIA - CUSTODY, Tbk, PT",REKSA DANA GAP EQUITY AGGRESSIVE FUND,Equity Fund,IDR,11096629794.51,13139675.86
"GAP Capital, PT",PT Bank Maybank Indonesia Tbk,REKSA DANA GAP EQUITY FOCUS FUND,Equity Fund,IDR,0,0
"Intru Nusantara, PT","BANK DANAMON INDONESIA - CUSTODY, Tbk, PT",REKSA DANA GARUDA SATU,Mixed Asset Fund,IDR,75582539684.19,13633113.28
"Gemilang Indonesia Manajemen Investasi, PT","BANK MEGA - CUSTODY, Tbk, PT",REKSA DANA GEMILANG DANA SAHAM INDONESIA,Equity Fund,IDR,162808281505.77,306340069.63
"Gemilang Indonesia Manajemen Investasi, PT","BANK MEGA - CUSTODY, Tbk, PT",REKSA DANA GEMILANG SOLTICE INDONESIA CAMPURAN,Mixed Asset Fund,IDR,0,0
PT Grow Investments Indonesia,STANDARD CHARTERED BANK - CUSTODY,REKSA DANA GROW DANA OPTIMA KAS UTAMA,Money Market Fund,IDR,121382956457.73,116699369.33
PT Grow Investments Indonesia,STANDARD CHARTERED BANK - CUSTODY,REKSA DANA GROW OBLIGASI OPTIMA DINAMIS,Fixed Income Fund,IDR,0,0
PT Grow Investments Indonesia,STANDARD CHARTERED BANK - CUSTODY,REKSA DANA GROW OBLIGASI OPTIMA DINAMIS KELAS M,Fixed Income Fund,IDR,1044249.88,1016.64
PT Grow Investments Indonesia,STANDARD CHARTERED BANK - CUSTODY,REKSA DANA GROW OBLIGASI OPTIMA DINAMIS KELAS O,Fixed Income Fund,IDR,74920803627.14,71678361.91
PT Grow Investments Indonesia,STANDARD CHARTERED BANK - CUSTODY,REKSA DANA GROW OBLIGASI OPTIMA DINAMIS KELAS Q,Fixed Income Fund,IDR,4144743.17,3994.46
PT Grow Investments Indonesia,"BANK PERMATA - CUSTODY, Tbk, PT",REKSA DANA GROW OPTIMA LIQUID FUND,Money Market Fund,IDR,55558858683.22,54948264.95
PT Grow Investments Indonesia,PT Bank HSBC Indonesia,REKSA DANA GROW SAHAM INDONESIA PLUS,Equity Fund,IDR,0,0
PT Grow Investments Indonesia,PT Bank HSBC Indonesia,REKSA DANA GROW SAHAM INDONESIA PLUS KELAS A,Equity Fund,IDR,0,0
PT Grow Investments Indonesia,PT Bank HSBC Indonesia,REKSA DANA GROW SAHAM INDONESIA PLUS KELAS O,Equity Fund,IDR,48095818952.15,47566865.79
"Henan Putihrai Asset Management, PT",STANDARD CHARTERED BANK - CUSTODY,REKSA DANA HENAN ULTIMA MONEY MARKET,Money Market Fund,IDR,662341845161.5,399318542.28
"Henan Putihrai Asset Management, PT","BANK PERMATA - CUSTODY, Tbk, PT",REKSA DANA HENAN ULTIMA OBLIGASI PLUS,Fixed Income Fund,IDR,2461179740664.71,1426763472.47
"Henan Putihrai Asset Management, PT","BANK BUKOPIN - CUSTODY, Tbk, PT",REKSA DANA HPAM AJAIB MONEY MARKET FUND,Money Market Fund,IDR,11945305302.01,9656550.13
"Henan Putihrai Asset Management, PT",STANDARD CHARTERED BANK - CUSTODY,REKSA DANA HPAM BALANCED FUND,Mixed Asset Fund,IDR,0,0
"Henan Putihrai Asset Management, PT",STANDARD CHARTERED BANK - CUSTODY,REKSA DANA HPAM BALANCED FUND KELAS A,Mixed Asset Fund,IDR,240452394233.42,193519600.95
"Henan Putihrai Asset Management, PT",STANDARD CHARTERED BANK - CUSTODY,REKSA DANA HPAM BALANCED FUND KELAS B,Mixed Asset Fund,IDR,216522627790.33,197043191.43
"Henan Putihrai Asset Management, PT",STANDARD CHARTERED BANK - CUSTODY,REKSA DANA HPAM BALANCED FUND KELAS C,Mixed Asset Fund,IDR,23472342469.49,20000000
"Henan Putihrai Asset Management, PT","BANK RAKYAT INDONESIA (PERSERO) - CUSTODY, Tbk, PT",REKSA DANA HPAM FLEXI INDONESIA SEHAT,Mixed Asset Fund,IDR,0,0
"Henan Putihrai Asset Management, PT","BANK RAKYAT INDONESIA (PERSERO) - CUSTODY, Tbk, PT",REKSA DANA HPAM FLEXI INDONESIA SEHAT KELAS A,Mixed Asset Fund,IDR,68281735061.31,30559667.42
"Henan Putihrai Asset Management, PT","BANK RAKYAT INDONESIA (PERSERO) - CUSTODY, Tbk, PT",REKSA DANA HPAM FLEXI INDONESIA SEHAT KELAS B,Mixed Asset Fund,IDR,2107413021.44,1870985.78
"Henan Putihrai Asset Management, PT","BANK RAKYAT INDONESIA (PERSERO) - CUSTODY, Tbk, PT",REKSA DANA HPAM FLEXI INDONESIA SEHAT KELAS C,Mixed Asset Fund,IDR,0,0
"Henan Putihrai Asset Management, PT","BANK RAKYAT INDONESIA (PERSERO) - CUSTODY, Tbk, PT",REKSA DANA HPAM FLEXI INDONESIA SEHAT KELAS D,Mixed Asset Fund,IDR,0,0
"Henan Putihrai Asset Management, PT","BANK RAKYAT INDONESIA (PERSERO) - CUSTODY, Tbk, PT",REKSA DANA HPAM FLEXI INDONESIA SEHAT KELAS E,Mixed Asset Fund,IDR,12482528297.64,10000000
"Henan Putihrai Asset Management, PT","BANK MANDIRI (PERSERO) - CUSTODY, Tbk, PT",REKSA DANA HPAM GOVERNMENT BOND,Fixed Income Fund,IDR,22518150458.02,13492433.81
"Henan Putihrai Asset Management, PT","BANK RAKYAT INDONESIA (PERSERO) - CUSTODY, Tbk, PT",REKSA DANA HPAM INVESTA EKUITAS STRATEGIS,Equity Fund,IDR,19892582,0
"Henan Putihrai Asset Management, PT","BANK RAKYAT INDONESIA (PERSERO) - CUSTODY, Tbk, PT",REKSA DANA HPAM PENDAPATAN TETAP PRIMA,Fixed Income Fund,IDR,536190585364.1,498121816.7
"Henan Putihrai Asset Management, PT","BANK RAKYAT INDONESIA (PERSERO) - CUSTODY, Tbk, PT",REKSA DANA HPAM PREMIUM 1,Mixed Asset Fund,IDR,26054055406.94,12375455.76
"Henan Putihrai Asset Management, PT","BANK MEGA - CUSTODY, Tbk, PT",REKSA DANA HPAM PREMIUM 2,Mixed Asset Fund,IDR,151577691340.65,119678363.65
"Henan Putihrai Asset Management, PT","BANK MEGA - CUSTODY, Tbk, PT",REKSA DANA HPAM SAHAM DINAMIS,Equity Fund,IDR,9764028757.06,7875728.78
"Henan Putihrai Asset Management, PT","BANK RAKYAT INDONESIA (PERSERO) - CUSTODY, Tbk, PT",REKSA DANA HPAM SMART BETA EKUITAS,Equity Fund,IDR,1221089719888.13,688601643.52
"Henan Putihrai Asset Management, PT","BANK RAKYAT INDONESIA (PERSERO) - CUSTODY, Tbk, PT",REKSA DANA HPAM SYARIAH EKUITAS,Equity Fund,IDR,515978527092.42,485682245.59
"Henan Putihrai Asset Management, PT",STANDARD CHARTERED BANK - CUSTODY,REKSA DANA HPAM TACTICAL EQUITY,Equity Fund,IDR,54073087989.49,32528502.57
"Henan Putihrai Asset Management, PT","BANK MEGA - CUSTODY, Tbk, PT",REKSA DANA HPAM ULTIMA BALANCE,Mixed Asset Fund,IDR,11361026953.69,6732277.65
"Henan Putihrai Asset Management, PT","BANK RAKYAT INDONESIA (PERSERO) - CUSTODY, Tbk, PT",REKSA DANA HPAM ULTIMA EKUITAS 1,Equity Fund,IDR,912809691803.91,275903104.18
"Indoasia Aset Manajemen, PT","BANK CENTRAL ASIA - CUSTODY, Tbk, PT",REKSA DANA I AM BUMN BALANCED PLUS FUND,Mixed Asset Fund,IDR,15283075668.52,13618989.76
"Indoasia Aset Manajemen, PT","BANK CENTRAL ASIA - CUSTODY, Tbk, PT",REKSA DANA I AM EQUITY FUND,Equity Fund,IDR,12653517880.91,17884693.69
PT Ina Manajemen Investasi,"BANK CENTRAL ASIA - CUSTODY, Tbk, PT",REKSA DANA INAMI BALANCED FUND,Mixed Asset Fund,IDR,2049358116.69,1192605.43
PT Ina Manajemen Investasi,"BANK CENTRAL ASIA - CUSTODY, Tbk, PT",REKSA DANA INAMI BOND FUND,Fixed Income Fund,IDR,95458133.06,43911.33
PT Ina Manajemen Investasi,"BANK PERMATA - CUSTODY, Tbk, PT",REKSA DANA INAMI BUMN CAMPURAN,Mixed Asset Fund,IDR,6050079132.23,2455169.33
PT Ina Manajemen Investasi,"BANK CENTRAL ASIA - CUSTODY, Tbk, PT",REKSA DANA INAMI EQUITY FUND,Equity Fund,IDR,7607055016.45,4793161.25
PT Ina Manajemen Investasi,"BANK CENTRAL ASIA - CUSTODY, Tbk, PT",REKSA DANA INAMI INDAH PENDAPATAN TETAP NUSANTARA,Fixed Income Fund,IDR,10213678136.11,3155619.08
PT Ina Manajemen Investasi,PT Bank HSBC Indonesia,REKSA DANA INAMI KAS MANAJEMEN,Money Market Fund,IDR,353963085,209974.61
PT Ina Manajemen Investasi,"BANK CENTRAL ASIA - CUSTODY, Tbk, PT",REKSA DANA INAMI MONEY MARKET FUND,Money Market Fund,IDR,6121536157.62,3233767.48
PT Ina Manajemen Investasi,"BANK CENTRAL ASIA - CUSTODY, Tbk, PT",REKSA DANA INAMI OBLIGASI NEGARA INDONESIA,Fixed Income Fund,IDR,0,0
PT Ina Manajemen Investasi,"BANK CENTRAL ASIA - CUSTODY, Tbk, PT",REKSA DANA INAMI SAHAM PEMBANGUNAN,Equity Fund,IDR,0.01,0
PT Ina Manajemen Investasi,"BANK CENTRAL ASIA - CUSTODY, Tbk, PT",REKSA DANA INAMI TRACKER OBLIGASI NUSANTARA,Fixed Income Fund,IDR,10878540722.75,3691683.44
"Allianz Global Investors Asset Management Indonesia, PT",PT Bank HSBC Indonesia,REKSA DANA INDEKS ALLIANZ SRI KEHATI INDEX FUND,Index Fund,IDR,88881836317,88848619.34
"PT Ashmore Asset Management Indonesia, Tbk",PT Bank HSBC Indonesia,REKSA DANA INDEKS ASHMORE IDX 30 EQUITY FUND,Index Fund,IDR,15660839682,18074904.84
"Avrist Asset Management, PT",STANDARD CHARTERED BANK - CUSTODY,REKSA DANA INDEKS AVRIST IDX30,Index Fund,IDR,129715322874.46,148688001.77
"Avrist Asset Management, PT","BANK DBS INDONESIA - CUSTODY, PT",REKSA DANA INDEKS AVRIST INDEKS LQ45,Index Fund,IDR,1835325082,2085357.39
"Bahana TCW Investment Management, PT","BANK CENTRAL ASIA - CUSTODY, Tbk, PT",REKSA DANA INDEKS BAHANA ETF BISNIS 27,Exchanged Traded Fund,IDR,1517620556365.61,2686900000
"Bahana TCW Investment Management, PT","BANK DBS INDONESIA - CUSTODY, PT",REKSA DANA INDEKS BAHANA ETF PEFINDO I GRADE,Exchanged Traded Fund,IDR,2793167447,4600000
"Bahana TCW Investment Management, PT","BANK CENTRAL ASIA - CUSTODY, Tbk, PT",REKSA DANA INDEKS BAHANA INDEKS IBPA 35,Index Fund,IDR,0,0
"Bahana TCW Investment Management, PT","BANK CENTRAL ASIA - CUSTODY, Tbk, PT",REKSA DANA INDEKS BAHANA INDEKS IBPA 35 KELAS G,Index Fund,IDR,105800987823.27,101106353.79
"Bahana TCW Investment Management, PT","BANK CENTRAL ASIA - CUSTODY, Tbk, PT",REKSA DANA INDEKS BAHANA INDEKS IBPA 35 KELAS I,Index Fund,IDR,0,0
"Bahana TCW Investment Management, PT",STANDARD CHARTERED BANK - CUSTODY,REKSA DANA INDEKS BAHANA INDEKS IDX30,Index Fund,IDR,0,0
"Bahana TCW Investment Management, PT",STANDARD CHARTERED BANK - CUSTODY,REKSA DANA INDEKS BAHANA INDEKS IDX30 KELAS G,Index Fund,IDR,71155248874.53,74150993.55
"Bahana TCW Investment Management, PT",STANDARD CHARTERED BANK - CUSTODY,REKSA DANA INDEKS BAHANA INDEKS IDX30 KELAS S,Index Fund,IDR,0,0
"Batavia Prosperindo Aset Manajemen, PT",DEUTSCHE BANK A. G. - CUSTODY,REKSA DANA INDEKS BATAVIA IDX30 ETF,Exchanged Traded Fund,IDR,17571387924.08,34900000
"Batavia Prosperindo Aset Manajemen, PT",PT Bank HSBC Indonesia,REKSA DANA INDEKS BATAVIA INDEX IDX PEFINDO PRIME BANK,Index Fund,IDR,627403855578,662474575.97
"Batavia Prosperindo Aset Manajemen, PT",PT Bank HSBC Indonesia,REKSA DANA INDEKS BATAVIA INDEX PEFINDO I GRADE,Index Fund,IDR,117766366272,125831847.96
"Batavia Prosperindo Aset Manajemen, PT",DEUTSCHE BANK A. G. - CUSTODY,REKSA DANA INDEKS BATAVIA SRI KEHATI ETF,Exchanged Traded Fund,IDR,765159329839.71,1784200000
"BNI Asset Management, PT","BANK CENTRAL ASIA - CUSTODY, Tbk, PT",REKSA DANA INDEKS BNI AM ETF MSCI INDONESIA SELECTION,Exchanged Traded Fund,IDR,10124349965.66,9400000
"BNI Asset Management, PT",STANDARD CHARTERED BANK - CUSTODY,REKSA DANA INDEKS BNI AM IDX HIGH DIVIDEND 20,Index Fund,IDR,0,0
"BNI Asset Management, PT",STANDARD CHARTERED BANK - CUSTODY,REKSA DANA INDEKS BNI AM IDX HIGH DIVIDEND 20 KELAS I1,Index Fund,IDR,0,0
"BNI Asset Management, PT",STANDARD CHARTERED BANK - CUSTODY,REKSA DANA INDEKS BNI AM IDX HIGH DIVIDEND 20 KELAS I2,Index Fund,IDR,0,0
"BNI Asset Management, PT",STANDARD CHARTERED BANK - CUSTODY,REKSA DANA INDEKS BNI AM IDX HIGH DIVIDEND 20 KELAS R1,Index Fund,IDR,42654253890.15,43699155.16
"BNI Asset Management, PT",STANDARD CHARTERED BANK - CUSTODY,REKSA DANA INDEKS BNI AM IDX PEFINDO PRIME BANK,Index Fund,IDR,0,0
"BNI Asset Management, PT",STANDARD CHARTERED BANK - CUSTODY,REKSA DANA INDEKS BNI AM IDX PEFINDO PRIME BANK KELAS I1,Index Fund,IDR,0,0
"BNI Asset Management, PT",STANDARD CHARTERED BANK - CUSTODY,REKSA DANA INDEKS BNI AM IDX PEFINDO PRIME BANK KELAS I2,Index Fund,IDR,31921210650.66,42007281.68
"BNI Asset Management, PT",STANDARD CHARTERED BANK - CUSTODY,REKSA DANA INDEKS BNI AM IDX PEFINDO PRIME BANK KELAS R1,Index Fund,IDR,71172109063.35,92697324.17
"BNI Asset Management, PT",STANDARD CHARTERED BANK - CUSTODY,REKSA DANA INDEKS BNI AM INDEKS IDX GROWTH30,Index Fund,IDR,0,0
"BNI Asset Management, PT",STANDARD CHARTERED BANK - CUSTODY,REKSA DANA INDEKS BNI AM INDEKS IDX GROWTH30 KELAS I1,Index Fund,IDR,41615974030.95,39719978.44
"BNI Asset Management, PT",STANDARD CHARTERED BANK - CUSTODY,REKSA DANA INDEKS BNI AM INDEKS IDX GROWTH30 KELAS I2,Index Fund,IDR,0,0
"BNI Asset Management, PT",STANDARD CHARTERED BANK - CUSTODY,REKSA DANA INDEKS BNI AM INDEKS IDX GROWTH30 KELAS R1,Index Fund,IDR,2071950832.97,1962504.61
"BNI Asset Management, PT",STANDARD CHARTERED BANK - CUSTODY,REKSA DANA INDEKS BNI AM INDEKS IDX30,Index Fund,IDR,1068860449401.2,1420383210.91
"BNI Asset Management, PT","BANK CENTRAL ASIA - CUSTODY, Tbk, PT",REKSA DANA INDEKS BNI AM NUSANTARA ETF MSCI INDONESIA EQUITY INDEX,Exchanged Traded Fund,IDR,0,0
"BNI Asset Management, PT",STANDARD CHARTERED BANK - CUSTODY,REKSA DANA INDEKS BNI AM PEFINDO I GRADE,Index Fund,IDR,0,0
"BNI Asset Management, PT",STANDARD CHARTERED BANK - CUSTODY,REKSA DANA INDEKS BNI AM PEFINDO I GRADE Kelas I1,Index Fund,IDR,0,0
"BNI Asset Management, PT",STANDARD CHARTERED BANK - CUSTODY,REKSA DANA INDEKS BNI AM PEFINDO I GRADE Kelas I2,Index Fund,IDR,5202991013.88,6000000
"BNI Asset Management, PT",STANDARD CHARTERED BANK - CUSTODY,REKSA DANA INDEKS BNI AM PEFINDO I GRADE KELAS R1,Index Fund,IDR,1635478300.11,1869013.7
"BNI Asset Management, PT",STANDARD CHARTERED BANK - CUSTODY,REKSA DANA INDEKS BNI AM SHORT DURATION BONDS INDEX,Index Fund,IDR,0,0
"BNI Asset Management, PT",STANDARD CHARTERED BANK - CUSTODY,REKSA DANA INDEKS BNI AM SHORT DURATION BONDS INDEX KELAS I1,Index Fund,IDR,27697073212.51,25719925.88
"BNI Asset Management, PT",STANDARD CHARTERED BANK - CUSTODY,REKSA DANA INDEKS BNI AM SHORT DURATION BONDS INDEX KELAS R1,Index Fund,IDR,90523543620.98,82823740.28
"BNI Asset Management, PT",STANDARD CHARTERED BANK - CUSTODY,REKSA DANA INDEKS BNI AM SRI KEHATI,Index Fund,IDR,0,0
"BNI Asset Management, PT",STANDARD CHARTERED BANK - CUSTODY,REKSA DANA INDEKS BNI AM SRI KEHATI KELAS I1,Index Fund,IDR,0,0
"BNI Asset Management, PT",STANDARD CHARTERED BANK - CUSTODY,REKSA DANA INDEKS BNI AM SRI KEHATI KELAS I2,Index Fund,IDR,23583614214.07,27000000
"BNI Asset Management, PT",STANDARD CHARTERED BANK - CUSTODY,REKSA DANA INDEKS BNI AM SRI KEHATI KELAS R1,Index Fund,IDR,85162917781.57,99763082.27
"BNP Paribas Asset Management, PT","BANK MANDIRI (PERSERO) - CUSTODY, Tbk, PT",REKSA DANA INDEKS BNP PARIBAS IDX GROWTH30,Index Fund,IDR,363844161409.5,347524054.49
"BNP Paribas Asset Management, PT","BANK CENTRAL ASIA - CUSTODY, Tbk, PT",REKSA DANA INDEKS BNP PARIBAS IDX GROWTH30 ETF,Exchanged Traded Fund,IDR,0,0
"BNP Paribas Asset Management, PT",DEUTSCHE BANK A. G. - CUSTODY,REKSA DANA INDEKS BNP PARIBAS IDX30,Index Fund,IDR,0,0
"BNP Paribas Asset Management, PT",CITIBANK N. A. - CUSTODY,REKSA DANA INDEKS BNP PARIBAS IDX30 FILANTROPI,Index Fund,IDR,199140586649.21,239869425.83
"BNP Paribas Asset Management, PT",DEUTSCHE BANK A. G. - CUSTODY,REKSA DANA INDEKS BNP PARIBAS IDX30 KELAS IK1,Index Fund,IDR,488309734725.22,529432099.42
"BNP Paribas Asset Management, PT",DEUTSCHE BANK A. G. - CUSTODY,REKSA DANA INDEKS BNP PARIBAS IDX30 KELAS RK1,Index Fund,IDR,12303495.48,13540.21
"BNP Paribas Asset Management, PT",DEUTSCHE BANK A. G. - CUSTODY,REKSA DANA INDEKS BNP PARIBAS SRI KEHATI,Index Fund,IDR,3128091105257.78,3094961677.22
PT BRI Manajemen Investasi,CITIBANK N. A. - CUSTODY,REKSA DANA INDEKS BRI INDEKS SYARIAH,Index Fund,IDR,43970853931.55,17851319.9
PT BRI Manajemen Investasi,STANDARD CHARTERED BANK - CUSTODY,REKSA DANA INDEKS BRI MSCI INDONESIA ESG SCREENED,Index Fund,IDR,0,0
PT BRI Manajemen Investasi,STANDARD CHARTERED BANK - CUSTODY,REKSA DANA INDEKS BRI MSCI INDONESIA ESG SCREENED KELAS A,Index Fund,IDR,62133798705.04,68935094.28
PT BRI Manajemen Investasi,STANDARD CHARTERED BANK - CUSTODY,REKSA DANA INDEKS BRI MSCI INDONESIA ESG SCREENED KELAS B,Index Fund,IDR,41598000842.64,49007887.47
PT BRI Manajemen Investasi,STANDARD CHARTERED BANK - CUSTODY,REKSA DANA INDEKS BRI MSCI INDONESIA ESG SCREENED KELAS C,Index Fund,IDR,0,0
"Capital Asset Management, PT",PT KEB Hana Bank Indonesia,REKSA DANA INDEKS CAPITAL ETF IDX ESG LEADERS,Exchanged Traded Fund,IDR,10331642270.72,101700000
"Ciptadana Asset Management, PT","BANK CENTRAL ASIA - CUSTODY, Tbk, PT",REKSA DANA INDEKS CIPTA ETF INDEX LQ45,Exchanged Traded Fund,IDR,10899441707.68,125900000
"Eastspring Investments Indonesia, PT","BANK DBS INDONESIA - CUSTODY, PT",REKSA DANA INDEKS EASTSPRING ESGQ45 IDX KEHATI,Index Fund,IDR,0,0
"Eastspring Investments Indonesia, PT","BANK DBS INDONESIA - CUSTODY, PT",REKSA DANA INDEKS EASTSPRING ESGQ45 IDX KEHATI KELAS A,Index Fund,IDR,44247769,41756.34
"Eastspring Investments Indonesia, PT","BANK DBS INDONESIA - CUSTODY, PT",REKSA DANA INDEKS EASTSPRING ESGQ45 IDX KEHATI KELAS B,Index Fund,IDR,0,0
"Eastspring Investments Indonesia, PT","BANK DBS INDONESIA - CUSTODY, PT",REKSA DANA INDEKS EASTSPRING ESGQ45 IDX KEHATI KELAS C,Index Fund,IDR,46066237138,48403360.89
"Eastspring Investments Indonesia, PT","BANK DBS INDONESIA - CUSTODY, PT",REKSA DANA INDEKS EASTSPRING ESGQ45 IDX KEHATI KELAS D,Index Fund,IDR,0,0
"Eastspring Investments Indonesia, PT",STANDARD CHARTERED BANK - CUSTODY,REKSA DANA INDEKS EASTSPRING IDX ESG LEADERS PLUS,Index Fund,IDR,0,0
"Eastspring Investments Indonesia, PT",STANDARD CHARTERED BANK - CUSTODY,REKSA DANA INDEKS EASTSPRING IDX ESG LEADERS PLUS KELAS A,Index Fund,IDR,131201693324.31,148056333.97
"Eastspring Investments Indonesia, PT",STANDARD CHARTERED BANK - CUSTODY,REKSA DANA INDEKS EASTSPRING IDX ESG LEADERS PLUS KELAS B,Index Fund,IDR,0,0
"Eastspring Investments Indonesia, PT",STANDARD CHARTERED BANK - CUSTODY,REKSA DANA INDEKS EASTSPRING IDX ESG LEADERS PLUS KELAS C,Index Fund,IDR,0,0
PT Grow Investments Indonesia,PT Bank HSBC Indonesia,REKSA DANA INDEKS GROW SRI KEHATI,Index Fund,IDR,0,0
PT Grow Investments Indonesia,PT Bank HSBC Indonesia,REKSA DANA INDEKS GROW SRI KEHATI KELAS A,Index Fund,IDR,0,0
PT Grow Investments Indonesia,PT Bank HSBC Indonesia,REKSA DANA INDEKS GROW SRI KEHATI KELAS O,Index Fund,IDR,141815491010,141354312.29
"Insight Investments Management, PT","BANK CENTRAL ASIA - CUSTODY, Tbk, PT",Reksa Dana Indeks Insight ETF FTSE Indonesia Low Volatility Factor Index,Exchanged Traded Fund,IDR,2288537334.92,19600000
"Insight Investments Management, PT","BANK CENTRAL ASIA - CUSTODY, Tbk, PT",REKSA DANA INDEKS INSIGHT INDEKS IDX30,Index Fund,IDR,0,0
"Insight Investments Management, PT","BANK DBS INDONESIA - CUSTODY, PT",REKSA DANA INDEKS INSIGHT SRI KEHATI LIKUID I SRI LIKUID,Index Fund,IDR,9702234797,9442128.29
"KISI ASSET MANAGEMENT, PT","BANK CENTRAL ASIA - CUSTODY, Tbk, PT",REKSA DANA INDEKS KISI IDX VALUE30 ETF,Exchanged Traded Fund,IDR,11583171479.16,20800000
"KISI ASSET MANAGEMENT, PT",PT KEB Hana Bank Indonesia,REKSA DANA INDEKS KISI IDX30 ETF,Exchanged Traded Fund,IDR,10956398246.27,11800000
"KISI ASSET MANAGEMENT, PT",PT KEB Hana Bank Indonesia,REKSA DANA INDEKS KISI MSCI INDONESIA ETF,Exchanged Traded Fund,IDR,181066118331.48,159200000
"Majoris Asset Management, PT","BANK CENTRAL ASIA - CUSTODY, Tbk, PT",REKSA DANA INDEKS MAJORIS PEFINDO I GRADE ETF INDONESIA,Exchanged Traded Fund,IDR,4272893762.87,20400000
"Mandiri Manajemen Investasi, PT",DEUTSCHE BANK A. G. - CUSTODY,REKSA DANA INDEKS MANDIRI ETF LQ45,Exchanged Traded Fund,IDR,10896697709.82,12500000
"Mandiri Manajemen Investasi, PT",DEUTSCHE BANK A. G. - CUSTODY,REKSA DANA INDEKS MANDIRI ETF SRI KEHATI,Exchanged Traded Fund,IDR,58725393144.33,158800000
"Mandiri Manajemen Investasi, PT",CITIBANK N. A. - CUSTODY,REKSA DANA INDEKS MANDIRI INDEKS FTSE INDONESIA ESG,Index Fund,IDR,0,0
"Mandiri Manajemen Investasi, PT",CITIBANK N. A. - CUSTODY,REKSA DANA INDEKS MANDIRI INDEKS FTSE INDONESIA ESG KELAS A,Index Fund,IDR,73440960703.68,78816627.16
"Mandiri Manajemen Investasi, PT",CITIBANK N. A. - CUSTODY,REKSA DANA INDEKS MANDIRI INDEKS FTSE INDONESIA ESG KELAS B,Index Fund,IDR,18161205279.1,19503250.48
"Maybank Asset Management, PT",DEUTSCHE BANK A. G. - CUSTODY,REKSA DANA INDEKS MAYBANK FINANCIAL INFOBANK15 INDEX FUND,Index Fund,IDR,0,0
"Maybank Asset Management, PT",DEUTSCHE BANK A. G. - CUSTODY,REKSA DANA INDEKS MAYBANK FINANCIAL INFOBANK15 INDEX FUND KELAS C,Index Fund,IDR,3042844240.89,3323450.4
"Maybank Asset Management, PT",DEUTSCHE BANK A. G. - CUSTODY,REKSA DANA INDEKS MAYBANK FINANCIAL INFOBANK15 INDEX FUND KELAS N,Index Fund,IDR,119480459156.79,150048351.39
"Nusadana Investama Indonesia, PT","BANK CENTRAL ASIA - CUSTODY, Tbk, PT",REKSA DANA INDEKS NUSADANA ETF IDX VALUE30,Exchanged Traded Fund,IDR,0,0
"Panin Asset Management, PT","BANK CENTRAL ASIA - CUSTODY, Tbk, PT",REKSA DANA INDEKS PANIN ETF IDX30 DINAMIS,Exchanged Traded Fund,IDR,17468618477.64,37700000
"Panin Asset Management, PT","BANK CENTRAL ASIA - CUSTODY, Tbk, PT",REKSA DANA INDEKS PANIN IDX30,Index Fund,IDR,0,0
"Panin Asset Management, PT","BANK CENTRAL ASIA - CUSTODY, Tbk, PT",REKSA DANA INDEKS PANIN IDX30 KELAS A,Index Fund,IDR,311787642154.21,364764247.95
"Panin Asset Management, PT","BANK CENTRAL ASIA - CUSTODY, Tbk, PT",REKSA DANA INDEKS PANIN IDX30 KELAS B,Index Fund,IDR,700244748025.59,835463113.93
"Panin Asset Management, PT","BANK CENTRAL ASIA - CUSTODY, Tbk, PT",REKSA DANA INDEKS PANIN IDX30 KELAS C,Index Fund,IDR,122793798557.2,149499850.27
"Panin Asset Management, PT","BANK CENTRAL ASIA - CUSTODY, Tbk, PT",REKSA DANA INDEKS PANIN SRI KEHATI,Index Fund,IDR,0,0
"Panin Asset Management, PT","BANK CENTRAL ASIA - CUSTODY, Tbk, PT",REKSA DANA INDEKS PANIN SRI KEHATI KELAS A,Index Fund,IDR,188361943538.8,221883834.01
"Panin Asset Management, PT","BANK CENTRAL ASIA - CUSTODY, Tbk, PT",REKSA DANA INDEKS PANIN SRI KEHATI KELAS B,Index Fund,IDR,342474946185.6,390651725.46
"Pinnacle Persada Investama, PT",DEUTSCHE BANK A. G. - CUSTODY,REKSA DANA INDEKS PINNACLE FTSE INDONESIA ETF,Exchanged Traded Fund,IDR,335751649823.36,609800000
"PNM Investment Management, PT",PT Bank Maybank Indonesia Tbk,REKSA DANA INDEKS PNM INDEKS INFOBANK15,Index Fund,IDR,15554729449.28,17808905.92
"Indo Premier Investment Management, PT",DEUTSCHE BANK A. G. - CUSTODY,REKSA DANA INDEKS PREMIER ETF FTSE INDONESIA ESG,Exchanged Traded Fund,IDR,36217828740.24,340800000
"Indo Premier Investment Management, PT",DEUTSCHE BANK A. G. - CUSTODY,REKSA DANA INDEKS PREMIER ETF IDX HIGH DIVIDEND 20,Exchanged Traded Fund,IDR,70806516166.07,116300000
"Indo Premier Investment Management, PT",DEUTSCHE BANK A. G. - CUSTODY,REKSA DANA INDEKS PREMIER ETF IDX PEFINDO PRIME BANK,Exchanged Traded Fund,IDR,16531158847.14,86300000
"Indo Premier Investment Management, PT",DEUTSCHE BANK A. G. - CUSTODY,REKSA DANA INDEKS PREMIER ETF INDEX IDX30,Exchanged Traded Fund,IDR,10357848711.98,21500000
"Indo Premier Investment Management, PT",DEUTSCHE BANK A. G. - CUSTODY,REKSA DANA INDEKS PREMIER ETF MSCI INDONESIA LARGE CAP,Exchanged Traded Fund,IDR,40871375664.02,166000000
"Indo Premier Investment Management, PT",DEUTSCHE BANK A. G. - CUSTODY,REKSA DANA INDEKS PREMIER ETF PEFINDO I GRADE,Exchanged Traded Fund,IDR,840454690078.97,3915900000
Principal Asset Management,DEUTSCHE BANK A. G. - CUSTODY,REKSA DANA INDEKS PRINCIPAL INDEX IDX30,Index Fund,IDR,0,0
Principal Asset Management,DEUTSCHE BANK A. G. - CUSTODY,REKSA DANA INDEKS PRINCIPAL INDEX IDX30 KELAS E,Index Fund,IDR,0,0
Principal Asset Management,DEUTSCHE BANK A. G. - CUSTODY,REKSA DANA INDEKS PRINCIPAL INDEX IDX30 KELAS O,Index Fund,IDR,55746360638.71,45711804.07
"Samuel Aset Manajemen, PT","BANK CENTRAL ASIA - CUSTODY, Tbk, PT",REKSA DANA INDEKS SAM ETF SRI KEHATI,Exchanged Traded Fund,IDR,11933107080.41,17900000
"Sequis Aset Manajemen, PT",STANDARD CHARTERED BANK - CUSTODY,REKSA DANA INDEKS SEQUIS EQUITY IDX30,Index Fund,IDR,11474538904.1,11914585.55
"Setiabudi Investment Management, PT",PT KEB Hana Bank Indonesia,REKSA DANA INDEKS SETIABUDI INDEKS INFOBANK15,Index Fund,IDR,10148715440.86,11526197.44
"Sinarmas Asset Management, PT","BANK CENTRAL ASIA - CUSTODY, Tbk, PT",REKSA DANA INDEKS SIMAS ETF IDX30,Exchanged Traded Fund,IDR,12479930149.01,125600000
"Sinarmas Asset Management, PT","BANK CIMB NIAGA - CUSTODY, Tbk, PT",Reksa Dana Indeks Simas Sri Kehati,Index Fund,IDR,41499104351.96,38911801.61
"Surya Timur Alam Raya Asset Management, PT","BANK DBS INDONESIA - CUSTODY, PT",REKSA DANA INDEKS STAR INFOBANK 15,Index Fund,IDR,0,0
"Surya Timur Alam Raya Asset Management, PT","BANK DBS INDONESIA - CUSTODY, PT",REKSA DANA INDEKS STAR INFOBANK 15 KELAS DANA,Index Fund,IDR,83996737,90543.48
"Surya Timur Alam Raya Asset Management, PT","BANK DBS INDONESIA - CUSTODY, PT",REKSA DANA INDEKS STAR INFOBANK 15 KELAS PRIORITAS,Index Fund,IDR,0,0
"Surya Timur Alam Raya Asset Management, PT","BANK DBS INDONESIA - CUSTODY, PT",REKSA DANA INDEKS STAR INFOBANK 15 KELAS PROFESIONAL,Index Fund,IDR,38104433907,46257664.82
"Surya Timur Alam Raya Asset Management, PT","BANK DBS INDONESIA - CUSTODY, PT",REKSA DANA INDEKS STAR INFOBANK 15 KELAS UTAMA,Index Fund,IDR,58473574429,67263545.12
"Sucorinvest Asset Management, PT",STANDARD CHARTERED BANK - CUSTODY,REKSA DANA INDEKS SUCORINVEST IDX30,Index Fund,IDR,24719438868.51,26398890.38
"Syailendra Capital, PT",DEUTSCHE BANK A. G. - CUSTODY,REKSA DANA INDEKS SYAILENDRA MSCI INDONESIA ESG UNIVERSAL INDEX,Index Fund,IDR,0,0
"Syailendra Capital, PT",DEUTSCHE BANK A. G. - CUSTODY,REKSA DANA INDEKS SYAILENDRA MSCI INDONESIA ESG UNIVERSAL INDEX KELAS A,Index Fund,IDR,18718511381.08,22607811.7
"Syailendra Capital, PT",DEUTSCHE BANK A. G. - CUSTODY,REKSA DANA INDEKS SYAILENDRA MSCI INDONESIA ESG UNIVERSAL INDEX KELAS B,Index Fund,IDR,84266609164.95,100000000
"Syailendra Capital, PT",STANDARD CHARTERED BANK - CUSTODY,REKSA DANA INDEKS SYAILENDRA MSCI INDONESIA VALUE INDEX FUND,Index Fund,IDR,0,0
"Syailendra Capital, PT",STANDARD CHARTERED BANK - CUSTODY,REKSA DANA INDEKS SYAILENDRA MSCI INDONESIA VALUE INDEX FUND KELAS A,Index Fund,IDR,694677252241.03,696859651.73
"Syailendra Capital, PT",STANDARD CHARTERED BANK - CUSTODY,REKSA DANA INDEKS SYAILENDRA MSCI INDONESIA VALUE INDEX FUND KELAS B,Index Fund,IDR,0,0
"Syailendra Capital, PT","BANK CENTRAL ASIA - CUSTODY, Tbk, PT",REKSA DANA INDEKS SYAILENDRA SRI KEHATI,Index Fund,IDR,479933190359.41,551960462.05
"Trimegah Asset Management, PT","BANK CENTRAL ASIA - CUSTODY, Tbk, PT",REKSA DANA INDEKS TRIMEGAH FTSE INDONESIA LOW VOLATILITY FACTOR INDEX,Index Fund,IDR,41445712063.87,39123991.91
"Trimegah Asset Management, PT","BANK DBS INDONESIA - CUSTODY, PT",REKSA DANA INDEKS TRIMEGAH FTSE4GOOD INDONESIA INDEX,Index Fund,IDR,0,0
"Trimegah Asset Management, PT","BANK DBS INDONESIA - CUSTODY, PT",REKSA DANA INDEKS TRIMEGAH FTSE4GOOD INDONESIA INDEX KELAS A,Index Fund,IDR,0,0
"Trimegah Asset Management, PT","BANK DBS INDONESIA - CUSTODY, PT",REKSA DANA INDEKS TRIMEGAH FTSE4GOOD INDONESIA INDEX KELAS B,Index Fund,IDR,0,0
"Trimegah Asset Management, PT","BANK DBS INDONESIA - CUSTODY, PT",REKSA DANA INDEKS TRIMEGAH FTSE4GOOD INDONESIA INDEX KELAS M,Index Fund,IDR,29008387976,31462420.69
"UOB Asset Management Indonesia, PT","BANK CENTRAL ASIA - CUSTODY, Tbk, PT",REKSA DANA INDEKS UOBAM INDEKS BISNIS 27,Index Fund,IDR,113716140408.26,88400065.71
"Insight Investments Management, PT","BANK RAKYAT INDONESIA (PERSERO) - CUSTODY, Tbk, PT",REKSA DANA INSIGHT BENEFIT BALANCED FUND,Mixed Asset Fund,IDR,674360040814.86,663472165.16
"Insight Investments Management, PT","BANK NEGARA INDONESIA (PERSERO) - CUSTODY, Tbk, PT",REKSA DANA INSIGHT BHINNEKA BALANCED FUND,Mixed Asset Fund,IDR,368168900336.24,389525505.46
"Insight Investments Management, PT","BANK NEGARA INDONESIA (PERSERO) - CUSTODY, Tbk, PT",REKSA DANA INSIGHT BRIGHT,Mixed Asset Fund,IDR,60228707919.96,35874633.79
"Insight Investments Management, PT","BANK NEGARA INDONESIA (PERSERO) - CUSTODY, Tbk, PT",REKSA DANA INSIGHT COMMUNITY DEVELOPMENT 2,Mixed Asset Fund,IDR,86500498405.76,60875482.85
"Insight Investments Management, PT","BANK NEGARA INDONESIA (PERSERO) - CUSTODY, Tbk, PT",REKSA DANA INSIGHT FELLOWSHIP,Mixed Asset Fund,IDR,55292656925.15,45211578.05
"Insight Investments Management, PT","BANK NEGARA INDONESIA (PERSERO) - CUSTODY, Tbk, PT",REKSA DANA INSIGHT GENERATE BALANCED FUND,Mixed Asset Fund,IDR,172018265627.97,162585515.48
"Insight Investments Management, PT","BANK MANDIRI (PERSERO) - CUSTODY, Tbk, PT",REKSA DANA INSIGHT GOVERNMENT FUND,Fixed Income Fund,IDR,131332072449.99,95585044.48
"Insight Investments Management, PT","BANK NEGARA INDONESIA (PERSERO) - CUSTODY, Tbk, PT",REKSA DANA INSIGHT GREEN,Mixed Asset Fund,IDR,68839406921.58,63140690.32
"Insight Investments Management, PT","BANK RAKYAT INDONESIA (PERSERO) - CUSTODY, Tbk, PT",REKSA DANA INSIGHT GROWTH BALANCED FUND,Mixed Asset Fund,IDR,44461812910.17,40001690.75
"Insight Investments Management, PT","BANK MEGA - CUSTODY, Tbk, PT",REKSA DANA INSIGHT INFRA DEVELOPMENT IINFRA,Fixed Income Fund,IDR,615768873096.95,483858297.74
"Insight Investments Management, PT","BANK NEGARA INDONESIA (PERSERO) - CUSTODY, Tbk, PT",REKSA DANA INSIGHT PLAN,Mixed Asset Fund,IDR,0,0
"Insight Investments Management, PT","BANK CIMB NIAGA - CUSTODY, Tbk, PT",Reksa Dana Insight Prime Fixed Income Fund,Fixed Income Fund,IDR,19418629988.3,13880551.19
"Insight Investments Management, PT","BANK NEGARA INDONESIA (PERSERO) - CUSTODY, Tbk, PT",REKSA DANA INSIGHT RENEWABLE ENERGY FUND,Fixed Income Fund,IDR,1226822018026.62,510015276.36
"Insight Investments Management, PT","BANK CIMB NIAGA - CUSTODY, Tbk, PT",Reksa Dana Insight Retail Cash Fund,Money Market Fund,IDR,7153854746.72,4369361.63
"Insight Investments Management, PT","BANK NEGARA INDONESIA (PERSERO) - CUSTODY, Tbk, PT",REKSA DANA INSIGHT TUNAS BANGSA BALANCED FUND 2 I NEXT G 2,Mixed Asset Fund,IDR,865986955956.79,996696322.84
"Insight Investments Management, PT","BANK NEGARA INDONESIA (PERSERO) - CUSTODY, Tbk, PT",REKSA DANA INSIGHT TUNAS BANGSA I NEXT G,Mixed Asset Fund,IDR,993083133888.4,943077047.94
"Insight Investments Management, PT","BANK NEGARA INDONESIA (PERSERO) - CUSTODY, Tbk, PT",REKSA DANA INSIGHT WEALTH,Equity Fund,IDR,52997084570.94,59409918
"Mandiri Manajemen Investasi, PT",STANDARD CHARTERED BANK - CUSTODY,REKSA DANA INVESTA DANA DOLLAR MANDIRI,Fixed Income Fund,USD,0,0
"Mandiri Manajemen Investasi, PT",STANDARD CHARTERED BANK - CUSTODY,REKSA DANA INVESTA DANA DOLLAR MANDIRI KELAS A,Fixed Income Fund,USD,201583725381.82,8169017.64
"Mandiri Manajemen Investasi, PT",STANDARD CHARTERED BANK - CUSTODY,REKSA DANA INVESTA DANA DOLLAR MANDIRI KELAS D,Fixed Income Fund,USD,1509454231.64,62958.51
"Jarvis Aset Manajemen, PT",DEUTSCHE BANK A. G. - CUSTODY,REKSA DANA JARVIS BALANCED FUND,Mixed Asset Fund,IDR,126558241234.96,75711254.85
"Jarvis Aset Manajemen, PT",DEUTSCHE BANK A. G. - CUSTODY,REKSA DANA JARVIS MONEY MARKET FUND,Money Market Fund,IDR,63237199235.45,49776504.5
"Jasa Capital Asset Management, PT","BANK MEGA - CUSTODY, Tbk, PT",REKSA DANA JASA CAPITAL CAMPURAN DINAMIS,Mixed Asset Fund,IDR,6727552239.38,9272238.65
"Jasa Capital Asset Management, PT","BANK MEGA - CUSTODY, Tbk, PT",REKSA DANA JASA CAPITAL CAMPURAN HARMONIS,Mixed Asset Fund,IDR,13678825970.06,15299203.06
"Jasa Capital Asset Management, PT","BANK MEGA - CUSTODY, Tbk, PT",REKSA DANA JASA CAPITAL PASAR UANG NUSANTARA,Money Market Fund,IDR,12541667026.66,10023018.77
"Jasa Capital Asset Management, PT","BANK MEGA - CUSTODY, Tbk, PT",REKSA DANA JASA CAPITAL SAHAM PROGRESIF,Equity Fund,IDR,42664169374.06,181419595.12
"Juara Capital Indonesia, PT","BANK CENTRAL ASIA - CUSTODY, Tbk, PT",REKSA DANA JUARA EMPOWERMENT BALANCED FUND,Mixed Asset Fund,IDR,40722763294.08,34371925.95
"Juara Capital Indonesia, PT","BANK CENTRAL ASIA - CUSTODY, Tbk, PT",REKSA DANA JUARA MONEY MARKET FUND,Money Market Fund,IDR,95832246813.44,86863475.47
"Juara Capital Indonesia, PT","BANK CENTRAL ASIA - CUSTODY, Tbk, PT",REKSA DANA JUARA PROVIDENTIA BALANCED FUND,Mixed Asset Fund,IDR,278410737252.66,231260813.7
PT KB Valbury Asset Management,"BANK CENTRAL ASIA - CUSTODY, Tbk, PT",REKSA DANA KB VALBURY INVESTASI BERIMBANG,Mixed Asset Fund,IDR,11681027475.67,10301874.38
PT KB Valbury Asset Management,"BANK NEGARA INDONESIA (PERSERO) - CUSTODY, Tbk, PT",REKSA DANA KB VALBURY LIQUID FUND,Money Market Fund,IDR,100174075697.04,104501690.57
PT KB Valbury Asset Management,"BANK CENTRAL ASIA - CUSTODY, Tbk, PT",REKSA DANA KB VALBURY MONEY MARKET I,Money Market Fund,IDR,31802193969.29,21552723.16
PT KB Valbury Asset Management,"BANK NEGARA INDONESIA (PERSERO) - CUSTODY, Tbk, PT",REKSA DANA KB VALBURY PRIME DYNAMIC EQUITY,Equity Fund,IDR,18506423277.43,20458104.83
PT KB Valbury Asset Management,PT. BANK PEMBANGUNAN DAERAH JAWA BARAT DAN BANTEN TBK,REKSA DANA KB VALBURY STABLE GROWTH FUND,Fixed Income Fund,IDR,19714324067.09,16700906.08
"KISI ASSET MANAGEMENT, PT","BANK NEGARA INDONESIA (PERSERO) - CUSTODY, Tbk, PT",REKSA DANA KIM BALANCED FUND,Mixed Asset Fund,IDR,116882340858.18,112361340.73
"KISI ASSET MANAGEMENT, PT","BANK RAKYAT INDONESIA (PERSERO) - CUSTODY, Tbk, PT",REKSA DANA KIM EQUITY FUND,Equity Fund,IDR,98148196334.72,105248085.02
"KISI ASSET MANAGEMENT, PT","BANK RAKYAT INDONESIA (PERSERO) - CUSTODY, Tbk, PT",REKSA DANA KIM FIXED INCOME FUND,Fixed Income Fund,IDR,238447219769.98,173966513.13
"KISI ASSET MANAGEMENT, PT",PT KEB Hana Bank Indonesia,REKSA DANA KIM FIXED INCOME FUND PLUS,Fixed Income Fund,IDR,2115742517825.96,1875276925.14
"KISI ASSET MANAGEMENT, PT","BANK BUKOPIN - CUSTODY, Tbk, PT",REKSA DANA KIM LIQUID MONEY MARKET FUND,Money Market Fund,IDR,10014195603.19,8361115.94
"KISI ASSET MANAGEMENT, PT",PT KEB Hana Bank Indonesia,REKSA DANA KIM MONEY MARKET FUND,Money Market Fund,IDR,1437902743124.38,1082692418.4
"KISI ASSET MANAGEMENT, PT",PT KEB Hana Bank Indonesia,REKSA DANA KIM PRIME BALANCE FUND,Mixed Asset Fund,IDR,235674457347.53,202750858.05
"KISI ASSET MANAGEMENT, PT",PT KEB Hana Bank Indonesia,REKSA DANA KIM PRIORITY MONEY MARKET FUND,Money Market Fund,IDR,200282532075.89,199895668.83
"KISI ASSET MANAGEMENT, PT",PT KEB Hana Bank Indonesia,REKSA DANA KISI PREMIER MONEY MARKET FUND,Money Market Fund,IDR,0,0
"Kiwoom Investment Management Indonesia, PT","BANK DBS INDONESIA - CUSTODY, PT",REKSA DANA KIWOOM INDONESIA BOND PLUS FUND,Fixed Income Fund,IDR,378375231493,266137843.81
"Kresna Asset Management, PT",STANDARD CHARTERED BANK - CUSTODY,REKSA DANA KRESNA FLEXIMA,Mixed Asset Fund,IDR,0,0
"Kresna Asset Management, PT",STANDARD CHARTERED BANK - CUSTODY,REKSA DANA KRESNA INDEKS 45,Index Fund,IDR,176886681565.1,42454796.46
"Victoria Manajemen Investasi, PT","BANK MEGA - CUSTODY, Tbk, PT",REKSA DANA LANCAR VICTORIA MERKURIUS,Money Market Fund,IDR,32743663083.7,19793942.37
"Lautandhana Investment Management, PT",PT Bank Maybank Indonesia Tbk,REKSA DANA LAUTANDHANA BALANCED PROGRESSIVE FUND,Mixed Asset Fund,IDR,139430303371.58,208032001.83
"Lautandhana Investment Management, PT","BANK CIMB NIAGA - CUSTODY, Tbk, PT",REKSA DANA LAUTANDHANA EQUITY,Equity Fund,IDR,0,0
"Lautandhana Investment Management, PT","BANK MEGA - CUSTODY, Tbk, PT",REKSA DANA LAUTANDHANA GROWTH FUND,Equity Fund,IDR,7663316977.31,9560419.5
"Lautandhana Investment Management, PT","BANK NEGARA INDONESIA (PERSERO) - CUSTODY, Tbk, PT",REKSA DANA LAUTANDHANA MAXIMA INCOME FUND,Fixed Income Fund,IDR,1094580958.12,754085.98
"Lautandhana Investment Management, PT","BANK MANDIRI (PERSERO) - CUSTODY, Tbk, PT",REKSA DANA LAUTANDHANA PASAR UANG,Money Market Fund,IDR,7978887251.25,6142674.09
"Lautandhana Investment Management, PT","BANK CIMB NIAGA - CUSTODY, Tbk, PT",REKSA DANA LAUTANDHANA SAHAM LESTARI,Equity Fund,IDR,4839239917.66,5997225.04
"Lautandhana Investment Management, PT",PT Bank Maybank Indonesia Tbk,REKSA DANA LAUTANDHANA SAHAM MAHADI,Equity Fund,IDR,1780564668.2,1986170.8
"Lautandhana Investment Management, PT","BANK MANDIRI (PERSERO) - CUSTODY, Tbk, PT",REKSA DANA LAUTANDHANA SAHAM PRIMA,Equity Fund,IDR,12893204426.59,16916064.42
"Lautandhana Investment Management, PT","BANK CIMB NIAGA - CUSTODY, Tbk, PT",REKSA DANA LAUTANDHANA SAHAM SYARIAH,Equity Fund,IDR,4555873537.33,5849793.02
PT LiF Manajemen Investasi,PT KEB Hana Bank Indonesia,REKSA DANA LIF BALANCED OPTIMA,Mixed Asset Fund,IDR,17613457707.94,17629241.25
PT LiF Manajemen Investasi,"BANK MANDIRI (PERSERO) - CUSTODY, Tbk, PT",REKSA DANA LIF BOND PLUS,Fixed Income Fund,IDR,13539221652.02,6436235.91
PT LiF Manajemen Investasi,PT KEB Hana Bank Indonesia,REKSA DANA LIF MONEY MARKET,Money Market Fund,IDR,10581588325.35,10189989.94
PT LiF Manajemen Investasi,"BANK NEGARA INDONESIA (PERSERO) - CUSTODY, Tbk, PT",REKSA DANA LIF THEOLOGIA FIXED INCOME,Fixed Income Fund,IDR,16836479565.95,10393491.41
"Majoris Asset Management, PT","BANK BUKOPIN - CUSTODY, Tbk, PT",REKSA DANA MAJORIS DANA KAS BINTANG INDONESIA,Money Market Fund,IDR,1249290,1190.88
"Majoris Asset Management, PT","BANK CENTRAL ASIA - CUSTODY, Tbk, PT",REKSA DANA MAJORIS GOVERNMENT BONDS ETF INDONESIA,Exchanged Traded Fund,IDR,120473075428.44,109000000
"Majoris Asset Management, PT","BANK MANDIRI (PERSERO) - CUSTODY, Tbk, PT",REKSA DANA MAJORIS OBLIGASI UTAMA INDONESIA,Fixed Income Fund,IDR,10857522731.26,6540946.39
"Majoris Asset Management, PT","BANK MANDIRI (PERSERO) - CUSTODY, Tbk, PT",REKSA DANA MAJORIS PASAR UANG INDONESIA,Money Market Fund,IDR,49616055142.03,31945718.44
"Majoris Asset Management, PT","BANK MANDIRI (PERSERO) - CUSTODY, Tbk, PT",REKSA DANA MAJORIS SAHAM ALOKASI DINAMIK INDONESIA,Equity Fund,IDR,28263458900.96,30739694.82
"Majoris Asset Management, PT","BANK NEGARA INDONESIA (PERSERO) - CUSTODY, Tbk, PT",REKSA DANA MAJORIS SAHAM ALPHA RECOVERY PERDANA,Equity Fund,IDR,0,0
"Majoris Asset Management, PT",PT Bank Maybank Indonesia Tbk,REKSA DANA MAJORIS SAHAM GEMILANG INDONESIA,Equity Fund,IDR,20306333754.25,21748849.2
"Majoris Asset Management, PT","BANK DBS INDONESIA - CUSTODY, PT",REKSA DANA MAJORIS USD BALANCE INDONESIA,Mixed Asset Fund,USD,221269816658.73,11674596.17
"Maybank Asset Management, PT","BANK NEGARA INDONESIA (PERSERO) - CUSTODY, Tbk, PT",REKSA DANA MAM BALANCED FUND,Mixed Asset Fund,IDR,49789890369.7,40826878.33
"Mandiri Manajemen Investasi, PT",DEUTSCHE BANK A. G. - CUSTODY,REKSA DANA MANDIRI INVESTA AKTIF,Mixed Asset Fund,IDR,12847853613.77,3243660.5
"Mandiri Manajemen Investasi, PT",PT Bank HSBC Indonesia,Reksa Dana Mandiri Investa Atraktif,Equity Fund,IDR,0,0
"Mandiri Manajemen Investasi, PT",PT Bank HSBC Indonesia,REKSA DANA MANDIRI INVESTA ATRAKTIF KELAS A,Equity Fund,IDR,818678081169,225571166.84
"Mandiri Manajemen Investasi, PT",PT Bank HSBC Indonesia,REKSA DANA MANDIRI INVESTA ATRAKTIF KELAS B,Equity Fund,IDR,8361323056,9975513.12
"Mandiri Manajemen Investasi, PT",DEUTSCHE BANK A. G. - CUSTODY,REKSA DANA MANDIRI INVESTA ATRAKTIF SYARIAH,Equity Fund,IDR,41448313155.46,46651615.85
"Mandiri Manajemen Investasi, PT",DEUTSCHE BANK A. G. - CUSTODY,REKSA DANA MANDIRI INVESTA CERDAS BANGSA,Equity Fund,IDR,0,0
"Mandiri Manajemen Investasi, PT",DEUTSCHE BANK A. G. - CUSTODY,REKSA DANA MANDIRI INVESTA CERDAS BANGSA KELAS A,Equity Fund,IDR,913980763112.11,431058853.68
"Mandiri Manajemen Investasi, PT",DEUTSCHE BANK A. G. - CUSTODY,REKSA DANA MANDIRI INVESTA CERDAS BANGSA KELAS B,Equity Fund,IDR,28697468318.79,33796616.33
"Mandiri Manajemen Investasi, PT",DEUTSCHE BANK A. G. - CUSTODY,REKSA DANA MANDIRI INVESTA DANA OBLIGASI SERI II,Fixed Income Fund,IDR,0,0
"Mandiri Manajemen Investasi, PT",DEUTSCHE BANK A. G. - CUSTODY,REKSA DANA MANDIRI INVESTA DANA OBLIGASI SERI II KELAS A,Fixed Income Fund,IDR,279805386798.21,168916093.79
"Mandiri Manajemen Investasi, PT",DEUTSCHE BANK A. G. - CUSTODY,REKSA DANA MANDIRI INVESTA DANA OBLIGASI SERI II KELAS B,Fixed Income Fund,IDR,0.05,0
"Mandiri Manajemen Investasi, PT",DEUTSCHE BANK A. G. - CUSTODY,REKSA DANA MANDIRI INVESTA DANA OBLIGASI SERI II KELAS C,Fixed Income Fund,IDR,0,0
"Mandiri Manajemen Investasi, PT",DEUTSCHE BANK A. G. - CUSTODY,REKSA DANA MANDIRI INVESTA DANA OBLIGASI SERI II KELAS D,Fixed Income Fund,IDR,0,0
"Mandiri Manajemen Investasi, PT",DEUTSCHE BANK A. G. - CUSTODY,REKSA DANA MANDIRI INVESTA DANA SYARIAH,Fixed Income Fund,IDR,0,0
"Mandiri Manajemen Investasi, PT",DEUTSCHE BANK A. G. - CUSTODY,REKSA DANA MANDIRI INVESTA DANA SYARIAH KELAS A,Fixed Income Fund,IDR,170388995600.12,37324637.56
"Mandiri Manajemen Investasi, PT",DEUTSCHE BANK A. G. - CUSTODY,REKSA DANA MANDIRI INVESTA DANA SYARIAH KELAS B,Fixed Income Fund,IDR,0,0
"Mandiri Manajemen Investasi, PT",DEUTSCHE BANK A. G. - CUSTODY,REKSA DANA MANDIRI INVESTA DANA SYARIAH KELAS C,Fixed Income Fund,IDR,0,0
"Mandiri Manajemen Investasi, PT",DEUTSCHE BANK A. G. - CUSTODY,REKSA DANA MANDIRI INVESTA DANA SYARIAH KELAS D,Fixed Income Fund,IDR,14430791795.89,3245628.06
"Mandiri Manajemen Investasi, PT",DEUTSCHE BANK A. G. - CUSTODY,REKSA DANA MANDIRI INVESTA DANA UTAMA,Fixed Income Fund,IDR,0,0
"Mandiri Manajemen Investasi, PT",DEUTSCHE BANK A. G. - CUSTODY,REKSA DANA MANDIRI INVESTA DANA UTAMA KELAS A,Fixed Income Fund,IDR,1082148824313.48,440410915.41
"Mandiri Manajemen Investasi, PT",DEUTSCHE BANK A. G. - CUSTODY,REKSA DANA MANDIRI INVESTA DANA UTAMA KELAS B,Fixed Income Fund,IDR,0.13,0
"Mandiri Manajemen Investasi, PT",DEUTSCHE BANK A. G. - CUSTODY,REKSA DANA MANDIRI INVESTA DANA UTAMA KELAS C,Fixed Income Fund,IDR,0,0
"Mandiri Manajemen Investasi, PT",DEUTSCHE BANK A. G. - CUSTODY,REKSA DANA MANDIRI INVESTA DANA UTAMA KELAS D,Fixed Income Fund,IDR,919199699.49,358372.09
"Mandiri Manajemen Investasi, PT",DEUTSCHE BANK A. G. - CUSTODY,REKSA DANA MANDIRI INVESTA EKUITAS DINAMIS,Equity Fund,IDR,173620301506.5,213970938.12
"Mandiri Manajemen Investasi, PT",CITIBANK N. A. - CUSTODY,REKSA DANA MANDIRI INVESTA EQUITY ASEAN 5 PLUS,Equity Fund,IDR,79284482484.77,72300338.16
"Mandiri Manajemen Investasi, PT",CITIBANK N. A. - CUSTODY,REKSA DANA MANDIRI INVESTA EQUITY DYNAMO FACTOR,Equity Fund,IDR,15749958844.93,16376848.4
"Mandiri Manajemen Investasi, PT","BANK CIMB NIAGA - CUSTODY, Tbk, PT",REKSA DANA MANDIRI INVESTA EQUITY MOVEMENT,Equity Fund,IDR,504498620834.89,393319655
"Mandiri Manajemen Investasi, PT",CITIBANK N. A. - CUSTODY,REKSA DANA MANDIRI INVESTA PASAR UANG,Money Market Fund,IDR,0,0
"Mandiri Manajemen Investasi, PT",STANDARD CHARTERED BANK - CUSTODY,REKSA DANA MANDIRI INVESTA PASAR UANG 2,Money Market Fund,IDR,8497544070.16,6654581
"Mandiri Manajemen Investasi, PT",CITIBANK N. A. - CUSTODY,REKSA DANA MANDIRI INVESTA PASAR UANG KELAS A,Money Market Fund,IDR,8316457544453.65,4666302063.22
"Mandiri Manajemen Investasi, PT",CITIBANK N. A. - CUSTODY,REKSA DANA MANDIRI INVESTA PASAR UANG KELAS B,Money Market Fund,IDR,289096753440.96,161272511.95
"Mandiri Manajemen Investasi, PT",CITIBANK N. A. - CUSTODY,REKSA DANA MANDIRI INVESTA PASAR UANG KELAS C,Money Market Fund,IDR,0,0
"Mandiri Manajemen Investasi, PT",DEUTSCHE BANK A. G. - CUSTODY,REKSA DANA MANDIRI INVESTA SYARIAH BERIMBANG,Mixed Asset Fund,IDR,44732347909.03,11044693.79
"Mandiri Manajemen Investasi, PT","BANK DBS INDONESIA - CUSTODY, PT",REKSA DANA MANDIRI MONEY MARKET USD,Money Market Fund,USD,2424927788288.25,136847935.76
"Mandiri Manajemen Investasi, PT",PT Bank OCBC NISP Tbk,REKSA DANA MANDIRI OBLIGASI ANDALAN,Fixed Income Fund,IDR,562090735764.45,556618370.2
"Mandiri Manajemen Investasi, PT","BANK DBS INDONESIA - CUSTODY, PT",REKSA DANA MANDIRI OBLIGASI OPTIMA,Fixed Income Fund,IDR,274810580448,134849521.25
"Mandiri Manajemen Investasi, PT","BANK CENTRAL ASIA - CUSTODY, Tbk, PT",REKSA DANA MANDIRI OBLIGASI OPTIMA II,Fixed Income Fund,IDR,202608911689.87,124325648.52
"Mandiri Manajemen Investasi, PT","BANK MEGA - CUSTODY, Tbk, PT",REKSA DANA MANDIRI OBLIGASI UTAMA 2,Fixed Income Fund,IDR,1170533897530.93,933584156.14
"Mandiri Manajemen Investasi, PT",PT. BANK PEMBANGUNAN DAERAH JAWA BARAT DAN BANTEN TBK,REKSA DANA MANDIRI OBLIGASI UTAMA 3,Fixed Income Fund,IDR,1185299615285.03,988047257.11
"Mandiri Manajemen Investasi, PT","BANK CENTRAL ASIA - CUSTODY, Tbk, PT",REKSA DANA MANDIRI OBLIGASI UTAMA SEJAHTERA,Fixed Income Fund,IDR,600115517505.68,569904040.16
"Mandiri Manajemen Investasi, PT","BANK MEGA - CUSTODY, Tbk, PT",REKSA DANA MANDIRI PASAR UANG OPTIMA 2,Money Market Fund,IDR,12860660486.08,9149163.23
"Mandiri Manajemen Investasi, PT",PT. BANK PEMBANGUNAN DAERAH JAWA BARAT DAN BANTEN TBK,REKSA DANA MANDIRI PASAR UANG OPTIMA 3,Money Market Fund,IDR,11319723210.91,9142386.84
"Mandiri Manajemen Investasi, PT",PT Bank HSBC Indonesia,Reksa Dana Mandiri Pendapatan Tetap Obligasi Negara,Fixed Income Fund,IDR,0,0
"Mandiri Manajemen Investasi, PT",STANDARD CHARTERED BANK - CUSTODY,REKSA DANA MANDIRI SAHAM ATRAKTIF,Equity Fund,IDR,0,0
"Mandiri Manajemen Investasi, PT",STANDARD CHARTERED BANK - CUSTODY,REKSA DANA MANDIRI SAHAM ATRAKTIF KELAS A,Equity Fund,IDR,0,0
"Mandiri Manajemen Investasi, PT",STANDARD CHARTERED BANK - CUSTODY,REKSA DANA MANDIRI SAHAM ATRAKTIF KELAS B,Equity Fund,IDR,0,0
"Manulife Aset Manajemen Indonesia, PT",PT Bank HSBC Indonesia,Reksa Dana Manulife Dana Campuran II,Mixed Asset Fund,IDR,69370833940,24194694.82
"Manulife Aset Manajemen Indonesia, PT",STANDARD CHARTERED BANK - CUSTODY,REKSA DANA MANULIFE DANA CAMPURAN UTAMA,Mixed Asset Fund,IDR,0,0
"Manulife Aset Manajemen Indonesia, PT",STANDARD CHARTERED BANK - CUSTODY,REKSA DANA MANULIFE DANA CAMPURAN UTAMA KELAS A1,Mixed Asset Fund,IDR,20143439.94,20452.03
"Manulife Aset Manajemen Indonesia, PT",STANDARD CHARTERED BANK - CUSTODY,REKSA DANA MANULIFE DANA CAMPURAN UTAMA KELAS I,Mixed Asset Fund,IDR,404091304377.47,396346053.16
"Manulife Aset Manajemen Indonesia, PT",STANDARD CHARTERED BANK - CUSTODY,REKSA DANA MANULIFE DANA CAMPURAN UTAMA KELAS I1,Mixed Asset Fund,IDR,0,0
"Manulife Aset Manajemen Indonesia, PT",STANDARD CHARTERED BANK - CUSTODY,REKSA DANA MANULIFE DANA EKUITAS UTAMA,Equity Fund,IDR,0,0
"Manulife Aset Manajemen Indonesia, PT",STANDARD CHARTERED BANK - CUSTODY,REKSA DANA MANULIFE DANA EKUITAS UTAMA KELAS A1,Equity Fund,IDR,313603103.3,349538.65
"Manulife Aset Manajemen Indonesia, PT",STANDARD CHARTERED BANK - CUSTODY,REKSA DANA MANULIFE DANA EKUITAS UTAMA KELAS I,Equity Fund,IDR,730018497705.03,846755653.31
"Manulife Aset Manajemen Indonesia, PT",STANDARD CHARTERED BANK - CUSTODY,REKSA DANA MANULIFE DANA EKUITAS UTAMA KELAS I1,Equity Fund,IDR,616465360155.18,696258708.07
"Manulife Aset Manajemen Indonesia, PT",STANDARD CHARTERED BANK - CUSTODY,REKSA DANA MANULIFE DANA KAS II,Money Market Fund,IDR,0,0
"Manulife Aset Manajemen Indonesia, PT",STANDARD CHARTERED BANK - CUSTODY,REKSA DANA MANULIFE DANA KAS II KELAS A,Money Market Fund,IDR,2403048465885.62,1300841184.86
"Manulife Aset Manajemen Indonesia, PT",STANDARD CHARTERED BANK - CUSTODY,REKSA DANA MANULIFE DANA KAS II KELAS A2,Money Market Fund,IDR,790953962398.93,746380674.22
"Manulife Aset Manajemen Indonesia, PT",STANDARD CHARTERED BANK - CUSTODY,REKSA DANA MANULIFE DANA KAS II KELAS D1,Money Market Fund,IDR,4577971488.1,4045243.62
"Manulife Aset Manajemen Indonesia, PT",STANDARD CHARTERED BANK - CUSTODY,REKSA DANA MANULIFE DANA KAS II KELAS I1,Money Market Fund,IDR,0,0
"Manulife Aset Manajemen Indonesia, PT",STANDARD CHARTERED BANK - CUSTODY,REKSA DANA MANULIFE DANA KAS II KELAS I3,Money Market Fund,IDR,2305340241455.58,1992705786.64
"Manulife Aset Manajemen Indonesia, PT",CITIBANK N. A. - CUSTODY,REKSA DANA MANULIFE DANA SAHAM,Equity Fund,IDR,0,0
"Manulife Aset Manajemen Indonesia, PT",CITIBANK N. A. - CUSTODY,REKSA DANA MANULIFE DANA SAHAM KELAS A,Equity Fund,IDR,1548617821920.55,175112968
"Manulife Aset Manajemen Indonesia, PT",CITIBANK N. A. - CUSTODY,REKSA DANA MANULIFE DANA SAHAM KELAS I1,Equity Fund,IDR,0,0
"Manulife Aset Manajemen Indonesia, PT",STANDARD CHARTERED BANK - CUSTODY,REKSA DANA MANULIFE DANA SAHAM UTAMA,Equity Fund,IDR,0,0
"Manulife Aset Manajemen Indonesia, PT",STANDARD CHARTERED BANK - CUSTODY,REKSA DANA MANULIFE DANA SAHAM UTAMA KELAS A1,Equity Fund,IDR,6175318.94,7098.89
"Manulife Aset Manajemen Indonesia, PT",STANDARD CHARTERED BANK - CUSTODY,REKSA DANA MANULIFE DANA SAHAM UTAMA KELAS I,Equity Fund,IDR,1345109848862.95,1070078586.12
"Manulife Aset Manajemen Indonesia, PT",STANDARD CHARTERED BANK - CUSTODY,REKSA DANA MANULIFE DANA SAHAM UTAMA KELAS I1,Equity Fund,IDR,0,0
"Manulife Aset Manajemen Indonesia, PT",PT Bank HSBC Indonesia,Reksa Dana Manulife Dana Tetap Pemerintah,Fixed Income Fund,IDR,127602646944,40783776.98
"Manulife Aset Manajemen Indonesia, PT",STANDARD CHARTERED BANK - CUSTODY,REKSA DANA MANULIFE DANA TETAP STABIL,Fixed Income Fund,IDR,0,0
"Manulife Aset Manajemen Indonesia, PT",STANDARD CHARTERED BANK - CUSTODY,REKSA DANA MANULIFE DANA TETAP STABIL KELAS M1,Fixed Income Fund,IDR,10164675231.31,9968797.66
"Manulife Aset Manajemen Indonesia, PT",STANDARD CHARTERED BANK - CUSTODY,REKSA DANA MANULIFE DANA TETAP STABIL KELAS M10,Fixed Income Fund,IDR,0,0
"Manulife Aset Manajemen Indonesia, PT",STANDARD CHARTERED BANK - CUSTODY,REKSA DANA MANULIFE DANA TETAP STABIL KELAS M11,Fixed Income Fund,IDR,0,0
"Manulife Aset Manajemen Indonesia, PT",STANDARD CHARTERED BANK - CUSTODY,REKSA DANA MANULIFE DANA TETAP STABIL KELAS M12,Fixed Income Fund,IDR,0,0
"Manulife Aset Manajemen Indonesia, PT",STANDARD CHARTERED BANK - CUSTODY,REKSA DANA MANULIFE DANA TETAP STABIL KELAS M13,Fixed Income Fund,IDR,0,0
"Manulife Aset Manajemen Indonesia, PT",STANDARD CHARTERED BANK - CUSTODY,REKSA DANA MANULIFE DANA TETAP STABIL KELAS M14,Fixed Income Fund,IDR,0,0
"Manulife Aset Manajemen Indonesia, PT",STANDARD CHARTERED BANK - CUSTODY,REKSA DANA MANULIFE DANA TETAP STABIL KELAS M15,Fixed Income Fund,IDR,0,0
"Manulife Aset Manajemen Indonesia, PT",STANDARD CHARTERED BANK - CUSTODY,REKSA DANA MANULIFE DANA TETAP STABIL KELAS M16,Fixed Income Fund,IDR,0,0
"Manulife Aset Manajemen Indonesia, PT",STANDARD CHARTERED BANK - CUSTODY,REKSA DANA MANULIFE DANA TETAP STABIL KELAS M2,Fixed Income Fund,IDR,1220234542.88,1200000
"Manulife Aset Manajemen Indonesia, PT",STANDARD CHARTERED BANK - CUSTODY,REKSA DANA MANULIFE DANA TETAP STABIL KELAS M3,Fixed Income Fund,IDR,9212545616.42,9150000
"Manulife Aset Manajemen Indonesia, PT",STANDARD CHARTERED BANK - CUSTODY,REKSA DANA MANULIFE DANA TETAP STABIL KELAS M4,Fixed Income Fund,IDR,0,0
"Manulife Aset Manajemen Indonesia, PT",STANDARD CHARTERED BANK - CUSTODY,REKSA DANA MANULIFE DANA TETAP STABIL KELAS M5,Fixed Income Fund,IDR,3240313095.28,3200000
"Manulife Aset Manajemen Indonesia, PT",STANDARD CHARTERED BANK - CUSTODY,REKSA DANA MANULIFE DANA TETAP STABIL KELAS M6,Fixed Income Fund,IDR,0,0
"Manulife Aset Manajemen Indonesia, PT",STANDARD CHARTERED BANK - CUSTODY,REKSA DANA MANULIFE DANA TETAP STABIL KELAS M7,Fixed Income Fund,IDR,0,0
"Manulife Aset Manajemen Indonesia, PT",STANDARD CHARTERED BANK - CUSTODY,REKSA DANA MANULIFE DANA TETAP STABIL KELAS M8,Fixed Income Fund,IDR,0,0
"Manulife Aset Manajemen Indonesia, PT",STANDARD CHARTERED BANK - CUSTODY,REKSA DANA MANULIFE DANA TETAP STABIL KELAS M9,Fixed Income Fund,IDR,0,0
"Manulife Aset Manajemen Indonesia, PT",PT Bank HSBC Indonesia,Reksa Dana Manulife Dana Tetap Utama,Fixed Income Fund,IDR,4225595933696,1846156469.03
"Manulife Aset Manajemen Indonesia, PT",PT Bank HSBC Indonesia,Reksa Dana Manulife Dana Tumbuh Berimbang,Mixed Asset Fund,IDR,10797133633,6606183.79
"Manulife Aset Manajemen Indonesia, PT",CITIBANK N. A. - CUSTODY,REKSA DANA MANULIFE GREATER INDONESIA FUND,Equity Fund,USD,352267368809.18,26560723.08
"Manulife Aset Manajemen Indonesia, PT",PT Bank HSBC Indonesia,Reksa Dana Manulife Indonesia Money Market Fund,Money Market Fund,IDR,0,0
"Manulife Aset Manajemen Indonesia, PT",PT Bank HSBC Indonesia,REKSA DANA MANULIFE INDONESIA MONEY MARKET FUND KELAS A,Money Market Fund,IDR,1147536743100.18,575609388.18
"Manulife Aset Manajemen Indonesia, PT",PT Bank HSBC Indonesia,REKSA DANA MANULIFE INDONESIA MONEY MARKET FUND KELAS A2,Money Market Fund,IDR,56655625763.32,53955385.32
"Manulife Aset Manajemen Indonesia, PT",PT Bank HSBC Indonesia,REKSA DANA MANULIFE INDONESIA MONEY MARKET FUND KELAS D1,Money Market Fund,IDR,5431439450.59,6194499.02
"Manulife Aset Manajemen Indonesia, PT",STANDARD CHARTERED BANK - CUSTODY,REKSA DANA MANULIFE INSTITUTIONAL EQUITY FUND,Equity Fund,IDR,0,0
"Manulife Aset Manajemen Indonesia, PT",STANDARD CHARTERED BANK - CUSTODY,REKSA DANA MANULIFE INSTITUTIONAL EQUITY FUND KELAS A1,Equity Fund,IDR,5932345945.94,7932789.07
"Manulife Aset Manajemen Indonesia, PT",STANDARD CHARTERED BANK - CUSTODY,REKSA DANA MANULIFE INSTITUTIONAL EQUITY FUND KELAS I,Equity Fund,IDR,710644167146.69,394323096.76
"Manulife Aset Manajemen Indonesia, PT",STANDARD CHARTERED BANK - CUSTODY,REKSA DANA MANULIFE INSTITUTIONAL EQUITY FUND KELAS I1,Equity Fund,IDR,0,0
"Manulife Aset Manajemen Indonesia, PT",STANDARD CHARTERED BANK - CUSTODY,REKSA DANA MANULIFE LIQUID FUND USD,Money Market Fund,USD,0,0
"Manulife Aset Manajemen Indonesia, PT",STANDARD CHARTERED BANK - CUSTODY,REKSA DANA MANULIFE LIQUID FUND USD KELAS A,Money Market Fund,USD,326734416771.58,19703339.93
"Manulife Aset Manajemen Indonesia, PT",STANDARD CHARTERED BANK - CUSTODY,REKSA DANA MANULIFE LIQUID FUND USD KELAS I,Money Market Fund,USD,28216126691.67,1699880.07
"Manulife Aset Manajemen Indonesia, PT",STANDARD CHARTERED BANK - CUSTODY,REKSA DANA MANULIFE OBLIGASI NEGARA INDONESIA II,Fixed Income Fund,IDR,0,0
"Manulife Aset Manajemen Indonesia, PT",STANDARD CHARTERED BANK - CUSTODY,REKSA DANA MANULIFE OBLIGASI NEGARA INDONESIA II Kelas A,Fixed Income Fund,IDR,2484595332153.83,809380035.53
"Manulife Aset Manajemen Indonesia, PT",STANDARD CHARTERED BANK - CUSTODY,REKSA DANA MANULIFE OBLIGASI NEGARA INDONESIA II KELAS D1,Fixed Income Fund,IDR,2354753696.03,2054282.48
"Manulife Aset Manajemen Indonesia, PT",STANDARD CHARTERED BANK - CUSTODY,REKSA DANA MANULIFE OBLIGASI NEGARA INDONESIA II Kelas I1,Fixed Income Fund,IDR,1117983862873.2,808332271.47
"Manulife Aset Manajemen Indonesia, PT",STANDARD CHARTERED BANK - CUSTODY,REKSA DANA MANULIFE OBLIGASI NEGARA INDONESIA II KELAS I2,Fixed Income Fund,IDR,1513368879950.38,1448972391.33
"Manulife Aset Manajemen Indonesia, PT",STANDARD CHARTERED BANK - CUSTODY,REKSA DANA MANULIFE OBLIGASI NEGARA INDONESIA II KELAS INCOME 1,Fixed Income Fund,IDR,690893979658.75,604255470.98
"Manulife Aset Manajemen Indonesia, PT",STANDARD CHARTERED BANK - CUSTODY,REKSA DANA MANULIFE OBLIGASI NEGARA INDONESIA II KELAS INCOME 2,Fixed Income Fund,IDR,508871013769.53,518803087.09
"Manulife Aset Manajemen Indonesia, PT",STANDARD CHARTERED BANK - CUSTODY,REKSA DANA MANULIFE OBLIGASI UNGGULAN,Fixed Income Fund,IDR,0,0
"Manulife Aset Manajemen Indonesia, PT",STANDARD CHARTERED BANK - CUSTODY,REKSA DANA MANULIFE OBLIGASI UNGGULAN KELAS A,Fixed Income Fund,IDR,5544264429336.03,2025860495.56
"Manulife Aset Manajemen Indonesia, PT",STANDARD CHARTERED BANK - CUSTODY,REKSA DANA MANULIFE OBLIGASI UNGGULAN KELAS I1,Fixed Income Fund,IDR,822217181983.45,710912663.9
"Manulife Aset Manajemen Indonesia, PT",STANDARD CHARTERED BANK - CUSTODY,REKSA DANA MANULIFE OBLIGASI UNGGULAN KELAS I2,Fixed Income Fund,IDR,1492152323752.76,1382783438.29
"Manulife Aset Manajemen Indonesia, PT",PT Bank HSBC Indonesia,Reksa Dana Manulife Pendapatan Bulanan II,Fixed Income Fund,IDR,1342412158465,1159266003.59
"Manulife Aset Manajemen Indonesia, PT",PT Bank HSBC Indonesia,Reksa Dana Manulife Saham Andalan,Equity Fund,IDR,868814709109,518149315.1
"Manulife Aset Manajemen Indonesia, PT",PT Bank HSBC Indonesia,Reksa Dana Manulife Saham Smc Plus,Equity Fund,IDR,48210161205,79019889.25
"Manulife Aset Manajemen Indonesia, PT",PT Bank HSBC Indonesia,Reksa Dana Manulife Syariah Sektoral Amanah,Equity Fund,IDR,0,0
"Manulife Aset Manajemen Indonesia, PT",PT Bank HSBC Indonesia,Reksa Dana Manulife Syariah Sektoral Amanah Kelas A,Equity Fund,IDR,160079846799,47508064.91
"Manulife Aset Manajemen Indonesia, PT",PT Bank HSBC Indonesia,Reksa Dana Manulife USD Fixed Income,Fixed Income Fund,USD,0,0
"Manulife Aset Manajemen Indonesia, PT",PT Bank HSBC Indonesia,REKSA DANA MANULIFE USD FIXED INCOME KELAS A,Fixed Income Fund,USD,264238636351.55,13045425.98
"Manulife Aset Manajemen Indonesia, PT",PT Bank HSBC Indonesia,REKSA DANA MANULIFE USD FIXED INCOME KELAS A2,Fixed Income Fund,USD,0,0
"Manulife Aset Manajemen Indonesia, PT",PT Bank HSBC Indonesia,REKSA DANA MANULIFE USD FIXED INCOME KELAS I1,Fixed Income Fund,USD,38020.29,0
"Manulife Aset Manajemen Indonesia, PT",PT Bank HSBC Indonesia,REKSA DANA MANULIFE USD FIXED INCOME KELAS INCOME 1,Fixed Income Fund,USD,30890686540.55,1865275.94
"Manulife Aset Manajemen Indonesia, PT",PT Bank HSBC Indonesia,REKSA DANA MANULIFE USD FIXED INCOME KELAS INCOME 2,Fixed Income Fund,USD,114181583433.21,6854990.21
"Maybank Asset Management, PT",PT Bank HSBC Indonesia,Reksa Dana Maybank Dana Ekuitas,Equity Fund,IDR,49256530097,15757147.77
"Maybank Asset Management, PT",STANDARD CHARTERED BANK - CUSTODY,REKSA DANA MAYBANK DANA OBLIGASI NEGARA,Fixed Income Fund,IDR,120778526056.78,106179081.89
"Maybank Asset Management, PT",PT Bank HSBC Indonesia,Reksa Dana Maybank Dana Pasar Uang,Money Market Fund,IDR,599895740787,302511337
"Maybank Asset Management, PT",PT Bank HSBC Indonesia,Reksa Dana Maybank Dana Pasti 2,Fixed Income Fund,IDR,99813360656,31463652.51
"Millenium Capital Management, PT","BANK CIMB NIAGA - CUSTODY, Tbk, PT",REKSA DANA MCM EQUITY SEKTORAL,Equity Fund,IDR,2593443232.88,329958058.05
"Mega Asset Management, PT","BANK CIMB NIAGA - CUSTODY, Tbk, PT",REKSA DANA MEGA ASSET GREATER INFRASTRUCTURE,Equity Fund,IDR,3316505068.88,3061006.35
"Mega Asset Management, PT","BANK DANAMON INDONESIA - CUSTODY, Tbk, PT",REKSA DANA MEGA ASSET MADANIA SYARIAH,Mixed Asset Fund,IDR,972940581.44,860232.07
"Mega Asset Management, PT","BANK CIMB NIAGA - CUSTODY, Tbk, PT",REKSA DANA MEGA ASSET MAXIMA,Equity Fund,IDR,200968075.27,276246.64
"Mega Asset Management, PT","BANK CIMB NIAGA - CUSTODY, Tbk, PT",REKSA DANA MEGA ASSET MULTICASH,Money Market Fund,IDR,826594324.88,655043.23
"Mega Asset Management, PT","BANK CIMB NIAGA - CUSTODY, Tbk, PT",REKSA DANA MEGA ASSET PASAR UANG ASRI,Money Market Fund,IDR,0,0
"Mega Asset Management, PT","BANK CIMB NIAGA - CUSTODY, Tbk, PT",REKSA DANA MEGA ASSET STRATEGIC TOTAL RETURN,Mixed Asset Fund,IDR,204512519621.05,147320614.56
"Mega Asset Management, PT","BANK MANDIRI (PERSERO) - CUSTODY, Tbk, PT",REKSA DANA MEGA DANA KAS SYARIAH,Money Market Fund,IDR,20470285.48,7747.9
"Mega Asset Management, PT",STANDARD CHARTERED BANK - CUSTODY,REKSA DANA MEGA DANA OBLIGASI DUA,Fixed Income Fund,IDR,102962731.06,43639.03
"Mega Asset Management, PT","BANK CIMB NIAGA - CUSTODY, Tbk, PT",REKSA DANA MEGA DANA PENDAPATAN TETAP,Fixed Income Fund,IDR,139875343797.55,70152891.56
"Mega Asset Management, PT","BANK MANDIRI (PERSERO) - CUSTODY, Tbk, PT",REKSA DANA MEGA DANA RIDO TIGA,Fixed Income Fund,IDR,14982844834.88,4283758.88
"Mega Asset Management, PT","BANK MANDIRI (PERSERO) - CUSTODY, Tbk, PT",REKSA DANA MEGA DANA STABIL,Fixed Income Fund,IDR,850517.28,0
"Millenium Capital Management, PT","BANK DANAMON INDONESIA - CUSTODY, Tbk, PT",REKSA DANA MILLENIUM BALANCE FUND,Mixed Asset Fund,IDR,31739690787.29,214935950.87
"Millenium Capital Management, PT","BANK MANDIRI (PERSERO) - CUSTODY, Tbk, PT",REKSA DANA MILLENIUM EQUITY PRIMA PLUS,Equity Fund,IDR,67352581015.83,799103539.43
"Minna Padi Aset Manajemen, PT","BANK CENTRAL ASIA - CUSTODY, Tbk, PT",REKSA DANA MINNA PADI HASTINAPURA SAHAM,Equity Fund,IDR,138395933.44,453012.75
"Minna Padi Aset Manajemen, PT",PT Bank Maybank Indonesia Tbk,REKSA DANA MINNA PADI KERATON BALANCE,Mixed Asset Fund,IDR,15239660495.63,6468733.82
"Minna Padi Aset Manajemen, PT","BANK MANDIRI (PERSERO) - CUSTODY, Tbk, PT",REKSA DANA MINNA PADI KERATON II,Mixed Asset Fund,IDR,239104000000,188515097.8
"Minna Padi Aset Manajemen, PT","BANK MANDIRI (PERSERO) - CUSTODY, Tbk, PT",REKSA DANA MINNA PADI PASOPATI SAHAM,Equity Fund,IDR,933285000000,810977730.2
"Minna Padi Aset Manajemen, PT","BANK MANDIRI (PERSERO) - CUSTODY, Tbk, PT",Reksa Dana Minna Padi Pringgondani Saham,Equity Fund,IDR,1579040000000,1675642264
"Minna Padi Aset Manajemen, PT","BANK MANDIRI (PERSERO) - CUSTODY, Tbk, PT",REKSA DANA MINNA PADI PROPERTY PLUS,Mixed Asset Fund,IDR,341876000000,298230340.1
"MNC Asset Management, PT","BANK RAKYAT INDONESIA (PERSERO) - CUSTODY, Tbk, PT",REKSA DANA MNC DANA EKUITAS,Equity Fund,IDR,11400678788.14,5542475.72
"MNC Asset Management, PT","BANK CENTRAL ASIA - CUSTODY, Tbk, PT",REKSA DANA MNC DANA LANCAR,Money Market Fund,IDR,116617250668.2,59685014.95
"MNC Asset Management, PT","BANK NEGARA INDONESIA (PERSERO) - CUSTODY, Tbk, PT",REKSA DANA MNC DANA LIKUID,Fixed Income Fund,IDR,217994742030.04,64153060.32
"MNC Asset Management, PT","BANK BUKOPIN - CUSTODY, Tbk, PT",REKSA DANA MNC DANA PASAR UANG,Money Market Fund,IDR,1609940.83,1566.61
"MNC Asset Management, PT","BANK MEGA - CUSTODY, Tbk, PT",REKSA DANA MNC DANA PENDAPATAN TETAP III,Fixed Income Fund,IDR,269772729516.11,137200607.18
"MNC Asset Management, PT","BANK RAKYAT INDONESIA (PERSERO) - CUSTODY, Tbk, PT",REKSA DANA MNC DANA PENDAPATAN TETAP V,Fixed Income Fund,IDR,22032.26,0
"MNC Asset Management, PT","BANK CENTRAL ASIA - CUSTODY, Tbk, PT",REKSA DANA MNC DANA SBN,Fixed Income Fund,IDR,3446719324.37,2341445.3
"MNC Asset Management, PT","BANK NEGARA INDONESIA (PERSERO) - CUSTODY, Tbk, PT",REKSA DANA MNC DANA SYARIAH,Fixed Income Fund,IDR,73297384043.36,19817367.66
"MNC Asset Management, PT","BANK NEGARA INDONESIA (PERSERO) - CUSTODY, Tbk, PT",REKSA DANA MNC SMART EQUITY FUND,Equity Fund,IDR,1647006746.22,3426851.77
"Kresna Asset Management, PT",STANDARD CHARTERED BANK - CUSTODY,Reksa Dana MR Bond Kresna,Fixed Income Fund,IDR,2547.97,0
"Narada Aset Manajemen, PT","BANK DBS INDONESIA - CUSTODY, PT",REKSA DANA NARADA CAMPURAN I,Mixed Asset Fund,IDR,24794236693,222249794.44
"Narada Aset Manajemen, PT","BANK DANAMON INDONESIA - CUSTODY, Tbk, PT",Reksa Dana Narada Milenesia Cash Fund,Money Market Fund,IDR,0,0
"Narada Aset Manajemen, PT","BANK DANAMON INDONESIA - CUSTODY, Tbk, PT",REKSA DANA NARADA SAHAM INDONESIA II,Equity Fund,IDR,49110134575.62,453816070.98
"Net Assets Management, PT","BANK CENTRAL ASIA - CUSTODY, Tbk, PT",REKSA DANA NET DANA BERIMBANG,Mixed Asset Fund,IDR,438128139676.06,249696803.28
"Net Assets Management, PT","BANK CENTRAL ASIA - CUSTODY, Tbk, PT",REKSA DANA NET DANA FLEXI,Mixed Asset Fund,IDR,202238663536.43,130618059.14
"Net Assets Management, PT","BANK CENTRAL ASIA - CUSTODY, Tbk, PT",REKSA DANA NET DANA GEMILANG,Fixed Income Fund,IDR,107338513930.96,33600246.76
"Nusadana Investama Indonesia, PT",PT KEB Hana Bank Indonesia,REKSA DANA NUSADANA FIXED INCOME,Fixed Income Fund,IDR,241407008951.61,222127098.35
"Nusadana Investama Indonesia, PT","BANK CENTRAL ASIA - CUSTODY, Tbk, PT",REKSA DANA NUSADANA LANCAR,Money Market Fund,IDR,30013869301.69,22162115.13
"Nusadana Investama Indonesia, PT","BANK MEGA - CUSTODY, Tbk, PT",REKSA DANA NUSADANA PENDAPATAN TETAP 1,Fixed Income Fund,IDR,4601967.96,0
"NUSANTARA SENTRA KAPITAL, PT",PT KEB Hana Bank Indonesia,REKSA DANA NUSANTARA PASAR UANG,Money Market Fund,IDR,0,0
"OSO Manajemen Investasi, PT",PT Bank Maybank Indonesia Tbk,REKSA DANA OSO ANDALAS EQUITY FUND,Equity Fund,IDR,10546650087.68,22523101.71
"OSO Manajemen Investasi, PT","BANK NEGARA INDONESIA (PERSERO) - CUSTODY, Tbk, PT",REKSA DANA OSO FLORES EQUITY FUND,Equity Fund,IDR,152628749863.17,410953997.49
"OSO Manajemen Investasi, PT","BANK NEGARA INDONESIA (PERSERO) - CUSTODY, Tbk, PT",REKSA DANA OSO KARIMATA PASAR UANG,Money Market Fund,IDR,0.2,0
"OSO Manajemen Investasi, PT","BANK MEGA - CUSTODY, Tbk, PT",REKSA DANA OSO MOLUCCAS EQUITY FUND,Equity Fund,IDR,186313756520.17,423885521.6
"Pacific Capital Investment, PT","BANK MEGA - CUSTODY, Tbk, PT",REKSA DANA PACIFIC BALANCE FUND,Mixed Asset Fund,IDR,89805522461.6,59398438.17
"Pacific Capital Investment, PT","BANK DANAMON INDONESIA - CUSTODY, Tbk, PT",REKSA DANA PACIFIC BALANCE FUND III,Mixed Asset Fund,IDR,65947987117.12,116928132.07
"Pacific Capital Investment, PT","BANK RAKYAT INDONESIA (PERSERO) - CUSTODY, Tbk, PT",REKSA DANA PACIFIC BALANCE SYARIAH,Mixed Asset Fund,IDR,11148542822.73,7619489.84
"Pacific Capital Investment, PT","BANK DANAMON INDONESIA - CUSTODY, Tbk, PT",REKSA DANA PACIFIC EQUITY FLEXI FUND,Equity Fund,IDR,5839807997.33,10895745.93
"Pacific Capital Investment, PT","BANK MEGA - CUSTODY, Tbk, PT",REKSA DANA PACIFIC EQUITY FUND,Equity Fund,IDR,99435263677.43,140240325.14
"Pacific Capital Investment, PT","BANK DANAMON INDONESIA - CUSTODY, Tbk, PT",REKSA DANA PACIFIC EQUITY GROWTH FUND,Equity Fund,IDR,126902517651.81,226928319.95
"Pacific Capital Investment, PT","BANK CENTRAL ASIA - CUSTODY, Tbk, PT",REKSA DANA PACIFIC EQUITY GROWTH FUND III,Equity Fund,IDR,23056222026.43,37480124.28
"Pacific Capital Investment, PT","BANK CENTRAL ASIA - CUSTODY, Tbk, PT",REKSA DANA PACIFIC EQUITY GROWTH FUND V,Equity Fund,IDR,80618649461.66,84387342.52
"Pacific Capital Investment, PT","BANK CENTRAL ASIA - CUSTODY, Tbk, PT",REKSA DANA PACIFIC EQUITY GROWTH FUND VI,Equity Fund,IDR,28830804699.24,42128193.63
"Pacific Capital Investment, PT","BANK DANAMON INDONESIA - CUSTODY, Tbk, PT",REKSA DANA PACIFIC EQUITY OPTIMUM FUND,Equity Fund,IDR,23443155960.65,28737085.33
"Pacific Capital Investment, PT","BANK DANAMON INDONESIA - CUSTODY, Tbk, PT",REKSA DANA PACIFIC EQUITY PROGRESIF FUND,Equity Fund,IDR,78484983730.59,133399803.16
"Pacific Capital Investment, PT","BANK CENTRAL ASIA - CUSTODY, Tbk, PT",REKSA DANA PACIFIC EQUITY PROGRESIF FUND II,Equity Fund,IDR,18542349861.23,43599151.75
"Pacific Capital Investment, PT","BANK CENTRAL ASIA - CUSTODY, Tbk, PT",REKSA DANA PACIFIC EQUITY PROGRESIF FUND III,Equity Fund,IDR,34397211845.09,46647962.08
"Pacific Capital Investment, PT","BANK RAKYAT INDONESIA (PERSERO) - CUSTODY, Tbk, PT",REKSA DANA PACIFIC FIXED INCOME,Fixed Income Fund,IDR,13155570795.06,8256967.84
"Pacific Capital Investment, PT","BANK DANAMON INDONESIA - CUSTODY, Tbk, PT",REKSA DANA PACIFIC MONEY MARKET,Money Market Fund,IDR,11683248903.28,2773865.26
"Pacific Capital Investment, PT","BANK MEGA - CUSTODY, Tbk, PT",REKSA DANA PACIFIC SAHAM SYARIAH,Equity Fund,IDR,69241079062.61,106862340.99
"Pan Arcadia Capital, PT","BANK NEGARA INDONESIA (PERSERO) - CUSTODY, Tbk, PT",REKSA DANA PAN ARCADIA DANA SAHAM BERTUMBUH,Equity Fund,IDR,420284518467.81,1705720177.74
"Pan Arcadia Capital, PT","BANK NEGARA INDONESIA (PERSERO) - CUSTODY, Tbk, PT",REKSA DANA PAN ARCADIA EKUITAS PROGRESIF,Equity Fund,IDR,0,0
"Pan Arcadia Capital, PT","BANK NEGARA INDONESIA (PERSERO) - CUSTODY, Tbk, PT",REKSA DANA PAN ARCADIA EKUITAS PROGRESIF 2,Equity Fund,IDR,20713965861.44,44379172.26
"Panin Asset Management, PT",DEUTSCHE BANK A. G. - CUSTODY,REKSA DANA PANIN DANA BERSAMA,Mixed Asset Fund,IDR,42469973285.17,5117694.78
"Panin Asset Management, PT","BANK CENTRAL ASIA - CUSTODY, Tbk, PT",REKSA DANA PANIN DANA BERSAMA PLUS,Mixed Asset Fund,IDR,232669826396.52,159376405.51
"Panin Asset Management, PT","BANK CENTRAL ASIA - CUSTODY, Tbk, PT",REKSA DANA PANIN DANA INFRASTRUKTUR BERTUMBUH,Equity Fund,IDR,104323285270.65,79319983
"Panin Asset Management, PT","BANK CENTRAL ASIA - CUSTODY, Tbk, PT",REKSA DANA PANIN DANA LIKUID,Money Market Fund,IDR,579068768117.46,316342639.97
"Panin Asset Management, PT","BANK MANDIRI (PERSERO) - CUSTODY, Tbk, PT",Reksa Dana Panin Dana Likuid Bersama,Money Market Fund,IDR,0,0
"Panin Asset Management, PT","BANK CENTRAL ASIA - CUSTODY, Tbk, PT",REKSA DANA PANIN DANA OBLIGASI BERSAMA TIGA,Fixed Income Fund,IDR,321952043140.79,194729477.49
"Panin Asset Management, PT","BANK CENTRAL ASIA - CUSTODY, Tbk, PT",REKSA DANA PANIN DANA PENDAPATAN BERKALA,Fixed Income Fund,IDR,534225833156.4,516830611.16
"Panin Asset Management, PT","BANK CENTRAL ASIA - CUSTODY, Tbk, PT",REKSA DANA PANIN DANA PRIMA,Equity Fund,IDR,352898840749.86,111184012.15
"Panin Asset Management, PT","BANK CENTRAL ASIA - CUSTODY, Tbk, PT",REKSA DANA PANIN DANA PRIORITAS,Mixed Asset Fund,IDR,18163012457.51,12947503.7
"Panin Asset Management, PT",DEUTSCHE BANK A. G. - CUSTODY,REKSA DANA PANIN DANA SYARIAH BERIMBANG,Mixed Asset Fund,IDR,17382439023.84,11531299.55
"Panin Asset Management, PT",DEUTSCHE BANK A. G. - CUSTODY,REKSA DANA PANIN DANA SYARIAH SAHAM,Equity Fund,IDR,29701115748.07,27458750.18
"Panin Asset Management, PT","BANK CENTRAL ASIA - CUSTODY, Tbk, PT",REKSA DANA PANIN DANA TELADAN,Equity Fund,IDR,1218329872995.93,703581065.67
"Panin Asset Management, PT","BANK CENTRAL ASIA - CUSTODY, Tbk, PT",REKSA DANA PANIN DANA ULTIMA,Equity Fund,IDR,168526344208.56,143395939.34
"Panin Asset Management, PT","BANK CENTRAL ASIA - CUSTODY, Tbk, PT",REKSA DANA PANIN DANA UNGGULAN,Mixed Asset Fund,IDR,122918103074.79,13656399.76
"Panin Asset Management, PT",DEUTSCHE BANK A. G. - CUSTODY,REKSA DANA PANIN DANA US DOLLAR,Mixed Asset Fund,USD,47626638677.16,1615495.78
"Panin Asset Management, PT",DEUTSCHE BANK A. G. - CUSTODY,REKSA DANA PANIN DANA UTAMA PLUS 2,Fixed Income Fund,IDR,137023198939.01,40987947.42
"Anargya Aset Manajemen, PT","BANK BUKOPIN - CUSTODY, Tbk, PT",REKSA DANA PASAR UANG ANARGYA SUPERGAMA,Money Market Fund,IDR,2141225458.41,1932537.4
"BNI Asset Management, PT",STANDARD CHARTERED BANK - CUSTODY,REKSA DANA PASAR UANG BNI AM LIKUID GRANDIS,Money Market Fund,IDR,13302284890.63,11210376.54
"BNI Asset Management, PT",STANDARD CHARTERED BANK - CUSTODY,REKSA DANA PASAR UANG BNI AM LIKUID PRIORITAS II,Money Market Fund,IDR,87685.85,0
"BNI Asset Management, PT",PT KEB Hana Bank Indonesia,REKSA DANA PASAR UANG BNI AM LIKUID PRIORITAS IV,Money Market Fund,IDR,139727.3,83.92
"BNI Asset Management, PT",PT. BANK PEMBANGUNAN DAERAH JAWA BARAT DAN BANTEN TBK,REKSA DANA PASAR UANG BNI AM PRIORITAS AGARWOOD,Money Market Fund,IDR,66890776955.04,52726295.02
"BNI Asset Management, PT",PT. BANK PEMBANGUNAN DAERAH JAWA BARAT DAN BANTEN TBK,REKSA DANA PASAR UANG BNI AM PRIORITAS LAVENDER,Money Market Fund,IDR,0,0
"Net Assets Management, PT",PT KEB Hana Bank Indonesia,REKSA DANA PASAR UANG NET DANA PRIMA,Money Market Fund,IDR,11436481668,10500899.66
"PNM Investment Management, PT",PT. BANK PEMBANGUNAN DAERAH JAWA BARAT DAN BANTEN TBK,REKSA DANA PASAR UANG PNM DANA KAS PLATINUM 2,Money Market Fund,IDR,62173498519.29,50171136.95
"PNM Investment Management, PT",PT KEB Hana Bank Indonesia,REKSA DANA PASAR UANG PNM DANA MAXIMA,Money Market Fund,IDR,100310260973.61,82548255.36
"PNM Investment Management, PT",PT KEB Hana Bank Indonesia,REKSA DANA PASAR UANG PNM DANA MAXIMA 2,Money Market Fund,IDR,0,0
"Prospera Asset Management, PT",PT. BANK SINARMAS TBK,REKSA DANA PASAR UANG PROSPERA BEBAS FINANSIAL,Money Market Fund,IDR,11977611902.33,11237328.97
"UOB Asset Management Indonesia, PT",PT KEB Hana Bank Indonesia,REKSA DANA PASAR UANG UOBAM DANA RUPIAH,Money Market Fund,IDR,51248911793.1,43875577.76
"Anargya Aset Manajemen, PT",PT KEB Hana Bank Indonesia,REKSA DANA PENDAPATAN TETAP ANARGYA SUPERGROWTH,Fixed Income Fund,IDR,44886281193.83,36500413.3
"Avrist Asset Management, PT","BANK DBS INDONESIA - CUSTODY, PT",REKSA DANA PENDAPATAN TETAP AVRIST PENDIDIKAN SOLOTECH,Fixed Income Fund,IDR,0,0
"Avrist Asset Management, PT","BANK DBS INDONESIA - CUSTODY, PT",REKSA DANA PENDAPATAN TETAP AVRIST PENDIDIKAN SOLOTECH KELAS GOLD,Fixed Income Fund,IDR,0,0
"Avrist Asset Management, PT","BANK DBS INDONESIA - CUSTODY, PT",REKSA DANA PENDAPATAN TETAP AVRIST PENDIDIKAN SOLOTECH KELAS PLATINUM,Fixed Income Fund,IDR,0,0
"Avrist Asset Management, PT","BANK DBS INDONESIA - CUSTODY, PT",REKSA DANA PENDAPATAN TETAP AVRIST PENDIDIKAN SOLOTECH KELAS SILVER,Fixed Income Fund,IDR,7557396140,7057328.48
"BNI Asset Management, PT","BANK DBS INDONESIA - CUSTODY, PT",REKSA DANA PENDAPATAN TETAP BNI AM DANA PRIORITAS,Fixed Income Fund,IDR,177175131605,130049766.8
"BNI Asset Management, PT",PT. BANK PEMBANGUNAN DAERAH JAWA BARAT DAN BANTEN TBK,REKSA DANA PENDAPATAN TETAP BNI AM PRIORITAS BOUGENVILLE,Fixed Income Fund,IDR,296382637659.89,250000085.65
"BNI Asset Management, PT","BANK CENTRAL ASIA - CUSTODY, Tbk, PT",REKSA DANA PENDAPATAN TETAP BNI AM PRIORITAS OPTIMA,Fixed Income Fund,IDR,0,0
"BNI Asset Management, PT","BANK DBS INDONESIA - CUSTODY, PT",REKSA DANA PENDAPATAN TETAP BNI AM QUALITY LONG DURATION FUND,Fixed Income Fund,IDR,52795343912,31940558.65
"BNI Asset Management, PT",STANDARD CHARTERED BANK - CUSTODY,REKSA DANA PENDAPATAN TETAP BNI AM TEAKWOOD,Fixed Income Fund,IDR,0,0
"BNI Asset Management, PT",STANDARD CHARTERED BANK - CUSTODY,REKSA DANA PENDAPATAN TETAP BNI AM TEAKWOOD KELAS I1,Fixed Income Fund,IDR,29974155484.76,29612081.73
"BNI Asset Management, PT",STANDARD CHARTERED BANK - CUSTODY,REKSA DANA PENDAPATAN TETAP BNI AM TEAKWOOD KELAS R1,Fixed Income Fund,IDR,301314127787.19,296302729.53
"BNI Asset Management, PT",STANDARD CHARTERED BANK - CUSTODY,REKSA DANA PENDAPATAN TETAP BNI AM TEAKWOOD KELAS UNPAD IDAMAN,Fixed Income Fund,IDR,10229782332.84,10005070.15
"BNI Asset Management, PT","BANK CIMB NIAGA - CUSTODY, Tbk, PT",REKSA DANA PENDAPATAN TETAP BNI AM UTAMA,Fixed Income Fund,IDR,1053932342813.43,769389552.02
"BNI Asset Management, PT","BANK CIMB NIAGA - CUSTODY, Tbk, PT",Reksa Dana Pendapatan Tetap ITB Harmoni BNI AM,Fixed Income Fund,IDR,66343230344.7,43394186.98
"Net Assets Management, PT","BANK CENTRAL ASIA - CUSTODY, Tbk, PT",REKSA DANA PENDAPATAN TETAP NET DANA STABIL,Fixed Income Fund,IDR,66077664003.32,49748450.27
"Panin Asset Management, PT","BANK CENTRAL ASIA - CUSTODY, Tbk, PT",REKSA DANA PENDAPATAN TETAP PANIN DANA PENDAPATAN UTAMA,Fixed Income Fund,IDR,275463109168.82,197265905.7
"PNM Investment Management, PT",PT KEB Hana Bank Indonesia,REKSA DANA PENDAPATAN TETAP PNM CINTA ANAK BANGSA,Fixed Income Fund,IDR,0,0
"PNM Investment Management, PT",PT KEB Hana Bank Indonesia,REKSA DANA PENDAPATAN TETAP PNM CINTA ANAK BANGSA KELAS DIAMOND,Fixed Income Fund,IDR,2013544004.59,2000000
"PNM Investment Management, PT",PT KEB Hana Bank Indonesia,REKSA DANA PENDAPATAN TETAP PNM CINTA ANAK BANGSA KELAS GOLD,Fixed Income Fund,IDR,10073805980.25,10001000
"PNM Investment Management, PT",PT KEB Hana Bank Indonesia,REKSA DANA PENDAPATAN TETAP PNM CINTA ANAK BANGSA KELAS PLATINUM,Fixed Income Fund,IDR,0,0
"PNM Investment Management, PT",PT KEB Hana Bank Indonesia,REKSA DANA PENDAPATAN TETAP PNM DANA OPTIMA,Fixed Income Fund,IDR,0,0
"PNM Investment Management, PT",PT KEB Hana Bank Indonesia,REKSA DANA PENDAPATAN TETAP PNM DANA OPTIMA KELAS A,Fixed Income Fund,IDR,41240293655.55,32611610.75
"PNM Investment Management, PT",PT KEB Hana Bank Indonesia,REKSA DANA PENDAPATAN TETAP PNM DANA OPTIMA KELAS B,Fixed Income Fund,IDR,0,0
"PNM Investment Management, PT",PT KEB Hana Bank Indonesia,REKSA DANA PENDAPATAN TETAP PNM DANA OPTIMA KELAS C,Fixed Income Fund,IDR,0,0
"PNM Investment Management, PT",PT KEB Hana Bank Indonesia,REKSA DANA PENDAPATAN TETAP PNM DANA OPTIMA KELAS D,Fixed Income Fund,IDR,0,0
"PNM Investment Management, PT",PT KEB Hana Bank Indonesia,REKSA DANA PENDAPATAN TETAP PNM DANA OPTIMA KELAS E,Fixed Income Fund,IDR,0,0
"PNM Investment Management, PT",PT Bank Maybank Indonesia Tbk,REKSA DANA PENDAPATAN TETAP PNM OPTIMA BULANAN,Fixed Income Fund,IDR,340380467504.75,336536184.51
"Sucorinvest Asset Management, PT",PT Bank HSBC Indonesia,Reksa Dana Pendapatan Tetap Reksa Dana Sucorinvest Bond Fund,Fixed Income Fund,IDR,193174331927,120008096.25
"Sinarmas Asset Management, PT","BANK CIMB NIAGA - CUSTODY, Tbk, PT",Reksa Dana Pendapatan Tetap Sinarmas Hidup Sejahtera,Fixed Income Fund,IDR,1123683998583.35,691678155.2
"Sucorinvest Asset Management, PT",PT Bank HSBC Indonesia,REKSA DANA PENDAPATAN TETAP SUCORINVEST MONTHLY INCOME FUND,Fixed Income Fund,IDR,2696796975724,2443107862.98
"Sucorinvest Asset Management, PT","BANK CIMB NIAGA - CUSTODY, Tbk, PT",REKSA DANA PENDAPATAN TETAP SUCORINVEST PHEI AAA CORPORATE BOND FUND,Fixed Income Fund,IDR,10817898008.76,10656128.29
"Sucorinvest Asset Management, PT",PT Bank HSBC Indonesia,REKSA DANA PENDAPATAN TETAP SUCORINVEST STABLE FUND,Fixed Income Fund,IDR,2110642422976,1526727651.72
"Trimegah Asset Management, PT",DEUTSCHE BANK A. G. - CUSTODY,REKSA DANA PENDAPATAN TETAP TRIMEGAH BAKTI GANESHA ABADI,Fixed Income Fund,IDR,0,0
"Trimegah Asset Management, PT",DEUTSCHE BANK A. G. - CUSTODY,REKSA DANA PENDAPATAN TETAP TRIMEGAH BAKTI GANESHA ABADI KELAS A,Fixed Income Fund,IDR,10489381323.47,10044617.44
"Trimegah Asset Management, PT",DEUTSCHE BANK A. G. - CUSTODY,REKSA DANA PENDAPATAN TETAP TRIMEGAH BAKTI GANESHA ABADI KELAS B,Fixed Income Fund,IDR,3925351286.26,3750728.72
"Trimegah Asset Management, PT",DEUTSCHE BANK A. G. - CUSTODY,REKSA DANA PENDAPATAN TETAP TRIMEGAH BAKTI GANESHA ABADI KELAS C,Fixed Income Fund,IDR,96437081118.47,88168000.56
"Trimegah Asset Management, PT",STANDARD CHARTERED BANK - CUSTODY,REKSA DANA PENDAPATAN TETAP TRIMEGAH SEPAK BOLA MERAH PUTIH,Fixed Income Fund,IDR,0,0
"Trimegah Asset Management, PT",STANDARD CHARTERED BANK - CUSTODY,REKSA DANA PENDAPATAN TETAP TRIMEGAH SEPAK BOLA MERAH PUTIH KELAS A,Fixed Income Fund,IDR,0,0
"Trimegah Asset Management, PT",STANDARD CHARTERED BANK - CUSTODY,REKSA DANA PENDAPATAN TETAP TRIMEGAH SEPAK BOLA MERAH PUTIH KELAS B,Fixed Income Fund,IDR,17539325800.57,16993034.59
"UOB Asset Management Indonesia, PT",PT Bank HSBC Indonesia,REKSA DANA PENDAPATAN TETAP UOBAM DANA MEMBANGUN NEGERI,Fixed Income Fund,IDR,0,0
"UOB Asset Management Indonesia, PT",PT Bank HSBC Indonesia,REKSA DANA PENDAPATAN TETAP UOBAM DANA MEMBANGUN NEGERI D,Fixed Income Fund,IDR,312886848155,312119307.06
"UOB Asset Management Indonesia, PT",PT Bank HSBC Indonesia,REKSA DANA PENDAPATAN TETAP UOBAM DANA MEMBANGUN NEGERI G,Fixed Income Fund,IDR,3423474382,2732077.08
"UOB Asset Management Indonesia, PT",DEUTSCHE BANK A. G. - CUSTODY,REKSA DANA PENDAPATAN TETAP UOBAM INOVASI OBLIGASI NASIONAL,Fixed Income Fund,IDR,86750797833.61,81515910.99
"Bahana TCW Investment Management, PT",STANDARD CHARTERED BANK - CUSTODY,REKSA DANA PENDAPATAN TETAP UTAMA,Fixed Income Fund,IDR,0,0
"Bahana TCW Investment Management, PT",STANDARD CHARTERED BANK - CUSTODY,REKSA DANA PENDAPATAN TETAP UTAMA KELAS I,Fixed Income Fund,IDR,23188045384.35,25000000
"Bahana TCW Investment Management, PT",STANDARD CHARTERED BANK - CUSTODY,REKSA DANA PENDAPATAN TETAP UTAMA KELAS S,Fixed Income Fund,IDR,566488643702.96,216201275.01
"Pinnacle Persada Investama, PT","BANK CENTRAL ASIA - CUSTODY, Tbk, PT",REKSA DANA PINNACLE BALANCED GROWTH FUND,Mixed Asset Fund,IDR,54292950314.7,56202677.33
"Pinnacle Persada Investama, PT","BANK CENTRAL ASIA - CUSTODY, Tbk, PT",REKSA DANA PINNACLE CORE HIGH DIVIDEND ETF,Exchanged Traded Fund,IDR,1062755076.25,1800000
"Pinnacle Persada Investama, PT","BANK NEGARA INDONESIA (PERSERO) - CUSTODY, Tbk, PT",REKSA DANA PINNACLE DANA EKUITAS NUSANTARA,Equity Fund,IDR,0,0
"Pinnacle Persada Investama, PT","BANK CIMB NIAGA - CUSTODY, Tbk, PT",REKSA DANA PINNACLE DANA OBLIGASI UNGGULAN,Fixed Income Fund,IDR,878966746385.15,549972124.81
"Pinnacle Persada Investama, PT","BANK NEGARA INDONESIA (PERSERO) - CUSTODY, Tbk, PT",REKSA DANA PINNACLE DANA PRIMA,Equity Fund,IDR,322991618510.42,1923209338.94
"Pinnacle Persada Investama, PT","BANK CENTRAL ASIA - CUSTODY, Tbk, PT",REKSA DANA PINNACLE ENHANCED LIQUID ETF,Exchanged Traded Fund,IDR,25851903927.36,53800000
"Pinnacle Persada Investama, PT","BANK CENTRAL ASIA - CUSTODY, Tbk, PT",REKSA DANA PINNACLE INDONESIA BOND FUND,Fixed Income Fund,IDR,68411133202.57,41773887.53
"Pinnacle Persada Investama, PT","BANK CENTRAL ASIA - CUSTODY, Tbk, PT",REKSA DANA PINNACLE INDONESIA ESG ETF,Exchanged Traded Fund,IDR,992504775.49,2600000
"Pinnacle Persada Investama, PT","BANK CENTRAL ASIA - CUSTODY, Tbk, PT",REKSA DANA PINNACLE MONEY MARKET FUND,Money Market Fund,IDR,526127324967.66,329016248.46
"Pinnacle Persada Investama, PT","BANK CENTRAL ASIA - CUSTODY, Tbk, PT",REKSA DANA PINNACLE STRATEGIC EQUITY FUND,Equity Fund,IDR,15266294384.8,9641944.82
"Pinnacle Persada Investama, PT","BANK DANAMON INDONESIA - CUSTODY, Tbk, PT",REKSA DANA PINNACLE WINNER BALANCED FUND,Mixed Asset Fund,IDR,12269155990.92,11487359.09
"PNM Investment Management, PT","BANK DBS INDONESIA - CUSTODY, PT",REKSA DANA PNM AMANAH SYARIAH,Fixed Income Fund,IDR,0,0
"PNM Investment Management, PT","BANK DBS INDONESIA - CUSTODY, PT",REKSA DANA PNM AMANAH SYARIAH KELAS A,Fixed Income Fund,IDR,22328188356,7588711.47
"PNM Investment Management, PT","BANK DBS INDONESIA - CUSTODY, PT",REKSA DANA PNM AMANAH SYARIAH KELAS B,Fixed Income Fund,IDR,205968,199.96
"PNM Investment Management, PT","BANK DBS INDONESIA - CUSTODY, PT",REKSA DANA PNM AMANAH SYARIAH KELAS C,Fixed Income Fund,IDR,0,0
"PNM Investment Management, PT","BANK DBS INDONESIA - CUSTODY, PT",REKSA DANA PNM AMANAH SYARIAH KELAS D,Fixed Income Fund,IDR,21402812137,21424045.22
"PNM Investment Management, PT","BANK DBS INDONESIA - CUSTODY, PT",REKSA DANA PNM AMANAH SYARIAH KELAS E,Fixed Income Fund,IDR,0,0
"PNM Investment Management, PT","BANK DBS INDONESIA - CUSTODY, PT",REKSA DANA PNM AMANAH SYARIAH KELAS F,Fixed Income Fund,IDR,0,0
"PNM Investment Management, PT","BANK DBS INDONESIA - CUSTODY, PT",REKSA DANA PNM AMANAH SYARIAH KELAS G,Fixed Income Fund,IDR,0,0
"PNM Investment Management, PT","BANK DBS INDONESIA - CUSTODY, PT",REKSA DANA PNM AMANAH SYARIAH KELAS H,Fixed Income Fund,IDR,0,0
"PNM Investment Management, PT","BANK DBS INDONESIA - CUSTODY, PT",REKSA DANA PNM AMANAH SYARIAH KELAS I,Fixed Income Fund,IDR,0,0
"PNM Investment Management, PT","BANK MEGA - CUSTODY, Tbk, PT",REKSA DANA PNM DANA BERTUMBUH,Fixed Income Fund,IDR,1148514984637.07,699967711.87
"PNM Investment Management, PT","BANK BUKOPIN - CUSTODY, Tbk, PT",REKSA DANA PNM DANA KAS PLATINUM,Money Market Fund,IDR,0,0
"PNM Investment Management, PT",STANDARD CHARTERED BANK - CUSTODY,REKSA DANA PNM DANA LIKUID,Money Market Fund,IDR,0,0
"PNM Investment Management, PT","BANK DBS INDONESIA - CUSTODY, PT",REKSA DANA PNM DANA SURAT BERHARGA NEGARA,Fixed Income Fund,IDR,99621044621,59225994.26
"PNM Investment Management, PT","BANK DBS INDONESIA - CUSTODY, PT",REKSA DANA PNM DANA SURAT BERHARGA NEGARA II,Fixed Income Fund,IDR,0,0
"PNM Investment Management, PT","BANK DBS INDONESIA - CUSTODY, PT",REKSA DANA PNM DANA SURAT BERHARGA NEGARA II KELAS A,Fixed Income Fund,IDR,44261265435,27589889.16
"PNM Investment Management, PT","BANK DBS INDONESIA - CUSTODY, PT",REKSA DANA PNM DANA SURAT BERHARGA NEGARA II KELAS B,Fixed Income Fund,IDR,1703528,1618.66
"PNM Investment Management, PT","BANK DBS INDONESIA - CUSTODY, PT",REKSA DANA PNM DANA SURAT BERHARGA NEGARA II KELAS C,Fixed Income Fund,IDR,0,0
"PNM Investment Management, PT","BANK DBS INDONESIA - CUSTODY, PT",REKSA DANA PNM DANA SURAT BERHARGA NEGARA II KELAS D,Fixed Income Fund,IDR,165854594313,163421998.54
"PNM Investment Management, PT","BANK DBS INDONESIA - CUSTODY, PT",REKSA DANA PNM DANA SURAT BERHARGA NEGARA II KELAS E,Fixed Income Fund,IDR,0,0
"PNM Investment Management, PT","BANK DBS INDONESIA - CUSTODY, PT",REKSA DANA PNM DANA SURAT BERHARGA NEGARA II KELAS F,Fixed Income Fund,IDR,0,0
"PNM Investment Management, PT","BANK DBS INDONESIA - CUSTODY, PT",REKSA DANA PNM DANA SURAT BERHARGA NEGARA II KELAS G,Fixed Income Fund,IDR,0,0
"PNM Investment Management, PT","BANK DBS INDONESIA - CUSTODY, PT",REKSA DANA PNM DANA SURAT BERHARGA NEGARA II KELAS H,Fixed Income Fund,IDR,0,0
"PNM Investment Management, PT","BANK DBS INDONESIA - CUSTODY, PT",REKSA DANA PNM DANA SURAT BERHARGA NEGARA II KELAS I,Fixed Income Fund,IDR,0,0
"PNM Investment Management, PT","BANK MEGA - CUSTODY, Tbk, PT",REKSA DANA PNM DANA TUNAI,Money Market Fund,IDR,689111376023.28,399265032.16
"PNM Investment Management, PT","BANK DBS INDONESIA - CUSTODY, PT",REKSA DANA PNM EKUITAS SYARIAH,Equity Fund,IDR,12155471571,10966407.57
"PNM Investment Management, PT","BANK BUKOPIN - CUSTODY, Tbk, PT",REKSA DANA PNM PASAR UANG SYARIAH,Money Market Fund,IDR,0,0
"PNM Investment Management, PT",PT Bank Maybank Indonesia Tbk,REKSA DANA PNM PUAS,Money Market Fund,IDR,110919903572.03,23596806.01
"PNM Investment Management, PT","BANK DBS INDONESIA - CUSTODY, PT",REKSA DANA PNM SAHAM UNGGULAN,Equity Fund,IDR,146030389033,248841866.15
"PNM Investment Management, PT","BANK PERMATA - CUSTODY, Tbk, PT",Reksa Dana PNM SBN 90,Fixed Income Fund,IDR,343293318679.93,324847758.76
"PNM Investment Management, PT","BANK DBS INDONESIA - CUSTODY, PT",REKSA DANA PNM SYARIAH,Mixed Asset Fund,IDR,11728965321,3922813.21
"Pool Advista Aset Manajemen, PT","BANK NEGARA INDONESIA (PERSERO) - CUSTODY, Tbk, PT",REKSA DANA POOL ADVISTA KAPITAL OPTIMAL,Equity Fund,IDR,286885961833.01,1152614865.67
"Pool Advista Aset Manajemen, PT",PT KEB Hana Bank Indonesia,REKSA DANA POOL ADVISTA PASAR UANG 2,Money Market Fund,IDR,0,0
"Pratama Capital Assets Management, PT","BANK NEGARA INDONESIA (PERSERO) - CUSTODY, Tbk, PT",REKSA DANA PRATAMA DANA ALPHA SAHAM,Equity Fund,IDR,47417842087.97,64672176.74
"Pratama Capital Assets Management, PT","BANK NEGARA INDONESIA (PERSERO) - CUSTODY, Tbk, PT",REKSA DANA PRATAMA DANA ATRAKTIF SAHAM,Equity Fund,IDR,22358639278.5,24425249.08
"Pratama Capital Assets Management, PT","BANK NEGARA INDONESIA (PERSERO) - CUSTODY, Tbk, PT",REKSA DANA PRATAMA DANA CAMPURAN,Mixed Asset Fund,IDR,30697919.76,27734.59
"Pratama Capital Assets Management, PT","BANK NEGARA INDONESIA (PERSERO) - CUSTODY, Tbk, PT",REKSA DANA PRATAMA DANA CEMERLANG SAHAM,Equity Fund,IDR,70964139111.51,70797301.8
"Pratama Capital Assets Management, PT",DEUTSCHE BANK A. G. - CUSTODY,REKSA DANA PRATAMA DANA DINAMIS SAHAM,Equity Fund,IDR,107243565790.45,127088243.3
"Pratama Capital Assets Management, PT","BANK NEGARA INDONESIA (PERSERO) - CUSTODY, Tbk, PT",REKSA DANA PRATAMA DANA GEMILANG SAHAM,Equity Fund,IDR,25517415432,23817248.11
"Pratama Capital Assets Management, PT",DEUTSCHE BANK A. G. - CUSTODY,REKSA DANA PRATAMA DANA MAKSIMUM SAHAM,Equity Fund,IDR,0,0
"Pratama Capital Assets Management, PT","BANK NEGARA INDONESIA (PERSERO) - CUSTODY, Tbk, PT",REKSA DANA PRATAMA DANA MANTAP SAHAM,Equity Fund,IDR,0,0
"Pratama Capital Assets Management, PT",DEUTSCHE BANK A. G. - CUSTODY,REKSA DANA PRATAMA DANA OPTIMUM SAHAM,Equity Fund,IDR,0,0
"Pratama Capital Assets Management, PT","BANK RAKYAT INDONESIA (PERSERO) - CUSTODY, Tbk, PT",REKSA DANA PRATAMA DANA SAHAM UNGGULAN,Equity Fund,IDR,0.01,0
"Pratama Capital Assets Management, PT",DEUTSCHE BANK A. G. - CUSTODY,REKSA DANA PRATAMA INVESTA MANDIRI SAHAM,Equity Fund,IDR,18113786282.79,23320000
"Pratama Capital Assets Management, PT","BANK RAKYAT INDONESIA (PERSERO) - CUSTODY, Tbk, PT",REKSA DANA PRATAMA PENDAPATAN TETAP,Fixed Income Fund,IDR,2418840.85,0
"Pratama Capital Assets Management, PT",DEUTSCHE BANK A. G. - CUSTODY,REKSA DANA PRATAMA SAHAM,Equity Fund,IDR,8754917931.23,1785853.71
"Pratama Capital Assets Management, PT",DEUTSCHE BANK A. G. - CUSTODY,REKSA DANA PRATAMA SYARIAH,Equity Fund,IDR,5959665470.89,8405349.19
"Indo Premier Investment Management, PT",DEUTSCHE BANK A. G. - CUSTODY,REKSA DANA PREMIER CAMPURAN DINAMIS,Mixed Asset Fund,IDR,0,0
"Indo Premier Investment Management, PT",DEUTSCHE BANK A. G. - CUSTODY,REKSA DANA PREMIER CAMPURAN DINAMIS KELAS A,Mixed Asset Fund,IDR,100904236739.09,100000000
"Indo Premier Investment Management, PT",DEUTSCHE BANK A. G. - CUSTODY,REKSA DANA PREMIER CAMPURAN DINAMIS KELAS B,Mixed Asset Fund,IDR,7162234.79,7312.98
"Indo Premier Investment Management, PT",STANDARD CHARTERED BANK - CUSTODY,REKSA DANA PREMIER CAMPURAN FLEKSIBEL,Mixed Asset Fund,IDR,0,0
"Indo Premier Investment Management, PT",DEUTSCHE BANK A. G. - CUSTODY,REKSA DANA PREMIER EKUITAS MAKRO PLUS,Equity Fund,IDR,5863351962.61,7238342.56
"Indo Premier Investment Management, PT",DEUTSCHE BANK A. G. - CUSTODY,REKSA DANA PREMIER ETF IDX30,Exchanged Traded Fund,IDR,2048520914617.1,4051400000
"Indo Premier Investment Management, PT",DEUTSCHE BANK A. G. - CUSTODY,REKSA DANA PREMIER ETF INDONESIA CONSUMER,Exchanged Traded Fund,IDR,18157031486.13,21200000
"Indo Premier Investment Management, PT",DEUTSCHE BANK A. G. - CUSTODY,REKSA DANA PREMIER ETF INDONESIA FINANCIAL,Exchanged Traded Fund,IDR,26471925299.65,58400000
"Indo Premier Investment Management, PT",DEUTSCHE BANK A. G. - CUSTODY,REKSA DANA PREMIER ETF INDONESIA SOVEREIGN BONDS,Exchanged Traded Fund,IDR,32366579285.65,60300000
"Indo Premier Investment Management, PT",DEUTSCHE BANK A. G. - CUSTODY,REKSA DANA PREMIER ETF INDONESIA STATE OWNED CO,Exchanged Traded Fund,IDR,661168002255.71,896000000
"Indo Premier Investment Management, PT",DEUTSCHE BANK A. G. - CUSTODY,REKSA DANA PREMIER ETF LQ 45,Exchanged Traded Fund,IDR,151878780703,157200000
"Indo Premier Investment Management, PT",DEUTSCHE BANK A. G. - CUSTODY,REKSA DANA PREMIER ETF SMINFRA 18,Exchanged Traded Fund,IDR,53767883791.44,159100000
"Indo Premier Investment Management, PT",DEUTSCHE BANK A. G. - CUSTODY,REKSA DANA PREMIER ETF SRI KEHATI,Exchanged Traded Fund,IDR,1250074141419.77,2956100000
"Indo Premier Investment Management, PT","BANK PERMATA - CUSTODY, Tbk, PT",Reksa Dana Premier Obligasi,Fixed Income Fund,IDR,495910413524.24,484775196.27
"Indo Premier Investment Management, PT","BANK CENTRAL ASIA - CUSTODY, Tbk, PT",REKSA DANA PREMIER OBLIGASI II,Fixed Income Fund,IDR,12147045482.69,10871852.72
"Indo Premier Investment Management, PT","BANK PERMATA - CUSTODY, Tbk, PT",Reksa Dana Premier Obligasi Nusantara,Fixed Income Fund,IDR,209619593430.35,215192962.91
"Indo Premier Investment Management, PT","BANK DBS INDONESIA - CUSTODY, PT",REKSA DANA PREMIER PASAR UANG II,Money Market Fund,IDR,457997770897,292711152.76
"Kresna Asset Management, PT",STANDARD CHARTERED BANK - CUSTODY,REKSA DANA PRESTASI ALOKASI PORTOFOLIO INVESTASI,Fixed Income Fund,IDR,211260.59,0
PT Equity Aset Manajemen,"BANK DANAMON INDONESIA - CUSTODY, Tbk, PT",Reksa Dana Prima,Mixed Asset Fund,IDR,32350910159.37,17936412.57
Principal Asset Management,DEUTSCHE BANK A. G. - CUSTODY,REKSA DANA PRINCIPAL BALANCED FOCUS II,Mixed Asset Fund,IDR,12139833010.22,10851242.08
Principal Asset Management,STANDARD CHARTERED BANK - CUSTODY,REKSA DANA PRINCIPAL BOND,Fixed Income Fund,IDR,1211048144199.91,25358804.12
Principal Asset Management,"BANK CENTRAL ASIA - CUSTODY, Tbk, PT",REKSA DANA PRINCIPAL BUKAREKSA PASAR UANG,Money Market Fund,IDR,9666711252.97,7520377.44
Principal Asset Management,DEUTSCHE BANK A. G. - CUSTODY,REKSA DANA PRINCIPAL CASH FUND,Money Market Fund,IDR,244626457423.2,128304618.26
Principal Asset Management,STANDARD CHARTERED BANK - CUSTODY,REKSA DANA PRINCIPAL DOLLAR BOND,Fixed Income Fund,USD,5472954909.5,303425.25
Principal Asset Management,"BANK CENTRAL ASIA - CUSTODY, Tbk, PT",REKSA DANA PRINCIPAL INDO DOMESTIC EQUITY FUND,Equity Fund,IDR,17119956494.96,23531823.06
Principal Asset Management,DEUTSCHE BANK A. G. - CUSTODY,REKSA DANA PRINCIPAL ISLAMIC EQUITY GROWTH SYARIAH,Equity Fund,IDR,77669326695.57,62839653.44
Principal Asset Management,"BANK RAKYAT INDONESIA (PERSERO) - CUSTODY, Tbk, PT",REKSA DANA PRINCIPAL ITB NIAGA,Fixed Income Fund,IDR,0,0
Principal Asset Management,STANDARD CHARTERED BANK - CUSTODY,REKSA DANA PRINCIPAL PRIME INCOME FUND,Fixed Income Fund,IDR,0,0
Principal Asset Management,STANDARD CHARTERED BANK - CUSTODY,REKSA DANA PRINCIPAL PRIME INCOME FUND 4,Fixed Income Fund,IDR,63766787470.1,27406278.08
Principal Asset Management,"BANK CENTRAL ASIA - CUSTODY, Tbk, PT",REKSA DANA PRINCIPAL TOTAL RETURN BOND FUND,Fixed Income Fund,IDR,17123171821.26,6515490.65
Principal Asset Management,DEUTSCHE BANK A. G. - CUSTODY,REKSA DANA PRINCIPAL TOTAL RETURN EQUITY FUND,Equity Fund,IDR,0,0
Principal Asset Management,DEUTSCHE BANK A. G. - CUSTODY,REKSA DANA PRINCIPAL TOTAL RETURN EQUITY FUND KELAS E,Equity Fund,IDR,5934818059.41,1715648.73
Principal Asset Management,DEUTSCHE BANK A. G. - CUSTODY,REKSA DANA PRINCIPAL TOTAL RETURN EQUITY FUND KELAS O,Equity Fund,IDR,23811702367.79,7293060.38
"Prospera Asset Management, PT","BANK CIMB NIAGA - CUSTODY, Tbk, PT",REKSA DANA PROSPERA BALANCE,Mixed Asset Fund,IDR,20282669026.41,4933158.16
"Prospera Asset Management, PT","BANK CIMB NIAGA - CUSTODY, Tbk, PT",Reksa Dana Prospera Balance Return Optimiser,Mixed Asset Fund,IDR,153484739053.39,124281111.65
"Prospera Asset Management, PT","BANK CIMB NIAGA - CUSTODY, Tbk, PT",REKSA DANA PROSPERA BIJAK,Equity Fund,IDR,34260565537.15,38232128.63
"Prospera Asset Management, PT","BANK CIMB NIAGA - CUSTODY, Tbk, PT",REKSA DANA PROSPERA BUMN GROWTH FUND,Equity Fund,IDR,40775425732.37,35199993.98
"Prospera Asset Management, PT","BANK CIMB NIAGA - CUSTODY, Tbk, PT",REKSA DANA PROSPERA DANA LANCAR,Money Market Fund,IDR,101258128943.25,62747729.42
"Prospera Asset Management, PT","BANK CIMB NIAGA - CUSTODY, Tbk, PT",REKSA DANA PROSPERA OBLIGASI,Fixed Income Fund,IDR,44169189021.01,8432187.98
"Prospera Asset Management, PT","BANK CIMB NIAGA - CUSTODY, Tbk, PT",REKSA DANA PROSPERA OBLIGASI PLUS,Mixed Asset Fund,IDR,16585517920.23,3690104.71
"Prospera Asset Management, PT","BANK CIMB NIAGA - CUSTODY, Tbk, PT",REKSA DANA Prospera Saham SMC,Equity Fund,IDR,89779793346.51,55300309.76
"Prospera Asset Management, PT","BANK CIMB NIAGA - CUSTODY, Tbk, PT",REKSA DANA PROSPERA VALUE FUND,Mixed Asset Fund,IDR,127920696663.62,67966309.38
"Purwanto Asset Management, PT","BANK CENTRAL ASIA - CUSTODY, Tbk, PT",REKSA DANA PURWANTO CAMPURAN DINAMIS,Mixed Asset Fund,IDR,27706813809.24,31766908.52
"Purwanto Asset Management, PT","BANK CENTRAL ASIA - CUSTODY, Tbk, PT",REKSA DANA PURWANTO DANA STABIL PLUS,Fixed Income Fund,IDR,11749139219.16,10960529.58
"Purwanto Asset Management, PT","BANK CENTRAL ASIA - CUSTODY, Tbk, PT",REKSA DANA PURWANTO LIKUID PLUS,Money Market Fund,IDR,26513082232.93,23446876.06
"Purwanto Asset Management, PT","BANK MANDIRI (PERSERO) - CUSTODY, Tbk, PT",REKSA DANA PURWANTO SAHAM BERKEMBANG,Equity Fund,IDR,12740973190.27,16161282.32
"Recapital Asset Management, PT","BANK PERMATA - CUSTODY, Tbk, PT",REKSA DANA RECAPITAL BALANCE FUND,Mixed Asset Fund,IDR,68894905434.41,86506442.14
"Recapital Asset Management, PT","BANK MANDIRI (PERSERO) - CUSTODY, Tbk, PT",REKSA DANA RECAPITAL EQUITY,Equity Fund,IDR,143453940448.01,300147070.57
"Recapital Asset Management, PT","BANK MANDIRI (PERSERO) - CUSTODY, Tbk, PT",REKSA DANA RECAPITAL MONEY MARKET LIQUID,Money Market Fund,IDR,0,0
"Reliance Manajer Investasi, PT","BANK CENTRAL ASIA - CUSTODY, Tbk, PT",REKSA DANA RELIANCE DANA SAHAM,Equity Fund,IDR,20285994294,62072138.7
"Reliance Manajer Investasi, PT","BANK CENTRAL ASIA - CUSTODY, Tbk, PT",REKSA DANA RELIANCE DANA TERENCANA,Fixed Income Fund,IDR,13126522556.13,6561067.22
"Reliance Manajer Investasi, PT","BANK DANAMON INDONESIA - CUSTODY, Tbk, PT",REKSA DANA RELIANCE OBLIGASI PEMERINTAH,Fixed Income Fund,IDR,0,0
"Reliance Manajer Investasi, PT","BANK CENTRAL ASIA - CUSTODY, Tbk, PT",REKSA DANA RELIANCE PASAR UANG,Money Market Fund,IDR,1225323908.56,887398.74
"Ciptadana Asset Management, PT","BANK DANAMON INDONESIA - CUSTODY, Tbk, PT",REKSA DANA RENCANA CERDAS,Equity Fund,IDR,57837729074.66,3557398.66
"Anargya Aset Manajemen, PT",PT KEB Hana Bank Indonesia,REKSA DANA SAHAM ANARGYA SUPERFUND EQUITY GROWTH,Equity Fund,IDR,50562719319.75,50192970.29
"Eastspring Investments Indonesia, PT",STANDARD CHARTERED BANK - CUSTODY,REKSA DANA SAHAM EASTSPRING INVESTMENTS ALPHA NAVIGATOR,Equity Fund,IDR,0,0
"Eastspring Investments Indonesia, PT",STANDARD CHARTERED BANK - CUSTODY,REKSA DANA SAHAM EASTSPRING INVESTMENTS ALPHA NAVIGATOR KELAS A,Equity Fund,IDR,112309617279.99,78078187.15
"Eastspring Investments Indonesia, PT",STANDARD CHARTERED BANK - CUSTODY,REKSA DANA SAHAM EASTSPRING INVESTMENTS ALPHA NAVIGATOR KELAS B,Equity Fund,IDR,0,0
"Eastspring Investments Indonesia, PT",STANDARD CHARTERED BANK - CUSTODY,REKSA DANA SAHAM EASTSPRING INVESTMENTS ALPHA NAVIGATOR KELAS C,Equity Fund,IDR,185298277375.48,200000000
"Emco Asset Management, PT","BANK CENTRAL ASIA - CUSTODY, Tbk, PT",REKSA DANA SAHAM EMCO PESONA,Equity Fund,IDR,5958124192.15,144007527.54
"Panin Asset Management, PT","BANK CENTRAL ASIA - CUSTODY, Tbk, PT",Reksa Dana Saham Panin Beta One,Equity Fund,IDR,21177199332.44,21994843.15
"Panin Asset Management, PT","BANK CENTRAL ASIA - CUSTODY, Tbk, PT",REKSA DANA SAHAM PANIN DANA BERDEDIKASI,Equity Fund,IDR,625235335565.58,712418230.32
"Panin Asset Management, PT","BANK CENTRAL ASIA - CUSTODY, Tbk, PT",REKSA DANA SAHAM PANIN DANA BERKEMBANG,Equity Fund,IDR,817751641246.37,879085142.44
"UOB Asset Management Indonesia, PT",STANDARD CHARTERED BANK - CUSTODY,REKSA DANA SAHAM UOBAM SUSTAINABLE EQUITY INDONESIA,Equity Fund,IDR,0,0
"UOB Asset Management Indonesia, PT",STANDARD CHARTERED BANK - CUSTODY,REKSA DANA SAHAM UOBAM SUSTAINABLE EQUITY INDONESIA A,Equity Fund,IDR,0,0
"UOB Asset Management Indonesia, PT",STANDARD CHARTERED BANK - CUSTODY,REKSA DANA SAHAM UOBAM SUSTAINABLE EQUITY INDONESIA B,Equity Fund,IDR,0,0
"UOB Asset Management Indonesia, PT",STANDARD CHARTERED BANK - CUSTODY,REKSA DANA SAHAM UOBAM SUSTAINABLE EQUITY INDONESIA C,Equity Fund,IDR,0,0
"UOB Asset Management Indonesia, PT",STANDARD CHARTERED BANK - CUSTODY,REKSA DANA SAHAM UOBAM SUSTAINABLE EQUITY INDONESIA D,Equity Fund,IDR,102948597233.31,113923947.61
"WANTEG ASSET MANAGEMENT, PT","BANK MEGA - CUSTODY, Tbk, PT",REKSA DANA SAHAM WANTEG EQUITREE FUND,Equity Fund,IDR,10626149646.01,8642061.62
"Samuel Aset Manajemen, PT","BANK CIMB NIAGA - CUSTODY, Tbk, PT",Reksa Dana SAM Beta Plus Equity Fund,Equity Fund,IDR,9378887679.69,10450599.23
"Samuel Aset Manajemen, PT","BANK CIMB NIAGA - CUSTODY, Tbk, PT",REKSA DANA SAM CIPTA SEJAHTERA CAMPURAN,Mixed Asset Fund,IDR,802968221445.51,851271142.49
"Samuel Aset Manajemen, PT","BANK CIMB NIAGA - CUSTODY, Tbk, PT",REKSA DANA SAM DANA CERDAS,Equity Fund,IDR,2090568972890.95,1880377499.56
"Samuel Aset Manajemen, PT","BANK CIMB NIAGA - CUSTODY, Tbk, PT",Reksa Dana SAM Dana Kas,Money Market Fund,IDR,90749388063.99,61697927.06
"Samuel Aset Manajemen, PT","BANK DANAMON INDONESIA - CUSTODY, Tbk, PT",REKSA DANA SAM DANA OBLIGASI,Fixed Income Fund,IDR,271706419633.58,142994038
"Samuel Aset Manajemen, PT","BANK MEGA - CUSTODY, Tbk, PT",REKSA DANA SAM DANA OBLIGASI PRIMA,Fixed Income Fund,IDR,160013492752,104573812.65
"Samuel Aset Manajemen, PT","BANK DBS INDONESIA - CUSTODY, PT",REKSA DANA SAM DANA PENDAPATAN TETAP,Fixed Income Fund,IDR,987257533777,524620664.48
"Samuel Aset Manajemen, PT",DEUTSCHE BANK A. G. - CUSTODY,REKSA DANA SAM DANA SAHAM NUSANTARA,Equity Fund,IDR,0,0
"Samuel Aset Manajemen, PT",DEUTSCHE BANK A. G. - CUSTODY,REKSA DANA SAM DANA SAHAM NUSANTARA KELAS A,Equity Fund,IDR,8070179928.53,8748588.37
"Samuel Aset Manajemen, PT",DEUTSCHE BANK A. G. - CUSTODY,REKSA DANA SAM DANA SAHAM NUSANTARA KELAS S,Equity Fund,IDR,51777387261.15,53861157.49
"Samuel Aset Manajemen, PT",DEUTSCHE BANK A. G. - CUSTODY,REKSA DANA SAM INDONESIAN EQUITY FUND,Equity Fund,IDR,1033372071973.33,423799299.57
"Samuel Aset Manajemen, PT","BANK MANDIRI (PERSERO) - CUSTODY, Tbk, PT",Reksa Dana SAM Kombinasi Bertumbuh,Mixed Asset Fund,IDR,12737009.93,0
"Samuel Aset Manajemen, PT","BANK CIMB NIAGA - CUSTODY, Tbk, PT",Reksa Dana SAM Mutiara Nusa Campuran,Mixed Asset Fund,IDR,0,0
"Samuel Aset Manajemen, PT","BANK CIMB NIAGA - CUSTODY, Tbk, PT",REKSA DANA SAM MUTIARA NUSA CAMPURAN KELAS A,Mixed Asset Fund,IDR,16486164295.3,10115915.96
"Samuel Aset Manajemen, PT","BANK CIMB NIAGA - CUSTODY, Tbk, PT",REKSA DANA SAM MUTIARA NUSA CAMPURAN KELAS SSU PRATAMA,Mixed Asset Fund,IDR,0,0
"Samuel Aset Manajemen, PT","BANK CIMB NIAGA - CUSTODY, Tbk, PT",REKSA DANA SAM MUTIARA NUSA CAMPURAN KELAS SSU PRIMA,Mixed Asset Fund,IDR,0,0
"Samuel Aset Manajemen, PT",DEUTSCHE BANK A. G. - CUSTODY,REKSA DANA SAM OBLIGASI OPTIMA,Fixed Income Fund,IDR,0,0
"Samuel Aset Manajemen, PT",DEUTSCHE BANK A. G. - CUSTODY,REKSA DANA SAM OBLIGASI OPTIMA KELAS A,Fixed Income Fund,IDR,14307779911.31,12763036.74
"Samuel Aset Manajemen, PT",DEUTSCHE BANK A. G. - CUSTODY,REKSA DANA SAM OBLIGASI OPTIMA KELAS D,Fixed Income Fund,IDR,36036889582.93,35373813.86
"Samuel Aset Manajemen, PT",DEUTSCHE BANK A. G. - CUSTODY,REKSA DANA SAM OBLIGASI OPTIMA KELAS S,Fixed Income Fund,IDR,35507390921.2,34772896.88
"Samuel Aset Manajemen, PT","BANK CIMB NIAGA - CUSTODY, Tbk, PT",Reksa Dana SAM Providentia Balanced Fund,Mixed Asset Fund,IDR,13601105473,10500654.51
"Samuel Aset Manajemen, PT","BANK MANDIRI (PERSERO) - CUSTODY, Tbk, PT",REKSA DANA SAM SEJAHTERA BERSAMA CAMPURAN,Mixed Asset Fund,IDR,209850914.1,0
"Samuel Aset Manajemen, PT","BANK CIMB NIAGA - CUSTODY, Tbk, PT",REKSA DANA SAM SHARIA EQUITY FUND,Equity Fund,IDR,17203988885.88,19440071.97
"Samuel Aset Manajemen, PT","BANK CIMB NIAGA - CUSTODY, Tbk, PT",REKSA DANA SAM SUKUK SYARIAH SEJAHTERA,Fixed Income Fund,IDR,46623879590.9,19166910.43
"Samuel Aset Manajemen, PT","BANK CIMB NIAGA - CUSTODY, Tbk, PT",REKSA DANA SAM SYARIAH BERIMBANG,Mixed Asset Fund,IDR,16077443577.85,10584314.19
"Schroder Investment Management Indonesia, PT",CITIBANK N. A. - CUSTODY,Reksa Dana Schroder 90 Plus Equity Fund,Equity Fund,IDR,455846227847.57,250683619.59
"Schroder Investment Management Indonesia, PT",DEUTSCHE BANK A. G. - CUSTODY,REKSA DANA SCHRODER DANA ANDALAN II,Fixed Income Fund,IDR,347884159953.32,316258489.9
"Schroder Investment Management Indonesia, PT",PT Bank HSBC Indonesia,Reksa Dana Schroder Dana Istimewa,Equity Fund,IDR,292896381224,48073872.83
"Schroder Investment Management Indonesia, PT",PT Bank HSBC Indonesia,Reksa Dana Schroder Dana Kombinasi,Mixed Asset Fund,IDR,355648273498,80512613.75
"Schroder Investment Management Indonesia, PT",DEUTSCHE BANK A. G. - CUSTODY,REKSA DANA SCHRODER DANA LIKUID,Money Market Fund,IDR,779629650209.1,470746674.29
"Schroder Investment Management Indonesia, PT",DEUTSCHE BANK A. G. - CUSTODY,REKSA DANA SCHRODER DANA MANTAP PLUS II,Fixed Income Fund,IDR,1362408234650.61,469444281.08
"Schroder Investment Management Indonesia, PT",CITIBANK N. A. - CUSTODY,REKSA DANA SCHRODER DANA PRESTASI,Equity Fund,IDR,1057654920414.92,28301654.1
"Schroder Investment Management Indonesia, PT",DEUTSCHE BANK A. G. - CUSTODY,REKSA DANA SCHRODER DANA PRESTASI PLUS,Equity Fund,IDR,3335322956341.62,105924974.41
"Schroder Investment Management Indonesia, PT",PT Bank HSBC Indonesia,Reksa Dana Schroder Dana Prestasi Prima,Equity Fund,IDR,494123155167,408687215.86
"Schroder Investment Management Indonesia, PT",DEUTSCHE BANK A. G. - CUSTODY,REKSA DANA SCHRODER DANA TERPADU II,Mixed Asset Fund,IDR,505681635050.33,108719772.46
"Schroder Investment Management Indonesia, PT",PT Bank HSBC Indonesia,Reksa Dana Schroder Dynamic Balanced Fund,Mixed Asset Fund,IDR,99214219499,59888076.84
"Schroder Investment Management Indonesia, PT",PT Bank HSBC Indonesia,Reksa Dana Schroder Income Fund,Fixed Income Fund,IDR,24468408874,23218225.21
"Schroder Investment Management Indonesia, PT",DEUTSCHE BANK A. G. - CUSTODY,REKSA DANA SCHRODER SYARIAH BALANCED FUND,Mixed Asset Fund,IDR,66759418857.34,24127604.31
"Schroder Investment Management Indonesia, PT",DEUTSCHE BANK A. G. - CUSTODY,REKSA DANA SCHRODER USD BOND FUND,Fixed Income Fund,USD,0,0
"Schroder Investment Management Indonesia, PT",DEUTSCHE BANK A. G. - CUSTODY,REKSA DANA SCHRODER USD BOND FUND CLASS A,Fixed Income Fund,USD,349120612923.73,12478818.5
"Schroder Investment Management Indonesia, PT",DEUTSCHE BANK A. G. - CUSTODY,REKSA DANA SCHRODER USD BOND FUND CLASS I,Fixed Income Fund,USD,133862988997.41,4864910.47
PT Sea Aset Manajemen,PT KEB Hana Bank Indonesia,REKSA DANA SEA DANA PASAR UANG,Money Market Fund,IDR,11668793544.6,10974781.89
"Semesta Aset Manajemen, PT","BANK CENTRAL ASIA - CUSTODY, Tbk, PT",REKSA DANA SEMESTA DANA KAS,Money Market Fund,IDR,15966397071.16,12256940.33
"Semesta Aset Manajemen, PT","BANK BUKOPIN - CUSTODY, Tbk, PT",REKSA DANA SEMESTA DANA LANCAR,Money Market Fund,IDR,1407181.08,1398.55
"Semesta Aset Manajemen, PT","BANK DANAMON INDONESIA - CUSTODY, Tbk, PT",REKSA DANA SEMESTA DANA MAXIMA,Mixed Asset Fund,IDR,5307314885.8,584122.28
"Semesta Aset Manajemen, PT","BANK NEGARA INDONESIA (PERSERO) - CUSTODY, Tbk, PT",REKSA DANA SEMESTA DANA OBLIGASI I,Fixed Income Fund,IDR,45457687918.81,37015708.33
"Semesta Aset Manajemen, PT","BANK DANAMON INDONESIA - CUSTODY, Tbk, PT",REKSA DANA SEMESTA DANA SAHAM,Equity Fund,IDR,8022474411.54,7966732.56
"Anugerah Sentra Investama, PT","BANK DANAMON INDONESIA - CUSTODY, Tbk, PT",REKSA DANA SENTRA DANA EKUITAS,Equity Fund,IDR,0,0
"Anugerah Sentra Investama, PT","BANK DANAMON INDONESIA - CUSTODY, Tbk, PT",Reksa Dana Sentra Ekuitas Berkembang,Equity Fund,IDR,0,0
"Anugerah Sentra Investama, PT","BANK DANAMON INDONESIA - CUSTODY, Tbk, PT",REKSA DANA SENTRA EKUITAS GEMILANG,Equity Fund,IDR,0,0
"Sequis Aset Manajemen, PT",PT Bank HSBC Indonesia,Reksa Dana Sequis Balance Ultima,Mixed Asset Fund,IDR,76213297710.99,62787286.11
"Sequis Aset Manajemen, PT",PT Bank HSBC Indonesia,Reksa Dana Sequis Bond Optima,Fixed Income Fund,IDR,42993654660.49,27758573.37
"Sequis Aset Manajemen, PT",PT Bank HSBC Indonesia,Reksa Dana Sequis Equity Indonesia,Equity Fund,IDR,42841535582.75,49452328.45
"Sequis Aset Manajemen, PT","BANK PERMATA - CUSTODY, Tbk, PT",Reksa Dana Sequis Equity Maxima,Equity Fund,IDR,429175241525.34,503954460.49
"Sequis Aset Manajemen, PT","BANK PERMATA - CUSTODY, Tbk, PT",Reksa Dana Sequis Liquid Prima,Money Market Fund,IDR,760462152794.83,516118274.46
"Sequis Aset Manajemen, PT",PT KEB Hana Bank Indonesia,REKSA DANA SEQUIS LIQUID PRIMA II,Money Market Fund,IDR,466250875155.04,400195285.69
"Sequis Aset Manajemen, PT","BANK PERMATA - CUSTODY, Tbk, PT",Reksa Dana Sequis Pendapatan Mantap,Fixed Income Fund,IDR,13075126904.63,10329659.87
"Sequis Aset Manajemen, PT",STANDARD CHARTERED BANK - CUSTODY,REKSA DANA SEQUIS PENDAPATAN STABIL,Fixed Income Fund,IDR,152687738500.18,81813112.85
"Sequis Aset Manajemen, PT",STANDARD CHARTERED BANK - CUSTODY,REKSA DANA SEQUIS PENDAPATAN TETAP,Fixed Income Fund,IDR,791010591978.1,466245773.28
"Setiabudi Investment Management, PT","BANK CENTRAL ASIA - CUSTODY, Tbk, PT",REKSA DANA SETIABUDI DANA CAMPURAN,Mixed Asset Fund,IDR,81539653115.71,53590035.3
"Setiabudi Investment Management, PT",PT KEB Hana Bank Indonesia,REKSA DANA SETIABUDI DANA KOMBINASI OPTIMA,Mixed Asset Fund,IDR,9996051705.79,8609886.69
"Setiabudi Investment Management, PT","BANK DANAMON INDONESIA - CUSTODY, Tbk, PT",REKSA DANA SETIABUDI DANA OBLIGASI OPTIMAL,Fixed Income Fund,IDR,32756621278.03,25193847.67
"Setiabudi Investment Management, PT","BANK CENTRAL ASIA - CUSTODY, Tbk, PT",REKSA DANA SETIABUDI DANA OBLIGASI PLUS,Fixed Income Fund,IDR,108355544162.64,61386967.9
"Setiabudi Investment Management, PT",CITIBANK N. A. - CUSTODY,REKSA DANA SETIABUDI DANA OBLIGASI PRIMA,Fixed Income Fund,IDR,472089275759.49,266817923.09
"Setiabudi Investment Management, PT","BANK CENTRAL ASIA - CUSTODY, Tbk, PT",REKSA DANA SETIABUDI DANA OBLIGASI ULTIMA,Fixed Income Fund,IDR,80371431056.64,52552696.09
"Setiabudi Investment Management, PT","BANK DANAMON INDONESIA - CUSTODY, Tbk, PT",REKSA DANA SETIABUDI DANA OBLIGASI UNGGULAN,Fixed Income Fund,IDR,1006243176233.7,610226858.83
"Setiabudi Investment Management, PT","BANK CENTRAL ASIA - CUSTODY, Tbk, PT",REKSA DANA SETIABUDI DANA PASAR UANG,Money Market Fund,IDR,556591531069.87,358417136.86
"Setiabudi Investment Management, PT","BANK CENTRAL ASIA - CUSTODY, Tbk, PT",REKSA DANA SETIABUDI DANA PASAR UANG LIKUID,Money Market Fund,IDR,11284659783.86,10908594.99
"Setiabudi Investment Management, PT","BANK DBS INDONESIA - CUSTODY, PT",REKSA DANA SETIABUDI USD BOND FUND,Fixed Income Fund,USD,20889591626.4,1192891.6
"SHINOKEN ASSET MANAGEMENT INDONESIA, PT","BANK NEGARA INDONESIA (PERSERO) - CUSTODY, Tbk, PT",REKSA DANA SHINOKEN DANA LANCAR,Money Market Fund,IDR,33016736174.69,29654055
"Batavia Prosperindo Aset Manajemen, PT",STANDARD CHARTERED BANK - CUSTODY,REKSA DANA SI DANAOBLIGASI MAXIMA,Fixed Income Fund,IDR,93758915765.71,15920531.78
"Sinarmas Asset Management, PT","BANK RAKYAT INDONESIA (PERSERO) - CUSTODY, Tbk, PT",Reksa Dana Simas Balance Prestasi,Mixed Asset Fund,IDR,6211.88,97.12
"Sinarmas Asset Management, PT","BANK CIMB NIAGA - CUSTODY, Tbk, PT",Reksa Dana Simas Dana Ekuitas,Equity Fund,IDR,81259643549.54,99752728.14
"Sinarmas Asset Management, PT","BANK RAKYAT INDONESIA (PERSERO) - CUSTODY, Tbk, PT",REKSA DANA SIMAS DANAMAS INSTRUMEN NEGARA,Fixed Income Fund,IDR,37444748491.2,12874915.79
"Sinarmas Asset Management, PT","BANK CIMB NIAGA - CUSTODY, Tbk, PT",REKSA DANA SIMAS DANAMAS MANTAP PLUS,Fixed Income Fund,IDR,170133419139.78,44545556.37
"Sinarmas Asset Management, PT","BANK CIMB NIAGA - CUSTODY, Tbk, PT",REKSA DANA SIMAS DANAMAS SAHAM,Equity Fund,IDR,146836380190.03,78268711.49
"Sinarmas Asset Management, PT","BANK BUKOPIN - CUSTODY, Tbk, PT",REKSA DANA SIMAS KAS MAKSIMA,Money Market Fund,IDR,2232039.24,2827.31
"Sinarmas Asset Management, PT","BANK CIMB NIAGA - CUSTODY, Tbk, PT",REKSA DANA SIMAS KAS PRIMA,Money Market Fund,IDR,5009916328.56,4669012.28
"Sinarmas Asset Management, PT",PT KEB Hana Bank Indonesia,REKSA DANA SIMAS PASAR UANG INDONESIA,Money Market Fund,IDR,828114.48,823
"Sinarmas Asset Management, PT",PT KEB Hana Bank Indonesia,REKSA DANA SIMAS PENDAPATAN BERKEMBANG,Fixed Income Fund,IDR,11223079124.99,10000893.63
"Sinarmas Asset Management, PT","BANK CIMB NIAGA - CUSTODY, Tbk, PT",REKSA DANA SIMAS PENDAPATAN OPTIMA,Fixed Income Fund,IDR,1961326628351.59,1900637598.54
"Sinarmas Asset Management, PT","BANK CIMB NIAGA - CUSTODY, Tbk, PT",Reksa Dana Simas Pendapatan Tetap Prestasi,Fixed Income Fund,IDR,5896006125.57,3484372.3
"Sinarmas Asset Management, PT","BANK CIMB NIAGA - CUSTODY, Tbk, PT",REKSA DANA SIMAS SAHAM BERTUMBUH,Equity Fund,IDR,14007173493.14,13720628.75
"Sinarmas Asset Management, PT","BANK CIMB NIAGA - CUSTODY, Tbk, PT",Reksa Dana Simas Saham Gemilang,Equity Fund,IDR,263552065723.62,295140406.14
"Sinarmas Asset Management, PT","BANK CIMB NIAGA - CUSTODY, Tbk, PT",REKSA DANA SIMAS SAHAM MAKSIMA,Equity Fund,IDR,43573667222.87,47592124.43
"Sinarmas Asset Management, PT","BANK CIMB NIAGA - CUSTODY, Tbk, PT",REKSA DANA SIMAS SAHAM UNGGULAN,Equity Fund,IDR,543624439554.64,458043018.56
"Sinarmas Asset Management, PT","BANK CIMB NIAGA - CUSTODY, Tbk, PT",REKSA DANA SIMAS SATU,Mixed Asset Fund,IDR,46298282123.76,6155471.74
"Sinarmas Asset Management, PT","BANK CIMB NIAGA - CUSTODY, Tbk, PT",REKSA DANA SIMAS SATU PRIMA,Mixed Asset Fund,IDR,19152034098.48,14038456.33
"Sinarmas Asset Management, PT","BANK DANAMON INDONESIA - CUSTODY, Tbk, PT",REKSA DANA SIMAS SYARIAH BERKEMBANG,Mixed Asset Fund,IDR,1695511407.08,1570315.34
"Sinarmas Asset Management, PT","BANK DANAMON INDONESIA - CUSTODY, Tbk, PT",REKSA DANA SIMAS SYARIAH UNGGULAN,Equity Fund,IDR,34287464461.67,48932202.55
PT Simpan Asset Management,"BANK CIMB NIAGA - CUSTODY, Tbk, PT",REKSA DANA SIMPAN AMANAH SYARIAH FUND,Mixed Asset Fund,IDR,8051844681.17,9439949.33
PT Simpan Asset Management,"BANK CIMB NIAGA - CUSTODY, Tbk, PT",REKSA DANA SIMPAN BALANCED FUND,Mixed Asset Fund,IDR,15331690567.67,14182008.26
PT Simpan Asset Management,PT KEB Hana Bank Indonesia,REKSA DANA SIMPAN BOND FUND,Fixed Income Fund,IDR,15637529068.24,14568123.59
PT Simpan Asset Management,PT KEB Hana Bank Indonesia,REKSA DANA SIMPAN CASH FUND,Money Market Fund,IDR,27841734442.28,24899518.34
PT Simpan Asset Management,PT KEB Hana Bank Indonesia,REKSA DANA SIMPAN SUSTAINABLE EQUITY FUND,Equity Fund,IDR,35986298643.84,36214874.06
"Surya Timur Alam Raya Asset Management, PT","BANK CIMB NIAGA - CUSTODY, Tbk, PT",REKSA DANA STAR BALANCED,Mixed Asset Fund,IDR,80825790500.21,15822177.04
"Surya Timur Alam Raya Asset Management, PT","BANK CIMB NIAGA - CUSTODY, Tbk, PT",Reksa Dana STAR Balanced II,Mixed Asset Fund,IDR,0,0
"Surya Timur Alam Raya Asset Management, PT",STANDARD CHARTERED BANK - CUSTODY,REKSA DANA STAR BALANCED III,Mixed Asset Fund,IDR,348127570407.43,258824824.83
"Surya Timur Alam Raya Asset Management, PT",PT. BANK SINARMAS TBK,REKSA DANA STAR FIXED INCOME 3,Fixed Income Fund,IDR,1264776653992.31,1057355266.33
"Surya Timur Alam Raya Asset Management, PT","BANK CIMB NIAGA - CUSTODY, Tbk, PT",REKSA DANA STAR FIXED INCOME 4,Fixed Income Fund,IDR,0,0
"Surya Timur Alam Raya Asset Management, PT","BANK CIMB NIAGA - CUSTODY, Tbk, PT",REKSA DANA STAR FIXED INCOME 4 KELAS DANA,Fixed Income Fund,IDR,4592021799.9,4358836.77
"Surya Timur Alam Raya Asset Management, PT","BANK CIMB NIAGA - CUSTODY, Tbk, PT",REKSA DANA STAR FIXED INCOME 4 KELAS PRIORITAS,Fixed Income Fund,IDR,0,0
"Surya Timur Alam Raya Asset Management, PT","BANK CIMB NIAGA - CUSTODY, Tbk, PT",REKSA DANA STAR FIXED INCOME 4 KELAS UTAMA,Fixed Income Fund,IDR,116575232027.02,100052340.57
"Surya Timur Alam Raya Asset Management, PT","BANK CENTRAL ASIA - CUSTODY, Tbk, PT",REKSA DANA STAR FIXED INCOME DOLLAR,Fixed Income Fund,USD,249171993075.42,14395898.43
"Surya Timur Alam Raya Asset Management, PT",STANDARD CHARTERED BANK - CUSTODY,REKSA DANA STAR MONEY MARKET,Money Market Fund,IDR,0,0
"Surya Timur Alam Raya Asset Management, PT",PT KEB Hana Bank Indonesia,REKSA DANA STAR MONEY MARKET II,Money Market Fund,IDR,0,0
"Surya Timur Alam Raya Asset Management, PT",PT KEB Hana Bank Indonesia,REKSA DANA STAR MONEY MARKET II KELAS DANA,Money Market Fund,IDR,0,0
"Surya Timur Alam Raya Asset Management, PT",PT KEB Hana Bank Indonesia,REKSA DANA STAR MONEY MARKET II KELAS DANA PLUS,Money Market Fund,IDR,0,0
"Surya Timur Alam Raya Asset Management, PT",PT KEB Hana Bank Indonesia,REKSA DANA STAR MONEY MARKET II KELAS PRIORITAS,Money Market Fund,IDR,0,0
"Surya Timur Alam Raya Asset Management, PT",PT KEB Hana Bank Indonesia,REKSA DANA STAR MONEY MARKET II KELAS PROFESIONAL,Money Market Fund,IDR,0,0
"Surya Timur Alam Raya Asset Management, PT",PT KEB Hana Bank Indonesia,REKSA DANA STAR MONEY MARKET II KELAS UTAMA,Money Market Fund,IDR,508170778681.56,305757819.45
"Surya Timur Alam Raya Asset Management, PT",STANDARD CHARTERED BANK - CUSTODY,REKSA DANA STAR MONEY MARKET KELAS DANA,Money Market Fund,IDR,4769420126.3,4294392.7
"Surya Timur Alam Raya Asset Management, PT",STANDARD CHARTERED BANK - CUSTODY,REKSA DANA STAR MONEY MARKET KELAS DANA PLUS,Money Market Fund,IDR,11246992990.74,10173674.16
"Surya Timur Alam Raya Asset Management, PT",STANDARD CHARTERED BANK - CUSTODY,REKSA DANA STAR MONEY MARKET KELAS UTAMA,Money Market Fund,IDR,108070704474.65,73480147.84
"Surya Timur Alam Raya Asset Management, PT","BANK RAKYAT INDONESIA (PERSERO) - CUSTODY, Tbk, PT",REKSA DANA STAR OBLIGASI NEGARA PRIMA,Fixed Income Fund,IDR,13471630665.76,7613781.33
"Surya Timur Alam Raya Asset Management, PT","BANK DBS INDONESIA - CUSTODY, PT",REKSA DANA STAR ORION STABLE DOLLAR BOND,Fixed Income Fund,USD,347273367507.88,19478880.18
"Surya Timur Alam Raya Asset Management, PT",PT. BANK SINARMAS TBK,REKSA DANA STAR STABLE INCOME FUND,Fixed Income Fund,IDR,0,0
"Surya Timur Alam Raya Asset Management, PT",PT. BANK SINARMAS TBK,REKSA DANA STAR STABLE INCOME FUND KELAS BAGI HASIL,Fixed Income Fund,IDR,0,0
"Surya Timur Alam Raya Asset Management, PT",PT. BANK SINARMAS TBK,REKSA DANA STAR STABLE INCOME FUND KELAS PRIORITAS,Fixed Income Fund,IDR,0,0
"Surya Timur Alam Raya Asset Management, PT",PT. BANK SINARMAS TBK,REKSA DANA STAR STABLE INCOME FUND KELAS PROFESIONAL,Fixed Income Fund,IDR,826218466141.16,813375453.79
"Surya Timur Alam Raya Asset Management, PT",PT. BANK SINARMAS TBK,REKSA DANA STAR STABLE INCOME FUND KELAS UTAMA,Fixed Income Fund,IDR,10107689007328.7,4821880026.39
"Surya Timur Alam Raya Asset Management, PT",STANDARD CHARTERED BANK - CUSTODY,REKSA DANA STAR VALUE HIGH CONVICTION EQUITY FUND,Equity Fund,IDR,0,0
"Surya Timur Alam Raya Asset Management, PT",STANDARD CHARTERED BANK - CUSTODY,REKSA DANA STAR VALUE HIGH CONVICTION EQUITY FUND KELAS PRIORITAS,Equity Fund,IDR,0,0
"Surya Timur Alam Raya Asset Management, PT",STANDARD CHARTERED BANK - CUSTODY,REKSA DANA STAR VALUE HIGH CONVICTION EQUITY FUND KELAS PROFESIONAL,Equity Fund,IDR,0,0
"Surya Timur Alam Raya Asset Management, PT",STANDARD CHARTERED BANK - CUSTODY,REKSA DANA STAR VALUE HIGH CONVICTION EQUITY FUND KELAS UTAMA,Equity Fund,IDR,8960452354.57,10116490.75
"Sucorinvest Asset Management, PT",STANDARD CHARTERED BANK - CUSTODY,REKSA DANA SUCORINVEST AGGRESSIVE BALANCED AI FUND,Mixed Asset Fund,IDR,9666941835.76,11134799.53
"Sucorinvest Asset Management, PT",PT Bank HSBC Indonesia,Reksa Dana Sucorinvest Citra Dana Berimbang,Mixed Asset Fund,IDR,122387558961,51746853.33
"Sucorinvest Asset Management, PT","BANK MEGA - CUSTODY, Tbk, PT",REKSA DANA SUCORINVEST DANA OBLIGASI OPTIMA,Fixed Income Fund,IDR,0,0
"Sucorinvest Asset Management, PT","BANK NEGARA INDONESIA (PERSERO) - CUSTODY, Tbk, PT",REKSA DANA SUCORINVEST DANA SEHAT BERIMBANG,Mixed Asset Fund,IDR,545245111266.89,661499142.76
"Sucorinvest Asset Management, PT",PT Bank HSBC Indonesia,Reksa Dana Sucorinvest Equity Fund,Equity Fund,IDR,3178274185383,1310936790
"Sucorinvest Asset Management, PT","BANK NEGARA INDONESIA (PERSERO) - CUSTODY, Tbk, PT",REKSA DANA SUCORINVEST EQUITY PRIMA FUND,Equity Fund,IDR,1211478700610.1,3332629918.76
"Sucorinvest Asset Management, PT",PT Bank HSBC Indonesia,Reksa Dana Sucorinvest Flexi Fund,Mixed Asset Fund,IDR,125063774664,23024410.26
"Sucorinvest Asset Management, PT",PT. BANK PEMBANGUNAN DAERAH JAWA BARAT DAN BANTEN TBK,REKSA DANA SUCORINVEST KAHURIPAN MONEY MARKET FUND,Money Market Fund,IDR,79140656039.27,65325087.26
"Sucorinvest Asset Management, PT",PT KEB Hana Bank Indonesia,REKSA DANA SUCORINVEST LIQUID FUND 1,Money Market Fund,IDR,10626042993.51,9700864.15
"Sucorinvest Asset Management, PT",PT Bank HSBC Indonesia,Reksa Dana Sucorinvest Maxi Fund,Equity Fund,IDR,125679005943,74574651.25
"Sucorinvest Asset Management, PT",PT Bank HSBC Indonesia,Reksa Dana Sucorinvest Money Market Fund,Money Market Fund,IDR,6227622087925,3284789055.37
"Sucorinvest Asset Management, PT",PT Bank HSBC Indonesia,REKSA DANA SUCORINVEST MONEY MARKET USD,Money Market Fund,USD,18026731765.07,1053048.81
"Sucorinvest Asset Management, PT",STANDARD CHARTERED BANK - CUSTODY,REKSA DANA SUCORINVEST PREMIUM FUND,Mixed Asset Fund,IDR,1601411692641.81,966149636.13
"Sucorinvest Asset Management, PT",STANDARD CHARTERED BANK - CUSTODY,REKSA DANA SUCORINVEST PREMIUM SOVEREIGN BALANCED FUND,Mixed Asset Fund,IDR,0,0
"Sucorinvest Asset Management, PT",STANDARD CHARTERED BANK - CUSTODY,REKSA DANA SUCORINVEST PREMIUM SOVEREIGN BALANCED FUND KELAS A,Mixed Asset Fund,IDR,72427185195.86,69971071.07
"Sucorinvest Asset Management, PT",STANDARD CHARTERED BANK - CUSTODY,REKSA DANA SUCORINVEST PREMIUM SOVEREIGN BALANCED FUND KELAS B,Mixed Asset Fund,IDR,0,0
"Sucorinvest Asset Management, PT",STANDARD CHARTERED BANK - CUSTODY,REKSA DANA SUCORINVEST SAHAM DINAMIS,Equity Fund,IDR,114644564998.57,94928849.54
"Sucorinvest Asset Management, PT",PT Bank HSBC Indonesia,Reksa Dana Sucorinvest Sharia Equity Fund,Equity Fund,IDR,347415176279,228195482.09
"Sucorinvest Asset Management, PT",PT Bank HSBC Indonesia,REKSA DANA SUCORINVEST SUSTAINABILITY EQUITY FUND,Equity Fund,IDR,27759095271,23746091.83
"Sucorinvest Asset Management, PT",PT Bank HSBC Indonesia,Reksa Dana Sucorinvest USD Balanced Fund,Mixed Asset Fund,USD,38275558227.06,1827301.37
"Syailendra Capital, PT","BANK PERMATA - CUSTODY, Tbk, PT",REKSA DANA SYAILENDRA AJAIB MONEY MARKET FUND,Money Market Fund,IDR,14326106020.5,13312589.58
"Syailendra Capital, PT",DEUTSCHE BANK A. G. - CUSTODY,REKSA DANA SYAILENDRA ALPHA FOCUS EQUITY FUND,Equity Fund,IDR,0,0
"Syailendra Capital, PT",DEUTSCHE BANK A. G. - CUSTODY,REKSA DANA SYAILENDRA ALPHA FOCUS EQUITY FUND KELAS A,Equity Fund,IDR,115024923769.18,86331046.58
"Syailendra Capital, PT",DEUTSCHE BANK A. G. - CUSTODY,REKSA DANA SYAILENDRA ALPHA FOCUS EQUITY FUND KELAS B,Equity Fund,IDR,0,0
"Syailendra Capital, PT",DEUTSCHE BANK A. G. - CUSTODY,REKSA DANA SYAILENDRA ALPHA FOCUS EQUITY FUND KELAS C,Equity Fund,IDR,0,0
"Syailendra Capital, PT","BANK CIMB NIAGA - CUSTODY, Tbk, PT",Reksa Dana Syailendra Balanced Growth Fund,Mixed Asset Fund,IDR,272336241137.18,275644618.46
"Syailendra Capital, PT",DEUTSCHE BANK A. G. - CUSTODY,REKSA DANA SYAILENDRA BALANCED OPPORTUNITY FUND,Mixed Asset Fund,IDR,0,0
"Syailendra Capital, PT",DEUTSCHE BANK A. G. - CUSTODY,REKSA DANA SYAILENDRA BALANCED OPPORTUNITY FUND KELAS A,Mixed Asset Fund,IDR,64238304165.2,18827906.63
"Syailendra Capital, PT",DEUTSCHE BANK A. G. - CUSTODY,REKSA DANA SYAILENDRA BALANCED OPPORTUNITY FUND KELAS B,Mixed Asset Fund,IDR,0,0
"Syailendra Capital, PT",PT KEB Hana Bank Indonesia,REKSA DANA SYAILENDRA BALANCED SINAI OPTIMA FUND,Mixed Asset Fund,IDR,0,0
"Syailendra Capital, PT",PT KEB Hana Bank Indonesia,REKSA DANA SYAILENDRA BALANCED SINAI OPTIMA FUND KELAS A,Mixed Asset Fund,IDR,1000000,1000
"Syailendra Capital, PT",PT KEB Hana Bank Indonesia,REKSA DANA SYAILENDRA BALANCED SINAI OPTIMA FUND KELAS B,Mixed Asset Fund,IDR,0,0
"Syailendra Capital, PT","BANK MANDIRI (PERSERO) - CUSTODY, Tbk, PT",REKSA DANA SYAILENDRA DANA EKUITAS PLUS,Equity Fund,IDR,0,0
"Syailendra Capital, PT","BANK NEGARA INDONESIA (PERSERO) - CUSTODY, Tbk, PT",REKSA DANA SYAILENDRA DANA EKUITAS SEJAHTERA,Equity Fund,IDR,1822991522656.32,1720689828.34
"Syailendra Capital, PT","BANK NEGARA INDONESIA (PERSERO) - CUSTODY, Tbk, PT",REKSA DANA SYAILENDRA DANA INVESTASI DINAMIS,Mixed Asset Fund,IDR,1452081304680.63,1772882013.14
"Syailendra Capital, PT","BANK CIMB NIAGA - CUSTODY, Tbk, PT",REKSA DANA SYAILENDRA DANA KAS,Money Market Fund,IDR,1792234631872.99,1033392163.51
"Syailendra Capital, PT","BANK PERMATA - CUSTODY, Tbk, PT",REKSA DANA SYAILENDRA DANA KAS OPTIMA,Money Market Fund,IDR,1029697856.23,1002145.98
"Syailendra Capital, PT","BANK NEGARA INDONESIA (PERSERO) - CUSTODY, Tbk, PT",REKSA DANA SYAILENDRA EQUITY BUMN PLUS,Equity Fund,IDR,0,0
"Syailendra Capital, PT","BANK NEGARA INDONESIA (PERSERO) - CUSTODY, Tbk, PT",REKSA DANA SYAILENDRA EQUITY GARUDA FUND,Equity Fund,IDR,397222187666.23,426369269.3
"Syailendra Capital, PT","BANK MANDIRI (PERSERO) - CUSTODY, Tbk, PT",REKSA DANA SYAILENDRA EQUITY MOMENTUM FUND,Equity Fund,IDR,140605784325.91,110539133.12
"Syailendra Capital, PT",DEUTSCHE BANK A. G. - CUSTODY,REKSA DANA SYAILENDRA EQUITY OPPORTUNITY FUND,Equity Fund,IDR,0,0
"Syailendra Capital, PT",DEUTSCHE BANK A. G. - CUSTODY,REKSA DANA SYAILENDRA EQUITY OPPORTUNITY FUND KELAS A,Equity Fund,IDR,135228006403.54,33518831.23
"Syailendra Capital, PT",DEUTSCHE BANK A. G. - CUSTODY,REKSA DANA SYAILENDRA EQUITY OPPORTUNITY FUND KELAS B,Equity Fund,IDR,0,0
"Syailendra Capital, PT",PT Bank OCBC NISP Tbk,REKSA DANA SYAILENDRA EQUITY PLATINUM FUND,Equity Fund,IDR,0,0
"Syailendra Capital, PT",PT Bank OCBC NISP Tbk,REKSA DANA SYAILENDRA EQUITY PLATINUM FUND KELAS A,Equity Fund,IDR,265902080824.84,173329135.53
"Syailendra Capital, PT",PT Bank OCBC NISP Tbk,REKSA DANA SYAILENDRA EQUITY PLATINUM FUND KELAS B,Equity Fund,IDR,42648394631.71,42580510.53
"Syailendra Capital, PT",PT Bank OCBC NISP Tbk,REKSA DANA SYAILENDRA EQUITY PLATINUM FUND KELAS C,Equity Fund,IDR,0,0
"Syailendra Capital, PT",STANDARD CHARTERED BANK - CUSTODY,REKSA DANA SYAILENDRA FIXED INCOME FUND,Fixed Income Fund,IDR,0,0
"Syailendra Capital, PT",STANDARD CHARTERED BANK - CUSTODY,REKSA DANA SYAILENDRA FIXED INCOME FUND KELAS A,Fixed Income Fund,IDR,112753622094.04,41761756.89
"Syailendra Capital, PT",DEUTSCHE BANK A. G. - CUSTODY,REKSA DANA SYAILENDRA LIBERTY FUND,Fixed Income Fund,USD,13950152490.33,707008.99
"Syailendra Capital, PT","BANK CENTRAL ASIA - CUSTODY, Tbk, PT",Reksa Dana Syailendra Manta Dana Kas,Money Market Fund,IDR,338741845957.15,276231338.61
"Syailendra Capital, PT",PT. BANK PEMBANGUNAN DAERAH JAWA BARAT DAN BANTEN TBK,REKSA DANA SYAILENDRA MONEY MARKET FUND 5,Money Market Fund,IDR,59262481428.74,48190380.74
"Syailendra Capital, PT","BANK BUKOPIN - CUSTODY, Tbk, PT",REKSA DANA SYAILENDRA MONEY MARKET FUND 9,Money Market Fund,IDR,0,0
"Syailendra Capital, PT","BANK MANDIRI (PERSERO) - CUSTODY, Tbk, PT",Reksa Dana Syailendra Pendapatan Tetap Optima,Fixed Income Fund,IDR,386099756278.96,418029322.59
"Syailendra Capital, PT","BANK PERMATA - CUSTODY, Tbk, PT",Reksa Dana Syailendra Pendapatan Tetap Optima Syariah,Fixed Income Fund,IDR,269690353074.17,250355839.87
"Syailendra Capital, PT","BANK CENTRAL ASIA - CUSTODY, Tbk, PT",REKSA DANA SYAILENDRA PENDAPATAN TETAP PREMIUM,Fixed Income Fund,IDR,2806757796015.23,1490749987.24
"Syailendra Capital, PT","BANK CIMB NIAGA - CUSTODY, Tbk, PT",REKSA DANA SYAILENDRA PENDAPATAN TOTAL RETURN,Fixed Income Fund,IDR,0,0
"Syailendra Capital, PT","BANK CIMB NIAGA - CUSTODY, Tbk, PT",REKSA DANA SYAILENDRA PENDAPATAN TOTAL RETURN KELAS A,Fixed Income Fund,IDR,465365320012.35,443684684.41
"Syailendra Capital, PT","BANK CIMB NIAGA - CUSTODY, Tbk, PT",REKSA DANA SYAILENDRA PENDAPATAN TOTAL RETURN KELAS B,Fixed Income Fund,IDR,0,0
"Syailendra Capital, PT","BANK CIMB NIAGA - CUSTODY, Tbk, PT",Reksa Dana Syailendra Providentia Fixed Income Fund,Fixed Income Fund,IDR,130780372455.57,78423512.49
"Syailendra Capital, PT","BANK CIMB NIAGA - CUSTODY, Tbk, PT",REKSA DANA SYAILENDRA PROVIDENTIA SACRA INTENTIONIS MONEY MARKET FUND,Money Market Fund,IDR,206202544126.55,141179954.42
"Syailendra Capital, PT",PT Bank OCBC NISP Tbk,REKSA DANA SYAILENDRA STEADY INCOME FUND,Fixed Income Fund,IDR,71981757014.71,69928934.85
"Syailendra Capital, PT","BANK MEGA - CUSTODY, Tbk, PT",REKSA DANA SYAILENDRA STRATEGIC INCOME FUND,Fixed Income Fund,IDR,592731077245.1,357529935.74
"Mandiri Manajemen Investasi, PT","BANK CIMB NIAGA - CUSTODY, Tbk, PT",REKSA DANA SYARIAH  MANDIRI BUKAREKSA PASAR UANG SYARIAH,Money Market Fund,IDR,5809011869.01,4280556.97
"Allianz Global Investors Asset Management Indonesia, PT",PT Bank HSBC Indonesia,REKSA DANA SYARIAH ALLIANZ HIGH DIVIDEND GLOBAL SHARIA EQUITY DOLLAR,Global Fund,USD,0,0
"Allianz Global Investors Asset Management Indonesia, PT",PT Bank HSBC Indonesia,REKSA DANA SYARIAH ALLIANZ HIGH DIVIDEND GLOBAL SHARIA EQUITY DOLLAR KELAS A,Global Fund,USD,40305420033.48,2018266.79
"Allianz Global Investors Asset Management Indonesia, PT",PT Bank HSBC Indonesia,REKSA DANA SYARIAH ALLIANZ HIGH DIVIDEND GLOBAL SHARIA EQUITY DOLLAR KELAS B1,Global Fund,USD,129103310528.95,6388200
"Anargya Aset Manajemen, PT",PT Bank Syariah Indonesia Tbk,REKSA DANA SYARIAH ANARGYA PASAR UANG SUPERNOVA,Money Market Fund,IDR,434742706.56,400445.02
"PT Ashmore Asset Management Indonesia, Tbk","BANK CIMB NIAGA - CUSTODY, Tbk, PT",REKSA DANA SYARIAH ASHMORE DANA PASAR UANG SYARIAH,Money Market Fund,IDR,119153024661.27,103833577.02
"Asia Raya Kapital, PT","BANK MEGA - CUSTODY, Tbk, PT",REKSA DANA SYARIAH ASIA RAYA SAHAM AMANAH SYARIAH,Equity Fund,IDR,78123388885.85,176211352.84
"Asia Raya Kapital, PT","BANK MEGA - CUSTODY, Tbk, PT",REKSA DANA SYARIAH ASIA RAYA SAHAM UNGGULAN SYARIAH,Equity Fund,IDR,59199500931.44,162184400.77
"Asia Raya Kapital, PT","BANK NEGARA INDONESIA (PERSERO) - CUSTODY, Tbk, PT",REKSA DANA SYARIAH ASIA RAYA SYARIAH BERIMBANG PEMBERDAYAAN EKONOMI UMAT,Mixed Asset Fund,IDR,0.01,0
"Asia Raya Kapital, PT","BANK MEGA - CUSTODY, Tbk, PT",REKSA DANA SYARIAH ASIA RAYA SYARIAH SAHAM BAROKAH,Equity Fund,IDR,89439197652.03,241612599.5
"Aurora Asset Management,PT","BANK CIMB NIAGA - CUSTODY, Tbk, PT",Reksa Dana Syariah Aurora Sharia Equity,Equity Fund,IDR,227458971795.49,906786793.14
"Aurora Asset Management,PT","BANK CIMB NIAGA - CUSTODY, Tbk, PT",Reksa Dana Syariah Aurora Syariah Saham Amanah,Equity Fund,IDR,5049926267.08,14205303.74
"Avrist Asset Management, PT",PT Bank Syariah Indonesia Tbk,REKSA DANA SYARIAH AVRIST ADA KAS SYARIAH RUBY,Money Market Fund,IDR,0,0
"Avrist Asset Management, PT",PT Bank Syariah Indonesia Tbk,REKSA DANA SYARIAH AVRIST ADA LIQUID SYARIAH,Money Market Fund,IDR,76479212724.2,60690094.66
"Avrist Asset Management, PT",PT Bank Syariah Indonesia Tbk,REKSA DANA SYARIAH AVRIST KAS SYARIAH INARA,Money Market Fund,IDR,1006078.97,969.87
"Avrist Asset Management, PT","BANK PERMATA - CUSTODY, Tbk, PT",Reksa Dana Syariah Avrist Sukuk Income Fund,Fixed Income Fund,IDR,125789686869.43,119239144.39
"Bahana TCW Investment Management, PT",PT Bank HSBC Indonesia,REKSA DANA SYARIAH BAHANA GLOBAL HEALTHCARE SHARIA USD EQUITY FUND,Global Fund,USD,16332252697.39,1061360.11
"Bahana TCW Investment Management, PT",STANDARD CHARTERED BANK - CUSTODY,REKSA DANA SYARIAH BAHANA GLOBAL MEGATREND USD SHARIA EQUITY,Global Fund,USD,0,0
"Bahana TCW Investment Management, PT",STANDARD CHARTERED BANK - CUSTODY,REKSA DANA SYARIAH BAHANA ICON SYARIAH,Equity Fund,IDR,0,0
"Bahana TCW Investment Management, PT",STANDARD CHARTERED BANK - CUSTODY,REKSA DANA SYARIAH BAHANA ICON SYARIAH KELAS G,Equity Fund,IDR,23601205755.15,20852379.51
"Bahana TCW Investment Management, PT",STANDARD CHARTERED BANK - CUSTODY,REKSA DANA SYARIAH BAHANA ICON SYARIAH KELAS I,Equity Fund,IDR,0,0
"Bahana TCW Investment Management, PT",STANDARD CHARTERED BANK - CUSTODY,REKSA DANA SYARIAH BAHANA LIKUID SYARIAH,Money Market Fund,IDR,0,0
"Bahana TCW Investment Management, PT",STANDARD CHARTERED BANK - CUSTODY,REKSA DANA SYARIAH BAHANA LIKUID SYARIAH KELAS G,Money Market Fund,IDR,566204914376.81,456052284.22
"Bahana TCW Investment Management, PT",STANDARD CHARTERED BANK - CUSTODY,REKSA DANA SYARIAH BAHANA LIKUID SYARIAH KELAS S,Money Market Fund,IDR,555699460377.57,326774322.42
"Bahana TCW Investment Management, PT",STANDARD CHARTERED BANK - CUSTODY,REKSA DANA SYARIAH BAHANA MES SYARIAH FUND,Fixed Income Fund,IDR,0,0
"Bahana TCW Investment Management, PT",STANDARD CHARTERED BANK - CUSTODY,REKSA DANA SYARIAH BAHANA MES SYARIAH FUND KELAS A,Fixed Income Fund,IDR,947727682.37,849078.24
"Bahana TCW Investment Management, PT",STANDARD CHARTERED BANK - CUSTODY,REKSA DANA SYARIAH BAHANA MES SYARIAH FUND Kelas D,Fixed Income Fund,IDR,103423435047.55,100000000
"Bahana TCW Investment Management, PT",STANDARD CHARTERED BANK - CUSTODY,REKSA DANA SYARIAH BAHANA MES SYARIAH FUND Kelas G,Fixed Income Fund,IDR,120175093365.62,77203721.93
"Bahana TCW Investment Management, PT",STANDARD CHARTERED BANK - CUSTODY,REKSA DANA SYARIAH BAHANA MES SYARIAH FUND KELAS I,Fixed Income Fund,IDR,13820201007.93,13474475.53
"Bahana TCW Investment Management, PT",STANDARD CHARTERED BANK - CUSTODY,REKSA DANA SYARIAH BAHANA MES SYARIAH FUND KELAS O,Fixed Income Fund,IDR,1347767234.45,1186745.28
"Bahana TCW Investment Management, PT",STANDARD CHARTERED BANK - CUSTODY,REKSA DANA SYARIAH BAHANA MES SYARIAH FUND KELAS T,Fixed Income Fund,IDR,1171576.77,977.8
"Bahana TCW Investment Management, PT",STANDARD CHARTERED BANK - CUSTODY,REKSA DANA SYARIAH BAHANA PASAR UANG AMANAH ABADI SYARIAH,Money Market Fund,IDR,11387126484.27,10076250.48
"Bahana TCW Investment Management, PT","BANK CIMB NIAGA - CUSTODY, Tbk, PT",REKSA DANA SYARIAH BAHANA PENDAPATAN TETAP SYARIAH GENERASI GEMILANG,Fixed Income Fund,IDR,107188305123.44,67014012.47
"Bahana TCW Investment Management, PT","BANK CIMB NIAGA - CUSTODY, Tbk, PT",REKSA DANA SYARIAH BAHANA TAWQIYA BERBASIS SUKUK,Sukuk Based Fund,IDR,120056766564.6,99305587.87
"Bahana TCW Investment Management, PT","BANK DBS INDONESIA - CUSTODY, PT",REKSA DANA SYARIAH BAHANA US OPPORTUNITY SHARIA EQUITY USD,Global Fund,USD,41273275234.07,2390137.61
"Bahana TCW Investment Management, PT",STANDARD CHARTERED BANK - CUSTODY,REKSA DANA SYARIAH BAHANA USD NADHIRA SUKUK,Fixed Income Fund,USD,0,0
"Bahana TCW Investment Management, PT",STANDARD CHARTERED BANK - CUSTODY,REKSA DANA SYARIAH BAHANA USD NADHIRA SUKUK KELAS D,Fixed Income Fund,USD,0,0
"Bahana TCW Investment Management, PT",STANDARD CHARTERED BANK - CUSTODY,REKSA DANA SYARIAH BAHANA USD NADHIRA SUKUK KELAS G,Fixed Income Fund,USD,40910970838.21,2456816.29
"Batavia Prosperindo Aset Manajemen, PT",PT Bank HSBC Indonesia,REKSA DANA SYARIAH BATAVIA CHINA SHARIA EQUITY USD,Global Fund,USD,256454974122.57,27792993.23
"Batavia Prosperindo Aset Manajemen, PT",DEUTSCHE BANK A. G. - CUSTODY,REKSA DANA SYARIAH BATAVIA DANA KAS SYARIAH,Money Market Fund,IDR,0,0
"Batavia Prosperindo Aset Manajemen, PT",DEUTSCHE BANK A. G. - CUSTODY,REKSA DANA SYARIAH BATAVIA DANA KAS SYARIAH KELAS A,Money Market Fund,IDR,303708357.31,267560.52
"Batavia Prosperindo Aset Manajemen, PT",DEUTSCHE BANK A. G. - CUSTODY,REKSA DANA SYARIAH BATAVIA DANA KAS SYARIAH KELAS B,Money Market Fund,IDR,190657129493.24,183766009.22
"Batavia Prosperindo Aset Manajemen, PT",DEUTSCHE BANK A. G. - CUSTODY,REKSA DANA SYARIAH BATAVIA DANA KAS SYARIAH KELAS C,Money Market Fund,IDR,125677331.87,124487.95
"Batavia Prosperindo Aset Manajemen, PT",PT Bank HSBC Indonesia,REKSA DANA SYARIAH BATAVIA GLOBAL ESG SHARIA EQUITY USD,Global Fund,USD,128926933745.28,6512981.67
"Batavia Prosperindo Aset Manajemen, PT",DEUTSCHE BANK A. G. - CUSTODY,REKSA DANA SYARIAH BATAVIA PENDAPATAN TETAP OPTIMAL SYARIAH,Fixed Income Fund,IDR,25574154329.96,24237668.72
"Batavia Prosperindo Aset Manajemen, PT","BANK MEGA - CUSTODY, Tbk, PT",REKSA DANA SYARIAH BATAVIA PENDAPATAN TETAP UTAMA SYARIAH,Fixed Income Fund,IDR,0,0
"Batavia Prosperindo Aset Manajemen, PT",PT Bank HSBC Indonesia,REKSA DANA SYARIAH BATAVIA TECHNOLOGY SHARIA EQUITY USD,Global Fund,USD,1122985815311.38,55587659.36
"Batavia Prosperindo Aset Manajemen, PT",PT Bank HSBC Indonesia,REKSA DANA SYARIAH BERBASIS EFEK SYARIAH LUAR NEGERI BATAVIA INDIA SHARIA EQUITY USD,Global Fund,USD,177233052940.42,13189911.21
"Batavia Prosperindo Aset Manajemen, PT",PT Bank HSBC Indonesia,REKSA DANA SYARIAH BERBASIS EFEK SYARIAH LUAR NEGERI BATAVIA US FRANCHISE SHARIA EQUITY USD,Global Fund,USD,0,0
"Avrist Asset Management, PT",PT KEB Hana Bank Indonesia,REKSA DANA SYARIAH BERBASIS SUKUK AVRIST ADA SUKUK BERKAH SYARIAH,Sukuk Based Fund,IDR,117881945517.5,112371655.99
"Avrist Asset Management, PT",PT. BANK SINARMAS TBK,REKSA DANA SYARIAH BERBASIS SUKUK AVRIST SUKUK AMANAH SEJAHTERA,Sukuk Based Fund,IDR,1443588256836.07,1302871787.28
"BNP Paribas Asset Management, PT",CITIBANK N. A. - CUSTODY,REKSA DANA SYARIAH BERBASIS SUKUK BNP PARIBAS SUKUK NEGARA,Sukuk Based Fund,IDR,0,0
"BNP Paribas Asset Management, PT",CITIBANK N. A. - CUSTODY,REKSA DANA SYARIAH BERBASIS SUKUK BNP PARIBAS SUKUK NEGARA KELAS DI1,Sukuk Based Fund,IDR,0,0
"BNP Paribas Asset Management, PT",CITIBANK N. A. - CUSTODY,REKSA DANA SYARIAH BERBASIS SUKUK BNP PARIBAS SUKUK NEGARA KELAS DR1,Sukuk Based Fund,IDR,226855091.34,223859.02
"BNP Paribas Asset Management, PT",CITIBANK N. A. - CUSTODY,REKSA DANA SYARIAH BERBASIS SUKUK BNP PARIBAS SUKUK NEGARA KELAS IK1,Sukuk Based Fund,IDR,206662923530.99,158317757.22
"BNP Paribas Asset Management, PT",CITIBANK N. A. - CUSTODY,REKSA DANA SYARIAH BERBASIS SUKUK BNP PARIBAS SUKUK NEGARA KELAS RK1,Sukuk Based Fund,IDR,880563913.14,822114.69
"Danapathi Asset Management, PT","BANK MEGA - CUSTODY, Tbk, PT",REKSA DANA SYARIAH BERBASIS SUKUK DANAPATHI SUKUK SYARIAH I,Sukuk Based Fund,IDR,1094492392376.33,553961597.17
"Majoris Asset Management, PT","BANK RAKYAT INDONESIA (PERSERO) - CUSTODY, Tbk, PT",REKSA DANA SYARIAH BERBASIS SUKUK MAJORIS SUKUK ANDALAN INDONESIA,Sukuk Based Fund,IDR,425575710137.89,345088637.11
"Surya Timur Alam Raya Asset Management, PT",PT Bank Syariah Indonesia Tbk,REKSA DANA SYARIAH BERBASIS SUKUK STAR USD SUKUK MENUJU HAJI,Sukuk Based Fund,USD,0,0
"Sucorinvest Asset Management, PT",PT Bank HSBC Indonesia,REKSA DANA SYARIAH BERBASIS SUKUK SUCORINVEST SHARIA SUKUK FUND,Sukuk Based Fund,IDR,3287346432194,2654364315.7
"Syailendra Capital, PT","BANK RAKYAT INDONESIA (PERSERO) - CUSTODY, Tbk, PT",REKSA DANA SYARIAH BERBASIS SUKUK SYAILENDRA SUKUK ANDALAN,Sukuk Based Fund,IDR,168281294549.36,140380793.54
"BNI Asset Management, PT","BANK DBS INDONESIA - CUSTODY, PT",REKSA DANA SYARIAH BNI AM DANA PENDAPATAN TETAP SYARIAH ARDHANI,Fixed Income Fund,IDR,342638940565,216325340.87
"BNP Paribas Asset Management, PT",CITIBANK N. A. - CUSTODY,REKSA DANA SYARIAH BNP PARIBAS CAKRA SYARIAH USD,Global Fund,USD,0,0
"BNP Paribas Asset Management, PT",CITIBANK N. A. - CUSTODY,REKSA DANA SYARIAH BNP PARIBAS CAKRA SYARIAH USD KELAS IK1,Global Fund,USD,0,0
"BNP Paribas Asset Management, PT",CITIBANK N. A. - CUSTODY,REKSA DANA SYARIAH BNP PARIBAS CAKRA SYARIAH USD KELAS IK2,Global Fund,USD,0,0
"BNP Paribas Asset Management, PT",CITIBANK N. A. - CUSTODY,REKSA DANA SYARIAH BNP PARIBAS CAKRA SYARIAH USD KELAS IK3,Global Fund,USD,0,0
"BNP Paribas Asset Management, PT",CITIBANK N. A. - CUSTODY,REKSA DANA SYARIAH BNP PARIBAS CAKRA SYARIAH USD KELAS RK1,Global Fund,USD,864275693528.09,24789954
"BNP Paribas Asset Management, PT",CITIBANK N. A. - CUSTODY,REKSA DANA SYARIAH BNP PARIBAS GREATER CHINA EQUITY SYARIAH USD,Global Fund,USD,0,0
"BNP Paribas Asset Management, PT",CITIBANK N. A. - CUSTODY,REKSA DANA SYARIAH BNP PARIBAS GREATER CHINA EQUITY SYARIAH USD KELAS IK1,Global Fund,USD,0,0
"BNP Paribas Asset Management, PT",CITIBANK N. A. - CUSTODY,REKSA DANA SYARIAH BNP PARIBAS GREATER CHINA EQUITY SYARIAH USD KELAS RK1,Global Fund,USD,2050184912348.99,180357023.39
"BNP Paribas Asset Management, PT",PT Bank HSBC Indonesia,Reksa Dana Syariah BNP Paribas Pesona Syariah,Equity Fund,IDR,321907256814,129396707.55
PT BRI Manajemen Investasi,CITIBANK N. A. - CUSTODY,REKSA DANA SYARIAH BRI G20 SHARIA EQUITY FUND DOLLAR,Global Fund,USD,22708729843.36,1127205.37
PT BRI Manajemen Investasi,PT Bank Maybank Indonesia Tbk,REKSA DANA SYARIAH BRI SERUNI PASAR UANG SYARIAH,Money Market Fund,IDR,912658382525.57,664649008.34
"Majoris Asset Management, PT",PT Bank Maybank Indonesia Tbk,REKSA DANA SYARIAH CAMPURAN MAJORIS SYARIAH DANA LESTARI UNIVERSITAS SYIAH KUALA INDONESIA,Mixed Asset Fund,IDR,15197136404.25,12431543.93
"Capital Asset Management, PT","BANK DBS INDONESIA - CUSTODY, PT",REKSA DANA SYARIAH CAPITAL SHARIA EQUITY,Equity Fund,IDR,37443017179,56453424.6
"Capital Asset Management, PT","BANK DANAMON INDONESIA - CUSTODY, Tbk, PT",REKSA DANA SYARIAH CAPITAL SHARIA FIXED INCOME,Fixed Income Fund,IDR,42874262117.29,37549962.06
"Capital Asset Management, PT","BANK DANAMON INDONESIA - CUSTODY, Tbk, PT",REKSA DANA SYARIAH CAPITAL SHARIA MONEY MARKET,Money Market Fund,IDR,48582850974.8,33428223.5
"Ciptadana Asset Management, PT","BANK CIMB NIAGA - CUSTODY, Tbk, PT",REKSA DANA SYARIAH CIPTA DANA KAS SYARIAH,Money Market Fund,IDR,1220226457.76,993702.78
"Ciptadana Asset Management, PT","BANK CIMB NIAGA - CUSTODY, Tbk, PT",REKSA DANA SYARIAH CIPTA SAHAM UNGGULAN SYARIAH,Equity Fund,IDR,14994978420.2,6062376.06
"Corfina Capital, PT","BANK NEGARA INDONESIA (PERSERO) - CUSTODY, Tbk, PT",REKSA DANA SYARIAH CORFINA INVESTA SAHAM SYARIAH,Equity Fund,IDR,0,0
"Eastspring Investments Indonesia, PT",STANDARD CHARTERED BANK - CUSTODY,REKSA DANA SYARIAH EASTSPRING SYARIAH EQUITY ISLAMIC ASIA PACIFIC USD,Global Fund,USD,0,0
"Eastspring Investments Indonesia, PT",STANDARD CHARTERED BANK - CUSTODY,REKSA DANA SYARIAH EASTSPRING SYARIAH EQUITY ISLAMIC ASIA PACIFIC USD KELAS A,Global Fund,USD,28528801771.06,1403626.01
"Eastspring Investments Indonesia, PT",STANDARD CHARTERED BANK - CUSTODY,REKSA DANA SYARIAH EASTSPRING SYARIAH EQUITY ISLAMIC ASIA PACIFIC USD KELAS B,Global Fund,USD,0,0
"Eastspring Investments Indonesia, PT",STANDARD CHARTERED BANK - CUSTODY,REKSA DANA SYARIAH EASTSPRING SYARIAH EQUITY ISLAMIC ASIA PACIFIC USD KELAS C,Global Fund,USD,0,0
"Eastspring Investments Indonesia, PT","BANK DBS INDONESIA - CUSTODY, PT",REKSA DANA SYARIAH EASTSPRING SYARIAH FIXED INCOME AMANAH,Fixed Income Fund,IDR,0,0
"Eastspring Investments Indonesia, PT","BANK DBS INDONESIA - CUSTODY, PT",REKSA DANA SYARIAH EASTSPRING SYARIAH FIXED INCOME AMANAH KELAS A,Fixed Income Fund,IDR,163109886331.77,106483302.09
"Eastspring Investments Indonesia, PT","BANK DBS INDONESIA - CUSTODY, PT",REKSA DANA SYARIAH EASTSPRING SYARIAH FIXED INCOME AMANAH KELAS B,Fixed Income Fund,IDR,483916753972.7,340723028.21
"Eastspring Investments Indonesia, PT","BANK DBS INDONESIA - CUSTODY, PT",REKSA DANA SYARIAH EASTSPRING SYARIAH FIXED INCOME AMANAH KELAS C,Fixed Income Fund,IDR,0,0
"Eastspring Investments Indonesia, PT","BANK DBS INDONESIA - CUSTODY, PT",REKSA DANA SYARIAH EASTSPRING SYARIAH FIXED INCOME AMANAH KELAS CI,Fixed Income Fund,IDR,0,0
"Eastspring Investments Indonesia, PT",STANDARD CHARTERED BANK - CUSTODY,REKSA DANA SYARIAH EASTSPRING SYARIAH FIXED INCOME USD,Fixed Income Fund,USD,0,0
"Eastspring Investments Indonesia, PT",STANDARD CHARTERED BANK - CUSTODY,REKSA DANA SYARIAH EASTSPRING SYARIAH FIXED INCOME USD KELAS A,Fixed Income Fund,USD,56673869692.85,3521293.7
"Eastspring Investments Indonesia, PT",STANDARD CHARTERED BANK - CUSTODY,REKSA DANA SYARIAH EASTSPRING SYARIAH FIXED INCOME USD KELAS B,Fixed Income Fund,USD,0,0
"Eastspring Investments Indonesia, PT",STANDARD CHARTERED BANK - CUSTODY,REKSA DANA SYARIAH EASTSPRING SYARIAH GREATER CHINA EQUITY USD,Global Fund,USD,0,0
"Eastspring Investments Indonesia, PT",STANDARD CHARTERED BANK - CUSTODY,REKSA DANA SYARIAH EASTSPRING SYARIAH GREATER CHINA EQUITY USD KELAS A,Global Fund,USD,104547467106.33,9409477.05
"Eastspring Investments Indonesia, PT",STANDARD CHARTERED BANK - CUSTODY,REKSA DANA SYARIAH EASTSPRING SYARIAH GREATER CHINA EQUITY USD KELAS B,Global Fund,USD,0,0
"Eastspring Investments Indonesia, PT",STANDARD CHARTERED BANK - CUSTODY,REKSA DANA SYARIAH EASTSPRING SYARIAH GREATER CHINA EQUITY USD KELAS C,Global Fund,USD,0,0
"Eastspring Investments Indonesia, PT",STANDARD CHARTERED BANK - CUSTODY,REKSA DANA SYARIAH EASTSPRING SYARIAH INCOME GLOBAL MIXED ASSET USD,Global Fund,USD,0,0
"Eastspring Investments Indonesia, PT",STANDARD CHARTERED BANK - CUSTODY,REKSA DANA SYARIAH EASTSPRING SYARIAH INCOME GLOBAL MIXED ASSET USD KELAS A,Global Fund,USD,0,0
"Eastspring Investments Indonesia, PT",STANDARD CHARTERED BANK - CUSTODY,REKSA DANA SYARIAH EASTSPRING SYARIAH INCOME GLOBAL MIXED ASSET USD KELAS B,Global Fund,USD,0,0
"Eastspring Investments Indonesia, PT",STANDARD CHARTERED BANK - CUSTODY,REKSA DANA SYARIAH EASTSPRING SYARIAH INCOME GLOBAL MIXED ASSET USD KELAS C,Global Fund,USD,0,0
"Eastspring Investments Indonesia, PT",STANDARD CHARTERED BANK - CUSTODY,REKSA DANA SYARIAH EASTSPRING SYARIAH MIXED ASSET FUND,Mixed Asset Fund,IDR,0,0
"Eastspring Investments Indonesia, PT",STANDARD CHARTERED BANK - CUSTODY,REKSA DANA SYARIAH EASTSPRING SYARIAH MIXED ASSET FUND KELAS A,Mixed Asset Fund,IDR,0,0
"Eastspring Investments Indonesia, PT",STANDARD CHARTERED BANK - CUSTODY,REKSA DANA SYARIAH EASTSPRING SYARIAH MIXED ASSET FUND KELAS B,Mixed Asset Fund,IDR,0,0
"Eastspring Investments Indonesia, PT",STANDARD CHARTERED BANK - CUSTODY,REKSA DANA SYARIAH EASTSPRING SYARIAH MIXED ASSET FUND KELAS C,Mixed Asset Fund,IDR,0,0
"Eastspring Investments Indonesia, PT",STANDARD CHARTERED BANK - CUSTODY,REKSA DANA SYARIAH EASTSPRING SYARIAH MONEY MARKET KHAZANAH,Money Market Fund,IDR,0,0
"Eastspring Investments Indonesia, PT",STANDARD CHARTERED BANK - CUSTODY,REKSA DANA SYARIAH EASTSPRING SYARIAH MONEY MARKET KHAZANAH KELAS A,Money Market Fund,IDR,6544572008.74,5503662.7
"Eastspring Investments Indonesia, PT",STANDARD CHARTERED BANK - CUSTODY,REKSA DANA SYARIAH EASTSPRING SYARIAH MONEY MARKET KHAZANAH KELAS B,Money Market Fund,IDR,43477703484.68,35961525.33
"Emco Asset Management, PT","BANK NEGARA INDONESIA (PERSERO) - CUSTODY, Tbk, PT",REKSA DANA SYARIAH EMCO SAHAM BAROKAH SYARIAH,Equity Fund,IDR,27792326831.06,133476959.21
"Henan Putihrai Asset Management, PT","BANK RAKYAT INDONESIA (PERSERO) - CUSTODY, Tbk, PT",REKSA DANA SYARIAH HPAM EKUITAS SYARIAH BERKAH,Equity Fund,IDR,1532227997794.33,619954648.85
"BNI Asset Management, PT",STANDARD CHARTERED BANK - CUSTODY,REKSA DANA SYARIAH INDEKS BNI AM IDX SHARIA GROWTH,Index Fund,IDR,0,0
"BNI Asset Management, PT",STANDARD CHARTERED BANK - CUSTODY,REKSA DANA SYARIAH INDEKS BNI AM IDX SHARIA GROWTH KELAS I1,Index Fund,IDR,0,0
"BNI Asset Management, PT",STANDARD CHARTERED BANK - CUSTODY,REKSA DANA SYARIAH INDEKS BNI AM IDX SHARIA GROWTH KELAS I2,Index Fund,IDR,14556162031.18,15000000
"BNI Asset Management, PT",STANDARD CHARTERED BANK - CUSTODY,REKSA DANA SYARIAH INDEKS BNI AM IDX SHARIA GROWTH KELAS R1,Index Fund,IDR,27888022.76,28801.62
"BNP Paribas Asset Management, PT",CITIBANK N. A. - CUSTODY,REKSA DANA SYARIAH INDEKS BNP PARIBAS DJIM GLOBAL TECHNOLOGY TITANS 50 SYARIAH USD,Global Fund,USD,967956213587.75,40711163.75
"Sinarmas Asset Management, PT","BANK CIMB NIAGA - CUSTODY, Tbk, PT",Reksa Dana Syariah Indeks Simas ETF JII,Exchanged Traded Fund,IDR,12061783119.47,148200000
"KISI ASSET MANAGEMENT, PT","BANK RAKYAT INDONESIA (PERSERO) - CUSTODY, Tbk, PT",REKSA DANA SYARIAH KIM FIXED INCOME SHARIA,Fixed Income Fund,IDR,51500000000,51500000
"KISI ASSET MANAGEMENT, PT",PT KEB Hana Bank Indonesia,REKSA DANA SYARIAH KIM MONEY MARKET SHARIA,Money Market Fund,IDR,20290436935.35,20124898.45
"KISI ASSET MANAGEMENT, PT",DEUTSCHE BANK A. G. - CUSTODY,REKSA DANA SYARIAH KISI GLOBAL SHARIA TRANSFORMATIVE TECHNOLOGY EQUITY FUND USD,Global Fund,USD,14151973077.51,763314.73
"Lautandhana Investment Management, PT","BANK NEGARA INDONESIA (PERSERO) - CUSTODY, Tbk, PT",REKSA DANA SYARIAH LAUTANDHANA SHARIA INCOME FUND,Fixed Income Fund,IDR,6263089496.34,5006009.75
"Majoris Asset Management, PT","BANK NEGARA INDONESIA (PERSERO) - CUSTODY, Tbk, PT",REKSA DANA SYARIAH MAJORIS PASAR UANG SYARIAH INDONESIA,Money Market Fund,IDR,1159188502243.75,816975057.58
"Majoris Asset Management, PT","BANK RAKYAT INDONESIA (PERSERO) - CUSTODY, Tbk, PT",Reksa Dana Syariah Majoris Saham Syariah Indonesia,Equity Fund,IDR,11533819846.83,14910587.37
"Majoris Asset Management, PT","BANK NEGARA INDONESIA (PERSERO) - CUSTODY, Tbk, PT",REKSA DANA SYARIAH MAJORIS SUKUK NEGARA INDONESIA,Fixed Income Fund,IDR,262515547463.11,179267213.9
"Mandiri Manajemen Investasi, PT",CITIBANK N. A. - CUSTODY,REKSA DANA SYARIAH MANDIRI ASIA SHARIA EQUITY DOLLAR,Global Fund,USD,0,0
"Mandiri Manajemen Investasi, PT",CITIBANK N. A. - CUSTODY,REKSA DANA SYARIAH MANDIRI ASIA SHARIA EQUITY DOLLAR KELAS A,Global Fund,USD,846531796.84,52342.26
"Mandiri Manajemen Investasi, PT",CITIBANK N. A. - CUSTODY,REKSA DANA SYARIAH MANDIRI ASIA SHARIA EQUITY DOLLAR KELAS B,Global Fund,USD,10733390058.87,753156.63
"Mandiri Manajemen Investasi, PT",CITIBANK N. A. - CUSTODY,REKSA DANA SYARIAH MANDIRI GLOBAL SHARIA EQUITY DOLLAR,Global Fund,USD,0,0
"Mandiri Manajemen Investasi, PT",CITIBANK N. A. - CUSTODY,REKSA DANA SYARIAH MANDIRI GLOBAL SHARIA EQUITY DOLLAR KELAS A,Global Fund,USD,931506345411.78,34731945.1
"Mandiri Manajemen Investasi, PT",CITIBANK N. A. - CUSTODY,REKSA DANA SYARIAH MANDIRI GLOBAL SHARIA EQUITY DOLLAR KELAS B,Global Fund,USD,2743396489.17,208992.58
"Mandiri Manajemen Investasi, PT",STANDARD CHARTERED BANK - CUSTODY,REKSA DANA SYARIAH MANDIRI PASAR UANG SYARIAH,Money Market Fund,IDR,0,0
"Mandiri Manajemen Investasi, PT","BANK CIMB NIAGA - CUSTODY, Tbk, PT",REKSA DANA SYARIAH MANDIRI PASAR UANG SYARIAH EKSTRA,Money Market Fund,IDR,16653714413.36,13279512.99
"Mandiri Manajemen Investasi, PT",STANDARD CHARTERED BANK - CUSTODY,REKSA DANA SYARIAH MANDIRI PASAR UANG SYARIAH KELAS A,Money Market Fund,IDR,694137446857.08,501707485.83
"Mandiri Manajemen Investasi, PT",STANDARD CHARTERED BANK - CUSTODY,REKSA DANA SYARIAH MANDIRI PASAR UANG SYARIAH KELAS B,Money Market Fund,IDR,0,0
"Mandiri Manajemen Investasi, PT",STANDARD CHARTERED BANK - CUSTODY,REKSA DANA SYARIAH MANDIRI PASAR UANG SYARIAH KELAS C,Money Market Fund,IDR,100150967782.37,71759794.28
"Mandiri Manajemen Investasi, PT",PT Bank OCBC NISP Tbk,REKSA DANA SYARIAH MANDIRI PASAR UANG SYARIAH MASLAHAT,Money Market Fund,IDR,0,0
"Mandiri Manajemen Investasi, PT",PT Bank OCBC NISP Tbk,REKSA DANA SYARIAH MANDIRI PASAR UANG SYARIAH MASLAHAT KELAS A,Money Market Fund,IDR,0,0
"Mandiri Manajemen Investasi, PT",PT Bank OCBC NISP Tbk,REKSA DANA SYARIAH MANDIRI PASAR UANG SYARIAH MASLAHAT KELAS B,Money Market Fund,IDR,0,0
"Mandiri Manajemen Investasi, PT",PT Bank OCBC NISP Tbk,REKSA DANA SYARIAH MANDIRI PASAR UANG SYARIAH MASLAHAT KELAS C,Money Market Fund,IDR,0,0
"Manulife Aset Manajemen Indonesia, PT",STANDARD CHARTERED BANK - CUSTODY,REKSA DANA SYARIAH MANULIFE DANA KAS SYARIAH,Money Market Fund,IDR,221568414143.81,168929021.71
"Manulife Aset Manajemen Indonesia, PT",CITIBANK N. A. - CUSTODY,Reksa Dana Syariah Manulife Saham Syariah Asia Pasifik Dollar AS,Global Fund,USD,1476597777930.83,68005814.04
"Manulife Aset Manajemen Indonesia, PT",PT Bank HSBC Indonesia,REKSA DANA SYARIAH MANULIFE SAHAM SYARIAH ESG TRANSISI GLOBAL DOLAR AS,Global Fund,USD,0,0
"Manulife Aset Manajemen Indonesia, PT",PT Bank HSBC Indonesia,REKSA DANA SYARIAH MANULIFE SAHAM SYARIAH ESG TRANSISI GLOBAL DOLAR AS KELAS A1,Global Fund,USD,36555786943.26,2000000
"Manulife Aset Manajemen Indonesia, PT",PT Bank HSBC Indonesia,REKSA DANA SYARIAH MANULIFE SAHAM SYARIAH ESG TRANSISI GLOBAL DOLAR AS KELAS A2,Global Fund,USD,36622724050.36,2073465.01
"Manulife Aset Manajemen Indonesia, PT",PT Bank HSBC Indonesia,Reksa Dana Syariah Manulife Saham Syariah Global Dividen Dolar AS,Global Fund,USD,0,0
"Manulife Aset Manajemen Indonesia, PT",PT Bank HSBC Indonesia,Reksa Dana Syariah Manulife Saham Syariah Global Dividen Dolar AS Kelas A1,Global Fund,USD,23807754550.68,1339144.96
"Manulife Aset Manajemen Indonesia, PT",PT Bank HSBC Indonesia,Reksa Dana Syariah Manulife Saham Syariah Global Dividen Dolar AS Kelas A2,Global Fund,USD,15460509991.89,868612.75
"Manulife Aset Manajemen Indonesia, PT",PT Bank HSBC Indonesia,Reksa Dana Syariah Manulife Saham Syariah Global Dividen Dolar AS Kelas A3,Global Fund,USD,111988594996.48,6331758.95
"Manulife Aset Manajemen Indonesia, PT",PT Bank HSBC Indonesia,REKSA DANA SYARIAH MANULIFE SAHAM SYARIAH GLOBAL DIVIDEN DOLAR AS KELAS A5,Global Fund,USD,43733163966.93,2878159.03
"Manulife Aset Manajemen Indonesia, PT",CITIBANK N. A. - CUSTODY,REKSA DANA SYARIAH MANULIFE SAHAM SYARIAH GOLDEN ASIA DOLAR AS,Global Fund,USD,0,0
"Manulife Aset Manajemen Indonesia, PT",CITIBANK N. A. - CUSTODY,REKSA DANA SYARIAH MANULIFE SAHAM SYARIAH GOLDEN ASIA DOLAR AS Kelas A1,Global Fund,USD,191827978855.43,12994406.86
"Manulife Aset Manajemen Indonesia, PT",CITIBANK N. A. - CUSTODY,REKSA DANA SYARIAH MANULIFE SAHAM SYARIAH GOLDEN ASIA DOLAR AS Kelas A2,Global Fund,USD,0,0
"Manulife Aset Manajemen Indonesia, PT",STANDARD CHARTERED BANK - CUSTODY,REKSA DANA SYARIAH MANULIFE SYARIAH SUKUK INDONESIA,Sukuk Based Fund,IDR,183085730944.52,170451884.15
"Maybank Asset Management, PT","BANK NEGARA INDONESIA (PERSERO) - CUSTODY, Tbk, PT",REKSA DANA SYARIAH MAYBANK OBLIGASI SYARIAH NEGARA,Fixed Income Fund,IDR,8910975447.39,8748411.04
"Maybank Asset Management, PT",DEUTSCHE BANK A. G. - CUSTODY,REKSA DANA SYARIAH MAYBANK SYARIAH CASH FUND,Money Market Fund,IDR,189974152201.52,178351001.8
"Maybank Asset Management, PT",STANDARD CHARTERED BANK - CUSTODY,REKSA DANA SYARIAH MAYBANK SYARIAH MONEY MARKET FUND 2,Money Market Fund,IDR,37271716489.87,24781106.64
"Mega Asset Management, PT","BANK CIMB NIAGA - CUSTODY, Tbk, PT",Reksa Dana Syariah Mega Asset Multicash Syariah,Money Market Fund,IDR,2856934.86,9861.54
"Mega Asset Management, PT","BANK MANDIRI (PERSERO) - CUSTODY, Tbk, PT",Reksa Dana Syariah Mega Dana Pendapatan Tetap Syariah,Fixed Income Fund,IDR,147271.73,0
"Minna Padi Aset Manajemen, PT","BANK MANDIRI (PERSERO) - CUSTODY, Tbk, PT",Reksa Dana Syariah Minna Padi Amanah Saham Syariah,Equity Fund,IDR,5022.06,0
"Minna Padi Aset Manajemen, PT","BANK MANDIRI (PERSERO) - CUSTODY, Tbk, PT",Reksa Dana Syariah Minna Padi Indraprastha Saham Syariah,Equity Fund,IDR,29456692261.27,41453375.94
"Minna Padi Aset Manajemen, PT","BANK MANDIRI (PERSERO) - CUSTODY, Tbk, PT",Reksa Dana Syariah Minna Padi Khazanah Pasar Uang Syariah,Money Market Fund,IDR,5997111.36,0
"MNC Asset Management, PT","BANK NEGARA INDONESIA (PERSERO) - CUSTODY, Tbk, PT",REKSA DANA SYARIAH MNC DANA SYARIAH BAROKAH,Money Market Fund,IDR,45513489654.86,29554169.16
"MNC Asset Management, PT","BANK NEGARA INDONESIA (PERSERO) - CUSTODY, Tbk, PT",REKSA DANA SYARIAH MNC DANA SYARIAH EKUITAS II,Equity Fund,IDR,0.02,0
"MNC Asset Management, PT","BANK MEGA - CUSTODY, Tbk, PT",REKSA DANA SYARIAH MNC SYARIAH PENDAPATAN TETAP,Fixed Income Fund,IDR,0,0
"Narada Aset Manajemen, PT",PT Bank Maybank Indonesia Tbk,REKSA DANA SYARIAH NARADA SAHAM BERKAH SYARIAH,Equity Fund,IDR,5928267448,200844424.48
"Pacific Capital Investment, PT","BANK DANAMON INDONESIA - CUSTODY, Tbk, PT",REKSA DANA SYARIAH PACIFIC SAHAM SYARIAH II,Equity Fund,IDR,40995241432.25,18187031.2
"Pacific Capital Investment, PT","BANK DANAMON INDONESIA - CUSTODY, Tbk, PT",REKSA DANA SYARIAH PACIFIC SAHAM SYARIAH III,Equity Fund,IDR,30083412189.56,40165261.85
"Pan Arcadia Capital, PT","BANK NEGARA INDONESIA (PERSERO) - CUSTODY, Tbk, PT",REKSA DANA SYARIAH PAN ARCADIA DANA SAHAM SYARIAH,Equity Fund,IDR,145454041025.45,543114391.98
"Pan Arcadia Capital, PT","BANK NEGARA INDONESIA (PERSERO) - CUSTODY, Tbk, PT",REKSA DANA SYARIAH PAN ARCADIA EKUITAS SYARIAH PROGRESIF,Equity Fund,IDR,90228639880.96,322222094.3
"Panin Asset Management, PT",DEUTSCHE BANK A. G. - CUSTODY,REKSA DANA SYARIAH PANIN DANA LIKUID SYARIAH,Money Market Fund,IDR,67857190632.85,50870157.95
"Panin Asset Management, PT",DEUTSCHE BANK A. G. - CUSTODY,REKSA DANA SYARIAH PANIN GLOBAL SHARIA EQUITY FUND,Global Fund,USD,106026958716.01,4844900.04
"PNM Investment Management, PT",PT Bank Maybank Indonesia Tbk,Reksa Dana Syariah Pasar Uang PNM Arafah,Money Market Fund,IDR,78815571048.75,66306856.61
"PNM Investment Management, PT","BANK CIMB NIAGA - CUSTODY, Tbk, PT",REKSA DANA SYARIAH PASAR UANG PNM FAAZA,Money Market Fund,IDR,11191479367.56,6610484.9
"PNM Investment Management, PT","BANK CIMB NIAGA - CUSTODY, Tbk, PT",REKSA DANA SYARIAH PASAR UANG PNM FALAH,Money Market Fund,IDR,10373977183.23,8217688.16
"PNM Investment Management, PT",PT Bank Maybank Indonesia Tbk,REKSA DANA SYARIAH PASAR UANG PNM FALAH 2,Money Market Fund,IDR,62125153879.72,48089950.08
"Insight Investments Management, PT","BANK MEGA - CUSTODY, Tbk, PT",REKSA DANA SYARIAH PENDAPATAN TETAP INSIGHT ELITE FUND,Fixed Income Fund,IDR,0,0
"PNM Investment Management, PT",PT Bank Maybank Indonesia Tbk,Reksa Dana Syariah Pendapatan Tetap PNM Kaffah,Fixed Income Fund,IDR,57225472165.78,55044670.59
"PNM Investment Management, PT",PT Bank Maybank Indonesia Tbk,REKSA DANA SYARIAH PENDAPATAN TETAP PNM SURAT BERHARGA SYARIAH NEGARA,Fixed Income Fund,IDR,163674973679.53,135029487.25
"Phillip Asset Management, PT","BANK PERMATA - CUSTODY, Tbk, PT",REKSA DANA SYARIAH PHILLIP MONEY MARKET FUND SYARIAH BERMANFAAT,Money Market Fund,IDR,13180773755.71,11387218.25
"Pool Advista Aset Manajemen, PT","BANK NEGARA INDONESIA (PERSERO) - CUSTODY, Tbk, PT",REKSA DANA SYARIAH POOL ADVISTA EKUITAS OPTIMA SYARIAH,Equity Fund,IDR,108744617936.35,1047470987.41
"Pool Advista Aset Manajemen, PT","BANK NEGARA INDONESIA (PERSERO) - CUSTODY, Tbk, PT",REKSA DANA SYARIAH POOL ADVISTA KAPITAL SYARIAH,Equity Fund,IDR,180146544586.26,838448092.13
"Pool Advista Aset Manajemen, PT","BANK MANDIRI (PERSERO) - CUSTODY, Tbk, PT",REKSA DANA SYARIAH POOL ADVISTA PASAR UANG SYARIAH,Money Market Fund,IDR,0,0
"Indo Premier Investment Management, PT",DEUTSCHE BANK A. G. - CUSTODY,REKSA DANA SYARIAH PREMIER ETF JII,Exchanged Traded Fund,IDR,9843229100.25,15900000
Principal Asset Management,PT Bank Syariah Indonesia Tbk,REKSA DANA SYARIAH PRINCIPAL CASH FUND SYARIAH 2,Money Market Fund,IDR,12676709718.77,10938133.42
Principal Asset Management,PT Bank Syariah Indonesia Tbk,REKSA DANA SYARIAH PRINCIPAL INCOME FUND SYARIAH,Fixed Income Fund,IDR,5172771347.09,4358317.27
Principal Asset Management,STANDARD CHARTERED BANK - CUSTODY,REKSA DANA SYARIAH PRINCIPAL ISLAMIC ASEAN EQUITY SYARIAH USD,Global Fund,USD,39796957577.95,2730228.3
Principal Asset Management,STANDARD CHARTERED BANK - CUSTODY,REKSA DANA SYARIAH PRINCIPAL ISLAMIC ASIA PACIFIC EQUITY SYARIAH USD,Global Fund,USD,53760943528.6,3733209.1
Principal Asset Management,STANDARD CHARTERED BANK - CUSTODY,REKSA DANA SYARIAH PRINCIPAL ISLAMIC GLOBAL RESPONSIBLE EQUITY SYARIAH USD,Global Fund,USD,0,0
Principal Asset Management,STANDARD CHARTERED BANK - CUSTODY,REKSA DANA SYARIAH PRINCIPAL SUKUK SYARIAH 2,Sukuk Based Fund,IDR,76126861258.6,32731272.22
Principal Asset Management,STANDARD CHARTERED BANK - CUSTODY,REKSA DANA SYARIAH PRINCIPAL SUKUK SYARIAH 3,Sukuk Based Fund,IDR,17064166539.85,17005860.43
"Samuel Aset Manajemen, PT",PT Bank Syariah Indonesia Tbk,REKSA DANA SYARIAH SAM DANA KAS SYARIAH,Money Market Fund,IDR,10744888594.52,10639086.09
"Samuel Aset Manajemen, PT","BANK CIMB NIAGA - CUSTODY, Tbk, PT",Reksa Dana Syariah SAM Dana Likuid Syariah,Money Market Fund,IDR,12655250003.69,9462656.87
"Samuel Aset Manajemen, PT",DEUTSCHE BANK A. G. - CUSTODY,REKSA DANA SYARIAH SAM GLOBAL SHARIA ESG EQUITY DOLLAR,Global Fund,USD,20443038053.47,1211130.11
"Anargya Aset Manajemen, PT",PT KEB Hana Bank Indonesia,REKSA DANA SYARIAH SBSN ANARGYA SUPEROPTIMA,Fixed Income Fund,IDR,1153948359.6,1126744.7
"Schroder Investment Management Indonesia, PT",PT Bank Maybank Indonesia Tbk,Reksa Dana Syariah Schroder Dana Likuid Syariah,Money Market Fund,IDR,7208082199.12,6100749.86
"Schroder Investment Management Indonesia, PT",CITIBANK N. A. - CUSTODY,Reksa Dana Syariah Schroder Global Sharia Equity Fund  USD,Global Fund,USD,719348541734.38,23168458.68
"Danapathi Asset Management, PT",PT Bank Syariah Indonesia Tbk,REKSA DANA SYARIAH SHINHAN SHARIA MONEY MARKET FUND,Money Market Fund,IDR,0,0
"Sinarmas Asset Management, PT","BANK CIMB NIAGA - CUSTODY, Tbk, PT",Reksa Dana Syariah Simas Balance Syariah,Mixed Asset Fund,IDR,99757148.83,60720.87
"Sinarmas Asset Management, PT","BANK CIMB NIAGA - CUSTODY, Tbk, PT",Reksa Dana Syariah Simas Equity Syariah,Equity Fund,IDR,366608.17,349.51
"Sinarmas Asset Management, PT",PT Bank Syariah Indonesia Tbk,REKSA DANA SYARIAH SIMAS INCOME SYARIAH,Fixed Income Fund,IDR,50348085430.31,45846733.23
"Sinarmas Asset Management, PT","BANK NEGARA INDONESIA (PERSERO) - CUSTODY, Tbk, PT",REKSA DANA SYARIAH SIMAS KAS SYARIAH,Money Market Fund,IDR,10348501752.32,9014494.34
"Sinarmas Asset Management, PT","BANK CIMB NIAGA - CUSTODY, Tbk, PT",Reksa Dana Syariah Simas Syariah Pendapatan Tetap,Fixed Income Fund,IDR,59480797694.68,43406336.53
PT Simpan Asset Management,"BANK CIMB NIAGA - CUSTODY, Tbk, PT",REKSA DANA SYARIAH SIMPAN CASH SYARIAH FUND,Money Market Fund,IDR,24675998597.54,23734522.67
"Surya Timur Alam Raya Asset Management, PT",STANDARD CHARTERED BANK - CUSTODY,REKSA DANA SYARIAH STAR GLOBAL SHARIA EQUITY USD,Global Fund,USD,14873540410.62,987036.12
"Surya Timur Alam Raya Asset Management, PT",PT Bank Syariah Indonesia Tbk,REKSA DANA SYARIAH STAR SHARIA MONEY MARKET,Money Market Fund,IDR,19563886888.88,16151490.3
"Surya Timur Alam Raya Asset Management, PT",PT Bank Syariah Indonesia Tbk,REKSA DANA SYARIAH STAR STABLE AMANAH SUKUK,Fixed Income Fund,IDR,1004956263962.34,878483989.1
"Sucorinvest Asset Management, PT",PT Bank HSBC Indonesia,REKSA DANA SYARIAH SUCORINVEST GLOBAL EQUITY SHARIA USD,Global Fund,USD,12679686559.67,814120.42
"Sucorinvest Asset Management, PT",PT Bank HSBC Indonesia,REKSA DANA SYARIAH SUCORINVEST SHARIA BALANCED FUND,Mixed Asset Fund,IDR,1307594015403,1116573608.4
"Sucorinvest Asset Management, PT",PT Bank Syariah Indonesia Tbk,REKSA DANA SYARIAH SUCORINVEST SHARIA LIQUID MASLAHAT,Money Market Fund,IDR,0,0
"Sucorinvest Asset Management, PT",PT Bank HSBC Indonesia,Reksa Dana Syariah Sucorinvest Sharia Money Market Fund,Money Market Fund,IDR,6821507628293,4773598552.29
"Sucorinvest Asset Management, PT",STANDARD CHARTERED BANK - CUSTODY,REKSA DANA SYARIAH SUCORINVEST SHARIA SUSTAINABILITY EQUITY FUND,Equity Fund,IDR,43593295530.62,38516100.23
"Syailendra Capital, PT",PT Bank Syariah Indonesia Tbk,REKSA DANA SYARIAH SYAILENDRA SHARIA FIXED INCOME FUND,Fixed Income Fund,IDR,845323740164.31,759162546.29
"Syailendra Capital, PT","BANK CIMB NIAGA - CUSTODY, Tbk, PT",REKSA DANA SYARIAH SYAILENDRA SHARIA MONEY MARKET FUND,Money Market Fund,IDR,778021224200.07,529243519.6
"Syailendra Capital, PT",PT Bank Syariah Indonesia Tbk,REKSA DANA SYARIAH SYAILENDRA SHARIA MONEY MARKET FUND 2,Money Market Fund,IDR,120223321055.62,118769364.29
"Syailendra Capital, PT",STANDARD CHARTERED BANK - CUSTODY,REKSA DANA SYARIAH SYAILENDRA TUNAI LIKUID SYARIAH,Money Market Fund,IDR,12036303914.97,9985730.61
"Avrist Asset Management, PT","BANK MEGA - CUSTODY, Tbk, PT",REKSA DANA SYARIAH TERPROTEKSI AVRIST DANA TERPROTEKSI SUKUK BERKAH SYARIAH 2,Capital Protected Fund,IDR,23530993822.3,23145000
"Avrist Asset Management, PT",PT Bank Syariah Indonesia Tbk,REKSA DANA SYARIAH TERPROTEKSI AVRIST SUKUK BERKAH 5,Capital Protected Fund,IDR,0,0
"Avrist Asset Management, PT",PT Bank Syariah Indonesia Tbk,REKSA DANA SYARIAH TERPROTEKSI AVRIST SUKUK BERKAH 6,Capital Protected Fund,IDR,61931571829.33,60000900
"Avrist Asset Management, PT","BANK BUKOPIN - CUSTODY, Tbk, PT",REKSA DANA SYARIAH TERPROTEKSI AVRIST SUKUK BERKAH 7,Capital Protected Fund,IDR,10824026385.69,10498000
"Avrist Asset Management, PT",PT Bank Syariah Indonesia Tbk,REKSA DANA SYARIAH TERPROTEKSI AVRIST SUKUK BERKAH 8,Capital Protected Fund,IDR,45084947381.06,45049000
"Bahana TCW Investment Management, PT",PT Bank Syariah Indonesia Tbk,REKSA DANA SYARIAH TERPROTEKSI BAHANA AMANAH PROTEKSI SYARIAH 7,Capital Protected Fund,IDR,0,0
"Bahana TCW Investment Management, PT",STANDARD CHARTERED BANK - CUSTODY,REKSA DANA SYARIAH TERPROTEKSI BAHANA FAZZA SYARIAH USD 1,Capital Protected Fund,USD,49951037909.56,3000181.97
"Bahana TCW Investment Management, PT","BANK DBS INDONESIA - CUSTODY, PT",REKSA DANA SYARIAH TERPROTEKSI BAHANA HIMAYA SYARIAH 2,Capital Protected Fund,IDR,1627188437249,1580000664.7
"Bahana TCW Investment Management, PT","BANK DBS INDONESIA - CUSTODY, PT",REKSA DANA SYARIAH TERPROTEKSI BAHANA HIMAYA SYARIAH 3,Capital Protected Fund,IDR,48110281870,47010740.21
"Bahana TCW Investment Management, PT",STANDARD CHARTERED BANK - CUSTODY,REKSA DANA SYARIAH TERPROTEKSI BAHANA SALAMA SYARIAH (RESTRUKTURISASI),Capital Protected Fund,IDR,50684107780.2,50860564.36
"Bahana TCW Investment Management, PT",STANDARD CHARTERED BANK - CUSTODY,REKSA DANA SYARIAH TERPROTEKSI BAHANA SALAMA SYARIAH 5,Capital Protected Fund,IDR,72194611788.27,70013854.74
"Bahana TCW Investment Management, PT",STANDARD CHARTERED BANK - CUSTODY,REKSA DANA SYARIAH TERPROTEKSI BAHANA SALAMA SYARIAH 6,Capital Protected Fund,IDR,114965911388.05,111107559.37
"Batavia Prosperindo Aset Manajemen, PT",PT Bank Syariah Indonesia Tbk,REKSA DANA SYARIAH TERPROTEKSI BATAVIA PROTEKSI SYARIAH MAXIMA 2,Capital Protected Fund,IDR,473508212525.6,470022000
"Batavia Prosperindo Aset Manajemen, PT",PT Bank Syariah Indonesia Tbk,REKSA DANA SYARIAH TERPROTEKSI BATAVIA PROTEKSI SYARIAH MAXIMA 3,Capital Protected Fund,IDR,302183219252.12,300017400
"Batavia Prosperindo Aset Manajemen, PT",PT Bank Syariah Indonesia Tbk,REKSA DANA SYARIAH TERPROTEKSI BATAVIA PROTEKSI SYARIAH MAXIMA 5,Capital Protected Fund,IDR,0,0
"BNI Asset Management, PT","BANK CIMB NIAGA - CUSTODY, Tbk, PT",REKSA DANA SYARIAH TERPROTEKSI BNI AM AMANAH II,Capital Protected Fund,IDR,78640920708.08,83000000
"BNP Paribas Asset Management, PT",PT Bank Syariah Indonesia Tbk,REKSA DANA SYARIAH TERPROTEKSI BNP PARIBAS BERKAH SYARIAH PROTEKSI RUPIAH,Capital Protected Fund,IDR,464035501145.55,452020000
"Capital Asset Management, PT","BANK DANAMON INDONESIA - CUSTODY, Tbk, PT",REKSA DANA SYARIAH TERPROTEKSI CAPITAL SHARIA OPTIMAL PROTECTED FUND 10,Capital Protected Fund,IDR,11926548229.36,11603000
"Capital Asset Management, PT","BANK DANAMON INDONESIA - CUSTODY, Tbk, PT",REKSA DANA SYARIAH TERPROTEKSI CAPITAL SHARIA OPTIMAL PROTECTED FUND 9,Capital Protected Fund,IDR,0,0
"Eastspring Investments Indonesia, PT",PT Bank Syariah Indonesia Tbk,REKSA DANA SYARIAH TERPROTEKSI EASTSPRING SYARIAH  BERKAH PROTEKSI 1,Capital Protected Fund,IDR,317577405482.89,302170500
"Eastspring Investments Indonesia, PT",PT Bank Syariah Indonesia Tbk,REKSA DANA SYARIAH TERPROTEKSI EASTSPRING SYARIAH BERKAH PROTEKSI 2,Capital Protected Fund,IDR,615013314289.5,602019000
"Eastspring Investments Indonesia, PT",PT Bank Syariah Indonesia Tbk,REKSA DANA SYARIAH TERPROTEKSI EASTSPRING SYARIAH BERKAH PROTEKSI 3,Capital Protected Fund,IDR,316478295865.6,312100000
"Eastspring Investments Indonesia, PT","BANK RAKYAT INDONESIA (PERSERO) - CUSTODY, Tbk, PT",REKSA DANA SYARIAH TERPROTEKSI EASTSPRING SYARIAH BERKAH PROTEKSI 4,Capital Protected Fund,IDR,403199251355.42,402014000
"Henan Putihrai Asset Management, PT","BANK RAKYAT INDONESIA (PERSERO) - CUSTODY, Tbk, PT",REKSA DANA SYARIAH TERPROTEKSI HPAM PROTEKSI PRIMA SYARIAH III,Capital Protected Fund,IDR,114671320042.26,111833000
"Henan Putihrai Asset Management, PT","BANK RAKYAT INDONESIA (PERSERO) - CUSTODY, Tbk, PT",REKSA DANA SYARIAH TERPROTEKSI HPAM PROTEKSI PRIMA SYARIAH IV,Capital Protected Fund,IDR,36006841275.51,34682000
"Insight Investments Management, PT","BANK MANDIRI (PERSERO) - CUSTODY, Tbk, PT",REKSA DANA SYARIAH TERPROTEKSI INSIGHT TERPROTEKSI SYARIAH IX,Capital Protected Fund,IDR,44365095623.82,43546200
"Insight Investments Management, PT","BANK MANDIRI (PERSERO) - CUSTODY, Tbk, PT",REKSA DANA SYARIAH TERPROTEKSI INSIGHT TERPROTEKSI SYARIAH VII,Capital Protected Fund,IDR,75055435579.17,74627430.22
"Insight Investments Management, PT","BANK MANDIRI (PERSERO) - CUSTODY, Tbk, PT",REKSA DANA SYARIAH TERPROTEKSI INSIGHT TERPROTEKSI SYARIAH VIII,Capital Protected Fund,IDR,62931613481.07,62473052.79
"Insight Investments Management, PT","BANK MANDIRI (PERSERO) - CUSTODY, Tbk, PT",REKSA DANA SYARIAH TERPROTEKSI INSIGHT TERPROTEKSI SYARIAH X,Capital Protected Fund,IDR,60186733371.22,60289650
"Manulife Aset Manajemen Indonesia, PT","BANK RAKYAT INDONESIA (PERSERO) - CUSTODY, Tbk, PT",REKSA DANA SYARIAH TERPROTEKSI MANULIFE SYARIAH PROTEKSI UTAMA I,Capital Protected Fund,IDR,412857530738.39,410252000
"PNM Investment Management, PT",PT Bank Maybank Indonesia Tbk,REKSA DANA SYARIAH TERPROTEKSI PNM TERPROTEKSI INVESTA 44,Capital Protected Fund,IDR,767411838794.54,750550000
"PNM Investment Management, PT","BANK PERMATA - CUSTODY, Tbk, PT",REKSA DANA SYARIAH TERPROTEKSI PNM TERPROTEKSI INVESTA 51,Capital Protected Fund,IDR,0,0
"Surya Timur Alam Raya Asset Management, PT",PT Bank Syariah Indonesia Tbk,REKSA DANA SYARIAH TERPROTEKSI STAR SHARIA PROTECTED 1,Capital Protected Fund,IDR,0,0
"Sucorinvest Asset Management, PT",PT Bank Syariah Indonesia Tbk,REKSA DANA SYARIAH TERPROTEKSI SUCORINVEST SYARIAH PROTEKSI 1,Capital Protected Fund,IDR,171413840817.49,172312000
"Sucorinvest Asset Management, PT",PT Bank Syariah Indonesia Tbk,REKSA DANA SYARIAH TERPROTEKSI SUCORINVEST SYARIAH PROTEKSI 2,Capital Protected Fund,IDR,66544414541.06,66200020
"Sucorinvest Asset Management, PT",PT Bank Syariah Indonesia Tbk,REKSA DANA SYARIAH TERPROTEKSI SUCORINVEST SYARIAH PROTEKSI 3,Capital Protected Fund,IDR,134194604321.19,125000000
"Sucorinvest Asset Management, PT",PT Bank Syariah Indonesia Tbk,REKSA DANA SYARIAH TERPROTEKSI SUCORINVEST SYARIAH PROTEKSI 4,Capital Protected Fund,IDR,0,0
"Sucorinvest Asset Management, PT",PT Bank Syariah Indonesia Tbk,REKSA DANA SYARIAH TERPROTEKSI SUCORINVEST SYARIAH PROTEKSI 5,Capital Protected Fund,IDR,53101862087.45,52770000
"Syailendra Capital, PT",PT Bank Syariah Indonesia Tbk,REKSA DANA SYARIAH TERPROTEKSI SYAILENDRA CAPITAL PROTECTED FUND SYARIAH 2,Capital Protected Fund,IDR,50521622864.43,50002400
"Syailendra Capital, PT",PT Bank Syariah Indonesia Tbk,REKSA DANA SYARIAH TERPROTEKSI SYAILENDRA CAPITAL PROTECTED FUND SYARIAH 3,Capital Protected Fund,IDR,0,0
"Syailendra Capital, PT",PT Bank Syariah Indonesia Tbk,REKSA DANA SYARIAH TERPROTEKSI SYAILENDRA CAPITAL PROTECTED FUND SYARIAH 4,Capital Protected Fund,IDR,441822094896.63,435001000
"Syailendra Capital, PT",PT Bank Syariah Indonesia Tbk,REKSA DANA SYARIAH TERPROTEKSI SYAILENDRA CAPITAL PROTECTED FUND SYARIAH 5,Capital Protected Fund,IDR,0,0
"Syailendra Capital, PT","BANK RAKYAT INDONESIA (PERSERO) - CUSTODY, Tbk, PT",REKSA DANA SYARIAH TERPROTEKSI SYAILENDRA CAPITAL PROTECTED FUND SYARIAH 6,Capital Protected Fund,IDR,527156005384.27,520000900
"Trimegah Asset Management, PT",PT Bank Syariah Indonesia Tbk,REKSA DANA SYARIAH TERPROTEKSI TRIMEGAH TERPROTEKSI PRIMA SYARIAH,Capital Protected Fund,IDR,95718250023.86,93644000
"Trimegah Asset Management, PT",PT Bank Syariah Indonesia Tbk,REKSA DANA SYARIAH TERPROTEKSI TRIMEGAH TERPROTEKSI PRIMA SYARIAH 2,Capital Protected Fund,IDR,205838471976.73,200000000
"Trimegah Asset Management, PT",PT Bank Syariah Indonesia Tbk,REKSA DANA SYARIAH TERPROTEKSI TRIMEGAH TERPROTEKSI PRIMA SYARIAH 3,Capital Protected Fund,IDR,85842570002.87,79913000
"Trimegah Asset Management, PT",PT Bank Syariah Indonesia Tbk,REKSA DANA SYARIAH TERPROTEKSI TRIMEGAH TERPROTEKSI PRIMA SYARIAH 4,Capital Protected Fund,IDR,0,0
"Trimegah Asset Management, PT",PT Bank Syariah Indonesia Tbk,REKSA DANA SYARIAH TERPROTEKSI TRIMEGAH TERPROTEKSI SYARIAH,Capital Protected Fund,IDR,632967954099.55,625014000
"Trimegah Asset Management, PT","BANK MANDIRI (PERSERO) - CUSTODY, Tbk, PT",REKSA DANA SYARIAH TERPROTEKSI TRIMEGAH TERPROTEKSI SYARIAH 2,Capital Protected Fund,IDR,61106675381.42,60001000
"Trimegah Asset Management, PT",PT Bank Syariah Indonesia Tbk,REKSA DANA SYARIAH TERPROTEKSI TRIMEGAH TERPROTEKSI SYARIAH 3,Capital Protected Fund,IDR,206365354795.46,200001000
"Trimegah Asset Management, PT",PT Bank Syariah Indonesia Tbk,REKSA DANA SYARIAH TERPROTEKSI TRIMEGAH TERPROTEKSI SYARIAH 5,Capital Protected Fund,IDR,512122198983.54,505001000
"Trimegah Asset Management, PT","BANK RAKYAT INDONESIA (PERSERO) - CUSTODY, Tbk, PT",REKSA DANA SYARIAH TERPROTEKSI TRIMEGAH TERPROTEKSI SYARIAH 6,Capital Protected Fund,IDR,0,0
"Treasure Fund Investama, PT","BANK NEGARA INDONESIA (PERSERO) - CUSTODY, Tbk, PT",REKSA DANA SYARIAH TREASURE SAHAM BERKAH SYARIAH,Equity Fund,IDR,58681495602.83,607172387.65
"Trimegah Asset Management, PT","BANK CIMB NIAGA - CUSTODY, Tbk, PT",REKSA DANA SYARIAH TRIMEGAH DANA TETAP SYARIAH,Fixed Income Fund,IDR,0,0
"Trimegah Asset Management, PT",PT Bank Syariah Indonesia Tbk,REKSA DANA SYARIAH TRIMEGAH DANA TETAP SYARIAH 2,Fixed Income Fund,IDR,21118881456.97,19214564.54
"Trimegah Asset Management, PT","BANK CIMB NIAGA - CUSTODY, Tbk, PT",REKSA DANA SYARIAH TRIMEGAH DANA TETAP SYARIAH KELAS A,Fixed Income Fund,IDR,6181143842723.55,4217935035.23
"Trimegah Asset Management, PT","BANK CIMB NIAGA - CUSTODY, Tbk, PT",REKSA DANA SYARIAH TRIMEGAH DANA TETAP SYARIAH KELAS B,Fixed Income Fund,IDR,371668302956.53,371815726.3
"Trimegah Asset Management, PT",PT Bank HSBC Indonesia,REKSA DANA SYARIAH TRIMEGAH FIXED INCOME PLAN SYARIAH,Fixed Income Fund,IDR,130590624157.75,124112477.24
"Trimegah Asset Management, PT","BANK MANDIRI (PERSERO) - CUSTODY, Tbk, PT",REKSA DANA SYARIAH TRIMEGAH KAS SYARIAH 2,Money Market Fund,IDR,0,0
"Trimegah Asset Management, PT",PT Bank Maybank Indonesia Tbk,REKSA DANA SYARIAH TRIMEGAH KAS SYARIAH 3,Money Market Fund,IDR,100128893309.72,97329746.18
"Trimegah Asset Management, PT","BANK PERMATA - CUSTODY, Tbk, PT",Reksa Dana Syariah Trimegah Pendapatan Tetap Prima Syariah,Fixed Income Fund,IDR,133093057346.36,126586806.29
"Trimegah Asset Management, PT",PT Bank Syariah Indonesia Tbk,REKSA DANA SYARIAH TRIMEGAH PUNDI KAS SYARIAH 2,Money Market Fund,IDR,120221368301.93,112447876.16
"UOB Asset Management Indonesia, PT",PT Bank HSBC Indonesia,REKSA DANA SYARIAH UOBAM GLOBAL SHARIA BALANCED FUND USD,Global Fund,USD,7232226476.58,442455.9
"Victoria Manajemen Investasi, PT","BANK DANAMON INDONESIA - CUSTODY, Tbk, PT",REKSA DANA SYARIAH VICTORIA OBLIGASI NEGARA SYARIAH,Fixed Income Fund,IDR,83010303881.66,56464114.03
"Victoria Manajemen Investasi, PT","BANK BUKOPIN - CUSTODY, Tbk, PT",REKSA DANA SYARIAH VICTORIA PASAR UANG SYARIAH,Money Market Fund,IDR,549678342.57,384198.22
"Allianz Global Investors Asset Management Indonesia, PT","BANK RAKYAT INDONESIA (PERSERO) - CUSTODY, Tbk, PT",REKSA DANA TERPROTEKSI ALLIANZ CAPITAL PROTECTED FUND 49,Capital Protected Fund,IDR,0,0
"Allianz Global Investors Asset Management Indonesia, PT","BANK RAKYAT INDONESIA (PERSERO) - CUSTODY, Tbk, PT",REKSA DANA TERPROTEKSI ALLIANZ CAPITAL PROTECTED FUND 50,Capital Protected Fund,IDR,103834972610.6,103210000
"Allianz Global Investors Asset Management Indonesia, PT","BANK DBS INDONESIA - CUSTODY, PT",REKSA DANA TERPROTEKSI ALLIANZ CAPITAL PROTECTED FUND 53,Capital Protected Fund,IDR,150142499991,150000000
"Allianz Global Investors Asset Management Indonesia, PT","BANK RAKYAT INDONESIA (PERSERO) - CUSTODY, Tbk, PT",REKSA DANA TERPROTEKSI ALLIANZ CAPITAL PROTECTED FUND 54,Capital Protected Fund,IDR,0,0
"Allianz Global Investors Asset Management Indonesia, PT","BANK RAKYAT INDONESIA (PERSERO) - CUSTODY, Tbk, PT",REKSA DANA TERPROTEKSI ALLIANZ CAPITAL PROTECTED FUND 55,Capital Protected Fund,IDR,513198957341.78,500000000
"Allianz Global Investors Asset Management Indonesia, PT","BANK RAKYAT INDONESIA (PERSERO) - CUSTODY, Tbk, PT",REKSA DANA TERPROTEKSI ALLIANZ CAPITAL PROTECTED FUND 57,Capital Protected Fund,IDR,160148732846.4,157500000
"Allianz Global Investors Asset Management Indonesia, PT","BANK RAKYAT INDONESIA (PERSERO) - CUSTODY, Tbk, PT",REKSA DANA TERPROTEKSI ALLIANZ CAPITAL PROTECTED FUND 58,Capital Protected Fund,IDR,763027466254.02,750000000
"Allianz Global Investors Asset Management Indonesia, PT","BANK PERMATA - CUSTODY, Tbk, PT",REKSA DANA TERPROTEKSI ALLIANZ CAPITAL PROTECTED FUND 60,Capital Protected Fund,IDR,200899596003.05,200000000
"Allianz Global Investors Asset Management Indonesia, PT","BANK RAKYAT INDONESIA (PERSERO) - CUSTODY, Tbk, PT",REKSA DANA TERPROTEKSI ALLIANZ CAPITAL PROTECTED FUND 61,Capital Protected Fund,IDR,614736081088.43,600022000
"Allianz Global Investors Asset Management Indonesia, PT","BANK CENTRAL ASIA - CUSTODY, Tbk, PT",REKSA DANA TERPROTEKSI ALLIANZ CAPITAL PROTECTED FUND 62,Capital Protected Fund,IDR,509235788280.42,500361000
"Allianz Global Investors Asset Management Indonesia, PT",PT Bank OCBC NISP Tbk,REKSA DANA TERPROTEKSI ALLIANZ CAPITAL PROTECTED FUND 63,Capital Protected Fund,IDR,508875769179.33,500006750
"Allianz Global Investors Asset Management Indonesia, PT",PT Bank OCBC NISP Tbk,REKSA DANA TERPROTEKSI ALLIANZ CAPITAL PROTECTED FUND 64,Capital Protected Fund,IDR,508653363603.96,500004850
"Allianz Global Investors Asset Management Indonesia, PT","BANK CENTRAL ASIA - CUSTODY, Tbk, PT",REKSA DANA TERPROTEKSI ALLIANZ CAPITAL PROTECTED FUND 65,Capital Protected Fund,IDR,78991632368.78,77302750
"Allianz Global Investors Asset Management Indonesia, PT","BANK CENTRAL ASIA - CUSTODY, Tbk, PT",REKSA DANA TERPROTEKSI ALLIANZ CAPITAL PROTECTED FUND 66,Capital Protected Fund,IDR,0,0
"PT Ashmore Asset Management Indonesia, Tbk","BANK RAKYAT INDONESIA (PERSERO) - CUSTODY, Tbk, PT",REKSA DANA TERPROTEKSI ASHMORE DANA TERPROTEKSI NUSANTARA III,Capital Protected Fund,IDR,617145780402.55,600000000
"PT Ashmore Asset Management Indonesia, Tbk","BANK CENTRAL ASIA - CUSTODY, Tbk, PT",REKSA DANA TERPROTEKSI ASHMORE DANA TERPROTEKSI NUSANTARA IV,Capital Protected Fund,IDR,508110308764.34,500037000
"PT Ashmore Asset Management Indonesia, Tbk","BANK CENTRAL ASIA - CUSTODY, Tbk, PT",REKSA DANA TERPROTEKSI ASHMORE DANA TERPROTEKSI NUSANTARA V,Capital Protected Fund,IDR,0,0
"Avrist Asset Management, PT","BANK BUKOPIN - CUSTODY, Tbk, PT",REKSA DANA TERPROTEKSI AVRIST DANA TERPROTEKSI SPIRIT 4,Capital Protected Fund,IDR,0.01,0
"Avrist Asset Management, PT","BANK MEGA - CUSTODY, Tbk, PT",REKSA DANA TERPROTEKSI AVRIST DANA TERPROTEKSI SPIRIT 5,Capital Protected Fund,IDR,0,0
"Avrist Asset Management, PT","BANK BUKOPIN - CUSTODY, Tbk, PT",REKSA DANA TERPROTEKSI AVRIST PROTECTED FUND 3,Capital Protected Fund,IDR,89658344959.45,85332080
"Avrist Asset Management, PT","BANK BUKOPIN - CUSTODY, Tbk, PT",REKSA DANA TERPROTEKSI AVRIST PROTECTED FUND 4,Capital Protected Fund,IDR,42459943226.04,40850000
"Avrist Asset Management, PT","BANK BUKOPIN - CUSTODY, Tbk, PT",REKSA DANA TERPROTEKSI AVRIST PROTECTED FUND 5,Capital Protected Fund,IDR,19728080851.62,20025500
"Avrist Asset Management, PT","BANK BUKOPIN - CUSTODY, Tbk, PT",REKSA DANA TERPROTEKSI AVRIST PROTECTED FUND 6,Capital Protected Fund,IDR,15485852425,15215000
"Avrist Asset Management, PT",PT KEB Hana Bank Indonesia,REKSA DANA TERPROTEKSI AVRIST PROTECTED FUND 7,Capital Protected Fund,IDR,0,0
"Avrist Asset Management, PT","BANK CENTRAL ASIA - CUSTODY, Tbk, PT",REKSA DANA TERPROTEKSI AVRIST PROTEKSI SPIRIT 13,Capital Protected Fund,IDR,38848753534.58,37200000
"Avrist Asset Management, PT","BANK CENTRAL ASIA - CUSTODY, Tbk, PT",REKSA DANA TERPROTEKSI AVRIST PROTEKSI SPIRIT 15,Capital Protected Fund,IDR,0,0
"Bahana TCW Investment Management, PT","BANK CENTRAL ASIA - CUSTODY, Tbk, PT",Reksa Dana Terproteksi Bahana Centrum Protected Fund 185,Capital Protected Fund,IDR,51096126691.51,50000000
"Bahana TCW Investment Management, PT","BANK CENTRAL ASIA - CUSTODY, Tbk, PT",REKSA DANA TERPROTEKSI BAHANA CENTRUM PROTECTED FUND 194,Capital Protected Fund,IDR,73939616337.26,70010000
"Bahana TCW Investment Management, PT","BANK CENTRAL ASIA - CUSTODY, Tbk, PT",REKSA DANA TERPROTEKSI BAHANA CENTRUM PROTECTED FUND 207 (RESTRUKTURISASI),Capital Protected Fund,IDR,29058414698.55,28962240.04
"Bahana TCW Investment Management, PT","BANK CENTRAL ASIA - CUSTODY, Tbk, PT",REKSA DANA TERPROTEKSI BAHANA CENTRUM PROTECTED FUND 221,Capital Protected Fund,IDR,1024329242297.03,1000000000
"Bahana TCW Investment Management, PT","BANK CENTRAL ASIA - CUSTODY, Tbk, PT",REKSA DANA TERPROTEKSI BAHANA CENTRUM PROTECTED FUND 222,Capital Protected Fund,IDR,1018757271970.26,1000000000
"Bahana TCW Investment Management, PT","BANK CENTRAL ASIA - CUSTODY, Tbk, PT",REKSA DANA TERPROTEKSI BAHANA CENTRUM PROTECTED FUND 227,Capital Protected Fund,IDR,1120292109593.34,1100000726.59
"Bahana TCW Investment Management, PT","BANK CENTRAL ASIA - CUSTODY, Tbk, PT",REKSA DANA TERPROTEKSI BAHANA CENTRUM PROTECTED FUND 232,Capital Protected Fund,IDR,1519382782040.78,1500000440.18
"Bahana TCW Investment Management, PT","BANK CENTRAL ASIA - CUSTODY, Tbk, PT",REKSA DANA TERPROTEKSI BAHANA CENTRUM PROTECTED FUND 233,Capital Protected Fund,IDR,1149256134350.99,1140000681.62
"Bahana TCW Investment Management, PT","BANK CENTRAL ASIA - CUSTODY, Tbk, PT",REKSA DANA TERPROTEKSI BAHANA CENTRUM PROTECTED FUND 241,Capital Protected Fund,IDR,0,0
"Bahana TCW Investment Management, PT","BANK DBS INDONESIA - CUSTODY, PT",REKSA DANA TERPROTEKSI BAHANA CORE PROTECTED FUND USD 1 RESTRUKTURISASI,Capital Protected Fund,USD,27892607270.95,9640701.48
"Bahana TCW Investment Management, PT","BANK DBS INDONESIA - CUSTODY, PT",REKSA DANA TERPROTEKSI BAHANA CORE PROTECTED FUND USD 2 RESTRUKTURISASI,Capital Protected Fund,USD,7341221101.79,2918273.14
"Bahana TCW Investment Management, PT","BANK DBS INDONESIA - CUSTODY, PT",REKSA DANA TERPROTEKSI BAHANA CORE PROTECTED FUND USD 3 RESTRUKTURISASI,Capital Protected Fund,USD,6103397318.29,2330970.8
"Bahana TCW Investment Management, PT",CITIBANK N. A. - CUSTODY,REKSA DANA TERPROTEKSI BAHANA F OPTIMA PROTECTED FUND 53,Capital Protected Fund,IDR,0,0
"Bahana TCW Investment Management, PT","BANK CENTRAL ASIA - CUSTODY, Tbk, PT",REKSA DANA TERPROTEKSI BAHANA PREMIUM PROTECTED FUND USD 3 RESTRUKTURISASI,Capital Protected Fund,USD,8318107993.83,3456122.66
"Bahana TCW Investment Management, PT","BANK DBS INDONESIA - CUSTODY, PT",REKSA DANA TERPROTEKSI BAHANA PROGRESSIVE PROTECTED FUND 176 RESTRUKTURISASI,Capital Protected Fund,IDR,15806588472,13932729.82
"Bahana TCW Investment Management, PT","BANK DBS INDONESIA - CUSTODY, PT",REKSA DANA TERPROTEKSI BAHANA PROGRESSIVE PROTECTED FUND 178 RESTRUKTURISASI,Capital Protected Fund,IDR,52263239310,55603187.05
"Bahana TCW Investment Management, PT","BANK DBS INDONESIA - CUSTODY, PT",Reksa Dana Terproteksi Bahana Progressive Protected Fund 188,Capital Protected Fund,IDR,18550698,20277.82
"Bahana TCW Investment Management, PT","BANK DBS INDONESIA - CUSTODY, PT",REKSA DANA TERPROTEKSI BAHANA PROGRESSIVE PROTECTED FUND 196 RESTRUKTURISASI,Capital Protected Fund,IDR,42878492653,101150000
"Bahana TCW Investment Management, PT","BANK DBS INDONESIA - CUSTODY, PT",REKSA DANA TERPROTEKSI BAHANA PROGRESSIVE PROTECTED FUND 199 RESTRUKTURISASI,Capital Protected Fund,IDR,38236325749,90430000
"Bahana TCW Investment Management, PT","BANK DBS INDONESIA - CUSTODY, PT",Reksa Dana Terproteksi Bahana Progressive Protected Fund 200,Capital Protected Fund,IDR,53593278991,50000000
"Bahana TCW Investment Management, PT","BANK DBS INDONESIA - CUSTODY, PT",REKSA DANA TERPROTEKSI BAHANA PROGRESSIVE PROTECTED FUND 215,Capital Protected Fund,IDR,120154447042,119300000
"Bahana TCW Investment Management, PT","BANK DBS INDONESIA - CUSTODY, PT",REKSA DANA TERPROTEKSI BAHANA PROGRESSIVE PROTECTED FUND 220,Capital Protected Fund,IDR,76660912725,75050000
"Bahana TCW Investment Management, PT","BANK DBS INDONESIA - CUSTODY, PT",REKSA DANA TERPROTEKSI BAHANA PROGRESSIVE PROTECTED FUND 238,Capital Protected Fund,IDR,0,0
"Bahana TCW Investment Management, PT",STANDARD CHARTERED BANK - CUSTODY,REKSA DANA TERPROTEKSI BAHANA PROTECTED FUND 205,Capital Protected Fund,IDR,0,0
"Bahana TCW Investment Management, PT",STANDARD CHARTERED BANK - CUSTODY,REKSA DANA TERPROTEKSI BAHANA PROTECTED FUND 208,Capital Protected Fund,IDR,29926248503.83,30000000
"Bahana TCW Investment Management, PT",STANDARD CHARTERED BANK - CUSTODY,REKSA DANA TERPROTEKSI BAHANA PROTECTED FUND 209,Capital Protected Fund,IDR,50362755804.07,49250000
"Bahana TCW Investment Management, PT",STANDARD CHARTERED BANK - CUSTODY,REKSA DANA TERPROTEKSI BAHANA PROTECTED FUND 211,Capital Protected Fund,IDR,154132163106.56,154950000
"Bahana TCW Investment Management, PT",STANDARD CHARTERED BANK - CUSTODY,REKSA DANA TERPROTEKSI BAHANA PROTECTED FUND 214,Capital Protected Fund,IDR,0,0
"Bahana TCW Investment Management, PT",PT KEB Hana Bank Indonesia,REKSA DANA TERPROTEKSI BAHANA QUANTUM PROTECTED FUND 230,Capital Protected Fund,IDR,200620578626.82,200001228.48
"Bahana TCW Investment Management, PT","BANK CIMB NIAGA - CUSTODY, Tbk, PT",REKSA DANA TERPROTEKSI BAHANA ULTIMA PROTECTED FUND 236,Capital Protected Fund,IDR,506674412250.02,500002673.55
"Batavia Prosperindo Aset Manajemen, PT",STANDARD CHARTERED BANK - CUSTODY,REKSA DANA TERPROTEKSI BATAVIA PROTEKSI CEMERLANG 18,Capital Protected Fund,IDR,134546297170.62,131500000
"Batavia Prosperindo Aset Manajemen, PT","BANK MEGA - CUSTODY, Tbk, PT",REKSA DANA TERPROTEKSI BATAVIA PROTEKSI GEMILANG 9,Capital Protected Fund,IDR,158979956812.72,150000000
"Batavia Prosperindo Aset Manajemen, PT",PT Bank HSBC Indonesia,Reksa Dana Terproteksi Batavia Proteksi Maxima 16,Capital Protected Fund,IDR,175535866,174978.24
"Batavia Prosperindo Aset Manajemen, PT","BANK CENTRAL ASIA - CUSTODY, Tbk, PT",REKSA DANA TERPROTEKSI BATAVIA PROTEKSI MAXIMA 25,Capital Protected Fund,IDR,158036820620.94,150000000
"Batavia Prosperindo Aset Manajemen, PT","BANK DBS INDONESIA - CUSTODY, PT",REKSA DANA TERPROTEKSI BATAVIA PROTEKSI MAXIMA 35,Capital Protected Fund,IDR,0,0
"Batavia Prosperindo Aset Manajemen, PT","BANK NEGARA INDONESIA (PERSERO) - CUSTODY, Tbk, PT",REKSA DANA TERPROTEKSI BATAVIA PROTEKSI MAXIMA 37,Capital Protected Fund,IDR,203026700686.47,200050000
"Batavia Prosperindo Aset Manajemen, PT","BANK DANAMON INDONESIA - CUSTODY, Tbk, PT",REKSA DANA TERPROTEKSI BATAVIA PROTEKSI MAXIMA 39,Capital Protected Fund,IDR,0,0
"Batavia Prosperindo Aset Manajemen, PT","BANK CENTRAL ASIA - CUSTODY, Tbk, PT",REKSA DANA TERPROTEKSI BATAVIA PROTEKSI MAXIMA 50,Capital Protected Fund,IDR,1175246217979.34,1150017050
"Batavia Prosperindo Aset Manajemen, PT","BANK CENTRAL ASIA - CUSTODY, Tbk, PT",REKSA DANA TERPROTEKSI BATAVIA PROTEKSI MAXIMA 51,Capital Protected Fund,IDR,703341969637.12,700023100
"Batavia Prosperindo Aset Manajemen, PT","BANK MANDIRI (PERSERO) - CUSTODY, Tbk, PT",REKSA DANA TERPROTEKSI BATAVIA PROTEKSI MAXIMA 53,Capital Protected Fund,IDR,158701224202.19,159035000
"Batavia Prosperindo Aset Manajemen, PT","BANK CENTRAL ASIA - CUSTODY, Tbk, PT",REKSA DANA TERPROTEKSI BATAVIA PROTEKSI MAXIMA 56,Capital Protected Fund,IDR,130717709763.6,130015600
"Batavia Prosperindo Aset Manajemen, PT",PT Bank OCBC NISP Tbk,REKSA DANA TERPROTEKSI BATAVIA PROTEKSI MAXIMA 57,Capital Protected Fund,IDR,501526540711.33,500034500
"Batavia Prosperindo Aset Manajemen, PT",PT Bank OCBC NISP Tbk,REKSA DANA TERPROTEKSI BATAVIA PROTEKSI MAXIMA 58,Capital Protected Fund,IDR,449454001356.77,447820400
"Batavia Prosperindo Aset Manajemen, PT",PT Bank OCBC NISP Tbk,REKSA DANA TERPROTEKSI BATAVIA PROTEKSI MAXIMA 59,Capital Protected Fund,IDR,501439630384.22,500013500
"Batavia Prosperindo Aset Manajemen, PT","BANK CENTRAL ASIA - CUSTODY, Tbk, PT",REKSA DANA TERPROTEKSI BATAVIA PROTEKSI MAXIMA 60,Capital Protected Fund,IDR,133538737891.12,130018000
"Batavia Prosperindo Aset Manajemen, PT",PT Bank OCBC NISP Tbk,REKSA DANA TERPROTEKSI BATAVIA PROTEKSI MAXIMA 61,Capital Protected Fund,IDR,0,0
"Batavia Prosperindo Aset Manajemen, PT","BANK RAKYAT INDONESIA (PERSERO) - CUSTODY, Tbk, PT",REKSA DANA TERPROTEKSI BATAVIA PROTEKSI MAXIMA 62,Capital Protected Fund,IDR,0,0
"Batavia Prosperindo Aset Manajemen, PT","BANK CENTRAL ASIA - CUSTODY, Tbk, PT",REKSA DANA TERPROTEKSI BATAVIA PROTEKSI MAXIMA 63,Capital Protected Fund,IDR,0,0
"Batavia Prosperindo Aset Manajemen, PT",PT Bank HSBC Indonesia,REKSA DANA TERPROTEKSI BATAVIA PROTEKSI MAXIMA USD 1,Capital Protected Fund,USD,125569949521.68,7683888.4
"Batavia Prosperindo Aset Manajemen, PT",PT Bank HSBC Indonesia,REKSA DANA TERPROTEKSI BATAVIA PROTEKSI MAXIMA USD 2,Capital Protected Fund,USD,0,0
"Batavia Prosperindo Aset Manajemen, PT","BANK DBS INDONESIA - CUSTODY, PT",REKSA DANA TERPROTEKSI BATAVIA PROTEKSI ULTIMA 21,Capital Protected Fund,IDR,500934393428,513000000
"Batavia Prosperindo Aset Manajemen, PT",PT Bank HSBC Indonesia,Reksa Dana Terproteksi Batavia Proteksi Ultima 6,Capital Protected Fund,IDR,44766,0
"BNI Asset Management, PT","BANK DBS INDONESIA - CUSTODY, PT",REKSA DANA TERPROTEKSI BNI AM PROTEKSI AGATHIS,Capital Protected Fund,IDR,87992459886,83109728.71
"BNI Asset Management, PT",PT KEB Hana Bank Indonesia,REKSA DANA TERPROTEKSI BNI AM PROTEKSI AGLONEMA,Capital Protected Fund,IDR,0,0
"BNI Asset Management, PT",PT. BANK PEMBANGUNAN DAERAH JAWA BARAT DAN BANTEN TBK,REKSA DANA TERPROTEKSI BNI AM PROTEKSI ALAMANDA,Capital Protected Fund,IDR,103278002909.44,100000900
"BNI Asset Management, PT",PT KEB Hana Bank Indonesia,REKSA DANA TERPROTEKSI BNI AM PROTEKSI ALOCASIA,Capital Protected Fund,IDR,206161295725.18,200000900
"BNI Asset Management, PT","BANK CENTRAL ASIA - CUSTODY, Tbk, PT",REKSA DANA TERPROTEKSI BNI AM PROTEKSI ALSTONIA RESTRUKTURISASI,Capital Protected Fund,IDR,91738950286.59,97000000
"BNI Asset Management, PT","BANK CENTRAL ASIA - CUSTODY, Tbk, PT",REKSA DANA TERPROTEKSI BNI AM PROTEKSI AMARILIS,Capital Protected Fund,IDR,922897819770,900000700
"BNI Asset Management, PT",PT. BANK PEMBANGUNAN DAERAH JAWA BARAT DAN BANTEN TBK,REKSA DANA TERPROTEKSI BNI AM PROTEKSI ARALIA,Capital Protected Fund,IDR,0,0
"BNI Asset Management, PT","BANK CENTRAL ASIA - CUSTODY, Tbk, PT",REKSA DANA TERPROTEKSI BNI AM PROTEKSI ASOKA,Capital Protected Fund,IDR,1939547974249.96,1900000000
"BNI Asset Management, PT",PT. BANK PEMBANGUNAN DAERAH JAWA BARAT DAN BANTEN TBK,REKSA DANA TERPROTEKSI BNI AM PROTEKSI AZALEA,Capital Protected Fund,IDR,103651910526.84,100000900
"BNI Asset Management, PT","BANK CIMB NIAGA - CUSTODY, Tbk, PT",REKSA DANA TERPROTEKSI BNI AM PROTEKSI BOHEMIAN,Capital Protected Fund,IDR,154955990972.39,150000900
"BNI Asset Management, PT","BANK CENTRAL ASIA - CUSTODY, Tbk, PT",REKSA DANA TERPROTEKSI BNI AM PROTEKSI CANNA,Capital Protected Fund,IDR,0,0
"BNI Asset Management, PT",PT KEB Hana Bank Indonesia,REKSA DANA TERPROTEKSI BNI AM PROTEKSI CARNATION,Capital Protected Fund,IDR,412488931942.14,400009000
"BNI Asset Management, PT","BANK PERMATA - CUSTODY, Tbk, PT",REKSA DANA TERPROTEKSI BNI AM PROTEKSI CENDANA RESTRUKTURISASI,Capital Protected Fund,IDR,26122567081.9,153000983.62
"BNI Asset Management, PT",PT KEB Hana Bank Indonesia,REKSA DANA TERPROTEKSI BNI AM PROTEKSI CINNAMON,Capital Protected Fund,IDR,216042840425.34,209200000
"BNI Asset Management, PT","BANK CENTRAL ASIA - CUSTODY, Tbk, PT",REKSA DANA TERPROTEKSI BNI AM PROTEKSI EBONY RESTRUKTURISASI,Capital Protected Fund,IDR,32459426218.3,192832501.68
"BNI Asset Management, PT",PT KEB Hana Bank Indonesia,REKSA DANA TERPROTEKSI BNI AM PROTEKSI FLAMBOYAN,Capital Protected Fund,IDR,56253744193.5,50000000
"BNI Asset Management, PT","BANK CENTRAL ASIA - CUSTODY, Tbk, PT",REKSA DANA TERPROTEKSI BNI AM PROTEKSI GERANIUM,Capital Protected Fund,IDR,207246494984.38,200000900
"BNI Asset Management, PT","BANK CENTRAL ASIA - CUSTODY, Tbk, PT",REKSA DANA TERPROTEKSI BNI AM PROTEKSI JASMINE,Capital Protected Fund,IDR,212543785722.19,200000000
"BNI Asset Management, PT","BANK CENTRAL ASIA - CUSTODY, Tbk, PT",REKSA DANA TERPROTEKSI BNI AM PROTEKSI KAMELIA,Capital Protected Fund,IDR,837659494741.17,825000800
"BNI Asset Management, PT",PT KEB Hana Bank Indonesia,REKSA DANA TERPROTEKSI BNI AM PROTEKSI LILY,Capital Protected Fund,IDR,150412415864.11,150000900
"BNI Asset Management, PT",PT KEB Hana Bank Indonesia,REKSA DANA TERPROTEKSI BNI AM PROTEKSI MAGNIFERA,Capital Protected Fund,IDR,1813803680943.43,1777000000
"BNI Asset Management, PT","BANK CENTRAL ASIA - CUSTODY, Tbk, PT",REKSA DANA TERPROTEKSI BNI AM PROTEKSI MAGNOLIA,Capital Protected Fund,IDR,206366875528.15,200000000
"BNI Asset Management, PT",PT KEB Hana Bank Indonesia,REKSA DANA TERPROTEKSI BNI AM PROTEKSI MARIGOLD,Capital Protected Fund,IDR,203331442055.03,200000900
"BNI Asset Management, PT",PT KEB Hana Bank Indonesia,REKSA DANA TERPROTEKSI BNI AM PROTEKSI MORINGA,Capital Protected Fund,IDR,130592893905.45,125000800
"BNI Asset Management, PT",PT KEB Hana Bank Indonesia,REKSA DANA TERPROTEKSI BNI AM PROTEKSI NUCIFERA,Capital Protected Fund,IDR,0,0
"BNI Asset Management, PT",STANDARD CHARTERED BANK - CUSTODY,REKSA DANA TERPROTEKSI BNI AM PROTEKSI ORCHID,Capital Protected Fund,IDR,2198321374316.02,2150000000
"BNI Asset Management, PT",PT KEB Hana Bank Indonesia,REKSA DANA TERPROTEKSI BNI AM PROTEKSI PAPIRUS,Capital Protected Fund,IDR,0,0
"BNI Asset Management, PT",PT KEB Hana Bank Indonesia,REKSA DANA TERPROTEKSI BNI AM PROTEKSI PETERSELI (RESTRUKTURISASI),Capital Protected Fund,IDR,19895892972.46,19837634.66
"BNI Asset Management, PT",PT KEB Hana Bank Indonesia,REKSA DANA TERPROTEKSI BNI AM PROTEKSI RASAMALA,Capital Protected Fund,IDR,2340079157631.19,2275000000
"BNI Asset Management, PT","BANK CENTRAL ASIA - CUSTODY, Tbk, PT",REKSA DANA TERPROTEKSI BNI AM PROTEKSI REDWOOD RESTRUKTURISASI,Capital Protected Fund,IDR,12478239922.48,75000000
"BNI Asset Management, PT","BANK CENTRAL ASIA - CUSTODY, Tbk, PT",REKSA DANA TERPROTEKSI BNI AM PROTEKSI ROSELLA,Capital Protected Fund,IDR,55557949246.21,55000000
"BNI Asset Management, PT",PT KEB Hana Bank Indonesia,REKSA DANA TERPROTEKSI BNI AM PROTEKSI ROSEMARY,Capital Protected Fund,IDR,0,0
"BNI Asset Management, PT","BANK CENTRAL ASIA - CUSTODY, Tbk, PT",REKSA DANA TERPROTEKSI BNI AM PROTEKSI SAKURA,Capital Protected Fund,IDR,302800424403.99,300000000
"BNI Asset Management, PT",PT KEB Hana Bank Indonesia,REKSA DANA TERPROTEKSI BNI AM PROTEKSI SQUAMOSA,Capital Protected Fund,IDR,52328070836.89,50000000
"BNI Asset Management, PT",PT KEB Hana Bank Indonesia,REKSA DANA TERPROTEKSI BNI AM PROTEKSI SUNFLOWER,Capital Protected Fund,IDR,2308318999959.07,2277000000
"BNI Asset Management, PT","BANK CIMB NIAGA - CUSTODY, Tbk, PT",Reksa Dana Terproteksi BNI AM Proteksi Umbara,Capital Protected Fund,IDR,104655322031.6,100000000
"BNI Asset Management, PT","BANK CIMB NIAGA - CUSTODY, Tbk, PT",REKSA DANA TERPROTEKSI BNI AM PROTEKSI VANILLA,Capital Protected Fund,IDR,0,0
"BNI Asset Management, PT","BANK MEGA - CUSTODY, Tbk, PT",REKSA DANA TERPROTEKSI BNI AM PROTEKSI XLII,Capital Protected Fund,IDR,0,0
"BNP Paribas Asset Management, PT","BANK RAKYAT INDONESIA (PERSERO) - CUSTODY, Tbk, PT",REKSA DANA TERPROTEKSI BNP PARIBAS BRILIAN PROTEKSI RUPIAH,Capital Protected Fund,IDR,137947973199.22,136155201.61
"BNP Paribas Asset Management, PT","BANK CIMB NIAGA - CUSTODY, Tbk, PT",REKSA DANA TERPROTEKSI BNP PARIBAS KEMILAU PROTEKSI RUPIAH,Capital Protected Fund,IDR,504011832604.66,500027500
"BNP Paribas Asset Management, PT","BANK CENTRAL ASIA - CUSTODY, Tbk, PT",REKSA DANA TERPROTEKSI BNP PARIBAS LUMINA PROTEKSI RUPIAH,Capital Protected Fund,IDR,204547792373.06,200005500
"BNP Paribas Asset Management, PT","BANK CENTRAL ASIA - CUSTODY, Tbk, PT",REKSA DANA TERPROTEKSI BNP PARIBAS LUMINA PROTEKSI RUPIAH 2,Capital Protected Fund,IDR,0,0
"BNP Paribas Asset Management, PT","BANK MANDIRI (PERSERO) - CUSTODY, Tbk, PT",REKSA DANA TERPROTEKSI BNP PARIBAS SELARAS V,Capital Protected Fund,IDR,0,0
"BNP Paribas Asset Management, PT","BANK MANDIRI (PERSERO) - CUSTODY, Tbk, PT",REKSA DANA TERPROTEKSI BNP PARIBAS SELARAS VI,Capital Protected Fund,IDR,0,0
PT BRI Manajemen Investasi,"BANK CIMB NIAGA - CUSTODY, Tbk, PT",REKSA DANA TERPROTEKSI BRI MI PROTEKSI 100,Capital Protected Fund,IDR,333650000720.26,312000000
PT BRI Manajemen Investasi,PT Bank OCBC NISP Tbk,REKSA DANA TERPROTEKSI BRI MI PROTEKSI 101,Capital Protected Fund,IDR,501306145942.74,500001000
PT BRI Manajemen Investasi,"BANK CIMB NIAGA - CUSTODY, Tbk, PT",REKSA DANA TERPROTEKSI BRI MI PROTEKSI 102,Capital Protected Fund,IDR,1064235226777.32,1050005200
PT BRI Manajemen Investasi,"BANK CENTRAL ASIA - CUSTODY, Tbk, PT",REKSA DANA TERPROTEKSI BRI MI PROTEKSI 103,Capital Protected Fund,IDR,1048594615287.49,1030051100
PT BRI Manajemen Investasi,PT Bank OCBC NISP Tbk,REKSA DANA TERPROTEKSI BRI MI PROTEKSI 104,Capital Protected Fund,IDR,501678502964.93,500002100
PT BRI Manajemen Investasi,PT Bank OCBC NISP Tbk,REKSA DANA TERPROTEKSI BRI MI PROTEKSI 105,Capital Protected Fund,IDR,825918895938.03,804000000
PT BRI Manajemen Investasi,"BANK CIMB NIAGA - CUSTODY, Tbk, PT",REKSA DANA TERPROTEKSI BRI MI PROTEKSI 106,Capital Protected Fund,IDR,745740915488.51,722325000
PT BRI Manajemen Investasi,"BANK CIMB NIAGA - CUSTODY, Tbk, PT",REKSA DANA TERPROTEKSI BRI MI PROTEKSI 107,Capital Protected Fund,IDR,1202363840177.49,1200000950
PT BRI Manajemen Investasi,"BANK CIMB NIAGA - CUSTODY, Tbk, PT",REKSA DANA TERPROTEKSI BRI MI PROTEKSI 20 DOLLAR,Capital Protected Fund,USD,257208565731.98,15541000
PT BRI Manajemen Investasi,"BANK CENTRAL ASIA - CUSTODY, Tbk, PT",REKSA DANA TERPROTEKSI BRI MI PROTEKSI 60 RESTRUKTURISASI,Capital Protected Fund,IDR,42807928550.7,52623896.88
PT BRI Manajemen Investasi,"BANK CIMB NIAGA - CUSTODY, Tbk, PT",REKSA DANA TERPROTEKSI BRI MI PROTEKSI 97,Capital Protected Fund,IDR,673827798438.74,650500000
PT BRI Manajemen Investasi,"BANK CIMB NIAGA - CUSTODY, Tbk, PT",REKSA DANA TERPROTEKSI BRI MI PROTEKSI 98,Capital Protected Fund,IDR,631238436411.19,620000000
PT BRI Manajemen Investasi,"BANK CIMB NIAGA - CUSTODY, Tbk, PT",REKSA DANA TERPROTEKSI BRI MI PROTEKSI 99,Capital Protected Fund,IDR,228940683171.1,215000000
PT BRI Manajemen Investasi,PT Bank Maybank Indonesia Tbk,REKSA DANA TERPROTEKSI BRI PROTEKSI 19 DOLLAR,Capital Protected Fund,USD,343012909272.68,20843258.17
PT BRI Manajemen Investasi,"BANK BUKOPIN - CUSTODY, Tbk, PT",REKSA DANA TERPROTEKSI BRI PROTEKSI 36,Capital Protected Fund,IDR,51704751901.04,50000000
PT BRI Manajemen Investasi,"BANK BUKOPIN - CUSTODY, Tbk, PT",REKSA DANA TERPROTEKSI BRI PROTEKSI 38,Capital Protected Fund,IDR,53916205569.18,51770000
PT BRI Manajemen Investasi,STANDARD CHARTERED BANK - CUSTODY,REKSA DANA TERPROTEKSI BRI PROTEKSI 63 RESTRUKTURISASI,Capital Protected Fund,IDR,3089585129.72,2518515.25
PT BRI Manajemen Investasi,PT Bank Maybank Indonesia Tbk,REKSA DANA TERPROTEKSI BRI PROTEKSI 68,Capital Protected Fund,IDR,154057630738.33,150000000
PT BRI Manajemen Investasi,STANDARD CHARTERED BANK - CUSTODY,REKSA DANA TERPROTEKSI BRI PROTEKSI 69,Capital Protected Fund,IDR,1015210225085.47,1000000000
PT BRI Manajemen Investasi,"BANK CENTRAL ASIA - CUSTODY, Tbk, PT",REKSA DANA TERPROTEKSI BRI PROTEKSI 72,Capital Protected Fund,IDR,0,0
PT BRI Manajemen Investasi,STANDARD CHARTERED BANK - CUSTODY,REKSA DANA TERPROTEKSI BRI PROTEKSI 78,Capital Protected Fund,IDR,1526253028361.97,1500000000
PT BRI Manajemen Investasi,STANDARD CHARTERED BANK - CUSTODY,REKSA DANA TERPROTEKSI BRI PROTEKSI 79,Capital Protected Fund,IDR,1527579997824.62,1500000000
PT BRI Manajemen Investasi,STANDARD CHARTERED BANK - CUSTODY,REKSA DANA TERPROTEKSI BRI PROTEKSI 81,Capital Protected Fund,IDR,2039962425325.5,2000000000
PT BRI Manajemen Investasi,STANDARD CHARTERED BANK - CUSTODY,REKSA DANA TERPROTEKSI BRI PROTEKSI 82,Capital Protected Fund,IDR,0,0
PT BRI Manajemen Investasi,"BANK CIMB NIAGA - CUSTODY, Tbk, PT",REKSA DANA TERPROTEKSI BRI PROTEKSI 84,Capital Protected Fund,IDR,1223731604620.18,1200382200
PT BRI Manajemen Investasi,"BANK CENTRAL ASIA - CUSTODY, Tbk, PT",REKSA DANA TERPROTEKSI BRI PROTEKSI 85,Capital Protected Fund,IDR,1831922698508.97,1800002200
PT BRI Manajemen Investasi,"BANK CIMB NIAGA - CUSTODY, Tbk, PT",REKSA DANA TERPROTEKSI BRI PROTEKSI 86,Capital Protected Fund,IDR,715422531793.81,700052000
PT BRI Manajemen Investasi,"BANK DBS INDONESIA - CUSTODY, PT",REKSA DANA TERPROTEKSI BRI PROTEKSI 88,Capital Protected Fund,IDR,202971746504,197075000
PT BRI Manajemen Investasi,"BANK CENTRAL ASIA - CUSTODY, Tbk, PT",REKSA DANA TERPROTEKSI BRI PROTEKSI 90,Capital Protected Fund,IDR,1040907176883.58,1020010500
PT BRI Manajemen Investasi,"BANK DBS INDONESIA - CUSTODY, PT",REKSA DANA TERPROTEKSI BRI PROTEKSI 93,Capital Protected Fund,IDR,316716019030,306270000
PT BRI Manajemen Investasi,"BANK CIMB NIAGA - CUSTODY, Tbk, PT",REKSA DANA TERPROTEKSI BRI PROTEKSI 94,Capital Protected Fund,IDR,489794148754.76,477363200
PT BRI Manajemen Investasi,"BANK DBS INDONESIA - CUSTODY, PT",REKSA DANA TERPROTEKSI BRI PROTEKSI 95,Capital Protected Fund,IDR,229403789300,224000000
PT BRI Manajemen Investasi,"BANK CENTRAL ASIA - CUSTODY, Tbk, PT",REKSA DANA TERPROTEKSI BRI PROTEKSI 96,Capital Protected Fund,IDR,667170785934.29,650020900
PT BRI Manajemen Investasi,STANDARD CHARTERED BANK - CUSTODY,REKSA DANA TERPROTEKSI BRI PROTEKSI SOSIAL 1,Capital Protected Fund,IDR,153356474130.76,150000000
"Capital Asset Management, PT","BANK DANAMON INDONESIA - CUSTODY, Tbk, PT",REKSA DANA TERPROTEKSI CAPITAL OPTIMAL PROTECTED FUND 12,Capital Protected Fund,IDR,21834378349.12,20118973.77
"Capital Asset Management, PT","BANK DANAMON INDONESIA - CUSTODY, Tbk, PT",REKSA DANA TERPROTEKSI CAPITAL OPTIMAL PROTECTED FUND 15,Capital Protected Fund,IDR,0,0
"Ciptadana Asset Management, PT","BANK PERMATA - CUSTODY, Tbk, PT",REKSA DANA TERPROTEKSI CIPTA PROTEKSI XXIV,Capital Protected Fund,IDR,15520816553.84,15100000
"Ciptadana Asset Management, PT","BANK CIMB NIAGA - CUSTODY, Tbk, PT",REKSA DANA TERPROTEKSI CIPTA PROTEKSI XXIX,Capital Protected Fund,IDR,11516713162.33,11445000
"Ciptadana Asset Management, PT",PT KEB Hana Bank Indonesia,REKSA DANA TERPROTEKSI CIPTA PROTEKSI XXV,Capital Protected Fund,IDR,26408724996.95,25870000
"Ciptadana Asset Management, PT",PT KEB Hana Bank Indonesia,REKSA DANA TERPROTEKSI CIPTA PROTEKSI XXVI,Capital Protected Fund,IDR,21491918321.49,20935000
"Ciptadana Asset Management, PT","BANK CIMB NIAGA - CUSTODY, Tbk, PT",REKSA DANA TERPROTEKSI CIPTA PROTEKSI XXVII,Capital Protected Fund,IDR,9849168082.1,10000000
"Ciptadana Asset Management, PT","BANK CIMB NIAGA - CUSTODY, Tbk, PT",REKSA DANA TERPROTEKSI CIPTA PROTEKSI XXVIII,Capital Protected Fund,IDR,32841325820.95,30100000
"Danakita Investama, PT","BANK CENTRAL ASIA - CUSTODY, Tbk, PT",REKSA DANA TERPROTEKSI DANAKITA PROTEKSI PENDAPATAN BERKALA,Capital Protected Fund,IDR,0.01,0
"Danakita Investama, PT","BANK CENTRAL ASIA - CUSTODY, Tbk, PT",REKSA DANA TERPROTEKSI DANAKITA PROTEKSI PENDAPATAN BERKALA USD,Capital Protected Fund,USD,291128137110.71,19950873.27
PT BRI Manajemen Investasi,"BANK BUKOPIN - CUSTODY, Tbk, PT",REKSA DANA TERPROTEKSI DANAREKSA PROTEKSI 37,Capital Protected Fund,IDR,0,0
"Danapathi Asset Management, PT",PT KEB Hana Bank Indonesia,REKSA DANA TERPROTEKSI DEMINA PROTEKSI IV,Capital Protected Fund,IDR,609076578834.22,577414850.2
"Eastspring Investments Indonesia, PT","BANK CENTRAL ASIA - CUSTODY, Tbk, PT",REKSA DANA TERPROTEKSI EASTSPRING BAKTI PROTEKSI 1,Capital Protected Fund,IDR,516108366793.64,502095000
"Eastspring Investments Indonesia, PT","BANK CENTRAL ASIA - CUSTODY, Tbk, PT",REKSA DANA TERPROTEKSI EASTSPRING BAKTI PROTEKSI 2,Capital Protected Fund,IDR,0,0
"Emco Asset Management, PT","BANK MANDIRI (PERSERO) - CUSTODY, Tbk, PT",REKSA DANA TERPROTEKSI EMCO VI,Capital Protected Fund,IDR,31648534.07,0
"Emco Asset Management, PT","BANK MANDIRI (PERSERO) - CUSTODY, Tbk, PT",REKSA DANA TERPROTEKSI EMCO XII,Capital Protected Fund,IDR,105859585.05,0
"Henan Putihrai Asset Management, PT","BANK RAKYAT INDONESIA (PERSERO) - CUSTODY, Tbk, PT",REKSA DANA TERPROTEKSI HENAN SMART GROWTH PROTECTED FUND,Capital Protected Fund,IDR,120420513928.84,119600000
"Henan Putihrai Asset Management, PT","BANK MEGA - CUSTODY, Tbk, PT",REKSA DANA TERPROTEKSI HPAM PROTEKSI PRIMA,Capital Protected Fund,IDR,86614594007.05,100000000
"Henan Putihrai Asset Management, PT",PT KEB Hana Bank Indonesia,REKSA DANA TERPROTEKSI HPAM PROTEKSI PRIMA II,Capital Protected Fund,IDR,16149245041.11,16050001
"Henan Putihrai Asset Management, PT","BANK RAKYAT INDONESIA (PERSERO) - CUSTODY, Tbk, PT",REKSA DANA TERPROTEKSI HPAM STRATEGIC PROTECTED IV,Capital Protected Fund,IDR,0,0
"Henan Putihrai Asset Management, PT","BANK BUKOPIN - CUSTODY, Tbk, PT",REKSA DANA TERPROTEKSI HPAM ULTIMA PROTECTED I,Capital Protected Fund,IDR,0,0
"Henan Putihrai Asset Management, PT","BANK BUKOPIN - CUSTODY, Tbk, PT",REKSA DANA TERPROTEKSI HPAM ULTIMA PROTECTED II,Capital Protected Fund,IDR,0,0
"Insight Investments Management, PT","BANK MANDIRI (PERSERO) - CUSTODY, Tbk, PT",REKSA DANA TERPROTEKSI INSIGHT TERPROTEKSI 2,Capital Protected Fund,IDR,90954353588.05,93111091.93
"Insight Investments Management, PT","BANK NEGARA INDONESIA (PERSERO) - CUSTODY, Tbk, PT",REKSA DANA TERPROTEKSI INSIGHT TERPROTEKSI 39,Capital Protected Fund,IDR,16747661326.57,1335062.88
"Insight Investments Management, PT","BANK NEGARA INDONESIA (PERSERO) - CUSTODY, Tbk, PT",REKSA DANA TERPROTEKSI INSIGHT TERPROTEKSI 46,Capital Protected Fund,IDR,0,0
"Insight Investments Management, PT","BANK NEGARA INDONESIA (PERSERO) - CUSTODY, Tbk, PT",REKSA DANA TERPROTEKSI INSIGHT TERPROTEKSI 49,Capital Protected Fund,IDR,21551187863.76,4006176.26
"Insight Investments Management, PT","BANK NEGARA INDONESIA (PERSERO) - CUSTODY, Tbk, PT",REKSA DANA TERPROTEKSI INSIGHT TERPROTEKSI 5,Capital Protected Fund,IDR,37165036225.97,34496986.21
"Insight Investments Management, PT","BANK NEGARA INDONESIA (PERSERO) - CUSTODY, Tbk, PT",REKSA DANA TERPROTEKSI INSIGHT TERPROTEKSI 50,Capital Protected Fund,IDR,71214890083.89,8681927.55
"Insight Investments Management, PT","BANK CENTRAL ASIA - CUSTODY, Tbk, PT",REKSA DANA TERPROTEKSI INSIGHT TERPROTEKSI 55,Capital Protected Fund,IDR,257872534107.93,253146756.72
"Insight Investments Management, PT","BANK CENTRAL ASIA - CUSTODY, Tbk, PT",REKSA DANA TERPROTEKSI INSIGHT TERPROTEKSI 58,Capital Protected Fund,IDR,169013076134.64,167496500.46
"Insight Investments Management, PT",PT Bank Tabungan Negara (Persero) Tbk,REKSA DANA TERPROTEKSI INSIGHT TERPROTEKSI 64,Capital Protected Fund,IDR,16577438981.4,16275500
"Jasa Capital Asset Management, PT","BANK MEGA - CUSTODY, Tbk, PT",REKSA DANA TERPROTEKSI JASA CAPITAL PENDAPATAN TERPROTEKSI 1 (RESTRUKTURISASI),Capital Protected Fund,IDR,98934328480.55,105737475.63
"KISI ASSET MANAGEMENT, PT",PT KEB Hana Bank Indonesia,Reksa Dana Terproteksi KISI Premier Protected Fund,Capital Protected Fund,IDR,11878929456,11750000
"KISI ASSET MANAGEMENT, PT",PT KEB Hana Bank Indonesia,REKSA DANA TERPROTEKSI KISI PREMIER PROTECTED FUND I,Capital Protected Fund,IDR,0,0
"KISI ASSET MANAGEMENT, PT","BANK BUKOPIN - CUSTODY, Tbk, PT",REKSA DANA TERPROTEKSI KISI PROTECTED FUND,Capital Protected Fund,IDR,14348911580.47,14125500
"Lautandhana Investment Management, PT","BANK CIMB NIAGA - CUSTODY, Tbk, PT",REKSA DANA TERPROTEKSI LAUTANDHANA PROTEKSI DINAMIS OPTIMA,Capital Protected Fund,IDR,0,0
"Majoris Asset Management, PT",PT Bank Maybank Indonesia Tbk,Reksa Dana Terproteksi Majoris Capital Protected Fund Indonesia,Capital Protected Fund,IDR,159872522208.35,159955234.7
"Mandiri Manajemen Investasi, PT",PT Bank OCBC NISP Tbk,REKSA DANA TERPROTEKSI MANDIRI INVESTA 10,Capital Protected Fund,IDR,501306754760.92,500000900
"Mandiri Manajemen Investasi, PT","BANK CENTRAL ASIA - CUSTODY, Tbk, PT",REKSA DANA TERPROTEKSI MANDIRI INVESTA 12,Capital Protected Fund,IDR,1352762749787.65,1350000700
"Mandiri Manajemen Investasi, PT","BANK CENTRAL ASIA - CUSTODY, Tbk, PT",REKSA DANA TERPROTEKSI MANDIRI INVESTA 2,Capital Protected Fund,IDR,848125730379.19,825001700
"Mandiri Manajemen Investasi, PT","BANK CENTRAL ASIA - CUSTODY, Tbk, PT",REKSA DANA TERPROTEKSI MANDIRI INVESTA 3,Capital Protected Fund,IDR,532351425892.71,524011970.9
"Mandiri Manajemen Investasi, PT","BANK DBS INDONESIA - CUSTODY, PT",REKSA DANA TERPROTEKSI MANDIRI INVESTA 4,Capital Protected Fund,IDR,84603556426,84136000
"Mandiri Manajemen Investasi, PT","BANK CIMB NIAGA - CUSTODY, Tbk, PT",REKSA DANA TERPROTEKSI MANDIRI INVESTA 7,Capital Protected Fund,IDR,501576134925.83,500001000
"Mandiri Manajemen Investasi, PT","BANK DBS INDONESIA - CUSTODY, PT",REKSA DANA TERPROTEKSI MANDIRI INVESTA 9,Capital Protected Fund,IDR,0,0
"Mandiri Manajemen Investasi, PT","BANK CENTRAL ASIA - CUSTODY, Tbk, PT",REKSA DANA TERPROTEKSI MANDIRI SERI 129 (RESTRUKTURISASI),Capital Protected Fund,IDR,31028382340.43,50010000
"Mandiri Manajemen Investasi, PT",STANDARD CHARTERED BANK - CUSTODY,REKSA DANA TERPROTEKSI MANDIRI SERI 131,Capital Protected Fund,IDR,0,0
"Mandiri Manajemen Investasi, PT",STANDARD CHARTERED BANK - CUSTODY,REKSA DANA TERPROTEKSI MANDIRI SERI 142,Capital Protected Fund,IDR,0,0
"Mandiri Manajemen Investasi, PT",PT Bank Maybank Indonesia Tbk,REKSA DANA TERPROTEKSI MANDIRI SERI 147 DALAM PROSES PENYELESAIAN,Capital Protected Fund,IDR,28659391051.93,346313460.18
"Mandiri Manajemen Investasi, PT","BANK CENTRAL ASIA - CUSTODY, Tbk, PT",REKSA DANA TERPROTEKSI MANDIRI SERI 151 DALAM PROSES PENYELESAIAN,Capital Protected Fund,IDR,532529953.9,6807628.09
"Mandiri Manajemen Investasi, PT","BANK CENTRAL ASIA - CUSTODY, Tbk, PT",REKSA DANA TERPROTEKSI MANDIRI SERI 152 DALAM PROSES PENYELESAIAN,Capital Protected Fund,IDR,10318466963.57,126474980.88
"Mandiri Manajemen Investasi, PT","BANK CENTRAL ASIA - CUSTODY, Tbk, PT",REKSA DANA TERPROTEKSI MANDIRI SERI 158 DALAM PROSES PENYELESAIAN,Capital Protected Fund,IDR,9346755631.41,114085184.19
"Mandiri Manajemen Investasi, PT","BANK CENTRAL ASIA - CUSTODY, Tbk, PT",REKSA DANA TERPROTEKSI MANDIRI SERI 206 RESTRUKTURISASI,Capital Protected Fund,IDR,103741932403.37,101381050.87
"Mandiri Manajemen Investasi, PT",PT Bank Maybank Indonesia Tbk,REKSA DANA TERPROTEKSI MANDIRI SERI 207 RESTRUKTURISASI,Capital Protected Fund,IDR,70988463898.32,69456817.44
"Mandiri Manajemen Investasi, PT",PT Bank Maybank Indonesia Tbk,REKSA DANA TERPROTEKSI MANDIRI SERI 216 RESTRUKTURISASI,Capital Protected Fund,IDR,34072323192.33,33915166.53
"Mandiri Manajemen Investasi, PT","BANK CENTRAL ASIA - CUSTODY, Tbk, PT",REKSA DANA TERPROTEKSI MANDIRI SERI 224 RESTRUKTURISASI,Capital Protected Fund,IDR,9121856906.06,8985580.25
"Mandiri Manajemen Investasi, PT",PT Bank HSBC Indonesia,REKSA DANA TERPROTEKSI MANDIRI SERI 228 RESTRUKTURISASI,Capital Protected Fund,IDR,83643977652,83369791.14
"Mandiri Manajemen Investasi, PT",PT Bank HSBC Indonesia,REKSA DANA TERPROTEKSI MANDIRI SERI 236 RESTRUKTURISASI,Capital Protected Fund,IDR,127380602466,124629010.4
"Mandiri Manajemen Investasi, PT","BANK CENTRAL ASIA - CUSTODY, Tbk, PT",REKSA DANA TERPROTEKSI MANDIRI SERI 60,Capital Protected Fund,IDR,0,0
"Mandiri Manajemen Investasi, PT","BANK CENTRAL ASIA - CUSTODY, Tbk, PT",REKSA DANA TERPROTEKSI MANDIRI SERI 80,Capital Protected Fund,IDR,105422909610.54,100010000
"Manulife Aset Manajemen Indonesia, PT","BANK RAKYAT INDONESIA (PERSERO) - CUSTODY, Tbk, PT",REKSA DANA TERPROTEKSI MANULIFE PROTEKSI DANA UTAMA II,Capital Protected Fund,IDR,2301058855902.36,2250000000
"Manulife Aset Manajemen Indonesia, PT","BANK RAKYAT INDONESIA (PERSERO) - CUSTODY, Tbk, PT",REKSA DANA TERPROTEKSI MANULIFE PROTEKSI DANA UTAMA III,Capital Protected Fund,IDR,2711789541471.12,2650000000
"Manulife Aset Manajemen Indonesia, PT","BANK RAKYAT INDONESIA (PERSERO) - CUSTODY, Tbk, PT",REKSA DANA TERPROTEKSI MANULIFE PROTEKSI DANA UTAMA IX,Capital Protected Fund,IDR,0,0
"Manulife Aset Manajemen Indonesia, PT","BANK MANDIRI (PERSERO) - CUSTODY, Tbk, PT",REKSA DANA TERPROTEKSI MANULIFE PROTEKSI DANA UTAMA V,Capital Protected Fund,IDR,1939112504144.36,1905600000
"Manulife Aset Manajemen Indonesia, PT","BANK CENTRAL ASIA - CUSTODY, Tbk, PT",REKSA DANA TERPROTEKSI MANULIFE PROTEKSI DANA UTAMA VI,Capital Protected Fund,IDR,1064384797506.52,1052204000
"Manulife Aset Manajemen Indonesia, PT","BANK CENTRAL ASIA - CUSTODY, Tbk, PT",REKSA DANA TERPROTEKSI MANULIFE PROTEKSI DANA UTAMA VII,Capital Protected Fund,IDR,505613623834.03,502402000
"Manulife Aset Manajemen Indonesia, PT","BANK CENTRAL ASIA - CUSTODY, Tbk, PT",REKSA DANA TERPROTEKSI MANULIFE PROTEKSI DANA UTAMA VIII,Capital Protected Fund,IDR,0,0
"Manulife Aset Manajemen Indonesia, PT","BANK RAKYAT INDONESIA (PERSERO) - CUSTODY, Tbk, PT",REKSA DANA TERPROTEKSI MANULIFE USD PROTEKSI BRILIAN,Capital Protected Fund,USD,1739325983855.62,105000000
"Maybank Asset Management, PT",PT Bank HSBC Indonesia,Reksa Dana Terproteksi Maybank CPF XII,Capital Protected Fund,IDR,10177766705,109407751.77
"Maybank Asset Management, PT",PT Bank HSBC Indonesia,Reksa Dana Terproteksi Maybank CPF XVI,Capital Protected Fund,IDR,65131169427,60788340.67
"Maybank Asset Management, PT",PT Bank HSBC Indonesia,Reksa Dana Terproteksi Maybank Dana Proteksi 10,Capital Protected Fund,IDR,12718494507,91329993.44
"Maybank Asset Management, PT",PT Bank HSBC Indonesia,Reksa Dana Terproteksi Maybank Dana Proteksi 16,Capital Protected Fund,IDR,10480592571,96701952.75
"Maybank Asset Management, PT",PT Bank HSBC Indonesia,REKSA DANA TERPROTEKSI MAYBANK PROTEKSI 19,Capital Protected Fund,IDR,12013816337,11581108.71
"Mega Asset Management, PT","BANK DANAMON INDONESIA - CUSTODY, Tbk, PT",REKSA DANA TERPROTEKSI MEGA ASSET TERPROTEKSI 13,Capital Protected Fund,IDR,40320625105.41,79275228.85
"Mega Asset Management, PT","BANK CIMB NIAGA - CUSTODY, Tbk, PT",REKSA DANA TERPROTEKSI MEGA ASSET TERPROTEKSI 22,Capital Protected Fund,IDR,152733578770.63,151800000
"Mega Asset Management, PT","BANK CIMB NIAGA - CUSTODY, Tbk, PT",REKSA DANA TERPROTEKSI MEGA ASSET TERPROTEKSI 23,Capital Protected Fund,IDR,31119703172.84,31040000
"Mega Asset Management, PT","BANK CIMB NIAGA - CUSTODY, Tbk, PT",REKSA DANA TERPROTEKSI MEGA ASSET TERPROTEKSI 24,Capital Protected Fund,IDR,16524093412.94,16513000
"Mega Asset Management, PT","BANK CIMB NIAGA - CUSTODY, Tbk, PT",REKSA DANA TERPROTEKSI MEGA ASSET TERPROTEKSI 26,Capital Protected Fund,IDR,17981231287.69,17887100
"Mega Asset Management, PT","BANK CIMB NIAGA - CUSTODY, Tbk, PT",REKSA DANA TERPROTEKSI MEGA ASSET TERPROTEKSI 27,Capital Protected Fund,IDR,23147421187,23129000
"Mega Asset Management, PT","BANK CIMB NIAGA - CUSTODY, Tbk, PT",REKSA DANA TERPROTEKSI MEGA ASSET TERPROTEKSI 28,Capital Protected Fund,IDR,41705259043.71,41185000
"Mega Asset Management, PT","BANK DANAMON INDONESIA - CUSTODY, Tbk, PT",REKSA DANA TERPROTEKSI MEGA ASSET TERPROTEKSI 29,Capital Protected Fund,IDR,25012662901.45,23986060
"MNC Asset Management, PT","BANK NEGARA INDONESIA (PERSERO) - CUSTODY, Tbk, PT",REKSA DANA TERPROTEKSI MNC DANA TERPROTEKSI III,Capital Protected Fund,IDR,208567191486.23,173989065.92
"MNC Asset Management, PT","BANK DANAMON INDONESIA - CUSTODY, Tbk, PT",REKSA DANA TERPROTEKSI MNC DANA TERPROTEKSI SERI 23,Capital Protected Fund,IDR,0,0
"MNC Asset Management, PT","BANK MEGA - CUSTODY, Tbk, PT",REKSA DANA TERPROTEKSI MNC DANA TERPROTEKSI SERI 29,Capital Protected Fund,IDR,0,0
"MNC Asset Management, PT","BANK MEGA - CUSTODY, Tbk, PT",REKSA DANA TERPROTEKSI MNC DANA TERPROTEKSI SERI 32,Capital Protected Fund,IDR,0,0
"MNC Asset Management, PT","BANK RAKYAT INDONESIA (PERSERO) - CUSTODY, Tbk, PT",REKSA DANA TERPROTEKSI MNC DANA TERPROTEKSI XIX,Capital Protected Fund,IDR,0,0
"MNC Asset Management, PT","BANK NEGARA INDONESIA (PERSERO) - CUSTODY, Tbk, PT",REKSA DANA TERPROTEKSI MNC DANA TERPROTEKSI XX,Capital Protected Fund,IDR,0,0
"Nusadana Investama Indonesia, PT","BANK MEGA - CUSTODY, Tbk, PT",REKSA DANA TERPROTEKSI NUSADANA PROTEKSI 5,Capital Protected Fund,IDR,0,0
"Nusadana Investama Indonesia, PT","BANK DANAMON INDONESIA - CUSTODY, Tbk, PT",REKSA DANA TERPROTEKSI NUSADANA PROTEKSI 8,Capital Protected Fund,IDR,0,0
"Nusadana Investama Indonesia, PT","BANK DANAMON INDONESIA - CUSTODY, Tbk, PT",REKSA DANA TERPROTEKSI NUSADANA PROTEKSI 9,Capital Protected Fund,IDR,0,0
"Nusadana Investama Indonesia, PT","BANK MEGA - CUSTODY, Tbk, PT",REKSA DANA TERPROTEKSI NUSADANA PROTEKSI PRIMA 1,Capital Protected Fund,IDR,0,0
"OSO Manajemen Investasi, PT","BANK MEGA - CUSTODY, Tbk, PT",REKSA DANA TERPROTEKSI OSO DANA TERPROTEKSI IV,Capital Protected Fund,IDR,0,0
"Panin Asset Management, PT","BANK BUKOPIN - CUSTODY, Tbk, PT",REKSA DANA TERPROTEKSI PANIN 1,Capital Protected Fund,IDR,0,0
"Panin Asset Management, PT","BANK MANDIRI (PERSERO) - CUSTODY, Tbk, PT",REKSA DANA TERPROTEKSI PANIN 17,Capital Protected Fund,IDR,262307305.79,0
"Panin Asset Management, PT","BANK MANDIRI (PERSERO) - CUSTODY, Tbk, PT",REKSA DANA TERPROTEKSI PANIN 26,Capital Protected Fund,IDR,1242310465118.44,1220000000
"Panin Asset Management, PT","BANK CENTRAL ASIA - CUSTODY, Tbk, PT",REKSA DANA TERPROTEKSI PANIN 28,Capital Protected Fund,IDR,10409150050.42,10356918.96
"Panin Asset Management, PT","BANK CENTRAL ASIA - CUSTODY, Tbk, PT",REKSA DANA TERPROTEKSI PANIN 29,Capital Protected Fund,IDR,70972685956.14,70600000
"Panin Asset Management, PT","BANK CENTRAL ASIA - CUSTODY, Tbk, PT",REKSA DANA TERPROTEKSI PANIN 31,Capital Protected Fund,IDR,517317997029.08,501545000
"Panin Asset Management, PT","BANK CENTRAL ASIA - CUSTODY, Tbk, PT",REKSA DANA TERPROTEKSI PANIN 32,Capital Protected Fund,IDR,18595475082.54,18330000
"Panin Asset Management, PT","BANK CENTRAL ASIA - CUSTODY, Tbk, PT",REKSA DANA TERPROTEKSI PANIN 33,Capital Protected Fund,IDR,73942006330.88,72120000
"Panin Asset Management, PT","BANK CENTRAL ASIA - CUSTODY, Tbk, PT",REKSA DANA TERPROTEKSI PANIN 34,Capital Protected Fund,IDR,99107537113.54,95390000
"Panin Asset Management, PT","BANK CENTRAL ASIA - CUSTODY, Tbk, PT",REKSA DANA TERPROTEKSI PANIN 35,Capital Protected Fund,IDR,83479223168.43,80535000.5
"Panin Asset Management, PT","BANK CENTRAL ASIA - CUSTODY, Tbk, PT",REKSA DANA TERPROTEKSI PANIN 36,Capital Protected Fund,IDR,39615446449.73,38300000
"Panin Asset Management, PT","BANK CENTRAL ASIA - CUSTODY, Tbk, PT",REKSA DANA TERPROTEKSI PANIN 37,Capital Protected Fund,IDR,42390965546,41320000
"Panin Asset Management, PT","BANK CENTRAL ASIA - CUSTODY, Tbk, PT",REKSA DANA TERPROTEKSI PANIN 38,Capital Protected Fund,IDR,511627371535.64,501400000
"Panin Asset Management, PT","BANK CENTRAL ASIA - CUSTODY, Tbk, PT",REKSA DANA TERPROTEKSI PANIN 39,Capital Protected Fund,IDR,65637024168.13,61250000
"Panin Asset Management, PT","BANK CENTRAL ASIA - CUSTODY, Tbk, PT",REKSA DANA TERPROTEKSI PANIN 40,Capital Protected Fund,IDR,53667255267.78,53000000
"Panin Asset Management, PT","BANK CENTRAL ASIA - CUSTODY, Tbk, PT",REKSA DANA TERPROTEKSI PANIN 41,Capital Protected Fund,IDR,96055705782.9,88485000
"Panin Asset Management, PT","BANK CENTRAL ASIA - CUSTODY, Tbk, PT",REKSA DANA TERPROTEKSI PANIN 42,Capital Protected Fund,IDR,0,0
"Panin Asset Management, PT","BANK CENTRAL ASIA - CUSTODY, Tbk, PT",REKSA DANA TERPROTEKSI PANIN 43,Capital Protected Fund,IDR,0,0
"Panin Asset Management, PT","BANK CENTRAL ASIA - CUSTODY, Tbk, PT",REKSA DANA TERPROTEKSI PANIN SUSTAINABLE DEVELOPMENT GOALS 1,Capital Protected Fund,IDR,10320995918.34,10250000
"Pinnacle Persada Investama, PT","BANK CENTRAL ASIA - CUSTODY, Tbk, PT",REKSA DANA TERPROTEKSI PINNACLE PROTECTED FUND II,Capital Protected Fund,IDR,289975920869.48,265479034
"PNM Investment Management, PT","BANK DBS INDONESIA - CUSTODY, PT",REKSA DANA TERPROTEKSI PNM TERPROTEKSI INVESTA 30,Capital Protected Fund,IDR,0,0
"PNM Investment Management, PT",PT. BANK PEMBANGUNAN DAERAH JAWA BARAT DAN BANTEN TBK,REKSA DANA TERPROTEKSI PNM TERPROTEKSI INVESTA 41,Capital Protected Fund,IDR,161265529221.14,159458941.82
"PNM Investment Management, PT",PT. BANK PEMBANGUNAN DAERAH JAWA BARAT DAN BANTEN TBK,REKSA DANA TERPROTEKSI PNM TERPROTEKSI INVESTA 42,Capital Protected Fund,IDR,0,0
"PNM Investment Management, PT",PT KEB Hana Bank Indonesia,REKSA DANA TERPROTEKSI PNM TERPROTEKSI INVESTA 48,Capital Protected Fund,IDR,307547352242.52,306039000
"PNM Investment Management, PT","BANK CENTRAL ASIA - CUSTODY, Tbk, PT",REKSA DANA TERPROTEKSI PNM TERPROTEKSI INVESTA 50,Capital Protected Fund,IDR,0,0
"Indo Premier Investment Management, PT","BANK CENTRAL ASIA - CUSTODY, Tbk, PT",REKSA DANA TERPROTEKSI PREMIER PROTEKSI XII,Capital Protected Fund,IDR,508583182824.21,500001200
"Indo Premier Investment Management, PT","BANK PERMATA - CUSTODY, Tbk, PT",REKSA DANA TERPROTEKSI PREMIER PROTEKSI XVI,Capital Protected Fund,IDR,95337672477.25,94762000
Principal Asset Management,"BANK CENTRAL ASIA - CUSTODY, Tbk, PT",REKSA DANA TERPROTEKSI PRINCIPAL CPF CB XXXVI,Capital Protected Fund,IDR,208113239.18,200000
"Prospera Asset Management, PT",PT. BANK SINARMAS TBK,REKSA DANA TERPROTEKSI PROSPERA PROTEKSI IX,Capital Protected Fund,IDR,46733835703.42,44351725.48
"Prospera Asset Management, PT","BANK CIMB NIAGA - CUSTODY, Tbk, PT",REKSA DANA TERPROTEKSI PROSPERA PROTEKSI VIII,Capital Protected Fund,IDR,52608187019.07,50000000
"Recapital Asset Management, PT","BANK MANDIRI (PERSERO) - CUSTODY, Tbk, PT",REKSA DANA TERPROTEKSI RECAPITAL PROTEKSI CLUSTER I,Capital Protected Fund,IDR,0,0
"Recapital Asset Management, PT","BANK NEGARA INDONESIA (PERSERO) - CUSTODY, Tbk, PT",REKSA DANA TERPROTEKSI RECAPITAL PROTEKSI X,Capital Protected Fund,IDR,0,0
"Allianz Global Investors Asset Management Indonesia, PT","BANK RAKYAT INDONESIA (PERSERO) - CUSTODY, Tbk, PT",REKSA DANA TERPROTEKSI RHB CAPITAL FUND PROTECTED FUND 45,Capital Protected Fund,IDR,0,0
"Samuel Aset Manajemen, PT","BANK DBS INDONESIA - CUSTODY, PT",REKSA DANA TERPROTEKSI SAM DANA OBLIGASI TERPROTEKSI 10,Capital Protected Fund,IDR,101812255575,101515961.25
"Samuel Aset Manajemen, PT","BANK MEGA - CUSTODY, Tbk, PT",REKSA DANA TERPROTEKSI SAM DANA OBLIGASI TERPROTEKSI III,Capital Protected Fund,IDR,43486.82,0
"Samuel Aset Manajemen, PT","BANK RAKYAT INDONESIA (PERSERO) - CUSTODY, Tbk, PT",REKSA DANA TERPROTEKSI SAM SEJAHTERA TERPROTEKSI 3,Capital Protected Fund,IDR,0,0
"Samuel Aset Manajemen, PT","BANK CIMB NIAGA - CUSTODY, Tbk, PT",REKSA DANA TERPROTEKSI SAM SEJAHTERA TERPROTEKSI 5,Capital Protected Fund,IDR,506610560258.3,500005135.8
"Schroder Investment Management Indonesia, PT","BANK CENTRAL ASIA - CUSTODY, Tbk, PT",REKSA DANA TERPROTEKSI SCHRODER IDR INCOME PLAN VII,Capital Protected Fund,IDR,501473086910.85,500195000
"Semesta Aset Manajemen, PT","BANK CENTRAL ASIA - CUSTODY, Tbk, PT",REKSA DANA TERPROTEKSI SEMESTA PROTEKSI 2,Capital Protected Fund,IDR,12722811577.65,12000000
"Sequis Aset Manajemen, PT","BANK PERMATA - CUSTODY, Tbk, PT",REKSA DANA TERPROTEKSI SEQUIS PROTEKSI BERLIAN,Capital Protected Fund,IDR,0,0
"Sequis Aset Manajemen, PT",STANDARD CHARTERED BANK - CUSTODY,REKSA DANA TERPROTEKSI SEQUIS PROTEKSI GEMILANG II,Capital Protected Fund,IDR,566051650497.85,575000000
"Sequis Aset Manajemen, PT","BANK PERMATA - CUSTODY, Tbk, PT",REKSA DANA TERPROTEKSI SEQUIS PROTEKSI RUBY 1,Capital Protected Fund,IDR,45842476510.25,45300000
"Setiabudi Investment Management, PT","BANK CENTRAL ASIA - CUSTODY, Tbk, PT",Reksa Dana Terproteksi Setiabudi Dana Proteksi 3,Capital Protected Fund,IDR,12524384562.64,11710000
"Setiabudi Investment Management, PT","BANK CENTRAL ASIA - CUSTODY, Tbk, PT",REKSA DANA TERPROTEKSI SETIABUDI DANA PROTEKSI 6,Capital Protected Fund,IDR,21114429396.09,20424143.23
"Setiabudi Investment Management, PT","BANK CENTRAL ASIA - CUSTODY, Tbk, PT",REKSA DANA TERPROTEKSI SETIABUDI DANA PROTEKSI 7,Capital Protected Fund,IDR,25837741288.06,24762500
"Setiabudi Investment Management, PT","BANK CENTRAL ASIA - CUSTODY, Tbk, PT",REKSA DANA TERPROTEKSI SETIABUDI DANA PROTEKSI 8,Capital Protected Fund,IDR,9859139560.21,9595000
"Setiabudi Investment Management, PT","BANK CENTRAL ASIA - CUSTODY, Tbk, PT",REKSA DANA TERPROTEKSI SETIABUDI DANA PROTEKSI 9,Capital Protected Fund,IDR,13236666616.49,13600000
"Sinarmas Asset Management, PT",PT KEB Hana Bank Indonesia,REKSA DANA TERPROTEKSI SIMAS GEMILANG 21,Capital Protected Fund,IDR,199711153818.29,200002000
"Surya Timur Alam Raya Asset Management, PT",PT KEB Hana Bank Indonesia,REKSA DANA TERPROTEKSI STAR PROTECTED 19,Capital Protected Fund,IDR,46750825141.56,44904327.72
"Surya Timur Alam Raya Asset Management, PT",PT KEB Hana Bank Indonesia,REKSA DANA TERPROTEKSI STAR PROTECTED 21,Capital Protected Fund,IDR,0,0
"Surya Timur Alam Raya Asset Management, PT",PT. BANK SINARMAS TBK,REKSA DANA TERPROTEKSI STAR PROTECTED 23,Capital Protected Fund,IDR,11712799841.46,11491918.4
"Surya Timur Alam Raya Asset Management, PT",PT. BANK SINARMAS TBK,REKSA DANA TERPROTEKSI STAR PROTECTED 24,Capital Protected Fund,IDR,55299102503.25,54800000
"Surya Timur Alam Raya Asset Management, PT","BANK RAKYAT INDONESIA (PERSERO) - CUSTODY, Tbk, PT",REKSA DANA TERPROTEKSI STAR PROTECTED DOLLAR,Capital Protected Fund,USD,0,0
"Surya Timur Alam Raya Asset Management, PT",PT KEB Hana Bank Indonesia,REKSA DANA TERPROTEKSI STAR PROTECTED DOLLAR 6,Capital Protected Fund,USD,0,0
"Surya Timur Alam Raya Asset Management, PT",PT KEB Hana Bank Indonesia,REKSA DANA TERPROTEKSI STAR PROTECTED XI,Capital Protected Fund,IDR,134923235723.41,125200000
"Surya Timur Alam Raya Asset Management, PT",PT KEB Hana Bank Indonesia,REKSA DANA TERPROTEKSI STAR PROTECTED XVI,Capital Protected Fund,IDR,0,0
"Surya Timur Alam Raya Asset Management, PT",PT KEB Hana Bank Indonesia,REKSA DANA TERPROTEKSI STAR PROTECTED XVIII,Capital Protected Fund,IDR,0,0
"Sucorinvest Asset Management, PT","BANK MEGA - CUSTODY, Tbk, PT",REKSA DANA TERPROTEKSI SUCORINVEST PROTEKSI 20,Capital Protected Fund,IDR,101587532125,100000000
"Sucorinvest Asset Management, PT","BANK NEGARA INDONESIA (PERSERO) - CUSTODY, Tbk, PT",REKSA DANA TERPROTEKSI SUCORINVEST PROTEKSI 41,Capital Protected Fund,IDR,0,0
"Sucorinvest Asset Management, PT","BANK NEGARA INDONESIA (PERSERO) - CUSTODY, Tbk, PT",REKSA DANA TERPROTEKSI SUCORINVEST PROTEKSI 45,Capital Protected Fund,IDR,0,0
"Sucorinvest Asset Management, PT","BANK CENTRAL ASIA - CUSTODY, Tbk, PT",REKSA DANA TERPROTEKSI SUCORINVEST PROTEKSI 47,Capital Protected Fund,IDR,26632546725.29,26236851.6
"Sucorinvest Asset Management, PT","BANK CENTRAL ASIA - CUSTODY, Tbk, PT",REKSA DANA TERPROTEKSI SUCORINVEST PROTEKSI 48,Capital Protected Fund,IDR,261040649378.92,250000000
"Sucorinvest Asset Management, PT","BANK CENTRAL ASIA - CUSTODY, Tbk, PT",REKSA DANA TERPROTEKSI SUCORINVEST PROTEKSI 49,Capital Protected Fund,IDR,19464359906.8,17960000
"Sucorinvest Asset Management, PT","BANK CIMB NIAGA - CUSTODY, Tbk, PT",REKSA DANA TERPROTEKSI SUCORINVEST PROTEKSI 50,Capital Protected Fund,IDR,20630223946.37,19050000
"Sucorinvest Asset Management, PT","BANK CIMB NIAGA - CUSTODY, Tbk, PT",REKSA DANA TERPROTEKSI SUCORINVEST PROTEKSI 51,Capital Protected Fund,IDR,320999499626.94,311881500
"Sucorinvest Asset Management, PT","BANK CENTRAL ASIA - CUSTODY, Tbk, PT",REKSA DANA TERPROTEKSI SUCORINVEST PROTEKSI 52,Capital Protected Fund,IDR,61157314821.36,59051055.56
"Syailendra Capital, PT",PT Bank Maybank Indonesia Tbk,REKSA DANA TERPROTEKSI SYAILENDRA CAPITAL PROTECTED FUND 20,Capital Protected Fund,IDR,0,0
"Syailendra Capital, PT","BANK RAKYAT INDONESIA (PERSERO) - CUSTODY, Tbk, PT",REKSA DANA TERPROTEKSI SYAILENDRA CAPITAL PROTECTED FUND 25,Capital Protected Fund,IDR,0,0
"Syailendra Capital, PT","BANK NEGARA INDONESIA (PERSERO) - CUSTODY, Tbk, PT",REKSA DANA TERPROTEKSI SYAILENDRA CAPITAL PROTECTED FUND 45,Capital Protected Fund,IDR,3926954936574.33,3860000000
"Syailendra Capital, PT",PT KEB Hana Bank Indonesia,REKSA DANA TERPROTEKSI SYAILENDRA CAPITAL PROTECTED FUND 46,Capital Protected Fund,IDR,1722128859629.31,1700000000
"Syailendra Capital, PT","BANK RAKYAT INDONESIA (PERSERO) - CUSTODY, Tbk, PT",REKSA DANA TERPROTEKSI SYAILENDRA CAPITAL PROTECTED FUND 47,Capital Protected Fund,IDR,1117498254682.95,1100000000
"Syailendra Capital, PT","BANK NEGARA INDONESIA (PERSERO) - CUSTODY, Tbk, PT",REKSA DANA TERPROTEKSI SYAILENDRA CAPITAL PROTECTED FUND 48,Capital Protected Fund,IDR,0.01,0
"Syailendra Capital, PT","BANK NEGARA INDONESIA (PERSERO) - CUSTODY, Tbk, PT",REKSA DANA TERPROTEKSI SYAILENDRA CAPITAL PROTECTED FUND 49,Capital Protected Fund,IDR,0,0
"Syailendra Capital, PT","BANK RAKYAT INDONESIA (PERSERO) - CUSTODY, Tbk, PT",REKSA DANA TERPROTEKSI SYAILENDRA CAPITAL PROTECTED FUND 50,Capital Protected Fund,IDR,1064773437171.26,1040008150
"Syailendra Capital, PT",PT. BANK PEMBANGUNAN DAERAH JAWA BARAT DAN BANTEN TBK,REKSA DANA TERPROTEKSI SYAILENDRA CAPITAL PROTECTED FUND 51,Capital Protected Fund,IDR,1129536000265.54,1100080000
"Syailendra Capital, PT","BANK MANDIRI (PERSERO) - CUSTODY, Tbk, PT",REKSA DANA TERPROTEKSI SYAILENDRA CAPITAL PROTECTED FUND 52,Capital Protected Fund,IDR,2187281378140.44,2125000000
"Syailendra Capital, PT",PT. BANK PEMBANGUNAN DAERAH JAWA BARAT DAN BANTEN TBK,REKSA DANA TERPROTEKSI SYAILENDRA CAPITAL PROTECTED FUND 53,Capital Protected Fund,IDR,2373511118941.51,2300000000
"Syailendra Capital, PT","BANK CENTRAL ASIA - CUSTODY, Tbk, PT",REKSA DANA TERPROTEKSI SYAILENDRA CAPITAL PROTECTED FUND 54,Capital Protected Fund,IDR,568576803640.86,500003400
"Syailendra Capital, PT","BANK NEGARA INDONESIA (PERSERO) - CUSTODY, Tbk, PT",REKSA DANA TERPROTEKSI SYAILENDRA CAPITAL PROTECTED FUND 57,Capital Protected Fund,IDR,0,0
"Syailendra Capital, PT",PT Bank OCBC NISP Tbk,REKSA DANA TERPROTEKSI SYAILENDRA CAPITAL PROTECTED FUND 58,Capital Protected Fund,IDR,508673291115.82,500000900
"Syailendra Capital, PT","BANK CENTRAL ASIA - CUSTODY, Tbk, PT",REKSA DANA TERPROTEKSI SYAILENDRA CAPITAL PROTECTED FUND 59,Capital Protected Fund,IDR,200903629348.7,200001000
"Syailendra Capital, PT",PT Bank OCBC NISP Tbk,REKSA DANA TERPROTEKSI SYAILENDRA CAPITAL PROTECTED FUND 64,Capital Protected Fund,IDR,501150813868.62,500001000
"Syailendra Capital, PT","BANK CENTRAL ASIA - CUSTODY, Tbk, PT",REKSA DANA TERPROTEKSI SYAILENDRA CAPITAL PROTECTED FUND 65,Capital Protected Fund,IDR,0,0
"Trimegah Asset Management, PT",PT KEB Hana Bank Indonesia,REKSA DANA TERPROTEKSI TRIMEGAH TERPROTEKSI 12,Capital Protected Fund,IDR,0,0
"Trimegah Asset Management, PT","BANK MANDIRI (PERSERO) - CUSTODY, Tbk, PT",REKSA DANA TERPROTEKSI TRIMEGAH TERPROTEKSI 19,Capital Protected Fund,IDR,514001608441.03,500000000
"Trimegah Asset Management, PT","BANK MANDIRI (PERSERO) - CUSTODY, Tbk, PT",REKSA DANA TERPROTEKSI TRIMEGAH TERPROTEKSI 21,Capital Protected Fund,IDR,2390506077366.79,2363106445.73
"Trimegah Asset Management, PT","BANK RAKYAT INDONESIA (PERSERO) - CUSTODY, Tbk, PT",REKSA DANA TERPROTEKSI TRIMEGAH TERPROTEKSI 23,Capital Protected Fund,IDR,1206864713003.82,1175000000
"Trimegah Asset Management, PT","BANK RAKYAT INDONESIA (PERSERO) - CUSTODY, Tbk, PT",REKSA DANA TERPROTEKSI TRIMEGAH TERPROTEKSI 24,Capital Protected Fund,IDR,1886582914648.14,1850000000
"Trimegah Asset Management, PT",PT. BANK PEMBANGUNAN DAERAH JAWA BARAT DAN BANTEN TBK,REKSA DANA TERPROTEKSI TRIMEGAH TERPROTEKSI 26,Capital Protected Fund,IDR,1654780436557.34,1620000000
"Trimegah Asset Management, PT","BANK RAKYAT INDONESIA (PERSERO) - CUSTODY, Tbk, PT",REKSA DANA TERPROTEKSI TRIMEGAH TERPROTEKSI 28,Capital Protected Fund,IDR,1129039285772.87,1100000800
"Trimegah Asset Management, PT","BANK MANDIRI (PERSERO) - CUSTODY, Tbk, PT",REKSA DANA TERPROTEKSI TRIMEGAH TERPROTEKSI 29,Capital Protected Fund,IDR,111061248677.64,110001000
"Trimegah Asset Management, PT",PT Bank OCBC NISP Tbk,REKSA DANA TERPROTEKSI TRIMEGAH TERPROTEKSI 31,Capital Protected Fund,IDR,501395263761.23,500002000
"Trimegah Asset Management, PT","BANK MANDIRI (PERSERO) - CUSTODY, Tbk, PT",REKSA DANA TERPROTEKSI TRIMEGAH TERPROTEKSI 32,Capital Protected Fund,IDR,0,0
"Trimegah Asset Management, PT","BANK CENTRAL ASIA - CUSTODY, Tbk, PT",REKSA DANA TERPROTEKSI TRIMEGAH TERPROTEKSI DANA BERKALA 10,Capital Protected Fund,IDR,0,0
"Trimegah Asset Management, PT","BANK CENTRAL ASIA - CUSTODY, Tbk, PT",REKSA DANA TERPROTEKSI TRIMEGAH TERPROTEKSI DANA BERKALA 11,Capital Protected Fund,IDR,516075299983.19,500010000
"Trimegah Asset Management, PT","BANK CENTRAL ASIA - CUSTODY, Tbk, PT",REKSA DANA TERPROTEKSI TRIMEGAH TERPROTEKSI DANA BERKALA 12,Capital Protected Fund,IDR,509232472271.85,500004000
"Trimegah Asset Management, PT","BANK CENTRAL ASIA - CUSTODY, Tbk, PT",REKSA DANA TERPROTEKSI TRIMEGAH TERPROTEKSI DANA BERKALA 16,Capital Protected Fund,IDR,541850014408.3,540001900
"Trimegah Asset Management, PT","BANK CENTRAL ASIA - CUSTODY, Tbk, PT",REKSA DANA TERPROTEKSI TRIMEGAH TERPROTEKSI DANA BERKALA 17,Capital Protected Fund,IDR,0,0
"Trimegah Asset Management, PT","BANK NEGARA INDONESIA (PERSERO) - CUSTODY, Tbk, PT",REKSA DANA TERPROTEKSI TRIMEGAH TERPROTEKSI FUTURA 23,Capital Protected Fund,IDR,0,0
"Trimegah Asset Management, PT","BANK NEGARA INDONESIA (PERSERO) - CUSTODY, Tbk, PT",REKSA DANA TERPROTEKSI TRIMEGAH TERPROTEKSI FUTURA 26,Capital Protected Fund,IDR,0,0
"Trimegah Asset Management, PT","BANK NEGARA INDONESIA (PERSERO) - CUSTODY, Tbk, PT",REKSA DANA TERPROTEKSI TRIMEGAH TERPROTEKSI FUTURA 27,Capital Protected Fund,IDR,39297218709.7,38368529.84
"Trimegah Asset Management, PT","BANK NEGARA INDONESIA (PERSERO) - CUSTODY, Tbk, PT",REKSA DANA TERPROTEKSI TRIMEGAH TERPROTEKSI FUTURA XVI RESTRUKTURISASI,Capital Protected Fund,IDR,17387128751.69,107053373.04
"Trimegah Asset Management, PT","BANK RAKYAT INDONESIA (PERSERO) - CUSTODY, Tbk, PT",REKSA DANA TERPROTEKSI TRIMEGAH TERPROTEKSI LESTARI 19,Capital Protected Fund,IDR,1495027.86,0
"Trimegah Asset Management, PT","BANK RAKYAT INDONESIA (PERSERO) - CUSTODY, Tbk, PT",REKSA DANA TERPROTEKSI TRIMEGAH TERPROTEKSI LESTARI 20,Capital Protected Fund,IDR,0,0
"Trimegah Asset Management, PT","BANK RAKYAT INDONESIA (PERSERO) - CUSTODY, Tbk, PT",REKSA DANA TERPROTEKSI TRIMEGAH TERPROTEKSI LESTARI 21,Capital Protected Fund,IDR,0,0
"Trimegah Asset Management, PT","BANK RAKYAT INDONESIA (PERSERO) - CUSTODY, Tbk, PT",REKSA DANA TERPROTEKSI TRIMEGAH TERPROTEKSI LESTARI 22,Capital Protected Fund,IDR,98811350166.2,96926000
"Trimegah Asset Management, PT","BANK RAKYAT INDONESIA (PERSERO) - CUSTODY, Tbk, PT",REKSA DANA TERPROTEKSI TRIMEGAH TERPROTEKSI LESTARI 23,Capital Protected Fund,IDR,292950094826.99,286250000
"Trimegah Asset Management, PT","BANK RAKYAT INDONESIA (PERSERO) - CUSTODY, Tbk, PT",REKSA DANA TERPROTEKSI TRIMEGAH TERPROTEKSI LESTARI 25,Capital Protected Fund,IDR,273624103692.41,267400000
"Trimegah Asset Management, PT","BANK RAKYAT INDONESIA (PERSERO) - CUSTODY, Tbk, PT",REKSA DANA TERPROTEKSI TRIMEGAH TERPROTEKSI LESTARI 27,Capital Protected Fund,IDR,123713410592.69,120280000
"Trimegah Asset Management, PT","BANK RAKYAT INDONESIA (PERSERO) - CUSTODY, Tbk, PT",REKSA DANA TERPROTEKSI TRIMEGAH TERPROTEKSI LESTARI 28,Capital Protected Fund,IDR,62414657553.53,60356000
"Trimegah Asset Management, PT","BANK RAKYAT INDONESIA (PERSERO) - CUSTODY, Tbk, PT",REKSA DANA TERPROTEKSI TRIMEGAH TERPROTEKSI LESTARI 29,Capital Protected Fund,IDR,300159480096.44,288302000
"Trimegah Asset Management, PT","BANK RAKYAT INDONESIA (PERSERO) - CUSTODY, Tbk, PT",REKSA DANA TERPROTEKSI TRIMEGAH TERPROTEKSI LESTARI 30,Capital Protected Fund,IDR,248149924800.54,233500000
"Trimegah Asset Management, PT","BANK RAKYAT INDONESIA (PERSERO) - CUSTODY, Tbk, PT",REKSA DANA TERPROTEKSI TRIMEGAH TERPROTEKSI LESTARI 31,Capital Protected Fund,IDR,328531265298.72,300000000
"Trimegah Asset Management, PT","BANK RAKYAT INDONESIA (PERSERO) - CUSTODY, Tbk, PT",REKSA DANA TERPROTEKSI TRIMEGAH TERPROTEKSI LESTARI 32,Capital Protected Fund,IDR,0,0
"Trimegah Asset Management, PT","BANK DBS INDONESIA - CUSTODY, PT",REKSA DANA TERPROTEKSI TRIMEGAH TERPROTEKSI OPTIMA 2,Capital Protected Fund,IDR,212160230902,195000000
"Trimegah Asset Management, PT","BANK DBS INDONESIA - CUSTODY, PT",REKSA DANA TERPROTEKSI TRIMEGAH TERPROTEKSI OPTIMA 5,Capital Protected Fund,IDR,33414879266,33105000
"Trimegah Asset Management, PT",PT Bank Tabungan Negara (Persero) Tbk,REKSA DANA TERPROTEKSI TRIMEGAH TERPROTEKSI OPTIMA 6,Capital Protected Fund,IDR,197569048372.57,196513291
"Trimegah Asset Management, PT","BANK DBS INDONESIA - CUSTODY, PT",REKSA DANA TERPROTEKSI TRIMEGAH TERPROTEKSI OPTIMA 7,Capital Protected Fund,IDR,0,0
"Trimegah Asset Management, PT","BANK CENTRAL ASIA - CUSTODY, Tbk, PT",REKSA DANA TERPROTEKSI TRIMEGAH TERPROTEKSI PRIMA 25 (RESTRUKTURISASI),Capital Protected Fund,IDR,114022630972.34,116894108.04
"Trimegah Asset Management, PT","BANK CENTRAL ASIA - CUSTODY, Tbk, PT",REKSA DANA TERPROTEKSI TRIMEGAH TERPROTEKSI PRIMA 33,Capital Protected Fund,IDR,0,0
"Trimegah Asset Management, PT","BANK CENTRAL ASIA - CUSTODY, Tbk, PT",REKSA DANA TERPROTEKSI TRIMEGAH TERPROTEKSI PRIMA 35,Capital Protected Fund,IDR,0,0
"Trimegah Asset Management, PT","BANK DBS INDONESIA - CUSTODY, PT",REKSA DANA TERPROTEKSI TRIMEGAH TERPROTEKSI PRIMA 37,Capital Protected Fund,IDR,62536882559,60755000
"Trimegah Asset Management, PT","BANK CENTRAL ASIA - CUSTODY, Tbk, PT",REKSA DANA TERPROTEKSI TRIMEGAH TERPROTEKSI PRIMA 38,Capital Protected Fund,IDR,208620340716.62,202377474
"Trimegah Asset Management, PT","BANK DBS INDONESIA - CUSTODY, PT",REKSA DANA TERPROTEKSI TRIMEGAH TERPROTEKSI PRIMA 39,Capital Protected Fund,IDR,34737675878,33925000
"Trimegah Asset Management, PT","BANK DBS INDONESIA - CUSTODY, PT",REKSA DANA TERPROTEKSI TRIMEGAH TERPROTEKSI PRIMA XXIII RESTRUKTURISASI,Capital Protected Fund,IDR,11668258421,70541000
"UOB Asset Management Indonesia, PT","BANK DBS INDONESIA - CUSTODY, PT",REKSA DANA TERPROTEKSI UOBAM PROTECTED I USD,Capital Protected Fund,USD,0,0
"UOB Asset Management Indonesia, PT","BANK CENTRAL ASIA - CUSTODY, Tbk, PT",REKSA DANA TERPROTEKSI UOBAM PROTEKSI I,Capital Protected Fund,IDR,105189164715.16,102991000
"UOB Asset Management Indonesia, PT","BANK CENTRAL ASIA - CUSTODY, Tbk, PT",REKSA DANA TERPROTEKSI UOBAM PROTEKSI II,Capital Protected Fund,IDR,0,0
"Treasure Fund Investama, PT","BANK MANDIRI (PERSERO) - CUSTODY, Tbk, PT",REKSA DANA TF SUPER MAXXI,Equity Fund,IDR,160194243676.36,873055997.68
"Trimegah Asset Management, PT",PT Bank HSBC Indonesia,Reksa Dana TRAM Alpha,Mixed Asset Fund,IDR,112116562810,73635529.13
"Trimegah Asset Management, PT",PT Bank HSBC Indonesia,Reksa Dana TRAM Consumption Plus,Equity Fund,IDR,0,0
"Trimegah Asset Management, PT",PT Bank HSBC Indonesia,REKSA DANA TRAM CONSUMPTION PLUS KELAS A,Equity Fund,IDR,128068226074,70790947.24
"Trimegah Asset Management, PT",PT Bank HSBC Indonesia,REKSA DANA TRAM CONSUMPTION PLUS KELAS B,Equity Fund,IDR,0,0
"Trimegah Asset Management, PT",PT Bank HSBC Indonesia,Reksa Dana TRAM Infrastructure Plus,Equity Fund,IDR,0,0
"Trimegah Asset Management, PT",PT Bank HSBC Indonesia,Reksa Dana TRAM Pendapatan Tetap USD,Fixed Income Fund,USD,10482081044.26,480154.59
"Trimegah Asset Management, PT","BANK CENTRAL ASIA - CUSTODY, Tbk, PT",REKSA DANA TRAM PUNDI KAS 2,Money Market Fund,IDR,1044632311727.68,670630840.25
"Trimegah Asset Management, PT",PT Bank HSBC Indonesia,Reksa Dana TRAM Strategic Plus,Fixed Income Fund,IDR,0,0
"Trimegah Asset Management, PT",PT Bank HSBC Indonesia,REKSA DANA TRAM STRATEGIC PLUS KELAS A,Fixed Income Fund,IDR,148740547159,70920913.24
"Trimegah Asset Management, PT",PT Bank HSBC Indonesia,REKSA DANA TRAM STRATEGIC PLUS KELAS B,Fixed Income Fund,IDR,0,0
"Treasure Fund Investama, PT","BANK NEGARA INDONESIA (PERSERO) - CUSTODY, Tbk, PT",REKSA DANA TREASURE SAHAM MANTAP,Equity Fund,IDR,541927122676.27,903507189.31
"Trimegah Asset Management, PT",DEUTSCHE BANK A. G. - CUSTODY,Reksa Dana TRIM Dana Tetap 2,Fixed Income Fund,IDR,0,0
"Trimegah Asset Management, PT",DEUTSCHE BANK A. G. - CUSTODY,REKSA DANA TRIM DANA TETAP 2 KELAS A,Fixed Income Fund,IDR,2376279744318.36,705407501.34
"Trimegah Asset Management, PT",DEUTSCHE BANK A. G. - CUSTODY,REKSA DANA TRIM DANA TETAP 2 KELAS B,Fixed Income Fund,IDR,517118773777.9,497815401.85
"Trimegah Asset Management, PT",DEUTSCHE BANK A. G. - CUSTODY,REKSA DANA TRIM KAPITAL PLUS,Equity Fund,IDR,333721859481.61,75155812.49
"Trimegah Asset Management, PT","BANK DBS INDONESIA - CUSTODY, PT",REKSA DANA TRIM KAS 2,Money Market Fund,IDR,0,0
"Trimegah Asset Management, PT","BANK DBS INDONESIA - CUSTODY, PT",REKSA DANA TRIM KAS 2 KELAS A,Money Market Fund,IDR,5410260169712,2764751666.04
"Trimegah Asset Management, PT","BANK DBS INDONESIA - CUSTODY, PT",REKSA DANA TRIM KAS 2 KELAS B,Money Market Fund,IDR,816251527746,742080051.8
"Trimegah Asset Management, PT",DEUTSCHE BANK A. G. - CUSTODY,REKSA DANA TRIM KOMBINASI 2,Mixed Asset Fund,IDR,23634280821.42,8205336.37
"Trimegah Asset Management, PT",DEUTSCHE BANK A. G. - CUSTODY,REKSA DANA TRIM SYARIAH BERIMBANG,Mixed Asset Fund,IDR,29365240219.33,8462447.81
"Trimegah Asset Management, PT",DEUTSCHE BANK A. G. - CUSTODY,REKSA DANA TRIM SYARIAH SAHAM,Equity Fund,IDR,97312046108.38,50340651.17
"Trimegah Asset Management, PT","BANK DBS INDONESIA - CUSTODY, PT",REKSA DANA TRIMEGAH BALANCED ABSOLUTE STRATEGY,Mixed Asset Fund,IDR,0,0
"Trimegah Asset Management, PT","BANK DBS INDONESIA - CUSTODY, PT",REKSA DANA TRIMEGAH BALANCED ABSOLUTE STRATEGY KELAS A,Mixed Asset Fund,IDR,267294754865,139253089.93
"Trimegah Asset Management, PT","BANK DBS INDONESIA - CUSTODY, PT",REKSA DANA TRIMEGAH BALANCED ABSOLUTE STRATEGY KELAS B,Mixed Asset Fund,IDR,0,0
"Trimegah Asset Management, PT","BANK DBS INDONESIA - CUSTODY, PT",REKSA DANA TRIMEGAH BALANCED ABSOLUTE STRATEGY KELAS C,Mixed Asset Fund,IDR,0,0
"Trimegah Asset Management, PT","BANK DBS INDONESIA - CUSTODY, PT",REKSA DANA TRIMEGAH BALANCED ABSOLUTE STRATEGY KELAS P,Mixed Asset Fund,IDR,13431186026,12800000
"Trimegah Asset Management, PT","BANK CENTRAL ASIA - CUSTODY, Tbk, PT",REKSA DANA TRIMEGAH BALANCED ABSOLUTE STRATEGY LOW VOLATILITY,Mixed Asset Fund,IDR,45050559123.9,38086730.21
"Trimegah Asset Management, PT",DEUTSCHE BANK A. G. - CUSTODY,REKSA DANA TRIMEGAH BALANCED ABSOLUTE STRATEGY NUSANTARA,Mixed Asset Fund,IDR,447572562620.43,397762764.06
"Trimegah Asset Management, PT","BANK CIMB NIAGA - CUSTODY, Tbk, PT",REKSA DANA TRIMEGAH BHAKTI BANGSA,Equity Fund,IDR,310251162644.93,195638249.62
"Trimegah Asset Management, PT",DEUTSCHE BANK A. G. - CUSTODY,REKSA DANA TRIMEGAH DANA KAS 1,Money Market Fund,IDR,12727780971.62,10735747.27
"Trimegah Asset Management, PT","BANK CENTRAL ASIA - CUSTODY, Tbk, PT",REKSA DANA TRIMEGAH DANA LIKUID,Money Market Fund,IDR,10298647581.81,8108462.88
"Trimegah Asset Management, PT","BANK CENTRAL ASIA - CUSTODY, Tbk, PT",REKSA DANA TRIMEGAH DANA OBLIGASI NUSANTARA,Fixed Income Fund,IDR,155749823332.34,134892124
"Trimegah Asset Management, PT","BANK DBS INDONESIA - CUSTODY, PT",REKSA DANA TRIMEGAH DANA TETAP NUSANTARA,Fixed Income Fund,IDR,308505167301,172042022.37
"Trimegah Asset Management, PT",PT Bank OCBC NISP Tbk,Reksa Dana Trimegah Dana Tetap Prima,Fixed Income Fund,IDR,1190331517316.7,1160597191.87
"Trimegah Asset Management, PT",PT Bank HSBC Indonesia,REKSA DANA TRIMEGAH EQUITY FOCUS 2,Equity Fund,IDR,0,0
"Trimegah Asset Management, PT",PT Bank HSBC Indonesia,REKSA DANA TRIMEGAH EQUITY FOCUS 2 KELAS A,Equity Fund,IDR,20066903849,20428415.93
"Trimegah Asset Management, PT",PT Bank HSBC Indonesia,REKSA DANA TRIMEGAH EQUITY FOCUS 2 KELAS B,Equity Fund,IDR,0,0
"Trimegah Asset Management, PT","BANK CENTRAL ASIA - CUSTODY, Tbk, PT",REKSA DANA TRIMEGAH FIXED INCOME PLAN,Fixed Income Fund,IDR,3395392050124.61,2874515539.14
"Trimegah Asset Management, PT","BANK MANDIRI (PERSERO) - CUSTODY, Tbk, PT",REKSA DANA TRIMEGAH KAS SYARIAH,Money Market Fund,IDR,1305825646198.71,888434042.3
"Trimegah Asset Management, PT","BANK DBS INDONESIA - CUSTODY, PT",Reksa Dana Trimegah Obligasi Nusantara,Fixed Income Fund,IDR,1102975014233,780050352.23
"Trimegah Asset Management, PT","BANK CENTRAL ASIA - CUSTODY, Tbk, PT",REKSA DANA TRIMEGAH OBLIGASI NUSANTARA 2,Fixed Income Fund,IDR,16.38,0
"Trimegah Asset Management, PT","BANK CENTRAL ASIA - CUSTODY, Tbk, PT",REKSA DANA TRIMEGAH PENDAPATAN TETAP HIJAU INKLUSIF,Fixed Income Fund,IDR,16666147910.92,15001395.2
"Trimegah Asset Management, PT","BANK PERMATA - CUSTODY, Tbk, PT",Reksa Dana Trimegah Pendapatan Tetap Prima Nusa,Fixed Income Fund,IDR,197511292749.24,200970777.73
"Trimegah Asset Management, PT","BANK PERMATA - CUSTODY, Tbk, PT",REKSA DANA TRIMEGAH PRIMA CAMPURAN,Mixed Asset Fund,IDR,16871980017.36,15009111.76
"Trimegah Asset Management, PT",PT. BANK PEMBANGUNAN DAERAH JAWA BARAT DAN BANTEN TBK,REKSA DANA TRIMEGAH PUNDI KAS 11,Money Market Fund,IDR,64790882202.68,54769434.45
"Trimegah Asset Management, PT","BANK CENTRAL ASIA - CUSTODY, Tbk, PT",Reksa Dana Trimegah Pundi Kas 6,Money Market Fund,IDR,0.01,0
"Trimegah Asset Management, PT","BANK MANDIRI (PERSERO) - CUSTODY, Tbk, PT",REKSA DANA TRIMEGAH PUNDI KAS 7,Money Market Fund,IDR,0,0
"Trimegah Asset Management, PT","BANK MANDIRI (PERSERO) - CUSTODY, Tbk, PT",REKSA DANA TRIMEGAH SAHAM NUSANTARA,Equity Fund,IDR,2047799674757.84,1932866370.48
"UOB Asset Management Indonesia, PT","BANK CENTRAL ASIA - CUSTODY, Tbk, PT",REKSA DANA UOBAM ESG PASAR UANG INDONESIA,Money Market Fund,IDR,443815973073.01,379597799.94
"Victoria Manajemen Investasi, PT","BANK DANAMON INDONESIA - CUSTODY, Tbk, PT",REKSA DANA VICTORIA CAMPURAN DINAMIS,Mixed Asset Fund,IDR,13228726614.99,11400800.75
"Victoria Manajemen Investasi, PT",PT. BANK PEMBANGUNAN DAERAH JAWA BARAT DAN BANTEN TBK,REKSA DANA VICTORIA DANA LANCAR,Money Market Fund,IDR,140033213075.35,86192752.44
"Victoria Manajemen Investasi, PT","BANK DANAMON INDONESIA - CUSTODY, Tbk, PT",Reksa Dana Victoria Equity Maxima,Equity Fund,IDR,28669962766.77,29911370.03
"Victoria Manajemen Investasi, PT",PT KEB Hana Bank Indonesia,REKSA DANA VICTORIA FIXED INCOME,Fixed Income Fund,IDR,27924209923.1,23334520.08
"Victoria Manajemen Investasi, PT","BANK BUKOPIN - CUSTODY, Tbk, PT",REKSA DANA VICTORIA PASAR UANG ORION,Money Market Fund,IDR,10003014253.97,9974809.55
"Victoria Manajemen Investasi, PT","BANK DANAMON INDONESIA - CUSTODY, Tbk, PT",REKSA DANA VICTORIA PRIME EQUITY FUND,Equity Fund,IDR,42042333558.6,73200129.32
"Victoria Manajemen Investasi, PT",PT Bank Maybank Indonesia Tbk,REKSA DANA VMI DANA SAHAM,Equity Fund,IDR,0,0
"Bahana TCW Investment Management, PT","BANK CENTRAL ASIA - CUSTODY, Tbk, PT",Reksadana Bahana Likuid Plus,Money Market Fund,IDR,1439249248118.19,976371246.08
"Batavia Prosperindo Aset Manajemen, PT",PT Bank OCBC NISP Tbk,Reksadana Batavia Prima Obligasi,Fixed Income Fund,IDR,1351858003224.99,1157876363.7
"Danakita Investama, PT","BANK CENTRAL ASIA - CUSTODY, Tbk, PT",REKSADANA DANAKITA INVESTASI FLEKSIBEL,Mixed Asset Fund,IDR,9554547860.88,6663695.69
"Danakita Investama, PT","BANK CENTRAL ASIA - CUSTODY, Tbk, PT",REKSADANA DANAKITA SAHAM PRIORITAS,Equity Fund,IDR,7529957614.55,6810790.6
"Insight Investments Management, PT","BANK MANDIRI (PERSERO) - CUSTODY, Tbk, PT",REKSADANA GURU,Mixed Asset Fund,IDR,783090596439.49,726861141.96
"Mega Asset Management, PT","BANK MANDIRI (PERSERO) - CUSTODY, Tbk, PT",Reksadana Mega Asset Mantap,Fixed Income Fund,IDR,1250910298.68,760812.53
"Millenium Capital Management, PT","BANK DANAMON INDONESIA - CUSTODY, Tbk, PT",REKSADANA MILLENIUM DYNAMIC EQUITY FUND,Equity Fund,IDR,24851164847.43,46554575.46
"PNM Investment Management, PT","BANK DBS INDONESIA - CUSTODY, PT",REKSADANA PNM DANA SEJAHTERA II,Fixed Income Fund,IDR,296961963097,80574966.25
"Schroder Investment Management Indonesia, PT","BANK CENTRAL ASIA - CUSTODY, Tbk, PT",Reksadana Schroder Prestasi Gebyar Indonesia II,Fixed Income Fund,IDR,301966691742.64,85809581.11
"Syailendra Capital, PT",STANDARD CHARTERED BANK - CUSTODY,REKSADANA SYAILENDRA FIXED INCOME FUND KELAS B,Fixed Income Fund,IDR,0,0
"PNM Investment Management, PT","BANK DANAMON INDONESIA - CUSTODY, Tbk, PT",REKSADANA SYARIAH PNM SUKUK NEGARA SYARIAH,Fixed Income Fund,IDR,1067586746.21,1002882.88
"Samuel Aset Manajemen, PT","BANK CIMB NIAGA - CUSTODY, Tbk, PT",SAM Dana Berkembang,Mixed Asset Fund,IDR,30059913970.33,1503918.61
"Trimegah Asset Management, PT",DEUTSCHE BANK A. G. - CUSTODY,TRIM Kapital,Equity Fund,IDR,268611843377.96,25078135.55
