date,nav
2004-12-27,1000
2004-12-28,1000.31
2004-12-29,1000.39
2004-12-30,998.81
2005-01-03,1000.96
2005-01-04,1016.14
2005-01-05,1008.19
2005-01-06,1021.18
2005-01-07,1026.3199
2005-01-10,1019.69
2005-01-11,1019.91
2005-01-12,1024
2005-01-13,1032.16
2005-01-14,1026.65
2005-01-17,1027.5
2005-01-18,1024.7
2005-01-19,1051.4399
2005-01-20,1053.89
2005-01-24,1052.74
2005-01-25,1050.4301
2005-01-26,1055.27
2005-01-27,1060.96
2005-01-28,1060.96
2005-01-31,1060.29
2005-02-01,1063.15
2005-02-02,1066.4
2005-02-03,1068.14
2005-02-04,1069.25
2005-02-07,1068.7
2005-02-08,1068.5
2005-02-11,1073.7
2005-02-14,1077.54
2005-02-15,1084.37
2005-02-16,1088.1899
2005-02-17,1098.12
2005-02-18,1105.66
2005-02-21,1105
2005-02-22,1109.03
2005-02-23,1118.8
2005-02-24,1125.25
2005-02-25,1107.1899
2005-02-28,1101.09
2005-03-01,1110.36
2005-03-02,1100.8199
2005-03-03,1115.5601
2005-03-04,1124.49
2005-03-07,1130.45
2005-03-08,1136.39
2005-03-09,1142.26
2005-03-10,1137.16
2005-03-14,1150.41
2005-03-15,1155.78
2005-03-16,1179.24
2005-03-17,1171.61
2005-03-18,1180.33
2005-03-21,1181.76
2005-03-22,1179.86
2005-03-23,1168.74
2005-03-24,1137.89
2005-03-28,1123.7
2005-03-29,1100.15
2005-03-30,1094.8199
2005-03-31,1112.41
2005-04-01,1126.36
2005-04-04,1128.99
2005-04-05,1125.42
2005-04-06,1129.36
2005-04-07,1137.78
2005-04-08,1134.77
2005-04-11,1131.12
2005-04-12,1135.6801
2005-04-13,1141.1801
2005-04-14,1134.95
2005-04-15,1123.34
2005-04-18,1091.08
2005-04-19,1093.05
2005-04-20,1103.53
2005-04-21,1078.35
2005-04-25,1054.49
2005-04-26,1065.01
2005-04-27,1064.67
2005-04-28,1067.75
2005-04-29,1059.5601
2005-05-02,1060.0601
2005-05-03,1062.84
2005-05-04,1082.03
2005-05-06,1100.05
2005-05-09,1114.75
2005-05-10,1109.6
2005-05-11,1096.8199
2005-05-12,1101.52
2005-05-13,1099.36
2005-05-16,1090
2005-05-17,1081.27
2005-05-18,1082.4
2005-05-19,1096.33
2005-05-20,1097.73
2005-05-23,1094.51
2005-05-25,1093.12
2005-05-26,1096.91
2005-05-27,1104.1801
2005-05-30,1110.37
2005-05-31,1131.25
2005-06-01,1134.28
2005-06-02,1146.36
2005-06-03,1153.83
2005-06-06,1153.45
2005-06-07,1152.2
2005-06-08,1147.85
2005-06-09,1148.48
2005-06-10,1144.24
2005-06-13,1150.3101
2005-06-14,1152.63
2005-06-15,1173.14
2005-06-16,1177.86
2005-06-17,1196.67
2005-06-20,1203.9
2005-06-21,1197.55
2005-06-22,1197.72
2005-06-23,1197.38
2005-06-24,1197.6801
2005-06-27,1182.33
2005-06-28,1189.71
2005-06-29,1193.78
2005-06-30,1190.87
2005-07-01,1202.8
2005-07-04,1203.66
2005-07-05,1191.99
2005-07-06,1182.6801
2005-07-07,1171.91
2005-07-08,1177.72
2005-07-11,1191.0601
2005-07-12,1200.63
2005-07-13,1199.0699
2005-07-14,1204.9301
2005-07-15,1199.42
2005-07-18,1200.22
2005-07-19,1200.5601
2005-07-20,1210.1
2005-07-21,1226.05
2005-07-22,1240.9
2005-07-25,1239.6899
2005-07-26,1251.2
2005-07-27,1249.04
2005-07-28,1259.96
2005-07-29,1264.0699
2005-08-01,1261.1
2005-08-02,1267.21
2005-08-03,1262.73
2005-08-04,1256.4399
2005-08-05,1242.88
2005-08-08,1230.66
2005-08-09,1233.5601
2005-08-10,1245.96
2005-08-11,1240.78
2005-08-12,1223.51
2005-08-15,1194.79
2005-08-16,1190.62
2005-08-18,1177.98
2005-08-19,1161.04
2005-08-22,1147.26
2005-08-23,1135.9301
2005-08-24,1122.01
2005-08-25,1144.0601
2005-08-26,1130.45
2005-08-29,1079.9301
2005-08-30,1127.49
2005-08-31,1140.26
2005-09-01,1130.59
2005-09-05,1126.79
2005-09-06,1141.29
2005-09-07,1146.39
2005-09-08,1160.8199
2005-09-09,1172.15
2005-09-12,1172.15
2005-09-13,1156.11
2005-09-14,1136.13
2005-09-15,1128.5601
2005-09-16,1132.27
2005-09-19,1138.2
2005-09-20,1138.2
2005-09-21,1110.48
2005-09-22,1088.39
2005-09-23,1082.21
2005-09-26,1104.8
2005-09-27,1107.09
2005-09-28,1095.52
2005-09-29,1116.34
2005-09-30,1149.17
2005-10-03,1150.39
2005-10-04,1169.15
2005-10-05,1173.3199
2005-10-06,1158.41
2005-10-07,1148.49
2005-10-10,1157.17
2005-10-11,1157.65
2005-10-12,1154.01
2005-10-13,1140.9
2005-10-14,1149.04
2005-10-17,1145.5699
2005-10-18,1154.45
2005-10-19,1134.08
2005-10-20,1137.2
2005-10-21,1138.97
2005-10-24,1130.89
2005-10-25,1124.22
2005-10-26,1120.89
2005-10-27,1139.85
2005-10-28,1131.77
2005-10-31,1137.4399
2005-11-01,1131.2
2005-11-09,1119.73
2005-11-10,1109.1801
2005-11-11,1092.74
2005-11-14,1083.4
2005-11-15,1089.5
2005-11-16,1100.0601
2005-11-17,1107.41
2005-11-18,1128.17
2005-11-21,1136.29
2005-11-22,1144.59
2005-11-23,1138.91
2005-11-24,1154.09
2005-11-25,1150.46
2005-11-28,1156.72
2005-11-29,1152.23
2005-11-30,1159.73
2005-12-01,1162.4
2005-12-02,1185.71
2005-12-05,1182.79
2005-12-06,1189.3199
2005-12-07,1216.77
2005-12-08,1219.15
2005-12-09,1218.26
2005-12-12,1235.47
2005-12-13,1242.9301
2005-12-14,1236.55
2005-12-15,1216.5
2005-12-16,1207.72
2005-12-19,1225.14
2005-12-20,1227.83
2005-12-21,1218.91
2005-12-22,1218.47
2005-12-23,1214.8199
2005-12-27,1217.02
2005-12-28,1218.91
2005-12-29,1216.34
2006-01-02,1222.06
2006-01-03,1237.9
2006-01-04,1275.18
2006-01-05,1269.59
2006-01-06,1280.02
2006-01-09,1301.57
2006-01-11,1310.64
2006-01-12,1299.06
2006-01-13,1286.5
2006-01-16,1267.12
2006-01-17,1245.78
2006-01-18,1225.97
2006-01-19,1267.39
2006-01-20,1260.92
2006-01-23,1231.14
2006-01-24,1239.54
2006-01-25,1264
2006-01-26,1261.58
2006-01-27,1271.56
2006-01-30,1267.16
2006-02-01,1279.82
2006-02-02,1279.54
2006-02-03,1279.81
2006-02-06,1284.62
2006-02-07,1294.52
2006-02-08,1272.06
2006-02-09,1279.4
2006-02-10,1280.17
2006-02-13,1281.15
2006-02-14,1260.9
2006-02-15,1266.48
2006-02-16,1267.65
2006-02-17,1270.99
2006-02-20,1273.94
2006-02-21,1259.08
2006-02-22,1255.17
2006-02-23,1247.49
2006-02-24,1240.48
2006-02-26,1263.43
2006-02-27,1250.97
2006-02-28,1266.43
2006-03-01,1266.4301
2006-03-02,1278
2006-03-03,1288.87
2006-03-06,1289.2
2006-03-07,1272.55
2006-03-08,1259.76
2006-03-09,1265.82
2006-03-10,1280.2
2006-03-13,1275.1
2006-03-14,1273.81
2006-03-15,1272.18
2006-03-16,1300.78
2006-03-17,1340.37
2006-03-20,1371.44
2006-03-21,1367.43
2006-03-22,1337.88
2006-03-23,1339.54
2006-03-24,1346.67
2006-03-27,1346.02
2006-03-28,1369.8
2006-03-29,1367.72
2006-04-03,1376.72
2006-04-04,1377.42
2006-04-05,1399.77
2006-04-06,1409.18
2006-04-07,1422.8
2006-04-11,1422.8
2006-04-12,1426.1
2006-04-13,1437.44
2006-04-17,1440.97
2006-04-18,1474.96
2006-04-19,1524.19
2006-04-20,1530.11
2006-04-21,1518.57
2006-04-24,1502.63
2006-04-25,1512.82
2006-04-26,1536.84
2006-04-27,1527.3
2006-04-28,1507.49
2006-05-01,1520.07
2006-05-02,1511.51
2006-05-03,1511.51
2006-05-04,1523.13
2006-05-05,1520.08
2006-05-08,1545.55
2006-05-09,1566.45
2006-05-10,1575.35
2006-05-11,1592.68
2006-05-12,1558.93
2006-05-15,1449.6
2006-05-16,1460.53
2006-05-17,1495.26
2006-05-18,1434.85
2006-05-19,1419.69
2006-05-22,1332.48
2006-05-23,1362.93
2006-05-24,1357.39
2006-05-29,1359.25
2006-05-30,1394.32
2006-05-31,1360.61
2006-06-01,1342
2006-06-02,1366.57
2006-06-05,1368.77
2006-06-06,1340.04
2006-06-07,1318.42
2006-06-08,1265.68
2006-06-09,1302.82
2006-06-12,1301.79
2006-06-13,1270.37
2006-06-14,1266.18
2006-06-15,1273.18
2006-06-16,1347.12
2006-06-19,1334.13
2006-06-20,1332.67
2006-06-21,1330.47
2006-06-22,1337.74
2006-06-23,1328.51
2006-06-26,1325.61
2006-06-27,1328.56
2006-06-28,1310.46
2006-06-29,1319.15
2006-06-30,1351.89
2006-07-03,1380.64
2006-07-04,1391.03
2006-07-05,1386.72
2006-07-06,1387.53
2006-07-07,1391.4
2006-07-10,1384.4
2006-07-11,1386.83
2006-07-12,1389.4
2006-07-13,1372.04
2006-07-14,1347.49
2006-07-17,1322.42
2006-07-18,1322.91
2006-07-19,1319.65
2006-07-20,1356.51
2006-07-21,1359.17
2006-07-24,1350.67
2006-07-25,1358.6
2006-07-26,1363.68
2006-07-27,1384.99
2006-07-28,1386.35
2006-07-31,1398.1
2006-08-01,1420.92
2006-08-02,1440.38
2006-08-03,1427.71
2006-08-04,1439.66
2006-08-07,1449.73
2006-08-08,1446.74
2006-08-09,1469.04
2006-08-10,1437.11
2006-08-11,1453.7
2006-08-14,1475.21
2006-08-15,1489.9
2006-08-16,1512.53
2006-08-22,1511.92
2006-08-23,1508.91
2006-08-24,1497.73
2006-08-25,1479.36
2006-08-28,1478.57
2006-08-29,1495.55
2006-08-30,1488.35
2006-08-31,1495.91
2006-09-01,1513.01
2006-09-04,1539.02
2006-09-05,1541.06
2006-09-06,1544.87
2006-09-07,1541.88
2006-09-08,1540.38
2006-09-11,1517.27
2006-09-12,1501.15
2006-09-13,1525.47
2006-09-14,1538.59
2006-09-15,1543.22
2006-09-18,1551.75
2006-09-19,1563.49
2006-09-20,1557.71
2006-09-21,1586.14
2006-09-22,1585.84
2006-09-25,1584.75
2006-09-26,1574.5
2006-09-27,1592.1
2006-09-28,1598.36
2006-09-29,1600.79
2006-10-02,1592.5
2006-10-03,1606.19
2006-10-04,1609.97
2006-10-05,1617.87
2006-10-06,1621.67
2006-10-09,1611.82
2006-10-10,1632.8
2006-10-11,1629.41
2006-10-12,1624.44
2006-10-13,1651.05
2006-10-16,1637.06
2006-10-17,1640.3
2006-10-18,1637.4
2006-10-19,1639.65
2006-10-20,1646.3
2006-10-30,1653.98
2006-10-31,1652.25
2006-11-01,1660.26
2006-11-02,1678.63
2006-11-03,1683.29
2006-11-06,1713.07
2006-11-07,1725.7
2006-11-08,1715.6
2006-11-09,1729.03
2006-11-10,1729.04
2006-11-13,1700.84
2006-11-14,1731.31
2006-11-15,1730.68
2006-11-16,1730.4
2006-11-17,1736.99
2006-11-20,1744.81
2006-11-21,1747.2
2006-11-22,1777.22
2006-11-23,1777.61
2006-11-24,1782.41
2006-11-27,1788.64
2006-11-28,1749.71
2006-11-29,1771.84
2006-11-30,1783.92
2006-12-01,1818.05
2006-12-04,1810.23
2006-12-05,1858.9
2006-12-06,1870.86
2006-12-07,1877.55
2006-12-08,1879.49
2006-12-11,1859.14
2006-12-12,1864.4
2006-12-13,1869.09
2006-12-14,1872.75
2006-12-15,1892.82
2006-12-18,1889.88
2006-12-19,1832.82
2006-12-20,1864.01
2006-12-21,1886.89
2006-12-22,1884.14
2006-12-26,1881.33
2006-12-27,1901.33
2006-12-28,1896.45
2007-01-02,1926.0699
2007-01-03,1922.03
2007-01-04,1913.62
2007-01-05,1917.35
2007-01-08,1895.91
2007-01-09,1858.86
2007-01-10,1788.16
2007-01-11,1780.39
2007-01-12,1752.8199
2007-01-15,1797.88
2007-01-16,1814.61
2007-01-17,1816.97
2007-01-18,1832.34
2007-01-19,1852.45
2007-01-22,1874.41
2007-01-23,1861.7
2007-01-24,1864.1801
2007-01-25,1835.2
2007-01-26,1820.51
2007-01-29,1824.52
2007-01-30,1827.46
2007-01-31,1820.2
2007-02-01,1835.64
2007-02-02,1842.46
2007-02-05,1830.79
2007-02-06,1818.65
2007-02-07,1817.77
2007-02-08,1799.46
2007-02-09,1785.64
2007-02-12,1776.75
2007-02-13,1771.52
2007-02-14,1785.86
2007-02-15,1827.01
2007-02-16,1831.99
2007-02-19,1834.16
2007-02-20,1834.52
2007-02-21,1848.49
2007-02-22,1840.61
2007-02-23,1825.45
2007-02-26,1816.33
2007-02-27,1801.23
2007-02-28,1787.59
2007-03-01,1796.33
2007-03-02,1792.09
2007-03-05,1737.21
2007-03-06,1767.74
2007-03-07,1780.97
2007-03-08,1807.6801
2007-03-09,1806.26
2007-03-12,1837.2
2007-03-13,1838.47
2007-03-14,1802.48
2007-03-15,1811.63
2007-03-16,1809.8199
2007-03-20,1797.99
2007-03-21,1807.9301
2007-03-22,1836.39
2007-03-23,1833.09
2007-03-26,1844.58
2007-03-27,1848.89
2007-03-28,1824.5699
2007-03-29,1844.09
2007-03-30,1855.3101
2007-04-02,1877.16
2007-04-03,1927.76
2007-04-04,1950.62
2007-04-05,1913.8101
2007-04-09,1931.96
2007-04-10,1941.4399
2007-04-11,1943.26
2007-04-12,1944.0601
2007-04-13,1956.1899
2007-04-16,1980.3
2007-04-17,1979.27
2007-04-18,1968.55
2007-04-19,1926.66
2007-04-20,1979.62
2007-04-23,1996.71
2007-04-24,1979.85
2007-04-25,2000.66
2007-04-26,2022.61
2007-04-27,2021.46
2007-04-30,1990.4301
2007-05-01,1999.22
2007-05-02,2012.4301
2007-05-03,2028.47
2007-05-04,2044.29
2007-05-07,2050.1599
2007-05-08,2036.3
2007-05-09,2050.54
2007-05-10,2062.4299
2007-05-11,2036.42
2007-05-14,2069.3101
2007-05-15,2073.78
2007-05-16,2114.0901
2007-05-21,2131.28
2007-05-22,2135.99
2007-05-23,2157.1599
2007-05-24,2120.7
2007-05-25,2088.3301
2007-05-28,2114.27
2007-05-29,2106.9399
2007-05-30,2095.1799
2007-05-31,2125.9099
2007-06-04,2161.72
2007-06-05,2143.26
2007-06-06,2152.1299
2007-06-07,2142.4099
2007-06-08,2095.9199
2007-06-11,2140.9199
2007-06-12,2169.1799
2007-06-13,2146.46
2007-06-14,2175.51
2007-06-15,2185.4299
2007-06-18,2197.5701
2007-06-19,2214.53
2007-06-20,2233.74
2007-06-21,2215.6799
2007-06-22,2221.8999
2007-06-25,2226.1299
2007-06-26,2225.76
2007-06-27,2201.99
2007-06-28,2192.0601
2007-06-29,2219.1499
2007-07-02,2254.55
2007-07-03,2284.8201
2007-07-04,2292.95
2007-07-05,2319.0901
2007-07-06,2326.8501
2007-07-09,2378.47
2007-07-10,2387.9099
2007-07-11,2370.9299
2007-07-12,2382.1299
2007-07-13,2399.75
2007-07-16,2379.8401
2007-07-17,2395.1499
2007-07-18,2396.9299
2007-07-19,2446.4099
2007-07-20,2494.8301
2007-07-23,2519.6101
2007-07-24,2543.1899
2007-07-25,2535.6599
2007-07-26,2505.1201
2007-07-27,2435.1001
2007-07-30,2429.6599
2007-07-31,2484.55
2007-08-01,2393.27
2007-08-02,2407.3601
2007-08-03,2412.25
2007-08-06,2324.8301
2007-08-07,2311.3999
2007-08-08,2400.6699
2007-08-09,2376.46
2007-08-10,2334.8101
2007-08-13,2340.1299
2007-08-14,2288.6101
2007-08-15,2140.0801
2007-08-16,2022.6
2007-08-20,2159.26
2007-08-21,2111.5801
2007-08-22,2188.97
2007-08-23,2251.1799
2007-08-24,2264.5901
2007-08-27,2308.0901
2007-08-28,2298.3101
2007-08-29,2276.0601
2007-08-30,2294.7
2007-08-31,2346.74
2007-09-03,2370.02
2007-09-04,2374.1799
2007-09-05,2382.6299
2007-09-06,2389.54
2007-09-07,2407.6001
2007-09-10,2368.5701
2007-09-11,2368.8899
2007-09-12,2316.9399
2007-09-13,2377.28
2007-09-14,2382.3999
2007-09-17,2383.47
2007-09-18,2405.4399
2007-09-19,2490.3799
2007-09-20,2480.1599
2007-09-21,2513.9199
2007-09-24,2544.6399
2007-09-25,2515.72
2007-09-26,2545.95
2007-09-27,2564.3201
2007-09-28,2534.25
2007-10-01,2582.45
2007-10-02,2652.1299
2007-10-03,2638.78
2007-10-04,2664.6399
2007-10-05,2688.78
2007-10-08,2724.9399
2007-10-09,2751.28
2007-10-10,2807.5701
2007-10-11,2859.3201
2007-10-17,2843.6201
2007-10-18,2810.3999
2007-10-19,2749.1299
2007-10-22,2634.1599
2007-10-23,2740.5701
2007-10-24,2710.98
2007-10-25,2786.3
2007-10-26,2816.3701
2007-10-29,2891.48
2007-10-30,2898.8201
2007-10-31,2890.73
2007-11-01,2955.0601
2007-11-02,2950.22
2007-11-05,2885.78
2007-11-06,2912.55
2007-11-07,2939.8301
2007-11-08,2892
2007-11-09,2920.6399
2007-11-12,2874.96
2007-11-13,2878.8201
2007-11-14,2920.47
2007-11-15,2933.8601
2007-11-16,2886.3
2007-11-19,2860.21
2007-11-20,2826.71
2007-11-21,2762.9199
2007-11-22,2791.1799
2007-11-23,2808.6699
2007-11-26,2864.5901
2007-11-27,2843.6201
2007-11-28,2886
2007-11-29,2922.6399
2007-11-30,2911.02
2007-12-03,2948.04
2007-12-04,2991.97
2007-12-05,3015.8
2007-12-06,3038.3501
2007-12-07,3019.0701
2007-12-10,3023.24
2007-12-11,3045.5601
2007-12-12,3025.74
2007-12-13,2977.8999
2007-12-14,2959.28
2007-12-17,2883.5701
2007-12-18,2861.1299
2007-12-19,2877.8601
2007-12-26,2936.6201
2007-12-27,2955.97
2007-12-28,2956.45
2008-01-02,2932.9099
2008-01-03,2904.04
2008-01-04,2959.73
2008-01-07,2971.3799
2008-01-08,2985.7
2008-01-09,3028.6101
2008-01-14,2999.5
2008-01-15,2904.21
2008-01-16,2756.4299
2008-01-17,2818.8401
2008-01-18,2785.51
2008-01-21,2649.5801
2008-01-22,2448.71
2008-01-23,2636.3701
2008-01-24,2692.99
2008-01-25,2808.8799
2008-01-28,2780.3401
2008-01-29,2807.8601
2008-01-30,2801.6699
2008-01-31,2827.4299
2008-02-01,2837.8101
2008-02-04,2897.3201
2008-02-05,2911.25
2008-02-06,2837.78
2008-02-11,2769.75
2008-02-12,2761.3799
2008-02-13,2789.0901
2008-02-14,2866.29
2008-02-15,2888.3799
2008-02-18,2880.97
2008-02-19,2913.04
2008-02-20,2885.5901
2008-02-21,2933.9399
2008-02-22,2939.25
2008-02-25,2944.29
2008-02-26,2928.5701
2008-02-27,2927.54
2008-02-28,2949.5701
2008-02-29,2898.46
2008-03-03,2829.23
2008-03-04,2805.8101
2008-03-05,2808.6699
2008-03-06,2823.3401
2008-03-10,2689.5901
2008-03-11,2690.5601
2008-03-12,2730.3701
2008-03-13,2619.77
2008-03-14,2572.21
2008-03-17,2510.28
2008-03-18,2534.04
2008-03-19,2517.77
2008-03-24,2538.5
2008-03-25,2619.47
2008-03-26,2637.96
2008-03-27,2654.99
2008-03-28,2677.9099
2008-03-31,2647.5
2008-04-01,2587.6599
2008-04-02,2534.45
2008-04-03,2425.6299
2008-04-04,2465.54
2008-04-07,2463.96
2008-04-08,2414.5801
2008-04-09,2347.48
2008-04-10,2408.8301
2008-04-11,2491.8501
2008-04-14,2448.8
2008-04-15,2476.1899
2008-04-16,2521.54
2008-04-17,2524.98
2008-04-18,2541.45
2008-04-21,2526.5901
2008-04-22,2464.97
2008-04-23,2482.5801
2008-04-24,2445.6699
2008-04-25,2417.45
2008-04-28,2422.3999
2008-04-29,2484.99
2008-04-30,2486.79
2008-05-02,2538.29
2008-05-05,2587.71
2008-05-06,2570.52
2008-05-07,2581.03
2008-05-08,2568.8799
2008-05-09,2561.0901
2008-05-12,2562.4099
2008-05-13,2605.1399
2008-05-14,2632.3301
2008-05-15,2636.52
2008-05-16,2650.48
2008-05-19,2701.5601
2008-05-21,2680.9099
2008-05-22,2688.1799
2008-05-23,2648.4099
2008-05-26,2588.8301
2008-05-27,2557.1599
2008-05-28,2611.3899
2008-05-29,2633.4199
2008-05-30,2639.1201
2008-06-02,2624.72
2008-06-03,2593.8601
2008-06-04,2540.45
2008-06-05,2572.5801
2008-06-06,2571.8101
2008-06-09,2575.6499
2008-06-10,2534.3501
2008-06-11,2521.0901
2008-06-12,2555.6799
2008-06-13,2537.24
2008-06-16,2542.3799
2008-06-17,2526.29
2008-06-18,2519.3799
2008-06-19,2529.6499
2008-06-20,2533.75
2008-06-23,2521.1499
2008-06-24,2527.23
2008-06-25,2507.8899
2008-06-26,2515.5
2008-06-27,2485.0601
2008-06-30,2496.01
2008-07-01,2543.4199
2008-07-02,2537.8201
2008-07-03,2428.1001
2008-07-04,2461.46
2008-07-07,2447.0901
2008-07-08,2433.75
2008-07-09,2443.9199
2008-07-10,2431.5901
2008-07-11,2429
2008-07-14,2419.3799
2008-07-15,2376.6899
2008-07-16,2346.4099
2008-07-17,2300.6201
2008-07-18,2290.55
2008-07-21,2343.78
2008-07-22,2376.45
2008-07-23,2408.8501
2008-07-24,2441.9399
2008-07-25,2421.1699
2008-07-28,2448.3999
2008-07-29,2468.8899
2008-07-31,2506.3201
2008-08-01,2437.5801
2008-08-04,2416.53
2008-08-05,2379.74
2008-08-06,2390.6101
2008-08-07,2405.3201
2008-08-08,2410.1799
2008-08-11,2353.55
2008-08-12,2283.98
2008-08-13,2290.02
2008-08-14,2320.8701
2008-08-15,2303.8
2008-08-19,2268.1699
2008-08-20,2293.95
2008-08-21,2313.1899
2008-08-22,2341.6299
2008-08-25,2358.75
2008-08-26,2337.3999
2008-08-27,2372.0901
2008-08-28,2390.1599
2008-08-29,2423.3799
2008-09-01,2431.5801
2008-09-02,2441.3899
2008-09-03,2405.8101
2008-09-04,2354.72
2008-09-05,2308.3799
2008-09-08,2322.45
2008-09-09,2248.2
2008-09-10,2181.8201
2008-09-11,2142
2008-09-12,2051.8799
2008-09-15,1974.96
2008-09-16,2023.63
2008-09-17,2055.73
2008-09-18,2065.3899
2008-09-19,2183.96
2008-09-22,2193.0901
2008-09-23,2150.3
2008-09-24,2162.74
2008-09-25,2154.8401
2008-09-26,2148.1299
2008-09-29,2122.74
2008-10-06,1956.16
2008-10-07,1931.87
2008-10-08,1701.78
2008-10-09,1701.78
2008-10-10,1701.78
2008-10-13,1736.77
2008-10-14,1863.71
2008-10-15,1825.91
2008-10-16,1761.61
2008-10-17,1686.61
2008-10-20,1714.17
2008-10-21,1732.6899
2008-10-22,1656.25
2008-10-23,1599.84
2008-10-24,1481.99
2008-10-27,1396.37
2008-10-28,1316.16
2008-10-29,1321.84
2008-10-30,1397.76
2008-10-31,1495.6801
2008-11-03,1614.27
2008-11-04,1647.64
2008-11-05,1628.66
2008-11-06,1561.4
2008-11-07,1599.64
2008-11-10,1602.0601
2008-11-11,1603.84
2008-11-12,1588.15
2008-11-13,1511.99
2008-11-14,1526.03
2008-11-17,1496.98
2008-11-18,1454.33
2008-11-19,1441.47
2008-11-20,1420.72
2008-11-21,1426.61
2008-11-24,1415.63
2008-11-25,1435.84
2008-11-26,1489.2
2008-11-27,1497.29
2008-11-28,1558.87
2008-12-01,1538.97
2008-12-02,1499.6
2008-12-03,1496.52
2008-12-04,1515.52
2008-12-05,1509.85
2008-12-09,1600.41
2008-12-10,1662.74
2008-12-11,1665.6801
2008-12-12,1587.26
2008-12-15,1711.67
2008-12-16,1688.97
2008-12-17,1716.23
2008-12-18,1712.76
2008-12-19,1691.1899
2008-12-22,1681.29
2008-12-23,1682.8101
2008-12-24,1675.55
2008-12-26,1677.79
2008-12-30,1694.89
2009-01-05,1798.47
2009-01-06,1805.0601
2009-01-07,1777.09
2009-01-08,1757.39
2009-01-09,1766.1801
2009-01-12,1768.71
2009-01-13,1763.74
2009-01-14,1748.08
2009-01-15,1696.11
2009-01-16,1716.73
2009-01-19,1703.22
2009-01-20,1694.08
2009-01-21,1657.95
2009-01-22,1674.16
2009-01-23,1665.54
2009-01-27,1687.37
2009-01-28,1671.4399
2009-01-29,1671.3199
2009-01-30,1688.97
2009-02-02,1660.36
2009-02-03,1659.1
2009-02-04,1668.55
2009-02-05,1673.09
2009-02-06,1689.92
2009-02-09,1683.5
2009-02-10,1664.03
2009-02-11,1653.3
2009-02-12,1657.75
2009-02-13,1670.4301
2009-02-16,1675.58
2009-02-17,1641.54
2009-02-18,1663.51
2009-02-19,1654.89
2009-02-20,1635.71
2009-02-23,1651.87
2009-02-24,1630.99
2009-02-25,1640.6801
2009-02-26,1627.74
2009-02-27,1615.7
2009-03-02,1573.95
2009-03-03,1588.02
2009-03-04,1622.34
2009-03-05,1616.91
2009-03-06,1618.6899
2009-03-10,1640
2009-03-11,1660.02
2009-03-12,1654.03
2009-03-13,1672.4
2009-03-16,1665.08
2009-03-17,1644.7
2009-03-18,1663.87
2009-03-19,1690.4
2009-03-20,1710.16
2009-03-23,1777.8101
2009-03-24,1801.89
2009-03-25,1791.67
2009-03-27,1834.75
2009-03-30,1783.24
2009-03-31,1808.56
2009-04-01,1846.07
2009-04-02,1887.58
2009-04-03,1874.62
2009-04-06,1887.68
2009-04-07,1846.64
2009-04-08,1821.84
2009-04-13,1913.27
2009-04-14,1937.86
2009-04-15,1956.7
2009-04-16,1993.7
2009-04-17,2001.62
2009-04-20,2009.27
2009-04-21,1973.75
2009-04-22,1961.5
2009-04-23,1932.73
2009-04-24,1930.81
2009-04-27,1907.81
2009-04-28,1932.96
2009-04-29,2001.4
2009-04-30,2121.62
2009-05-01,2127.21
2009-05-04,2192.83
2009-05-05,2159.95
2009-05-06,2182.96
2009-05-07,2230.4
2009-05-08,2293.17
2009-05-11,2238.98
2009-05-12,2270.63
2009-05-13,2278.6
2009-05-14,2174.8
2009-05-15,2124.47
2009-05-18,2212.21
2009-05-19,2323.13
2009-05-20,2325.71
2009-05-22,2315.93
2009-05-25,2313.43
2009-05-26,2266.44
2009-05-27,2330.91
2009-05-28,2355.93
2009-05-29,2373.52
2009-06-01,2478.37
2009-06-02,2487.32
2009-06-03,2517.53
2009-06-04,2549.64
2009-06-05,2618.79
2009-06-08,2592.64
2009-06-09,2639.83
2009-06-10,2644.22
2009-06-11,2605.55
2009-06-12,2607.99
2009-06-15,2578.2
2009-06-16,2521.98
2009-06-17,2508.05
2009-06-18,2427.52
2009-06-19,2487.2
2009-06-22,2485.88
2009-06-23,2429.28
2009-06-24,2517.29
2009-06-25,2575.74
2009-06-26,2575.44
2009-06-29,2575.87
2009-06-30,2563.19
2009-07-01,2597.81
2009-07-02,2605.87
2009-07-03,2626.03
2009-07-06,2585.39
2009-07-07,2661.22
2009-07-09,2660.29
2009-07-10,2651.05
2009-07-13,2605.84
2009-07-14,2647.6
2009-07-15,2725.84
2009-07-16,2740.64
2009-07-17,2723.15
2009-07-21,2765.47
2009-07-22,2744.66
2009-07-23,2785.06
2009-07-24,2828.71
2009-07-27,2855.95
2009-07-28,2898.04
2009-07-29,2877.84
2009-07-30,2998.74
2009-07-31,3052.5
2009-08-03,3065.41
2009-08-04,3091.14
2009-08-05,3012.82
2009-08-06,3068.18
2009-08-07,3058.81
2009-08-10,3107.46
2009-08-11,3098.65
2009-08-12,3035.51
2009-08-13,3109.91
2009-08-14,3098.55
2009-08-18,3040.84
2009-08-19,2952.28
2009-08-20,3022.96
2009-08-21,3030.14
2009-08-24,3096.04
2009-08-25,3099.83
2009-08-26,3097.41
2009-08-27,3068.14
2009-08-28,3089.03
2009-08-31,3059.32
2009-09-01,3033.27
2009-09-02,2985.03
2009-09-03,3019.93
2009-09-04,3030.01
2009-09-07,3050.74
2009-09-08,3088.15
2009-09-09,3113.83
2009-09-10,3151.71
2009-09-11,3160.3
2009-09-14,3118.83
2009-09-15,3172.12
2009-09-16,3189.84
2009-09-17,3222.18
2009-09-24,3245.97
2009-09-25,3211.67
2009-09-28,3130.73
2009-09-29,3205.46
2009-09-30,3262.29
2009-10-01,3269.14
2009-10-02,3268.85
2009-10-05,3263.61
2009-10-06,3337.61
2009-10-07,3311.06
2009-10-08,3267.05
2009-10-09,3263.81
2009-10-12,3247.9
2009-10-13,3261.89
2009-10-14,3310.59
2009-10-15,3329.27
2009-10-16,3330.92
2009-10-19,3330.34
2009-10-20,3312.51
2009-10-21,3280.05
2009-10-22,3217.02
2009-10-23,3265.39
2009-10-26,3273.11
2009-10-27,3217.79
2009-10-28,3125
2009-10-29,3113.69
2009-10-30,3155.93
2009-11-02,3162.97
2009-11-03,3123.51
2009-11-04,3153.56
2009-11-05,3154.64
2009-11-06,3226.19
2009-11-09,3252.32
2009-11-10,3216.22
2009-11-11,3241.94
2009-11-12,3261.35
2009-11-13,3265.49
2009-11-16,3319.85
2009-11-17,3322.89
2009-11-18,3334.25
2009-11-19,3308.4
2009-11-20,3322.59
2009-11-23,3318.89
2009-11-24,3297.12
2009-11-25,3271.6
2009-11-26,3166.4
2009-11-30,3210.59
2009-12-01,3257.53
2009-12-02,3288.01
2009-12-03,3320.18
2009-12-04,3338.29
2009-12-07,3296.51
2009-12-08,3299.5
2009-12-09,3314.13
2009-12-10,3330.59
2009-12-11,3378.85
2009-12-14,3355.34
2009-12-15,3335.71
2009-12-16,3374.86
2009-12-17,3352.64
2009-12-21,3221.91
2009-12-22,3279.45
2009-12-23,3285.17
2009-12-28,3331.68
2009-12-29,3343.93
2009-12-30,3365.97
2010-01-04,3417.5
2010-01-05,3468.53
2010-01-06,3476
2010-01-07,3452.17
2010-01-08,3514.38
2010-01-11,3547.3
2010-01-12,3586.29
2010-01-13,3538.67
2010-01-14,3555.67
2010-01-15,3559.82
2010-01-18,3536.79
2010-01-19,3573.05
2010-01-20,3571.42
2010-01-21,3527.67
2010-01-22,3481.91
2010-01-25,3463.55
2010-01-26,3426.68
2010-01-27,3402.55
2010-01-28,3486.31
2010-01-29,3465.4
2010-02-01,3430.68
2010-02-02,3474.33
2010-02-03,3471.7
2010-02-04,3368.92
2010-02-05,3300.06
2010-02-08,3316.36
2010-02-09,3308.76
2010-02-10,3330.09
2010-02-11,3362.02
2010-02-12,3325.26
2010-02-15,3383.8
2010-02-16,3422.26
2010-02-17,3385.99
2010-02-18,3379.53
2010-02-19,3391.19
2010-02-22,3421.81
2010-02-23,3430.07
2010-02-24,3397.04
2010-02-25,3397.04
2010-03-01,3406.56
2010-03-02,3429.71
2010-03-03,3424.58
2010-03-04,3404.16
2010-03-05,3416.29
2010-03-08,3469.74
2010-03-09,3515.17
2010-03-10,3535.98
2010-03-11,3541.19
2010-03-12,3515.28
2010-03-15,3520.82
2010-03-17,3641.74
2010-03-18,3622.41
2010-03-19,3634.12
2010-03-22,3567.99
2010-03-23,3574.12
2010-03-24,3650.29
2010-03-25,3690.32
2010-03-26,3699.66
2010-03-29,3672.37
2010-03-30,3673.45
2010-03-31,3646.77
2010-04-01,3730.62
2010-04-05,3801.67
2010-04-06,3788.56
2010-04-07,3818.12
2010-04-08,3764.92
2010-04-09,3758.27
2010-04-12,3777.82
2010-04-13,3778.21
2010-04-14,3789.45
2010-04-15,3823.99
2010-04-16,3786.19
2010-04-19,3730.72
2010-04-20,3799.47
2010-04-21,3839.37
2010-04-22,3855.87
2010-04-23,3845.27
2010-04-26,3870.5
2010-04-27,3859.34
2010-04-28,3810.68
2010-04-29,3845.79
2010-04-30,3898.34
2010-05-03,3886.22
2010-05-04,3864.69
2010-05-05,3687.15
2010-05-06,3656.9
2010-05-07,3552.36
2010-05-10,3714.12
2010-05-11,3672.93
2010-05-12,3738.37
2010-05-14,3751.14
2010-05-17,3685.64
2010-05-18,3707.7
2010-05-19,3562.47
2010-05-20,3527.28
2010-05-21,3432.69
2010-05-24,3414.59
2010-05-25,3307.54
2010-05-26,3558.81
2010-05-27,3566.18
2010-05-31,3661.31
2010-06-01,3565.45
2010-06-02,3555.16
2010-06-03,3657.3
2010-06-04,3660.1
2010-06-07,3562.73
2010-06-08,3598.8
2010-06-09,3619.85
2010-06-10,3608.67
2010-06-11,3676.69
2010-06-14,3711.03
2010-06-15,3713.25
2010-06-16,3747.08
2010-06-17,3782.75
2010-06-18,3840.37
2010-06-21,3863.45
2010-06-22,3842.6
2010-06-23,3821.37
2010-06-24,3793.73
2010-06-25,3824.47
2010-06-28,3840.27
2010-06-29,3765.93
2010-06-30,3795.47
2010-07-01,3758.38
2010-07-02,3755.54
2010-07-05,3768.47
2010-07-06,3808.02
2010-07-07,3782.52
2010-07-08,3873.24
2010-07-09,3931.81
2010-07-12,3940.08
2010-07-13,3930.76
2010-07-14,3956.35
2010-07-15,3965.4
2010-07-16,3970.61
2010-07-19,3949.78
2010-07-20,3981.14
2010-07-21,4011.07
2010-07-22,4016.82
2010-07-23,4082.51
2010-07-26,4064.33
2010-07-27,4070.86
2010-07-28,4096.05
2010-07-29,4141.15
2010-07-30,4111.94
2010-08-02,4086.16
2010-08-03,3964.78
2010-08-04,3960.81
2010-08-05,4046.24
2010-08-06,4057.67
2010-08-09,4085.62
2010-08-10,4053.39
2010-08-11,4021.29
2010-08-12,4016.53
2010-08-13,4050.16
2010-08-16,4044.4
2010-08-18,4070.67
2010-08-19,4119.72
2010-08-20,4153
2010-08-23,4166.31
2010-08-24,4140.36
2010-08-25,4159
2010-08-26,4176.76
2010-08-27,4122.36
2010-08-30,4110.73
2010-08-31,4089.54
2010-09-01,4161.41
2010-09-02,4175.16
2010-09-03,4254.68
2010-09-06,4310.8
2010-09-07,4293.64
2010-09-15,4486.97
2010-09-16,4454.42
2010-09-17,4529.47
2010-09-20,4473.43
2010-09-21,4442.51
2010-09-22,4425.37
2010-09-23,4407.11
2010-09-24,4504.61
2010-09-27,4581.95
2010-09-28,4593.59
2010-09-29,4647.56
2010-09-30,4646.9
2010-10-01,4689.17
2010-10-04,4730.62
2010-10-05,4790.56
2010-10-06,4786.29
2010-10-07,4737.7
2010-10-08,4691.73
2010-10-11,4689.56
2010-10-12,4703.58
2010-10-13,4770.24
2010-10-14,4778.27
2010-10-15,4774.89
2010-10-18,4734.8
2010-10-19,4757.45
2010-10-20,4738.68
2010-10-21,4760.68
2010-10-22,4753.97
2010-10-25,4790.34
2010-10-26,4798.7
2010-10-27,4759.47
2010-10-28,4795.75
2010-10-29,4803.56
2010-11-01,4787.06
2010-11-02,4761.73
2010-11-03,4716.28
2010-11-04,4744.05
2010-11-05,4773.38
2010-11-08,4810.44
2010-11-09,4872.55
2010-11-10,4854.13
2010-11-11,4811.14
2010-11-12,4702.66
2010-11-15,4676.33
2010-11-16,4687.73
2010-11-18,4687.8
2010-11-19,4772.66
2010-11-22,4785.16
2010-11-23,4683.07
2010-11-24,4662.25
2010-11-25,4718.07
2010-11-26,4646.2
2010-11-29,4633.52
2010-11-30,4505.62
2010-12-01,4628.7
2010-12-02,4725.57
2010-12-03,4738.03
2010-12-06,4757.98
2010-12-08,4763.85
2010-12-09,4762.73
2010-12-10,4729.42
2010-12-13,4696.3
2010-12-14,4674.65
2010-12-15,4644.14
2010-12-16,4518.3
2010-12-17,4553.33
2010-12-20,4522.91
2010-12-21,4611.19
2010-12-22,4594.49
2010-12-23,4572.52
2010-12-27,4574.7
2010-12-28,4628.01
2010-12-29,4687.64
2010-12-30,4695.64
2011-01-03,4756.52
2011-01-04,4823.72
2011-01-05,4828.6
2011-01-06,4774
2011-01-07,4611.63
2011-01-10,4401.1
2011-01-11,4339.32
2011-01-12,4491.32
2011-01-13,4512.13
2011-01-14,4500.15
2011-01-17,4434.51
2011-01-18,4452.4
2011-01-19,4457.05
2011-01-20,4320.99
2011-01-21,4236.86
2011-01-24,4196.24
2011-01-25,4304.46
2011-01-26,4376.35
2011-01-27,4392.96
2011-01-28,4331.76
2011-01-31,4219.78
2011-02-01,4264.25
2011-02-02,4302.4
2011-02-04,4309.98
2011-02-07,4298.73
2011-02-08,4268.45
2011-02-09,4198.43
2011-02-10,4143.65
2011-02-11,4174.23
2011-02-14,4213.8
2011-02-16,4217.08
2011-02-17,4227.16
2011-02-18,4349.33
2011-02-21,4369.02
2011-02-22,4307.15
2011-02-23,4325.84
2011-02-24,4279.33
2011-02-25,4304.21
2011-02-28,4339.39
2011-03-01,4389.48
2011-03-02,4363.86
2011-03-03,4387.69
2011-03-04,4453.54
2011-03-07,4485.39
2011-03-08,4544.14
2011-03-09,4560.44
2011-03-10,4542.37
2011-03-11,4453.16
2011-03-14,4480.28
2011-03-15,4437.44
2011-03-16,4439.49
2011-03-17,4372.54
2011-03-18,4417.41
2011-03-21,4445.79
2011-03-22,4431.31
2011-03-23,4497.41
2011-03-24,4575.65
2011-03-25,4566.6
2011-03-28,4555.91
2011-03-29,4538.5
2011-03-30,4617.49
2011-03-31,4645.4
2011-04-01,4647.91
2011-04-04,4641.9
2011-04-05,4625.93
2011-04-06,4690.93
2011-04-07,4683.1
2011-04-08,4680.53
2011-04-11,4670.68
2011-04-12,4631.57
2011-04-13,4674.34
2011-04-14,4640.69
2011-04-15,4670.61
2011-04-18,4665.92
2011-04-19,4666.55
2011-04-20,4754.61
2011-04-21,4772.84
2011-04-25,4752.58
2011-04-26,4728.51
2011-04-27,4771.6
2011-04-28,4763.81
2011-04-29,4780.63
2011-05-02,4811.76
2011-05-03,4782.12
2011-05-04,4796.7
2011-05-05,4793.58
2011-05-06,4760.81
2011-05-09,4731.75
2011-05-10,4762.41
2011-05-11,4816.64
2011-05-12,4781.27
2011-05-13,4813.14
2011-05-16,4772.41
2011-05-18,4827.74
2011-05-19,4842.65
2011-05-20,4846.37
2011-05-23,4721.58
2011-05-24,4716.97
2011-05-25,4718.16
2011-05-26,4745.72
2011-05-27,4780.08
2011-05-30,4789.63
2011-05-31,4788.22
2011-06-01,4809.26
2011-06-03,4813.75
2011-06-06,4804.59
2011-06-07,4822.82
2011-06-08,4786.11
2011-06-09,4781.16
2011-06-10,4754.9
2011-06-13,4691.13
2011-06-14,4742.28
2011-06-15,4757.21
2011-06-16,4688.98
2011-06-17,4648.25
2011-06-20,4664.5
2011-06-21,4766.13
2011-06-22,4816.27
2011-06-23,4816.16
2011-06-24,4840.25
2011-06-27,4789.31
2011-06-28,4809.63
2011-06-30,4902.17
2011-07-01,4953.87
2011-07-04,4986.62
2011-07-05,4940.21
2011-07-06,4921.94
2011-07-07,4977.36
2011-07-08,5063.89
2011-07-11,5048.2
2011-07-12,4976.86
2011-07-13,5037.2
2011-07-14,5075.69
2011-07-15,5100.69
2011-07-18,5145.01
2011-07-19,5135.73
2011-07-20,5207.78
2011-07-21,5205.89
2011-07-22,5252.27
2011-07-25,5243.33
2011-07-26,5315.99
2011-07-27,5402.74
2011-07-28,5360.26
2011-07-29,5365.31
2011-08-01,5456.5
2011-08-02,5403.59
2011-08-03,5340.19
2011-08-04,5298.74
2011-08-05,5081.45
2011-08-08,5009.09
2011-08-09,4890.76
2011-08-10,5057.93
2011-08-11,5079.43
2011-08-12,5106.11
2011-08-15,5183.42
2011-08-16,5188.48
2011-08-18,5267.99
2011-08-19,5013.97
2011-08-22,5023.63
2011-08-23,5085.13
2011-08-24,5035.61
2011-08-25,5036.47
2011-08-26,5009.36
2011-09-05,5048.62
2011-09-06,5056.49
2011-09-07,5182.88
2011-09-08,5197.89
2011-09-09,5194.68
2011-09-12,5037.68
2011-09-13,5005.93
2011-09-14,4904.76
2011-09-15,4859.75
2011-09-16,4968.25
2011-09-19,4858.71
2011-09-20,4841.73
2011-09-21,4763.22
2011-09-22,4319.47
2011-09-23,4367.11
2011-09-26,4263.68
2011-09-27,4464.55
2011-09-28,4519.78
2011-09-29,4545.27
2011-09-30,4574
2011-10-03,4309.94
2011-10-04,4174.31
2011-10-05,4217.09
2011-10-06,4446.31
2011-10-07,4418.35
2011-10-10,4469.23
2011-10-11,4572.69
2011-10-12,4729.31
2011-10-13,4767.92
2011-10-14,4759.75
2011-10-17,4839.52
2011-10-18,4690.4
2011-10-19,4788.55
2011-10-20,4721.08
2011-10-21,4716.9
2011-10-24,4844.54
2011-10-25,4842.24
2011-10-26,4889.62
2011-10-27,4991.95
2011-10-28,5014.13
2011-10-31,4950.59
2011-11-01,4786.74
2011-11-02,4930.89
2011-11-03,4843.55
2011-11-04,4971.98
2011-11-07,4968.61
2011-11-08,4992.86
2011-11-09,5071.19
2011-11-10,4972.35
2011-11-11,4962.31
2011-11-14,5055.04
2011-11-15,5027.23
2011-11-16,5039.93
2011-11-17,4988.21
2011-11-18,4937.04
2011-11-21,4814.15
2011-11-22,4895.78
2011-11-23,4819.12
2011-11-24,4842.53
2011-11-25,4751.86
2011-11-28,4760.76
2011-11-29,4812.27
2011-11-30,4811.13
2011-12-01,4925.91
2011-12-02,4946.54
2011-12-05,4945.22
2011-12-06,4909.63
2011-12-07,4960.57
2011-12-08,4941.94
2011-12-09,4922.63
2011-12-12,4961.52
2011-12-13,4929.93
2011-12-14,4918.55
2011-12-15,4850.34
2011-12-16,4940.03
2011-12-19,4938.42
2011-12-20,4915.93
2011-12-21,4961.48
2011-12-22,4946.6
2011-12-23,4931.91
2011-12-27,4908.39
2011-12-28,4892.01
2011-12-29,4946.22
2011-12-30,4960.09
2012-01-02,4949.06
2012-01-03,5011.5
2012-01-04,5100.29
2012-01-05,5092.33
2012-01-06,5048.78
2012-01-09,5048.42
2012-01-10,5119.99
2012-01-11,5083.12
2012-01-12,5046.4
2012-01-13,5095.28
2012-01-16,5049.63
2012-01-17,5090.45
2012-01-18,5133.39
2012-01-19,5140.51
2012-01-20,5098.2
2012-01-24,5105.82
2012-01-25,5075.44
2012-01-26,5090.38
2012-01-27,5110.33
2012-01-30,5024.27
2012-01-31,5083.28
2012-02-01,5126.37
2012-02-02,5172.65
2012-02-03,5178.29
2012-02-06,5082.48
2012-02-07,5053.26
2012-02-08,5121.09
2012-02-09,5099.54
2012-02-10,5019.29
2012-02-13,5083.34
2012-02-14,5088.75
2012-02-15,5116.29
2012-02-16,5071.82
2012-02-17,5144.18
2012-02-20,5149.69
2012-02-21,5167.01
2012-02-22,5148.32
2012-02-23,5110.28
2012-02-24,5022.07
2012-02-27,4966.35
2012-02-28,5049.16
2012-02-29,5170.18
2012-03-01,5148.02
2012-03-02,5200.95
2012-03-05,5187.7
2012-03-06,5172.12
2012-03-07,5145.05
2012-03-08,5186.33
2012-03-09,5223.79
2012-03-12,5198.02
2012-03-13,5232.47
2012-03-14,5276.59
2012-03-15,5271.56
2012-03-16,5238.61
2012-03-19,5214.79
2012-03-20,5216.27
2012-03-21,5253.29
2012-03-22,5259.09
2012-03-26,5215.77
2012-03-27,5293.33
2012-03-28,5302.82
2012-03-29,5337.02
2012-03-30,5362.3
2012-04-02,5422.34
2012-04-03,5479.4
2012-04-04,5330.63
2012-04-05,5384.76
2012-04-09,5336.27
2012-04-10,5325.9
2012-04-11,5310.45
2012-04-12,5337.93
2012-04-13,5367.38
2012-04-16,5331.56
2012-04-17,5349.38
2012-04-18,5401.89
2012-04-19,5390.59
2012-04-20,5424.35
2012-04-23,5362.02
2012-04-24,5366.81
2012-04-25,5374.97
2012-04-26,5398.66
2012-04-27,5379.04
2012-04-30,5414.69
2012-05-01,5411.82
2012-05-02,5458.15
2012-05-03,5446.98
2012-05-04,5440.37
2012-05-07,5355.15
2012-05-08,5363.24
2012-05-09,5306.99
2012-05-10,5298.41
2012-05-11,5267.35
2012-05-14,5191.77
2012-05-15,5194.58
2012-05-16,5133.06
2012-05-21,5118.38
2012-05-22,5217.05
2012-05-23,5164.32
2012-05-24,5187.36
2012-05-25,5075.67
2012-05-28,5084.81
2012-05-29,5069.95
2012-05-30,5049.68
2012-05-31,4935.75
2012-06-01,4906.34
2012-06-04,4718.86
2012-06-05,4795.84
2012-06-06,4964.17
2012-06-07,4973.83
2012-06-08,4956.47
2012-06-11,5007.28
2012-06-12,4977.4
2012-06-13,4992.38
2012-06-14,4888.88
2012-06-15,4924.93
2012-06-18,4981.2
2012-06-19,4975.03
2012-06-20,5066.22
2012-06-21,5024.6
2012-06-22,5029.81
2012-06-25,4974.97
2012-06-26,5008.01
2012-06-27,5087.47
2012-06-28,5009.47
2012-06-29,5101.95
2012-07-02,5167.99
2012-07-03,5221.81
2012-07-04,5257.91
2012-07-05,5250.15
2012-07-06,5230.04
2012-07-09,5133.77
2012-07-10,5169.34
2012-07-11,5187.41
2012-07-12,5142.79
2012-07-13,5182.4
2012-07-16,5216.41
2012-07-17,5256.61
2012-07-18,5278.11
2012-07-19,5291.23
2012-07-20,5257.78
2012-07-23,5150.04
2012-07-24,5150.33
2012-07-25,5168.03
2012-07-26,5147.46
2012-07-27,5206.66
2012-07-30,5245.95
2012-07-31,5305.77
2012-08-01,5262.21
2012-08-02,5205.59
2012-08-03,5231.2
2012-08-06,5240.2
2012-08-07,5214.07
2012-08-08,5210.92
2012-08-09,5263.8
2012-08-10,5287.06
2012-08-13,5210.08
2012-08-14,5234.58
2012-08-15,5247.69
2012-08-16,5259.1
2012-08-23,5248.18
2012-08-24,5216.76
2012-08-27,5208.9
2012-08-28,5185.78
2012-08-29,5091.57
2012-08-30,4992.89
2012-08-31,5033.53
2012-09-03,5102.15
2012-09-04,5097.13
2012-09-05,5084.64
2012-09-06,5099.15
2012-09-07,5142.32
2012-09-10,5144.6
2012-09-11,5127.64
2012-09-12,5153.48
2012-09-13,5146.65
2012-09-14,5257.37
2012-09-17,5235.7
2012-09-18,5209.09
2012-09-19,5217.64
2012-09-20,5198.17
2012-09-21,5220.48
2012-09-24,5157.46
2012-09-25,5202.74
2012-09-26,5140.5
2012-09-27,5191.07
2012-09-28,5257.26
2012-10-01,5216.7
2012-10-02,5229.24
2012-10-03,5230.67
2012-10-04,5276.43
2012-10-05,5329.64
2012-10-08,5256.96
2012-10-09,5252.14
2012-10-10,5255.6
2012-10-11,5254.76
2012-10-12,5282.34
2012-10-15,5289.73
2012-10-16,5295.3
2012-10-17,5276.69
2012-10-18,5288.48
2012-10-19,5268.36
2012-10-22,5286.48
2012-10-23,5276.8
2012-10-24,5286.79
2012-10-25,5293.15
2012-10-29,5279.12
2012-10-30,5322.34
2012-10-31,5295.58
2012-11-01,5294.4
2012-11-02,5295.79
2012-11-05,5219.55
2012-11-06,5232.84
2012-11-07,5285
2012-11-08,5260.43
2012-11-09,5270.07
2012-11-12,5248.36
2012-11-13,5274.96
2012-11-14,5289.02
2012-11-19,5245.41
2012-11-20,5259.14
2012-11-21,5288.32
2012-11-22,5346.31
2012-11-23,5377.67
2012-11-26,5424.83
2012-11-27,5374.76
2012-11-28,5317.05
2012-11-29,5337.48
2012-11-30,5297.93
2012-12-03,5324.97
2012-12-04,5299.15
2012-12-05,5329.54
2012-12-06,5365.37
2012-12-07,5378.07
2012-12-10,5386.6
2012-12-11,5394.92
2012-12-12,5421.59
2012-12-13,5399.24
2012-12-14,5387.19
2012-12-17,5412.14
2012-12-18,5409.1
2012-12-19,5364.91
2012-12-20,5325.81
2012-12-21,5335.93
2012-12-26,5360.34
2012-12-27,5340.58
2012-12-28,5374.48
2013-01-02,5401.02
2013-01-03,5474.46
2013-01-04,5460.07
2013-01-07,5426.25
2013-01-08,5414.24
2013-01-09,5371.81
2013-01-10,5307.04
2013-01-11,5279.55
2013-01-14,5394.37
2013-01-15,5444.26
2013-01-16,5464.14
2013-01-17,5438.01
2013-01-18,5505.62
2013-01-21,5456.27
2013-01-22,5439.15
2013-01-23,5446.82
2013-01-25,5478.29
2013-01-28,5429.91
2013-01-29,5463.99
2013-01-30,5507.25
2013-01-31,5504.65
2013-02-01,5531.61
2013-02-04,5497.39
2013-02-05,5476.27
2013-02-06,5518.11
2013-02-07,5515.22
2013-02-08,5506.51
2013-02-11,5512.36
2013-02-12,5549.26
2013-02-13,5588.12
2013-02-14,5603.66
2013-02-15,5625.65
2013-02-18,5639.91
2013-02-19,5614.25
2013-02-20,5671.35
2013-02-21,5691.39
2013-02-22,5738.74
2013-02-25,5824.92
2013-02-26,5799.3
2013-02-27,5876.57
2013-02-28,5977.68
2013-03-01,6007.6
2013-03-04,5927.44
2013-03-05,5946.25
2013-03-06,6068.91
2013-03-07,6113.14
2013-03-08,6147.15
2013-03-11,6109.94
2013-03-13,6079.4
2013-03-14,6030.44
2013-03-15,6070.4
2013-03-18,6029.09
2013-03-19,6083.57
2013-03-20,6101.02
2013-03-21,6058.1
2013-03-22,5963.63
2013-03-25,6045.34
2013-03-26,6095.55
2013-03-27,6226.22
2013-03-28,6235.1
2013-04-01,6236.9
2013-04-02,6251.35
2013-04-03,6255.95
2013-04-04,6165.72
2013-04-05,6174.54
2013-04-08,6122.82
2013-04-09,6126.33
2013-04-10,6102.34
2013-04-11,6179.58
2013-04-12,6193.73
2013-04-15,6136.86
2013-04-16,6207.1
2013-04-17,6289.57
2013-04-18,6307.17
2013-04-19,6316.62
2013-04-22,6325.73
2013-04-23,6294.11
2013-04-24,6345.18
2013-04-25,6337.77
2013-04-26,6341.76
2013-04-29,6374.04
2013-04-30,6418.18
2013-05-01,6484.16
2013-05-02,6384.85
2013-05-03,6304.06
2013-05-06,6377.3
2013-05-07,6489.11
2013-05-08,6546.28
2013-05-10,6562.31
2013-05-13,6515.31
2013-05-14,6572.31
2013-05-15,6584.01
2013-05-16,6578.47
2013-05-17,6661.57
2013-05-20,6775.58
2013-05-21,6739.03
2013-05-22,6794.15
2013-05-23,6667.15
2013-05-24,6748.1
2013-05-27,6663.9
2013-05-28,6793.77
2013-05-29,6857.24
2013-05-30,6791.77
2013-05-31,6716.81
2013-06-03,6556.79
2013-06-04,6607.25
2013-06-05,6551.79
2013-06-07,6360.04
2013-06-10,6220.87
2013-06-11,5966.77
2013-06-12,6095.6
2013-06-13,5995.91
2013-06-14,6224.19
2013-06-17,6246.52
2013-06-18,6329.25
2013-06-19,6274.39
2013-06-20,6024.65
2013-06-21,5891.92
2013-06-24,5738.99
2013-06-25,5741.68
2013-06-26,5912.7
2013-06-27,6023.01
2013-06-28,6185.55
2013-07-01,6131.06
2013-07-02,6082.14
2013-07-03,5887.81
2013-07-04,5872.59
2013-07-05,5907.16
2013-07-08,5629.29
2013-07-09,5587.82
2013-07-10,5725.27
2013-07-11,5887.04
2013-07-12,5919.22
2013-07-15,5903.85
2013-07-16,5936.49
2013-07-17,6006.93
2013-07-18,6080.69
2013-07-19,6106.47
2013-07-22,6048.76
2013-07-23,6162.2
2013-07-24,6066.93
2013-07-25,6025.25
2013-07-26,6008.6
2013-07-29,5908.66
2013-07-30,5927.42
2013-07-31,5944.43
2013-08-01,5983.5
2013-08-02,6031.27
2013-08-12,5963.46
2013-08-13,6007.01
2013-08-14,6083.25
2013-08-15,6089.96
2013-08-16,5927.02
2013-08-19,5575.23
2013-08-20,5398.07
2013-08-21,5466.48
2013-08-22,5353.74
2013-08-23,5358.72
2013-08-26,5277.42
2013-08-27,5047.69
2013-08-28,5141.08
2013-08-29,5289.41
2013-08-30,5386.11
2013-09-02,5251.78
2013-09-03,5329.47
2013-09-04,5177.27
2013-09-05,5135.4
2013-09-06,5110.33
2013-09-09,5270.61
2013-09-10,5525.2
2013-09-11,5522.23
2013-09-12,5547.68
2013-09-13,5581.65
2013-09-16,5779.57
2013-09-17,5745.49
2013-09-18,5651.74
2013-09-19,5931.32
2013-09-20,5857.76
2013-09-23,5809.98
2013-09-24,5669.7
2013-09-25,5586.35
2013-09-26,5575.21
2013-09-27,5575.21
2013-09-30,5455.62
2013-10-01,5513.62
2013-10-02,5569.64
2013-10-03,5602.95
2013-10-04,5567.54
2013-10-07,5545.22
2013-10-08,5623.35
2013-10-09,5640.33
2013-10-10,5684.3
2013-10-11,5706.06
2013-10-16,5639.73
2013-10-17,5675.72
2013-10-18,5705.54
2013-10-21,5776.79
2013-10-22,5688.43
2013-10-23,5754.38
2013-10-24,5834.85
2013-10-25,5834.3
2013-10-28,5841.85
2013-10-29,5793.91
2013-10-30,5793.04
2013-10-31,5696.07
2013-11-01,5575.18
2013-11-04,5571.23
2013-11-06,5585.85
2013-11-07,5641.98
2013-11-08,5638.96
2013-11-11,5577.73
2013-11-12,5494.98
2013-11-13,5406.37
2013-11-14,5501.08
2013-11-15,5468.45
2013-11-18,5531.95
2013-11-19,5536.26
2013-11-20,5468.77
2013-11-21,5432.47
2013-11-22,5423.92
2013-11-25,5432.02
2013-11-26,5344.79
2013-11-27,5350.02
2013-11-28,5335.22
2013-11-29,5371.96
2013-12-02,5446.53
2013-12-03,5405.33
2013-12-04,5344.32
2013-12-05,5306.22
2013-12-06,5242.75
2013-12-09,5276.5
2013-12-10,5354.06
2013-12-11,5346.48
2013-12-12,5258.72
2013-12-13,5220.33
2013-12-16,5170.16
2013-12-17,5230.19
2013-12-18,5246.7
2013-12-19,5306.82
2013-12-20,5258.58
2013-12-23,5259.25
2013-12-24,5264.97
2013-12-27,5261.89
2013-12-30,5340.74
2014-01-02,5425.34
2014-01-03,5346.11
2014-01-06,5301.86
2014-01-07,5270.31
2014-01-08,5310.05
2014-01-09,5314.6
2014-01-10,5404.4
2014-01-13,5585.05
2014-01-15,5638.39
2014-01-16,5589.61
2014-01-17,5597.97
2014-01-20,5608.28
2014-01-21,5633.76
2014-01-22,5675.22
2014-01-23,5712.35
2014-01-24,5635.46
2014-01-27,5481.42
2014-01-28,5496.84
2014-01-29,5600.69
2014-01-30,5612.31
2014-02-03,5575.32
2014-02-04,5537.52
2014-02-05,5578.96
2014-02-06,5624.16
2014-02-07,5690.04
2014-02-10,5673.12
2014-02-11,5681.33
2014-02-12,5728.26
2014-02-13,5720.51
2014-02-14,5749.99
2014-02-17,5806.04
2014-02-18,5797.6
2014-02-19,5833.77
2014-02-20,5849.65
2014-02-21,5918.33
2014-02-24,5886.26
2014-02-25,5813.4
2014-02-26,5754.95
2014-02-27,5813.25
2014-02-28,5895.3
2014-03-03,5852.19
2014-03-04,5870.03
2014-03-05,5935.34
2014-03-06,5977.74
2014-03-07,5976.23
2014-03-10,5975.76
2014-03-11,6021.76
2014-03-12,5995.45
2014-03-13,6042.92
2014-03-14,6282.99
2014-03-17,6269.48
2014-03-18,6153.79
2014-03-19,6172.29
2014-03-20,5998.15
2014-03-21,5986.17
2014-03-24,6013.04
2014-03-25,6013.5
2014-03-26,6060.93
2014-03-27,6052.34
2014-03-28,6109.14
2014-04-01,6280.59
2014-04-02,6272.14
2014-04-03,6286.38
2014-04-04,6243.12
2014-04-07,6335.91
2014-04-08,6336.58
2014-04-10,6041.8
2014-04-11,6122.49
2014-04-14,6196.86
2014-04-15,6208.13
2014-04-16,6226.49
2014-04-17,6249.29
2014-04-21,6237.79
2014-04-22,6260.49
2014-04-23,6238.56
2014-04-24,6231.54
2014-04-25,6246.86
2014-04-28,6119.6
2014-04-29,6152.67
2014-04-30,6175.49
2014-05-02,6203.54
2014-05-05,6194.74
2014-05-06,6173.4
2014-05-07,6206.09
2014-05-08,6217.49
2014-05-09,6255.15
2014-05-12,6271.47
2014-05-13,6272.54
2014-05-14,6394.74
2014-05-16,6450.04
2014-05-19,6408.63
2014-05-20,6202.03
2014-05-21,6219.84
2014-05-22,6314.51
2014-05-23,6317.07
2014-05-26,6299.94
2014-05-28,6317.95
2014-05-30,6196.85
2014-06-02,6220.3
2014-06-03,6268.93
2014-06-04,6257.78
2014-06-05,6255.91
2014-06-06,6261.15
2014-06-09,6182.15
2014-06-10,6275.73
2014-06-11,6313.38
2014-06-12,6260.38
2014-06-13,6244.5
2014-06-16,6201.32
2014-06-17,6226.38
2014-06-18,6183.43
2014-06-19,6117.19
2014-06-20,6112.73
2014-06-23,6109.12
2014-06-24,6151.18
2014-06-25,6107.43
2014-06-26,6152.6
2014-06-27,6135.97
2014-06-30,6178.69
2014-07-01,6188.54
2014-07-02,6222.29
2014-07-03,6174.66
2014-07-04,6202.01
2014-07-07,6341.52
2014-07-08,6417.59
2014-07-10,6554.57
2014-07-11,6442.32
2014-07-14,6406.56
2014-07-15,6497.4
2014-07-16,6565.72
2014-07-17,6494.49
2014-07-18,6528.2
2014-07-21,6596.47
2014-07-22,6527.79
2014-07-23,6536.39
2014-07-24,6521.33
2014-07-25,6489.93
2014-08-04,6512.65
2014-08-05,6507.17
2014-08-06,6418.43
2014-08-07,6440.73
2014-08-08,6428.11
2014-08-11,6508.54
2014-08-12,6526.34
2014-08-13,6576.36
2014-08-14,6558.65
2014-08-15,6529.16
2014-08-18,6534.22
2014-08-19,6546.3
2014-08-20,6589.06
2014-08-21,6620.86
2014-08-22,6611.54
2014-08-25,6578.25
2014-08-26,6516.76
2014-08-27,6543.14
2014-08-28,6570.19
2014-08-29,6522.17
2014-09-01,6553.73
2014-09-02,6585.87
2014-09-03,6606.02
2014-09-04,6549.94
2014-09-05,6550.46
2014-09-08,6565.03
2014-09-09,6492.66
2014-09-10,6433.58
2014-09-11,6442.01
2014-09-12,6437.8
2014-09-15,6425.21
2014-09-16,6384.14
2014-09-17,6472.85
2014-09-18,6503.46
2014-09-19,6528.7
2014-09-22,6520.95
2014-09-23,6490.52
2014-09-24,6463.37
2014-09-25,6501.72
2014-09-26,6396.95
2014-09-29,6402.78
2014-09-30,6389.14
2014-10-01,6414.18
2014-10-02,6219.94
2014-10-03,6137.61
2014-10-06,6222.29
2014-10-07,6260.58
2014-10-08,6145.62
2014-10-09,6197.4
2014-10-10,6147.17
2014-10-13,6084.55
2014-10-14,6099.45
2014-10-15,6178.88
2014-10-16,6173.57
2014-10-17,6290.04
2014-10-20,6308.2
2014-10-21,6305.24
2014-10-22,6358.44
2014-10-23,6406.7
2014-10-24,6351.03
2014-10-27,6271.6
2014-10-28,6239.3
2014-10-29,6349.04
2014-10-30,6344.71
2014-10-31,6388.31
2014-11-03,6386.51
2014-11-04,6363.67
2014-11-05,6351
2014-11-06,6324.43
2014-11-07,6251.95
2014-11-10,6227.74
2014-11-11,6345.67
2014-11-12,6383.86
2014-11-13,6393.81
2014-11-14,6393.12
2014-11-17,6431.7
2014-11-18,6509.23
2014-11-19,6549.28
2014-11-20,6504.4
2014-11-21,6530.4
2014-11-24,6582.14
2014-11-25,6548.61
2014-11-26,6576.64
2014-11-27,6583.07
2014-11-28,6592.05
2014-12-01,6670.13
2014-12-02,6725.17
2014-12-03,6701
2014-12-04,6680.41
2014-12-05,6698.95
2014-12-08,6591.5
2014-12-09,6584.77
2014-12-10,6669.51
2014-12-11,6651.68
2014-12-12,6676.46
2014-12-15,6594.77
2014-12-16,6452.64
2014-12-17,6483.07
2014-12-18,6606.61
2014-12-19,6685.03
2014-12-22,6671.89
2014-12-23,6703.22
2014-12-24,6757.64
2014-12-29,6792.1
2014-12-30,6811.63
2015-01-02,6875.09
2015-01-05,6826.36
2015-01-06,6758.98
2015-01-07,6830.64
2015-01-08,6850.6
2015-01-09,6835.84
2015-01-12,6788.32
2015-01-13,6822.1
2015-01-14,6737.47
2015-01-15,6777.02
2015-01-16,6744.27
2015-01-19,6754.39
2015-01-20,6780.98
2015-01-21,6869.56
2015-01-22,6965.57
2015-01-23,7061.17
2015-01-26,6941.9
2015-01-27,6969.72
2015-01-28,6959.21
2015-01-29,6947.32
2015-01-30,7005.06
2015-02-02,6998.74
2015-02-03,7056.4
2015-02-04,7049.56
2015-02-05,7008
2015-02-06,7112
2015-02-09,7146.2
2015-02-10,7083.12
2015-02-11,7110.07
2015-02-12,7094.81
2015-02-13,7128.36
2015-02-16,7048.57
2015-02-17,7066.93
2015-02-18,7184.21
2015-02-20,7198.51
2015-02-23,7190.98
2015-02-24,7222.36
2015-02-25,7252.55
2015-02-26,7269.36
2015-02-27,7254.62
2015-03-02,7260.2
2015-03-03,7215.25
2015-03-04,7180.43
2015-03-05,7183.65
2015-03-06,7232.99
2015-03-09,7110.91
2015-03-10,7170.02
2015-03-11,7083.59
2015-03-12,7100.49
2015-03-13,7091.47
2015-03-16,7121.61
2015-03-17,7141.66
2015-03-18,7142.02
2015-03-19,7208.9
2015-03-20,7210.71
2015-03-23,7200.56
2015-03-24,7211.04
2015-03-25,7153.27
2015-03-26,7109.15
2015-03-27,7140.58
2015-03-30,7215.62
2015-03-31,7336.54
2015-04-01,7269.33
2015-04-02,7204.39
2015-04-06,7195.37
2015-04-07,7302.74
2015-04-08,7254.94
2015-04-09,7302.24
2015-04-10,7284.49
2015-04-13,7244.15
2015-04-14,7183.25
2015-04-15,7217.47
2015-04-16,7224.73
2015-04-17,7215.3
2015-04-20,7222.63
2015-04-21,7281
2015-04-22,7254.92
2015-04-23,7263
2015-04-24,7260.42
2015-04-27,6991.09
2015-04-28,6999.42
2015-04-29,6884.38
2015-04-30,6893.26
2015-05-04,6940.22
2015-05-05,6955.02
2015-05-06,7002.28
2015-05-07,7022.58
2015-05-08,7032.58
2015-05-11,7021.29
2015-05-12,7027.18
2015-05-13,7066.35
2015-05-15,7043
2015-05-18,7077.98
2015-05-19,7130.66
2015-05-20,7131.28
2015-05-21,7158.72
2015-05-22,7189.54
2015-05-25,7154.89
2015-05-26,7167.17
2015-05-27,7070.31
2015-05-28,7046.83
2015-05-29,6987.93
2015-06-01,7012.99
2015-06-03,6875.44
2015-06-04,6839.02
2015-06-05,6847.34
2015-06-08,6727.69
2015-06-09,6548.94
2015-06-10,6595.14
2015-06-11,6562.12
2015-06-12,6544.68
2015-06-15,6338.45
2015-06-16,6394.09
2015-06-17,6515.96
2015-06-18,6526.86
2015-06-19,6577.27
2015-06-22,6553.8
2015-06-23,6568.4
2015-06-24,6578.02
2015-06-25,6519.19
2015-06-26,6507.06
2015-06-29,6430.71
2015-06-30,6454.7
2015-07-01,6440.41
2015-07-02,6531.27
2015-07-03,6598.69
2015-07-06,6483.53
2015-07-07,6516.57
2015-07-08,6493.56
2015-07-09,6454.77
2015-07-10,6500.87
2015-07-13,6561.18
2015-07-14,6545.49
2015-07-15,6487.95
2015-07-22,6546.53
2015-07-23,6532.38
2015-07-24,6459.86
2015-07-27,6347.68
2015-07-28,6262.25
2015-07-29,6228.93
2015-07-30,6217.53
2015-07-31,6349.4
2015-08-03,6350.16
2015-08-04,6308.12
2015-08-05,6446.41
2015-08-06,6398.64
2015-08-07,6362.1
2015-08-10,6343.54
2015-08-11,6191.54
2015-08-12,5992.78
2015-08-13,6152.57
2015-08-14,6164.01
2015-08-18,6065.24
2015-08-19,6012.03
2015-08-20,5954.05
2015-08-21,5793.9
2015-08-24,5574.81
2015-08-25,5625.31
2015-08-26,5630.24
2015-08-27,5900.93
2015-08-28,5883.81
2015-08-31,5960.02
2015-09-01,5814.18
2015-09-02,5812.46
2015-09-03,5891.94
2015-09-04,5847.36
2015-09-07,5713.21
2015-09-08,5758.78
2015-09-09,5805.97
2015-09-10,5768.02
2015-09-11,5776.8
2015-09-14,5804.8
2015-09-15,5752.55
2015-09-16,5732.86
2015-09-17,5797.03
2015-09-18,5782.72
2015-09-21,5780.08
2015-09-22,5738.09
2015-09-23,5615.64
2015-09-25,5579.96
2015-09-28,5455.81
2015-09-29,5560.89
2015-09-30,5600.67
2015-10-01,5668.36
2015-10-02,5604.67
2015-10-05,5794.04
2015-10-06,5929.77
2015-10-07,5979.5
2015-10-08,5978.4
2015-10-09,6109.44
2015-10-12,6110.44
2015-10-13,5925.86
2015-10-15,5973.97
2015-10-16,5980.73
2015-10-19,6066.46
2015-10-20,6098.16
2015-10-21,6123.68
2015-10-22,6107.54
2015-10-23,6230.01
2015-10-26,6306.33
2015-10-27,6249
2015-10-28,6216.76
2015-10-29,6026.54
2015-10-30,6000.74
2015-11-02,6005.28
2015-11-03,6099.82
2015-11-04,6182.7
2015-11-05,6142.15
2015-11-06,6137.09
2015-11-09,6045.57
2015-11-10,6046.2
2015-11-11,6013.03
2015-11-12,6034.51
2015-11-13,6055.93
2015-11-16,6013.09
2015-11-17,6082.01
2015-11-18,6059.2
2015-11-19,6073.81
2015-11-20,6141.4
2015-11-23,6103.69
2015-11-24,6121.87
2015-11-25,6161.69
2015-11-26,6172.4
2015-11-27,6107.68
2015-11-30,5966.99
2015-12-01,6112.52
2015-12-02,6110.93
2015-12-03,6113.17
2015-12-04,6065.06
2015-12-07,6084.33
2015-12-08,6023.2
2015-12-10,6016.44
2015-12-11,5936.02
2015-12-14,5918.51
2015-12-15,5960.22
2015-12-16,6064.61
2015-12-17,6166.51
2015-12-18,6036.2
2015-12-21,6066.9
2015-12-22,6111.28
2015-12-23,6086.02
2015-12-28,6152.44
2015-12-29,6168.11
2015-12-30,6191.35
2016-01-04,6106.47
2016-01-05,6157.13
2016-01-06,6246.86
2016-01-07,6169.71
2016-01-08,6187.81
2016-01-11,6053.4
2016-01-12,6140.01
2016-01-13,6209.37
2016-01-14,6144.49
2016-01-15,6136.57
2016-01-18,6054.53
2016-01-19,6088.99
2016-01-20,5972.57
2016-01-21,5952.3
2016-01-22,5977.01
2016-01-25,6024.36
2016-01-26,6028.62
2016-01-27,6109.66
2016-01-28,6120.21
2016-01-29,6121.53
2016-02-01,6085.82
2016-02-02,6059.02
2016-02-03,6068.94
2016-02-04,6156.2
2016-02-05,6347.69
2016-02-09,6275.76
2016-02-10,6249.33
2016-02-11,6331.46
2016-02-12,6244.07
2016-02-15,6315.07
2016-02-16,6311.48
2016-02-17,6341.38
2016-02-18,6348.55
2016-02-19,6210.67
2016-02-22,6221.45
2016-02-23,6149.08
2016-02-24,6196.96
2016-02-25,6165.16
2016-02-26,6251.26
2016-02-29,6282.47
2016-03-01,6286.74
2016-03-02,6359.59
2016-03-03,6390.7
2016-03-04,6401.7
2016-03-07,6376.59
2016-03-08,6344.8
2016-03-10,6348.48
2016-03-11,6397.48
2016-03-14,6481.91
2016-03-15,6459.06
2016-03-16,6462.42
2016-03-17,6495.71
2016-03-18,6499.4
2016-03-21,6492.94
2016-03-22,6447.2
2016-03-23,6428.02
2016-03-24,6393.74
2016-03-28,6326.62
2016-03-29,6348.2
2016-03-30,6421.84
2016-03-31,6445.09
2016-04-01,6444.93
2016-04-04,6482.97
2016-04-05,6491.87
2016-04-06,6510.57
2016-04-07,6488.8
2016-04-08,6476.11
2016-04-11,6385.72
2016-04-12,6436.24
2016-04-13,6455.01
2016-04-14,6418.4
2016-04-15,6414.33
2016-04-18,6501.82
2016-04-19,6554.47
2016-04-20,6558.46
2016-04-21,6577.25
2016-04-22,6601.1
2016-04-25,6551.63
2016-04-26,6458.99
2016-04-27,6484.28
2016-04-28,6491.85
2016-04-29,6480.25
2016-05-02,6457.85
2016-05-03,6513.61
2016-05-04,6526.62
2016-05-09,6426.84
2016-05-10,6456.44
2016-05-11,6529.41
2016-05-12,6537.92
2016-05-13,6524.51
2016-05-16,6478.41
2016-05-17,6477.35
2016-05-18,6513.15
2016-05-19,6447.23
2016-05-20,6446.57
2016-05-23,6503.93
2016-05-24,6455.28
2016-05-25,6562.18
2016-05-26,6556.38
2016-05-27,6606.35
2016-05-30,6636.78
2016-05-31,6572.96
2016-06-01,6610.55
2016-06-02,6594.31
2016-06-03,6630.58
2016-06-06,6684.65
2016-06-07,6737.67
2016-06-08,6716.69
2016-06-09,6657.54
2016-06-10,6632.07
2016-06-13,6587.37
2016-06-14,6606.28
2016-06-15,6623.93
2016-06-16,6617.14
2016-06-17,6678.41
2016-06-20,6720.77
2016-06-21,6739.18
2016-06-22,6758.36
2016-06-23,6724.08
2016-06-24,6692.3
2016-06-27,6725.98
2016-06-28,6777.49
2016-06-29,6897.26
2016-06-30,6905.53
2016-07-01,6812.41
2016-07-11,6948.1
2016-07-12,6971.97
2016-07-13,7019.67
2016-07-14,6959.64
2016-07-15,6984.84
2016-07-18,6976.17
2016-07-19,7049.45
2016-07-20,7141.74
2016-07-21,7081.51
2016-07-22,7047.27
2016-07-25,7087.72
2016-07-26,7114.25
2016-07-27,7207.18
2016-07-28,7228.24
2016-07-29,7108.02
2016-08-01,7315.14
2016-08-02,7301.16
2016-08-03,7266.89
2016-08-04,7336.26
2016-08-05,7445.85
2016-08-08,7539.93
2016-08-09,7534.9
2016-08-10,7488.93
2016-08-11,7480.02
2016-08-12,7393.14
2016-08-15,7289.9
2016-08-16,7397.15
2016-08-18,7498.23
2016-08-19,7430.28
2016-08-22,7431.29
2016-08-23,7441.59
2016-08-24,7380.21
2016-08-25,7450.85
2016-08-26,7397
2016-08-29,7288
2016-08-30,7275.78
2016-08-31,7337
2016-09-01,7270.57
2016-09-02,7311.22
2016-09-05,7321.49
2016-09-06,7320.59
2016-09-07,7360.57
2016-09-08,7303.46
2016-09-09,7151.36
2016-09-13,7053.39
2016-09-14,6950.7
2016-09-15,7164.44
2016-09-16,7170.52
2016-09-19,7280.82
2016-09-20,7258.72
2016-09-21,7332.2
2016-09-22,7361.88
2016-09-23,7328.94
2016-09-26,7265.03
2016-09-27,7368.41
2016-09-28,7354.76
2016-09-29,7384.26
2016-09-30,7247.98
2016-10-03,7400.85
2016-10-04,7395.18
2016-10-05,7309.28
2016-10-06,7302.07
2016-10-07,7246.46
2016-10-10,7206.7
2016-10-11,7242.57
2016-10-12,7254.38
2016-10-13,7186.94
2016-10-14,7302.49
2016-10-17,7289.6
2016-10-18,7348.2
2016-10-19,7309.2
2016-10-20,7306.65
2016-10-21,7311.94
2016-10-24,7303.88
2016-10-25,7254.11
2016-10-26,7214.8
2016-10-27,7256.08
2016-10-28,7287.71
2016-10-31,7280.11
2016-11-01,7224.5
2016-11-02,7179.02
2016-11-03,7070.19
2016-11-04,7095.75
2016-11-07,7138.44
2016-11-08,7248.3
2016-11-09,7155.52
2016-11-10,7250.15
2016-11-11,6913.64
2016-11-14,6738.68
2016-11-15,6704.76
2016-11-16,6850.16
2016-11-17,6846.34
2016-11-18,6819.94
2016-11-21,6756.87
2016-11-22,6797.74
2016-11-23,6823.28
2016-11-24,6677.69
2016-11-25,6694.43
2016-11-28,6647.86
2016-11-29,6715.21
2016-11-30,6768.4
2016-12-01,6815.98
2016-12-02,6848.1
2016-12-05,6850.86
2016-12-06,6853.49
2016-12-07,6859.66
2016-12-08,6946.23
2016-12-09,6933.04
2016-12-13,6892.89
2016-12-14,6831.14
2016-12-15,6807.42
2016-12-16,6775.01
2016-12-19,6713.09
2016-12-20,6652.53
2016-12-21,6596.5
2016-12-22,6501.03
2016-12-23,6456.49
2016-12-27,6582.45
2016-12-28,6734.21
2016-12-29,6863.02
2016-12-30,6849.51
2017-01-03,6802.07
2017-01-04,6869.27
2017-01-05,6870.02
2017-01-06,6914.59
2017-01-09,6870.81
2017-01-10,6886.05
2017-01-11,6846.24
2017-01-12,6835.46
2017-01-13,6823.82
2017-01-16,6784.35
2017-01-17,6789.35
2017-01-18,6828.46
2017-01-19,6859.12
2017-01-20,6802.59
2017-01-23,6770.32
2017-01-24,6812.19
2017-01-25,6819.07
2017-01-26,6838.96
2017-01-27,6823.41
2017-01-30,6803.69
2017-01-31,6802.04
2017-02-01,6842.04
2017-02-02,6869.37
2017-02-03,6909.57
2017-02-06,6942.25
2017-02-07,6907.33
2017-02-08,6881.99
2017-02-09,6900.8
2017-02-10,6906.94
2017-02-13,6948.48
2017-02-14,6917.43
2017-02-16,6914.86
2017-02-17,6856.4
2017-02-20,6863.47
2017-02-21,6849.45
2017-02-22,6857.76
2017-02-23,6878.96
2017-02-24,6896.92
2017-02-27,6877.7
2017-02-28,6896.75
2017-03-01,6842.36
2017-03-02,6891.77
2017-03-03,6839.32
2017-03-06,6888.35
2017-03-07,6878
2017-03-08,6880.51
2017-03-09,6870.08
2017-03-10,6843.41
2017-03-13,6841.72
2017-03-14,6858.62
2017-03-15,6844.02
2017-03-16,6952.9
2017-03-17,6976.81
2017-03-20,6953.18
2017-03-21,6965.98
2017-03-22,6964.52
2017-03-23,6999.09
2017-03-24,7005.38
2017-03-27,6956.5
2017-03-29,7011.09
2017-03-30,6993.94
2017-03-31,6956.76
2017-04-03,7026.62
2017-04-04,7053.71
2017-04-05,7049.34
2017-04-06,7048.01
2017-04-07,6991.24
2017-04-10,6948.26
2017-04-11,6954.33
2017-04-12,7024.73
2017-04-13,6969.72
2017-04-17,6919.43
2017-04-18,6968.7
2017-04-20,6935.22
2017-04-21,7049.07
2017-04-25,7059.28
2017-04-26,7115.45
2017-04-27,7105.15
2017-04-28,7060.28
2017-05-02,7023.75
2017-05-03,6961.17
2017-05-04,7000.28
2017-05-05,7050.36
2017-05-08,7078.46
2017-05-09,7074.71
2017-05-10,7002.51
2017-05-12,6996.27
2017-05-15,7008.75
2017-05-16,6943.97
2017-05-17,6908
2017-05-18,6930.95
2017-05-19,7160.06
2017-05-22,7087.13
2017-05-23,7040.95
2017-05-24,7026.68
2017-05-26,7038.06
2017-05-29,7008.22
2017-05-30,6984.68
2017-05-31,7048.75
2017-06-02,7080.79
2017-06-05,7086.63
2017-06-06,7025.38
2017-06-07,7038.36
2017-06-08,7011.81
2017-06-09,6975.3
2017-06-12,7010.61
2017-06-13,7033.27
2017-06-14,7158.22
2017-06-15,7124.87
2017-06-16,7041.95
2017-06-19,7057.34
2017-06-20,7136.11
2017-06-21,7166.49
2017-06-22,7165.95
2017-07-03,7275.46
2017-07-04,7205.59
2017-07-05,7123.35
2017-07-06,7137.17
2017-07-07,7090.93
2017-07-10,7042.62
2017-07-11,7034.54
2017-07-12,7086.73
2017-07-13,7097.65
2017-07-14,7105.24
2017-07-17,7095.39
2017-07-18,7052.84
2017-07-19,7028.45
2017-07-20,7055.18
2017-07-21,6973.39
2017-07-24,7023.45
2017-07-25,7030.5
2017-07-26,6996.31
2017-07-27,6984.71
2017-07-28,6996.86
2017-07-31,6987.68
2017-08-01,6948.88
2017-08-02,6952.4
2017-08-03,6891.33
2017-08-04,6875.96
2017-08-07,6853.97
2017-08-08,6947.02
2017-08-09,6998.71
2017-08-10,7002.19
2017-08-11,6939.08
2017-08-14,6986.49
2017-08-15,7015.53
2017-08-16,7083.86
2017-08-18,7085.53
2017-08-21,7049.86
2017-08-22,7069.86
2017-08-23,7096.87
2017-08-24,7077.82
2017-08-25,7125.24
2017-08-28,7105
2017-08-29,7081.88
2017-08-30,7086.37
2017-08-31,7053.03
2017-09-04,6980.71
2017-09-05,6966.52
2017-09-06,6975.12
2017-09-07,6993.67
2017-09-08,6997.51
2017-09-11,7017.93
2017-09-12,6962.14
2017-09-13,6944.52
2017-09-14,6938.2
2017-09-15,6947.07
2017-09-18,6967.24
2017-09-19,7002.73
2017-09-20,6995.12
2017-09-22,6974.16
2017-09-25,6951.36
2017-09-26,6924.87
2017-09-27,6918.94
2017-09-28,6885.84
2017-09-29,6949.21
2017-10-02,6980.83
2017-10-03,7036.54
2017-10-04,7053.31
2017-10-05,6985.39
2017-10-06,6990.57
2017-10-09,6999.07
2017-10-10,7006.59
2017-10-11,6989.15
2017-10-12,7024.13
2017-10-13,7040.02
2017-10-16,7065.33
2017-10-17,7044.41
2017-10-18,7005.76
2017-10-19,6971.38
2017-10-20,7028.46
2017-10-23,7036.88
2017-10-24,7006.25
2017-10-25,7112.06
2017-10-26,7091.3
2017-10-27,7046.2
2017-10-30,7018.18
2017-10-31,7021.72
2017-11-01,7083.93
2017-11-02,7086.41
2017-11-03,7107.72
2017-11-06,7124.68
2017-11-07,7127.77
2017-11-08,7102.42
2017-11-09,7080.17
2017-11-10,7064.95
2017-11-13,7052.82
2017-11-14,7011.36
2017-11-15,6998.52
2017-11-16,7075.53
2017-11-17,7120.88
2017-11-20,7096.8
2017-11-21,7050.23
2017-11-22,7085.23
2017-11-23,7071.32
2017-11-24,7060.41
2017-11-27,7099.63
2017-11-28,7136.42
2017-11-29,7127.65
2017-11-30,7004.32
2017-12-04,7061.32
2017-12-05,7049.58
2017-12-06,7073.34
2017-12-07,7056.51
2017-12-08,7062.03
2017-12-11,7063.61
2017-12-12,7057.15
2017-12-13,7085.89
2017-12-14,7128.07
2017-12-15,7195.83
2017-12-18,7156.99
2017-12-19,7211.59
2017-12-20,7114
2017-12-21,7209.06
2017-12-22,7262.77
2017-12-27,7308.39
2017-12-28,7299.95
2017-12-29,7301.2
2018-01-02,7276.3
2018-01-03,7163.28
2018-01-04,7222.42
2018-01-05,7299.72
2018-01-08,7371.56
2018-01-09,7377.43
2018-01-10,7378.72
2018-01-11,7423.5
2018-01-12,7415.45
2018-01-15,7434.15
2018-01-16,7480.36
2018-01-17,7481.85
2018-01-18,7506.72
2018-01-19,7487.33
2018-01-22,7502.12
2018-01-23,7679.65
2018-01-24,7724.26
2018-01-25,7679.86
2018-01-26,7714.25
2018-01-29,7741.17
2018-01-30,7601.27
2018-01-31,7616.16
2018-02-01,7634.68
2018-02-02,7690.82
2018-02-05,7633.01
2018-02-06,7543.07
2018-02-07,7607.67
2018-02-08,7636.22
2018-02-09,7567.14
2018-02-12,7558.71
2018-02-13,7619.65
2018-02-14,7646.64
2018-02-15,7633.32
2018-02-19,7759.88
2018-02-20,7728.82
2018-02-21,7688.33
2018-02-22,7622.66
2018-02-23,7667.6
2018-02-26,7560.32
2018-02-27,7617.34
2018-02-28,7606.71
2018-03-01,7626.17
2018-03-02,7580.08
2018-03-05,7525.15
2018-03-06,7471.16
2018-03-07,7328.18
2018-03-08,7432.51
2018-03-09,7414.25
2018-03-12,7532.59
2018-03-13,7423.62
2018-03-14,7385.4
2018-03-15,7302.54
2018-03-16,7280.04
2018-03-19,7278.84
2018-03-20,7253.45
2018-03-21,7359.72
2018-03-22,7284.81
2018-03-23,7239.18
2018-03-26,7227.62
2018-03-27,7241.62
2018-03-28,7188.88
2018-03-29,7215.03
2018-04-02,7326.83
2018-04-03,7317.92
2018-04-04,7246.18
2018-04-05,7274.71
2018-04-06,7221.65
2018-04-09,7310.19
2018-04-10,7413.8
2018-04-11,7477.28
2018-04-12,7402.77
2018-04-13,7357.69
2018-04-16,7375.62
2018-04-17,7362.2
2018-04-18,7374.27
2018-04-19,7400.14
2018-04-20,7403.45
2018-04-23,7363.51
2018-04-24,7283.76
2018-04-25,7089.35
2018-04-26,6883.98
2018-04-27,6902.6
2018-04-30,6990.25
2018-05-02,7018.97
2018-05-03,6839.58
2018-05-04,6759.38
2018-05-07,6844.24
2018-05-08,6736.19
2018-05-09,6890.56
2018-05-11,6954.84
2018-05-14,6951.56
2018-05-15,6807.47
2018-05-16,6821.74
2018-05-17,6799.38
2018-05-18,6760.64
2018-05-21,6710.22
2018-05-22,6726.89
2018-05-23,6810.37
2018-05-24,6980.92
2018-05-25,7015.33
2018-05-28,7125.17
2018-05-30,7067.43
2018-05-31,6992.56
2018-06-04,7025.25
2018-06-05,7111.72
2018-06-06,7105.8
2018-06-07,7144.52
2018-06-08,7013.86
2018-06-20,6850.9
2018-06-21,6761.44
2018-06-22,6748.03
2018-06-25,6783.14
2018-06-26,6753.07
2018-06-27,6685.99
2018-06-28,6553.2
2018-06-29,6712.77
2018-07-02,6608.4
2018-07-03,6482.14
2018-07-04,6605.48
2018-07-05,6612.89
2018-07-06,6561.68
2018-07-09,6681.56
2018-07-10,6716.88
2018-07-11,6715.39
2018-07-12,6741.42
2018-07-13,6775.26
2018-07-16,6725.23
2018-07-17,6698.54
2018-07-18,6754.63
2018-07-19,6727.27
2018-07-20,6715.3
2018-07-23,6773.59
2018-07-24,6797.94
2018-07-25,6801
2018-07-26,6800.38
2018-07-27,6864.44
2018-07-30,6938.12
2018-07-31,6829.02
2018-08-01,6907.12
2018-08-02,6870.25
2018-08-03,6847.78
2018-08-06,6979.1
2018-08-07,6954.58
2018-08-08,6950.46
2018-08-09,6930.63
2018-08-10,6932.3
2018-08-13,6683.16
2018-08-14,6534.61
2018-08-15,6543.95
2018-08-16,6516.52
2018-08-20,6667.34
2018-08-21,6708.45
2018-08-23,6760.73
2018-08-24,6724.17
2018-08-27,6777.61
2018-08-28,6788.37
2018-08-29,6815.68
2018-08-30,6770.9
2018-08-31,6750.69
2018-09-03,6696.3
2018-09-04,6631.21
2018-09-05,6377.2
2018-09-06,6470.69
2018-09-07,6574.64
2018-09-10,6554.1
2018-09-12,6509.67
2018-09-13,6556.87
2018-09-14,6657.4
2018-09-17,6528.45
2018-09-18,6516.07
2018-09-19,6574.18
2018-09-20,6625.11
2018-09-21,6627.91
2018-09-24,6541
2018-09-25,6532.32
2018-09-26,6554.65
2018-09-27,6616.02
2018-09-28,6663.66
2018-10-01,6639.44
2018-10-02,6543.92
2018-10-03,6540.55
2018-10-04,6425.01
2018-10-05,6396.2
2018-10-08,6432.94
2018-10-09,6467.97
2018-10-10,6459.71
2018-10-11,6344.23
2018-10-12,6397.83
2018-10-15,6389.07
2018-10-16,6466.83
2018-10-17,6549.93
2018-10-18,6524.24
2018-10-19,6496.59
2018-10-22,6485.13
2018-10-23,6467.74
2018-10-24,6377.05
2018-10-25,6420.15
2018-10-26,6474.51
2018-10-29,6440.5
2018-10-30,6484.49
2018-10-31,6539.74
2018-11-01,6561.63
2018-11-02,6628.59
2018-11-05,6641.5
2018-11-06,6650.06
2018-11-07,6677.08
2018-11-08,6717.12
2018-11-09,6614.64
2018-11-12,6475.31
2018-11-13,6540.19
2018-11-14,6545.22
2018-11-15,6662.36
2018-11-16,6706.22
2018-11-19,6687.73
2018-11-21,6616.17
2018-11-22,6655.74
2018-11-23,6656.56
2018-11-26,6655.81
2018-11-27,6665.81
2018-11-28,6646.52
2018-11-29,6825.15
2018-11-30,6785.09
2018-12-03,6856.36
2018-12-04,6870.22
2018-12-05,6832.49
2018-12-06,6783.74
2018-12-07,6826.67
2018-12-10,6784.84
2018-12-11,6754.48
2018-12-12,6801.7
2018-12-13,6867.98
2018-12-14,6842.07
2018-12-17,6765.74
2018-12-18,6753.74
2018-12-19,6841.34
2018-12-20,6816.34
2018-12-21,6836.98
2018-12-26,6761.88
2018-12-27,6820.08
2018-12-28,6805.41
2019-01-02,6803.91
2019-01-03,6850.98
2019-01-04,6909.44
2019-01-07,6923
2019-01-08,6904.03
2019-01-09,6919.5
2019-01-10,6976.17
2019-01-11,7012.71
2019-01-14,6953.16
2019-01-15,7028.37
2019-01-16,7031.55
2019-01-17,7027.74
2019-01-18,7046.19
2019-01-21,7038.19
2019-01-22,7053.47
2019-01-23,7038.06
2019-01-24,7098.02
2019-01-25,7114.6
2019-01-28,7079.08
2019-01-29,7051.81
2019-01-30,7058.26
2019-01-31,7136.29
2019-02-01,7167.4
2019-02-04,7100.08
2019-02-06,7163.12
2019-02-07,7141.39
2019-02-08,7127.78
2019-02-11,7148.1
2019-02-12,7087.61
2019-02-13,7107.06
2019-02-14,7116.55
2019-02-15,7124.23
2019-02-18,7260.11
2019-02-19,7253.08
2019-02-20,7271.43
2019-02-21,7286.23
2019-02-22,7280.98
2019-02-25,7310.23
2019-02-26,7334.26
2019-02-27,7323.64
2019-02-28,7219.15
2019-03-01,7282.73
2019-03-04,7240.79
2019-03-05,7204.53
2019-03-06,7210.99
2019-03-08,7130.31
2019-03-11,7130.13
2019-03-12,7131.64
2019-03-13,7172.8
2019-03-14,7168.38
2019-03-15,7198.67
2019-03-18,7215.39
2019-03-19,7179.54
2019-03-20,7190.89
2019-03-21,7209.12
2019-03-22,7204.03
2019-03-25,7037.22
2019-03-26,7077.37
2019-03-27,7056.03
2019-03-28,7074.13
2019-03-29,7091.11
2019-04-01,7116.97
2019-04-02,7168.58
2019-04-04,7148.32
2019-04-05,7137.89
2019-04-08,7055.67
2019-04-09,7157.44
2019-04-10,7154.96
2019-04-11,7084.59
2019-04-12,7057.78
2019-04-15,7102.61
2019-04-16,7158.77
2019-04-18,7214.46
2019-04-22,7092.78
2019-04-23,7175.22
2019-04-24,7170.59
2019-04-25,7089.35
2019-04-26,7122.94
2019-04-29,7179.52
2019-04-30,7208.06
2019-05-02,7094.16
2019-05-03,7067.23
2019-05-06,6985.23
2019-05-07,7029.45
2019-05-08,7004.37
2019-05-09,6933.89
2019-05-10,6945.82
2019-05-13,6853.17
2019-05-14,6779.29
2019-05-15,6689.09
2019-05-16,6587.74
2019-05-17,6495.3
2019-05-20,6551.15
2019-05-21,6591.37
2019-05-22,6584.63
2019-05-23,6648.31
2019-05-24,6671.41
2019-05-27,6768.75
2019-05-28,6662.72
2019-05-29,6741.07
2019-05-31,6856.02
2019-06-10,6963.59
2019-06-11,7004.76
2019-06-12,6976.51
2019-06-13,6977.68
2019-06-14,6935.98
2019-06-17,6859.44
2019-06-18,6947.44
2019-06-19,7076.03
2019-06-20,7070.73
2019-06-21,7027.07
2019-06-24,6962.45
2019-06-25,6965.85
2019-06-26,6957.31
2019-06-27,7030.97
2019-06-28,7032.93
2019-07-01,7071.03
2019-07-02,7045.3
2019-07-03,6974.26
2019-07-04,6992.39
2019-07-05,6984.09
2019-07-08,6954.55
2019-07-09,7026.21
2019-07-10,7040.45
2019-07-11,7064.4
2019-07-12,7004.92
2019-07-15,7059.68
2019-07-16,7039.55
2019-07-17,7055.57
2019-07-18,7062.98
2019-07-19,7105.02
2019-07-22,7072.19
2019-07-23,7090.16
2019-07-24,7089.17
2019-07-25,7147.97
2019-07-26,7045.8
2019-07-29,7047.37
2019-07-30,7131.41
2019-07-31,7129.64
2019-08-01,7136.38
2019-08-02,7094.31
2019-08-05,6889.78
2019-08-06,6877.94
2019-08-07,6952.36
2019-08-08,7014.07
2019-08-09,7032.95
2019-08-12,6988.79
2019-08-13,6978.83
2019-08-14,7063.17
2019-08-15,7040.38
2019-08-16,7046.54
2019-08-19,7049.56
2019-08-20,7051.34
2019-08-21,7036.14
2019-08-22,7024.9
2019-08-23,7010.78
2019-08-26,6974.08
2019-08-27,6953.13
2019-08-28,6972.83
2019-08-29,6980.05
2019-08-30,7018.96
2019-09-02,7002.95
2019-09-03,6952.78
2019-09-04,6969.7
2019-09-05,6991.54
2019-09-06,6983.11
2019-09-09,7046.13
2019-09-10,7038.27
2019-09-11,7091.57
2019-09-12,7018.57
2019-09-13,7025.98
2019-09-16,6906.09
2019-09-17,6919.88
2019-09-18,6973.67
2019-09-19,6929.61
2019-09-20,6948.37
2019-09-23,6905.12
2019-09-24,6776.32
2019-09-25,6791.35
2019-09-26,6891.95
2019-09-27,6847.04
2019-09-30,6850.58
2019-10-01,6801.48
2019-10-02,6686.22
2019-10-03,6710.69
2019-10-04,6721.58
2019-10-07,6674
2019-10-08,6722.21
2019-10-09,6721.25
2019-10-10,6709.62
2019-10-11,6789.76
2019-10-14,6820.69
2019-10-15,6852.05
2019-10-16,6859.24
2019-10-17,6845.09
2019-10-18,6826.94
2019-10-21,6849.79
2019-10-22,6852.69
2019-10-23,6887.24
2019-10-24,6970.74
2019-10-25,6870.64
2019-10-28,6904.89
2019-10-29,6925.62
2019-10-30,6919.47
2019-10-31,6820.16
2019-11-01,6765.05
2019-11-04,6754.01
2019-11-05,6825.23
2019-11-06,6778.8
2019-11-07,6736.48
2019-11-08,6730.88
2019-11-11,6700.91
2019-11-12,6725.55
2019-11-13,6706.91
2019-11-14,6663.74
2019-11-15,6713.51
2019-11-18,6675.04
2019-11-19,6701.52
2019-11-20,6709.16
2019-11-21,6681.48
2019-11-22,6651.22
2019-11-25,6612.6
2019-11-26,6570.46
2019-11-27,6566.94
2019-11-28,6491.72
2019-11-29,6535.56
2019-12-02,6659.34
2019-12-03,6631.73
2019-12-04,6635.88
2019-12-05,6652.12
2019-12-06,6691.17
2019-12-09,6675.01
2019-12-10,6649.93
2019-12-11,6653.63
2019-12-12,6635.57
2019-12-13,6684.05
2019-12-16,6712.62
2019-12-17,6717.99
2019-12-18,6750.56
2019-12-19,6734.61
2019-12-20,6767.1
2019-12-23,6825.38
2019-12-26,6859.35
2019-12-27,6851.14
2019-12-30,6829.14
2020-01-02,6821.62
2020-01-03,6860.87
2020-01-06,6808.9
2020-01-07,6824.97
2020-01-08,6771.61
2020-01-09,6840.04
2020-01-10,6874.98
2020-01-13,6871.97
2020-01-14,6875.28
2020-01-15,6784.14
2020-01-16,6798.16
2020-01-17,6812.23
2020-01-20,6749.03
2020-01-21,6695.76
2020-01-22,6670.9
2020-01-23,6669.96
2020-01-24,6669.96
2020-01-27,6542.17
2020-01-28,6547.11
2020-01-29,6538.61
2020-01-30,6472.44
2020-01-31,6363.44
2020-02-03,6286.89
2020-02-04,6303.98
2020-02-05,6396.72
2020-02-06,6429.18
2020-02-07,6451.11
2020-02-10,6372.9
2020-02-11,6405.83
2020-02-12,6366.57
2020-02-13,6301.25
2020-02-14,6309.77
2020-02-17,6323.28
2020-02-18,6360.19
2020-02-19,6389.89
2020-02-20,6387.66
2020-02-21,6316.9
2020-02-24,6223.29
2020-02-25,6256.8
2020-02-26,6145.76
2020-02-27,6022.31
2020-02-28,5954.38
2020-03-02,5836.33
2020-03-03,5997.06
2020-03-04,6111.11
2020-03-05,6099.44
2020-03-06,5960.87
2020-03-09,5561.52
2020-03-10,5624.35
2020-03-11,5551.83
2020-03-12,5244.69
2020-03-13,5233.78
2020-03-16,4988.6
2020-03-17,4749.96
2020-03-18,4586.77
2020-03-19,4333.09
2020-03-20,4330.16
2020-03-23,4139.02
2020-03-24,4058.77
2020-03-26,4416.03
2020-03-27,4657.92
2020-03-30,4505.96
2020-03-31,4692.65
2020-04-01,4608.28
2020-04-02,4633.41
2020-04-03,4725.9
2020-04-06,4980.81
2020-04-07,4976.68
2020-04-08,4837.54
2020-04-09,4855.61
2020-04-13,4852.8
2020-04-14,4918.09
2020-04-15,4899.03
2020-04-16,4770.83
2020-04-17,4967.31
2020-04-20,4946.89
2020-04-21,4862.24
2020-04-22,4892.62
2020-04-23,4924.64
2020-04-24,4821.16
2020-04-27,4837.75
2020-04-28,4856.78
2020-04-29,4903.44
2020-04-30,5011.85
2020-05-04,4894.61
2020-05-05,4950.66
2020-05-06,4939.17
2020-05-08,4967.23
2020-05-11,5020.64
2020-05-12,4961.8
2020-05-13,4938
2020-05-14,4892.11
2020-05-15,4888.88
2020-05-18,4911.05
2020-05-19,4947.75
2020-05-20,4924.12
2020-05-26,4967.19
2020-05-27,4988.82
2020-05-28,5062.76
2020-05-29,5104.31
2020-06-02,5201.73
2020-06-03,5301.4
2020-06-04,5312.55
2020-06-05,5399.37
2020-06-08,5542.84
2020-06-09,5507.78
2020-06-10,5382.64
2020-06-11,5289.98
2020-06-12,5276.79
2020-06-15,5216.77
2020-06-16,5387.36
2020-06-17,5422.01
2020-06-18,5391.19
2020-06-19,5383.03
2020-06-22,5361.4
2020-06-23,5339.87
2020-06-24,5384.22
2020-06-25,5313.21
2020-06-26,5328.04
2020-06-29,5310.35
2020-06-30,5306.96
2020-07-01,5328.79
2020-07-02,5358.57
2020-07-03,5337
2020-07-06,5358.98
2020-07-07,5352.75
2020-07-08,5428.61
2020-07-09,5412.9
2020-07-10,5363.12
2020-07-13,5410.13
2020-07-14,5406.9
2020-07-15,5400.29
2020-07-16,5412.86
2020-07-17,5399.55
2020-07-20,5366.36
2020-07-21,5454.54
2020-07-22,5476.98
2020-07-23,5514.94
2020-07-24,5450.91
2020-07-27,5511.96
2020-07-28,5515.99
2020-07-29,5517.13
2020-07-30,5536.89
2020-08-03,5370.81
2020-08-04,5443.37
2020-08-05,5506.35
2020-08-06,5574.62
2020-08-07,5546.28
2020-08-10,5542.38
2020-08-11,5565.57
2020-08-12,5586.3
2020-08-13,5612.24
2020-08-14,5600.5
2020-08-18,5650.75
2020-08-19,5627.28
2020-08-24,5641.95
2020-08-25,5689.48
2020-08-26,5693.32
2020-08-27,5746.09
2020-08-28,5733
2020-08-31,5635.38
2020-09-01,5721.59
2020-09-02,5746.19
2020-09-03,5716.41
2020-09-04,5702.73
2020-09-07,5694.93
2020-09-08,5675.12
2020-09-09,5564.84
2020-09-10,5285.29
2020-09-11,5422.75
2020-09-14,5588.08
2020-09-15,5509.25
2020-09-16,5444.31
2020-09-17,5372.67
2020-09-18,5411.77
2020-09-21,5359.97
2020-09-22,5295.01
2020-09-23,5288.15
2020-09-24,5207.14
2020-09-25,5334.09
2020-09-28,5307.82
2020-09-29,5270.16
2020-09-30,5257.29
2020-10-01,5366.94
2020-10-02,5321.42
2020-10-05,5347.37
2020-10-06,5427.28
2020-10-07,5398.72
2020-10-08,5437.9
2020-10-09,5472.79
2020-10-12,5542.18
2020-10-13,5575.65
2020-10-14,5643.55
2020-10-15,5573
2020-10-16,5572.36
2020-10-19,5628.27
2020-10-20,5609.46
2020-10-21,5629.65
2020-10-22,5628.95
2020-10-23,5648.51
2020-10-26,5660.49
2020-10-27,5625.78
2020-11-02,5614.89
2020-11-03,5650.1
2020-11-04,5570.11
2020-11-05,5726.12
2020-11-06,5804.26
2020-11-09,5888.27
2020-11-10,5966.41
2020-11-11,5952.9
2020-11-12,5901.54
2020-11-13,5904.97
2020-11-16,5967.39
2020-11-17,6019.41
2020-11-18,6059.83
2020-11-19,6082.47
2020-11-20,6044.37
2020-11-23,6117.46
2020-11-24,6153.33
2020-11-25,6151.59
2020-11-26,6243.18
2020-11-27,6298.1
2020-11-30,6077.96
2020-12-01,6172.4
2020-12-02,6341.27
2020-12-03,6340.26
2020-12-04,6325.71
2020-12-07,6432.54
2020-12-08,6410.54
2020-12-10,6443.28
2020-12-11,6502.38
2020-12-14,6602.18
2020-12-15,6593.24
2020-12-16,6756.16
2020-12-17,6826.28
2020-12-18,6927.53
2020-12-21,7080.26
2020-12-22,6860.42
2020-12-23,6871.66
2020-12-28,7018.14
2020-12-29,6910.49
2020-12-30,6761.57
2021-01-04,7031.65
2021-01-05,7087.35
2021-01-06,6961.72
2021-01-07,7176.3
2021-01-08,7254.87
2021-01-11,7217.06
2021-01-12,7285.37
2021-01-13,7408.37
2021-01-14,7425.7
2021-01-15,7409.27
2021-01-18,7308.39
2021-01-19,7128.22
2021-01-20,7480.55
2021-01-21,7422.74
2021-01-22,7164.38
2021-01-25,7147.55
2021-01-26,7007.49
2021-01-27,7008.78
2021-01-28,6793.72
2021-01-29,6732.74
2021-02-01,7109.93
2021-02-02,6921.35
2021-02-03,6871.66
2021-02-04,6947.61
2021-02-05,7063.48
2021-02-08,7204.6
2021-02-09,7071.02
2021-02-10,7157.34
2021-02-11,7161.71
2021-02-15,7231.72
2021-02-16,7214.99
2021-02-17,7088.34
2021-02-18,7106.25
2021-02-19,7176.81
2021-02-22,7289.75
2021-02-23,7271.61
2021-02-24,7243.83
2021-02-25,7285.17
2021-02-26,7190.46
2021-03-01,7334.26
2021-03-02,7273.04
2021-03-03,7247.95
2021-03-04,7109.32
2021-03-05,7006.19
2021-03-08,7005.54
2021-03-09,6923.16
2021-03-10,6986.3
2021-03-12,7115.92
2021-03-15,7063.45
2021-03-16,7027.59
2021-03-17,6996.99
2021-03-18,7054.37
2021-03-19,7001.78
2021-03-22,6952.85
2021-03-23,6865.48
2021-03-24,6765.82
2021-03-25,6745.26
2021-03-26,6890.47
2021-03-29,6845.13
2021-03-30,6712.5
2021-03-31,6644.81
2021-04-01,6685.53
2021-04-05,6662.24
2021-04-06,6763
2021-04-07,6791.69
2021-04-08,6848.77
2021-04-09,6839.8
2021-04-12,6669.28
2021-04-13,6677.06
2021-04-14,6813.7
2021-04-15,6811.96
2021-04-16,6854.75
2021-04-19,6827.83
2021-04-20,6858.94
2021-04-21,6807.43
2021-04-22,6800.09
2021-04-23,6809.52
2021-04-26,6803.21
2021-04-27,6829.43
2021-04-28,6861.97
2021-04-29,6905.73
2021-04-30,6895.92
2021-05-03,6872.73
2021-05-04,6896.5
2021-05-05,6935.5
2021-05-06,6930.86
2021-05-07,6881.87
2021-05-10,7014.88
2021-05-11,6969.94
2021-05-17,6829.91
2021-05-18,6916.63
2021-05-19,6823.52
2021-05-20,6777.97
2021-05-21,6726.23
2021-05-24,6736.65
2021-05-25,6803.3
2021-05-27,6785.94
2021-05-28,6779.67
2021-05-31,6854.31
2021-06-02,6994.02
2021-06-03,7051.5
2021-06-04,6987.16
2021-06-07,6981.46
2021-06-08,6938.6
2021-06-09,6989.43
2021-06-10,6984.75
2021-06-11,7005.02
2021-06-14,6964.24
2021-06-15,6909.63
2021-06-16,6890.73
2021-06-17,6841.87
2021-06-18,6726.52
2021-06-21,6711.82
2021-06-22,6830.98
2021-06-23,6761.82
2021-06-24,6739.84
2021-06-25,6731.84
2021-06-28,6612.45
2021-06-29,6580.87
2021-06-30,6669.54
2021-07-01,6640.34
2021-07-02,6676.65
2021-07-05,6709.54
2021-07-06,6852.71
2021-07-07,6826.8
2021-07-08,6803.96
2021-07-09,6812.88
2021-07-12,6827.44
2021-07-13,6731.58
2021-07-14,6728.28
2021-07-15,6793.71
2021-07-16,6838.86
2021-07-19,6779.54
2021-07-21,6784.02
2021-07-22,6836.53
2021-07-23,6864.26
2021-07-26,6920
2021-07-27,6829.72
2021-07-28,6818.05
2021-07-29,6848.62
2021-07-30,6789.25
2021-08-02,6787.46
2021-08-03,6800.62
2021-08-04,6824.53
2021-08-05,6795.37
2021-08-06,6835.42
2021-08-09,6739.34
2021-08-10,6636.64
2021-08-12,6709.13
2021-08-13,6695.1
2021-08-16,6597.41
2021-08-18,6610.39
2021-08-19,6462.42
2021-08-20,6481.4
2021-08-23,6679.28
2021-08-24,6643.69
2021-08-25,6661.39
2021-08-26,6573.96
2021-08-27,6551.68
2021-08-30,6694.74
2021-08-31,6740.97
2021-09-01,6712.46
2021-09-02,6695.51
2021-09-03,6758.52
2021-09-06,6788.16
2021-09-07,6802.42
2021-09-08,6715.84
2021-09-09,6754.25
2021-09-10,6815.11
2021-09-13,6808.98
2021-09-14,6851.09
2021-09-15,6862.35
2021-09-16,6842.03
2021-09-17,6839.32
2021-09-20,6762.36
2021-09-21,6783.9
2021-09-22,6854.98
2021-09-23,6854.66
2021-09-24,6844
2021-09-27,6822.41
2021-09-28,6809.25
2021-09-29,6823.39
2021-09-30,6926.41
2021-10-01,6872.01
2021-10-04,7025.02
2021-10-05,6940.71
2021-10-06,7013.41
2021-10-07,6939.22
2021-10-08,7018.4
2021-10-11,7022.93
2021-10-12,7054.85
2021-10-13,7057.04
2021-10-14,7166.3
2021-10-15,7171.62
2021-10-18,7228.28
2021-10-19,7196.44
2021-10-21,7138.12
2021-10-22,7128.22
2021-10-25,7122.18
2021-10-26,7123.63
2021-10-27,7030.77
2021-10-28,6936.7
2021-10-29,7002.78
2021-11-01,6966.97
2021-11-02,6893.35
2021-11-03,6974.46
2021-11-04,7001.3
2021-11-05,6953.95
2021-11-08,7009.91
2021-11-09,7064.95
2021-11-10,7072.3
2021-11-11,7059.97
2021-11-12,7062.76
2021-11-15,7025.62
2021-11-16,7060.42
2021-11-17,7089.86
2021-11-18,7050.53
2021-11-19,7142.5
2021-11-22,7134.79
2021-11-23,7091.54
2021-11-24,7072.37
2021-11-25,7097.69
2021-11-26,6890.14
2021-11-29,6944.46
2021-11-30,6884.6
2021-12-01,6846.22
2021-12-02,6884.83
2021-12-03,6875.77
2021-12-06,6918.34
2021-12-07,7008.3
2021-12-08,6994.61
2021-12-09,7038.24
2021-12-10,7048.96
2021-12-13,7046.49
2021-12-14,6996.6
2021-12-15,6985.58
2021-12-16,6937.53
2021-12-17,6951.85
2021-12-20,6936.79
2021-12-21,6958.04
2021-12-22,6936.73
2021-12-23,6941.91
2021-12-24,6960.26
2021-12-27,6972.74
2021-12-28,6983.51
2021-12-29,6986.7
2021-12-30,6959.87
2022-01-03,7062.82
2022-01-04,7114.65
2022-01-05,6999.46
2022-01-06,6984.52
2022-01-07,7029.32
2022-01-10,7019.48
2022-01-11,6881.02
2022-01-12,6844.68
2022-01-13,6903.39
2022-01-14,6915.02
2022-01-17,6838.57
2022-01-18,6754.9
2022-01-19,6710.43
2022-01-20,6743.75
2022-01-21,6791.5
2022-01-24,6699.56
2022-01-25,6563.02
2022-01-26,6588.63
2022-01-27,6548.51
2022-01-28,6634.23
2022-01-31,6641.35
2022-02-02,6740.45
2022-02-03,6720.87
2022-02-04,6712.57
2022-02-07,6731.77
2022-02-08,6691.94
2022-02-09,6710.09
2022-02-10,6714.39
2022-02-11,6711.5
2022-02-14,6619.81
2022-02-15,6703.61
2022-02-16,6753.61
2022-02-17,6766.5
2022-02-18,6839.08
2022-02-21,6812.86
2022-02-22,6742.36
2022-02-23,6802.17
2022-02-24,6667.68
2022-02-25,6753.51
2022-03-01,6773.48
2022-03-02,6738.33
2022-03-04,6809.11
2022-03-07,6763.18
2022-03-08,6757.56
2022-03-09,6842.55
2022-03-10,6872.45
2022-03-11,6911.45
2022-03-14,6904.33
2022-03-15,6800.19
2022-03-16,6845.76
2022-03-17,6882.81
2022-03-18,6861.52
2022-03-21,6880.52
2022-03-22,6980.62
2022-03-23,7009.03
2022-03-24,7146.1
2022-03-25,7100.48
2022-03-28,7125.71
2022-03-29,7065.91
2022-03-30,7092.31
2022-03-31,7106.72
2022-04-01,7067.72
2022-04-04,7137.72
2022-04-05,7185.66
2022-04-06,7119.37
2022-04-07,7136.3
2022-04-08,7247.65
2022-04-11,7092.37
2022-04-12,7174.42
2022-04-13,7239.91
2022-04-14,7281.53
2022-04-18,7399.36
2022-04-19,7374.95
2022-04-20,7492.72
2022-04-21,7472.54
2022-04-22,7367.42
2022-04-25,7311.91
2022-04-26,7327.97
2022-04-27,7343.79
2022-04-28,7418.6
2022-05-09,7138.82
2022-05-10,7014.4
2022-05-11,7045.16
2022-05-12,6762.02
2022-05-13,6771.91
2022-05-17,6839.49
2022-05-18,6946.27
2022-05-19,6945.92
2022-05-20,7044.43
2022-05-23,7037.8
2022-05-24,7119.67
2022-05-25,7066.34
2022-05-27,7156.31
2022-05-30,7160.8
2022-05-31,7262.04
2022-06-02,7169.5
2022-06-03,7178.54
2022-06-06,7187.98
2022-06-07,7175.65
2022-06-08,7224.03
2022-06-09,7192.86
2022-06-10,7019.36
2022-06-13,6835.05
2022-06-14,6855.27
2022-06-15,6767.17
2022-06-16,6822.76
2022-06-17,6711.68
2022-06-20,6754.61
2022-06-21,6823.48
2022-06-22,6804.44
2022-06-23,6801.97
2022-06-24,6863.57
2022-06-27,6811.62
2022-06-28,6781.55
2022-06-29,6775.05
2022-06-30,6754.94
2022-07-01,6591.7
2022-07-04,6433.37
2022-07-05,6540.58
2022-07-06,6495.43
2022-07-07,6482.15
2022-07-08,6533.34
2022-07-11,6535.71
2022-07-12,6530.31
2022-07-13,6440.54
2022-07-14,6477.21
2022-07-15,6410.66
2022-07-18,6431.1
2022-07-19,6581.75
2022-07-20,6691.56
2022-07-21,6648.13
2022-07-22,6678.07
2022-07-25,6619.61
2022-07-26,6614.03
2022-07-27,6601.28
2022-07-28,6675.47
2022-07-29,6645.36
2022-08-01,6681.21
2022-08-02,6712.02
2022-08-03,6741.24
2022-08-04,6747.29
2022-08-05,6775.22
2022-08-08,6824.28
2022-08-09,6855.8
2022-08-10,6797.11
2022-08-11,6937.14
2022-08-12,6959.3
2022-08-15,6922.65
2022-08-16,6876.13
2022-08-18,6906.61
2022-08-19,6917.98
2022-08-22,6776.02
2022-08-23,6839.24
2022-08-24,6831.07
2022-08-25,6798.33
2022-08-26,6800.28
2022-08-29,6732.78
2022-08-30,6791.78
2022-08-31,6801.6
2022-09-01,6780.6
2022-09-02,6768.55
2022-09-05,6753.01
2022-09-06,6758.26
2022-09-07,6678.89
2022-09-08,6733.28
2022-09-09,6729.68
2022-09-12,6800.63
2022-09-13,6885.28
2022-09-14,6903.48
2022-09-15,6966.73
2022-09-16,6899.8
2022-09-19,6926.6
2022-09-20,6915.17
2022-09-21,6885.99
2022-09-22,6916.59
2022-09-23,6848.89
2022-09-26,6776.94
2022-09-27,6816.42
2022-09-28,6713.92
2022-09-29,6688.24
2022-09-30,6710.81
2022-10-03,6699.67
2022-10-04,6738.98
2022-10-05,6745.77
2022-10-06,6773.55
2022-10-07,6773.37
2022-10-10,6726.79
2022-10-11,6728.8
2022-10-12,6705.22
2022-10-13,6682.85
2022-10-14,6639.05
2022-10-17,6618.17
2022-10-18,6690.54
2022-10-19,6752.6
2022-10-20,6931.62
2022-10-21,6898.75
2022-10-24,6927.52
2022-10-25,6899.41
2022-10-26,6930.2
2022-10-27,7012.12
2022-10-28,6971.66
2022-10-31,6986.94
2022-11-01,6960.28
2022-11-02,6959.72
2022-11-03,6965.45
2022-11-04,7002.94
2022-11-07,7065.23
2022-11-08,7009.68
2022-11-09,7031.19
2022-11-10,6999.16
2022-11-11,7074.52
2022-11-14,7042.55
2022-11-15,7051.59
2022-11-16,6958.28
2022-11-17,6923.48
2022-11-18,6960.46
2022-11-21,6982.61
2022-11-22,6959.63
2022-11-23,7039.65
2022-11-24,7090.25
2022-11-25,7033.72
2022-11-28,7021.99
2022-11-29,7085.37
2022-11-30,7147.62
2022-12-01,7178.13
2022-12-02,7211.86
2022-12-05,7173.25
2022-12-06,7073.87
2022-12-07,7043.8
2022-12-08,7089.76
2022-12-09,6996.98
2022-12-12,7008.43
2022-12-13,7049.84
2022-12-14,7043.04
2022-12-15,7001.36
2022-12-16,6976.33
2022-12-19,6959.76
2022-12-20,6950.46
2022-12-21,6926.32
2022-12-22,6952.75
2022-12-23,6908.95
2022-12-26,6865.63
2022-12-27,6925.81
2022-12-28,6896.85
2022-12-29,6926.16
2022-12-30,6958.5
2023-01-02,6910.29
2023-01-03,6985.17
2023-01-04,6943
2023-01-05,6793.26
2023-01-06,6784.93
2023-01-09,6836.27
2023-01-10,6747.67
2023-01-11,6746.65
2023-01-12,6826.16
2023-01-13,6844.25
2023-01-16,6859.89
2023-01-17,6955.87
2023-01-18,6938.93
2023-01-19,7045.12
2023-01-20,7075.08
2023-01-24,7053.92
2023-01-25,7000.01
2023-01-26,7028.82
2023-01-27,7027.98
2023-01-30,7000.46
2023-01-31,7009.24
2023-02-01,7071.21
2023-02-02,7123.65
2023-02-03,7167.55
2023-02-06,7127.46
2023-02-07,7186.9
2023-02-08,7188.91
2023-02-09,7127.07
2023-02-10,7144.23
2023-02-13,7261.79
2023-02-14,7297.02
2023-02-15,7283.33
2023-02-16,7286.64
2023-02-17,7277.69
2023-02-20,7275.52
2023-02-21,7277.94
2023-02-22,7175.14
2023-02-23,7205.42
2023-02-24,7214.83
2023-02-27,7172.03
2023-02-28,7160.1
2023-03-01,7172.67
2023-03-02,7224.5
2023-03-03,7165.41
2023-03-06,7171.33
2023-03-07,7141.03
2023-03-08,7113.6
2023-03-09,7125.8
2023-03-10,7060.2
2023-03-13,7011.37
2023-03-14,6858.05
2023-03-15,6835.82
2023-03-16,6775.95
2023-03-17,6888.72
2023-03-20,6781.09
2023-03-21,6839.17
2023-03-24,6915.48
2023-03-27,6890.25
2023-03-28,7009.55
2023-03-29,7083.41
2023-03-30,6996.68
2023-03-31,7000.4
2023-04-03,6973.99
2023-04-04,6919.71
2023-04-05,6882.57
2023-04-06,6854.37
2023-04-10,6809.64
2023-04-11,6868.35
2023-04-12,6855.54
2023-04-13,6841.74
2023-04-14,6877.06
2023-04-17,6863.4
2023-04-18,6856.99
2023-04-26,6867.92
2023-04-27,6847.61
2023-04-28,6926.05
2023-05-02,6846.01
2023-05-03,6837.74
2023-05-04,6878.62
2023-05-05,6814.64
2023-05-08,6869.98
2023-05-09,6915.22
2023-05-10,6904.97
2023-05-11,6900.46
2023-05-12,6892.74
2023-05-15,6904.92
2023-05-16,6834.96
2023-05-17,6844.24
2023-05-19,6858.32
2023-05-22,6853.29
2023-05-23,6870.33
2023-05-24,6870.22
2023-05-25,6841.62
2023-05-26,6835.57
2023-05-29,6823.28
2023-05-30,6827.97
2023-05-31,6801.05
2023-06-05,6869.74
2023-06-06,6921.56
2023-06-07,6952.4
2023-06-08,6985.49
2023-06-09,7030.84
2023-06-12,7056.1
2023-06-13,7040.66
2023-06-14,7039.99
2023-06-15,7027.41
2023-06-16,7021.42
2023-06-19,6972.34
2023-06-20,6931.95
2023-06-21,6981.7
2023-06-22,6970.17
2023-06-23,6949.15
2023-06-26,6950.85
2023-06-27,6945.54
2023-07-03,6966.48
2023-07-04,6983.7
2023-07-05,7028.75
2023-07-06,7045.41
2023-07-07,7015.58
2023-07-10,7031.57
2023-07-11,7077.49
2023-07-12,7091.34
2023-07-13,7065.34
2023-07-14,7124.35
2023-07-17,7083.82
2023-07-18,7022.07
2023-07-20,7085.14
2023-07-21,7128.55
2023-07-24,7108.1
2023-07-25,7078.59
2023-07-26,7088
2023-07-27,7036.26
2023-07-28,7057.4
2023-07-31,7084.75
2023-08-01,7029.27
2023-08-02,7013.73
2023-08-03,7094.21
2023-08-04,7075
2023-08-07,7072.75
2023-08-08,7064.78
2023-08-09,7043.8
2023-08-10,7041.61
2023-08-11,7037
2023-08-14,7057.38
2023-08-15,7089.42
2023-08-16,7081.38
2023-08-18,7056.03
2023-08-21,7012.26
2023-08-22,7063.34
2023-08-23,7071.93
2023-08-24,7039.62
2023-08-25,7042.51
2023-08-28,7073.33
2023-08-29,7110.01
2023-08-30,7157.33
2023-08-31,7103.6
2023-09-01,7113.06
2023-09-04,7111.7
2023-09-05,7099.9
2023-09-06,7066.9
2023-09-07,6985.55
2023-09-08,6986.64
2023-09-11,7059.63
2023-09-12,7030.1
2023-09-13,7051.43
2023-09-14,7032.13
2023-09-15,7000.92
2023-09-18,6950.21
2023-09-19,6962.63
2023-09-20,6987.87
2023-09-21,6985.34
2023-09-22,7014.05
2023-09-25,6967.43
2023-09-26,6873.32
2023-09-27,6886.22
2023-09-29,6878.07
2023-10-02,6888.87
2023-10-03,6865.35
2023-10-04,6779.93
2023-10-05,6795.89
2023-10-06,6827.24
2023-10-09,6828.57
2023-10-10,6848.46
2023-10-11,6831.13
2023-10-12,6826.08
2023-10-13,6801.11
2023-10-16,6772.29
2023-10-17,6825.87
2023-10-18,6811.08
2023-10-19,6710.13
2023-10-20,6721.87
2023-10-23,6619.05
2023-10-24,6690.63
2023-10-25,6691.47
2023-10-26,6581.38
2023-10-27,6603.18
2023-10-30,6505.57
2023-10-31,6549.34
2023-11-01,6382.07
2023-11-02,6508
2023-11-03,6521.02
2023-11-06,6607.55
2023-11-07,6568.69
2023-11-08,6527.3
2023-11-09,6545.52
2023-11-10,6489.7
2023-11-13,6498.93
2023-11-14,6504.37
2023-11-15,6601.97
2023-11-16,6559.93
2023-11-17,6548.88
2023-11-20,6551.2
2023-11-21,6539.86
2023-11-22,6506.22
2023-11-23,6561.61
2023-11-24,6548.86
2023-11-27,6573.13
2023-11-28,6594.1
2023-11-29,6601.88
2023-11-30,6641.14
2023-12-01,6618.67
2023-12-04,6608.71
2023-12-05,6585.77
2023-12-06,6578.29
2023-12-07,6502.18
2023-12-08,6521.38
2023-12-11,6471.65
2023-12-12,6467.7
2023-12-13,6440.29
2023-12-14,6563.31
2023-12-15,6571.24
2023-12-18,6494.02
2023-12-19,6561.77
2023-12-20,6569.11
2023-12-21,6527.34
2023-12-22,6577.84
2023-12-27,6574.77
2023-12-28,6648.68
2023-12-29,6662.57
2024-01-02,6693.37
2024-01-03,6670.43
2024-01-04,6726.96
2024-01-05,6693.76
2024-01-08,6655.69
2024-01-09,6669.4
2024-01-10,6711.96
2024-01-11,6725.37
2024-01-12,6729.95
2024-01-15,6737.33
2024-01-16,6719.17
2024-01-17,6653.35
2024-01-18,6675.07
2024-01-19,6681.49
2024-01-22,6675.51
2024-01-23,6634.01
2024-01-24,6645.79
2024-01-25,6609.03
2024-01-26,6559.66
2024-01-29,6594.73
2024-01-30,6632.8
2024-01-31,6656.77
2024-02-01,6640.18
2024-02-02,6656.11
2024-02-05,6615.01
2024-02-06,6667.34
2024-02-07,6663.11
2024-02-12,6706.96
2024-02-13,6665.77
2024-02-15,6788.36
2024-02-16,6716.61
2024-02-19,6638.25
2024-02-20,6707.2
2024-02-21,6719.62
2024-02-22,6776.49
2024-02-23,6752.44
2024-02-26,6706.16
2024-02-27,6719.81
2024-02-28,6758.89
2024-02-29,6740.76
2024-03-01,6768.61
2024-03-04,6725.93
2024-03-05,6683.74
2024-03-06,6699.79
2024-03-07,6705.27
2024-03-08,6689.93
2024-03-13,6693.99
2024-03-14,6723.02
2024-03-15,6671.62
2024-03-18,6655.06
2024-03-19,6676.38
2024-03-20,6704.78
2024-03-21,6721.95
2024-03-22,6719.28
2024-03-25,6756.96
2024-03-26,6764.16
2024-03-27,6722.18
2024-03-28,6710.23
2024-04-01,6646.59
2024-04-02,6674.11
2024-04-03,6620.44
2024-04-04,6706.31
2024-04-05,6666.25
2024-04-16,6538.04
2024-04-17,6441.56
2024-04-18,6452.95
2024-04-19,6360.44
2024-04-22,6374.33
2024-04-23,6381.92
2024-04-24,6369.41
2024-04-25,6361.09
2024-04-26,6251.02
2024-04-29,6340.88
2024-04-30,6408.22
2024-05-02,6275.01
2024-05-03,6308.64
2024-05-06,6357.93
2024-05-07,6340.54
2024-05-08,6309.56
2024-05-13,6300.23
2024-05-14,6309.3
2024-05-15,6306.12
2024-05-16,6337.96
2024-05-17,6381.24
2024-05-20,6379.37
2024-05-21,6309.45
2024-05-22,6331.77
2024-05-27,6247.24
2024-05-28,6300.92
2024-05-29,6247.43
2024-05-30,6212.31
2024-05-31,6130.09
2024-06-03,6178.96
2024-06-04,6210.49
2024-06-05,6175.98
2024-06-06,6233.76
2024-06-07,6250.57
2024-06-10,6240.55
2024-06-11,6186.31
2024-06-12,6104.59
2024-06-13,6094.53
2024-06-14,6004.98
2024-06-19,5985.22
2024-06-20,6023.47
2024-06-21,6147.71
2024-06-24,6128.42
2024-06-25,6113.96
2024-06-26,6130.16
2024-06-27,6180.05
2024-06-28,6227.21
2024-07-01,6241.62
2024-07-02,6235.88
2024-07-03,6265.57
2024-07-04,6258.81
2024-07-05,6300.59
2024-07-08,6359.47
2024-07-09,6353.01
2024-07-10,6343.12
2024-07-11,6368.59
2024-07-12,6411.05
2024-07-15,6352.57
2024-07-16,6354.35
2024-07-17,6356.24
2024-07-18,6424.22
2024-07-19,6399.89
2024-07-22,6421.88
2024-07-23,6417.8
2024-07-24,6365.56
2024-07-25,6350.43
2024-07-26,6371.89
2024-07-29,6368.03
2024-07-30,6352.81
2024-07-31,6404.45
2024-08-01,6414.52
2024-08-02,6384.36
2024-08-05,6196.15
2024-08-06,6271.38
2024-08-07,6328.7
2024-08-08,6340.36
2024-08-09,6369.87
2024-08-12,6395.3
2024-08-13,6456.51
2024-08-14,6506.47
2024-08-15,6486.39
2024-08-16,6493.19
2024-08-19,6502.72
2024-08-20,6570.78
2024-08-21,6571.97
2024-08-22,6498.01
2024-08-23,6563.96
2024-08-26,6592.5
2024-08-27,6576.15
2024-08-28,6647.23
2024-08-29,6599.47
2024-08-30,6597.87
2024-09-02,6615.16
2024-09-03,6569.85
2024-09-04,6558.18
2024-09-05,6632.8
2024-09-06,6610.11
2024-09-09,6590.67
2024-09-10,6659.89
2024-09-11,6654.36
2024-09-12,6707.28
2024-09-13,6667.9
2024-09-17,6727.27
2024-09-18,6753.88
2024-09-19,6799.7
2024-09-20,6788.48
2024-09-23,6823.89
2024-09-24,6854.35
2024-09-25,6812.95
2024-09-26,6880.71
2024-09-27,6919.45
2024-09-30,6807.84
2024-10-01,6872.52
2024-10-02,6812
2024-10-03,6802.74
2024-10-04,6764.18
2024-10-07,6782.46
2024-10-08,6782.76
2024-10-09,6737.07
2024-10-10,6715.99
2024-10-11,6791.54
2024-10-14,6786.72
2024-10-15,6817.43
2024-10-16,6839.4
2024-10-17,6848.55
2024-10-18,6822.23
2024-10-21,6817.85
2024-10-22,6809.9
2024-10-23,6824.96
2024-10-24,6767.25
2024-10-25,6702.4
2024-10-28,6667.44
2024-10-29,6648.06
2024-10-30,6635.2
2024-10-31,6623.56
2024-11-01,6568.94
2024-11-04,6516.63
2024-11-05,6546.97
2024-11-06,6444.21
2024-11-07,6418.04
2024-11-08,6395.53
2024-11-11,6343.31
2024-11-12,6390.38
2024-11-13,6344.42
2024-11-14,6277.67
2024-11-15,6239.63
2024-11-18,6192.02
2024-11-19,6247.32
2024-11-20,6252.7
2024-11-21,6211.21
2024-11-22,6233.67
2024-11-25,6277.91
2024-11-26,6238.27
2024-11-28,6169.91
2024-11-29,6177.27
2024-12-02,6111.98
2024-12-03,6204.78
2024-12-04,6282.53
2024-12-05,6262.43
2024-12-06,6279.79
2024-12-09,6371.14
2024-12-10,6395.8
2024-12-11,6394.34
2024-12-12,6316.48
2024-12-13,6272.41
2024-12-16,6211.05
2024-12-17,6100.1
2024-12-18,6056.01
2024-12-19,5926.76
2024-12-20,5930.42
2024-12-23,6021.79
2024-12-24,6037.57
2024-12-27,6077.15
2024-12-30,6113.85
2025-01-02,6130.74
2025-01-03,6087.02
2025-01-06,6002.06
2025-01-07,6002.39
2025-01-08,5984.4
2025-01-09,5975
2025-01-10,5992.42
2025-01-13,5937.81
2025-01-14,5901.11
2025-01-15,6021.25
2025-01-16,6020.82
2025-01-17,6009.51
2025-01-20,6016.62
2025-01-21,6025.89
2025-01-22,6050.04
2025-01-23,6020.35
2025-01-24,5990.47
2025-01-30,5929.13
2025-01-31,5940.11
2025-02-03,5843.65
2025-02-04,5857.43
2025-02-05,5805.34
2025-02-06,5722.05
2025-02-07,5761.78
2025-02-10,5677.92
2025-02-11,5594.62
2025-02-12,5659.56
2025-02-13,5682.21
2025-02-14,5684.72
2025-02-17,5783.09
2025-02-18,5862.56
2025-02-19,5803.74
2025-02-20,5761.85
2025-02-21,5746.67
2025-02-24,5720.48
2025-02-25,5593.08
2025-02-26,5550.33
2025-02-27,5468.52
2025-02-28,5296.57
2025-03-03,5444.56
2025-03-04,5333.49
2025-03-05,5429.02
2025-03-06,5511
2025-03-07,5518.55
2025-03-10,5475.47
2025-03-11,5389.2
2025-03-12,5437.69
2025-03-13,5382.53
2025-03-14,5316.27
2025-03-17,5309.39
2025-03-18,5159.53
2025-03-19,5185.04
2025-03-20,5161.79
2025-03-21,5056.17
2025-03-24,5006.18
2025-03-25,5080.08
2025-03-26,5229.99
2025-03-27,5247.39
2025-04-08,4807.32
2025-04-09,4807.1
2025-04-10,5095.67
2025-04-11,5113.79
2025-04-14,5302.32
2025-04-15,5316.62
2025-04-16,5287.83
2025-04-17,5342.57
2025-04-21,5343.81
2025-04-22,5407.01
2025-04-23,5479.68
2025-04-24,5500.13
2025-04-25,5604.09
2025-04-28,5606.81
2025-04-29,5658.46
2025-04-30,5652.69
2025-05-02,5679.09
2025-05-05,5698.16
2025-05-06,5751.25
2025-05-07,5796.99
2025-05-08,5721.13
2025-05-09,5730.98
2025-05-14,5848.72
2025-05-15,5882.9
2025-05-16,5912.36
2025-05-19,5937.76
2025-05-20,5885.07
2025-05-21,5967.4
2025-05-22,5998.63
2025-05-23,6004.1
2025-05-26,5988.4
2025-05-27,5991.83
2025-05-28,5967.61
2025-06-02,5879.96
2025-06-03,5861.73
2025-06-04,5914.9
2025-06-05,5875.15
2025-06-10,5922.03
2025-06-11,5987.69
2025-06-12,5999.59
2025-06-13,5983.11
2025-06-16,5974.27
2025-06-17,6003.54
2025-06-18,6001.51
2025-06-19,5873.14
2025-06-20,5771.11
2025-06-23,5668.55
2025-06-24,5741.2
2025-06-25,5623.63
2025-06-26,5694.97
2025-06-30,5752.06
2025-07-01,5758.94
2025-07-02,5743.19
2025-07-03,5768.25
2025-07-04,5765.9
2025-07-07,5772.65
2025-07-08,5755.15
2025-07-09,5805.62
2025-07-10,5849.98
2025-07-11,5890.7
2025-07-14,5894.88
2025-07-15,5951.58
2025-07-16,5968.3
2025-07-17,6012.63
2025-07-18,6048.64
2025-07-21,6092.21
2025-07-22,5992.81
2025-07-23,6068.55
2025-07-24,6077.11
2025-07-25,6067.89
2025-07-28,6146.18
2025-07-29,6228.99
2025-07-30,6182.97
2025-07-31,6092.63
2025-08-01,6164.09
2025-08-04,6120.2
2025-08-05,6141.25
2025-08-06,6168.16
2025-08-07,6163.18
2025-08-08,6156.06
2025-08-11,6209.28
2025-08-12,6276.61
2025-08-13,6323.64
2025-08-14,6339.3
2025-08-15,6253.98
2025-08-19,6300.28
2025-08-20,6373.58
2025-08-21,6338.21
2025-08-22,6318.06
2025-08-25,6394.81
2025-08-26,6367.04
2025-08-27,6356.11
2025-08-28,6361.83
2025-08-29,6194.3
2025-09-01,6121.87
2025-09-02,6225.45
2025-09-03,6260.04
2025-09-04,6237.1
2025-09-08,6117.12
2025-09-09,6103.2
2025-09-10,6103.99
2025-09-11,6174.17
2025-09-12,6250.98
2025-09-15,6303.4
2025-09-16,6305.19
2025-09-17,6353.73
2025-09-18,6334.86
2025-09-19,6358.13
2025-09-22,6383.14
2025-09-23,6493.29
2025-09-24,6453.45
2025-09-25,6423.53
2025-09-26,6476.04
2025-09-29,6525.9
2025-09-30,6450.99
2025-10-01,6466.23
2025-10-02,6519.67
2025-10-03,6591.24
2025-10-06,6616.39
2025-10-07,6671.76
2025-10-08,6717.14
2025-10-09,6737.52
2025-10-10,6791.98
2025-10-13,6772.31
2025-10-14,6593.9
2025-10-15,6612.6
2025-10-16,6644.73
2025-10-17,6496.06
2025-10-20,6629.73
2025-10-21,6703.43
2025-10-22,6643.28
2025-10-23,6728.41
2025-10-24,6675.01
2025-10-27,6580.79
2025-10-28,6608.66
2025-10-29,6718.9
2025-10-30,6688.63
2025-10-31,6668.5
2025-11-03,6709.02
2025-11-04,6682.52
2025-11-05,6732.62
2025-11-06,6742.45
2025-11-07,6801.78
2025-11-10,6869.53
2025-11-11,6890.2
2025-11-12,6894.45
2025-11-13,6890.07
2025-11-14,6849.71
2025-11-17,6858.94
2025-11-18,6778.59
2025-11-19,6838.87
2025-11-20,6860.89
2025-11-21,6827.23
2025-11-24,6893.38
2025-11-25,6960.86
2025-11-26,7124.16
2025-11-27,7092.43
2025-11-28,7130.12
2025-12-01,7166.89
2025-12-02,7179.84
2025-12-03,7209.1
2025-12-04,7223.55
2025-12-05,7251.86
2025-12-08,7340.68
2025-12-09,7293.63
2025-12-10,7302.87
2025-12-11,7261
2025-12-12,7299.5
2025-12-15,7275.58
2025-12-16,7292.62
2025-12-17,7319.73
2025-12-18,7258.64
2025-12-19,7205.3
2025-12-22,7310.55
2025-12-23,7264.72
2025-12-24,7220.7
2025-12-29,7329.96
2025-12-30,7318.76
2026-01-02,7487.56
2026-01-05,7558.27
2026-01-06,7669.47
2026-01-07,7655.35
2026-01-08,7630.01
2026-01-09,7775.5
2026-01-12,7763.71
2026-01-13,7780.23
2026-01-14,7894.36
2026-01-15,7918.56
2026-01-19,7950.79
2026-01-20,8039.81
2026-01-21,7931.68
2026-01-22,7924.26
2026-01-23,7921.7
2026-01-26,7878.71
2026-01-27,7839.55
2026-01-28,7388.95
2026-01-29,7236.16
2026-01-30,7318.97
2026-02-02,7048.36
2026-02-03,7252.36
2026-02-04,7262.29
2026-02-05,7228.86
2026-02-06,7118.57
2026-02-09,7228.48
2026-02-10,7309.05
2026-02-11,7476.69
2026-02-12,7507.11
2026-02-13,7455.26
2026-02-18,7570.36
2026-02-19,7600.15
2026-02-20,7586.29
2026-02-23,7731.31
2026-02-24,7589.01
2026-02-25,7752.68
2026-02-26,7599.15
2026-02-27,7654.87
2026-03-02,7538.66
2026-03-03,7445.43
2026-03-04,7097.96
2026-03-05,7219.57
2026-03-06,7062.65
2026-03-09,6784.19
2026-03-10,6978.65
2026-03-11,6889.91
2026-03-12,6823.79
2026-03-13,6649.94
2026-03-16,6609.93
2026-03-17,6689.59
2026-03-25,6820.93
2026-03-26,6722.4
2026-03-27,6658.09
2026-03-30,6638.53
2026-03-31,6630.71
2026-04-01,6816.38
2026-04-02,6688.37
2026-04-06,6714.91
2026-04-07,6652.05
2026-04-08,6943.19
2026-04-09,6864.7
2026-04-10,6908.78
2026-04-13,6924.27
2026-04-14,7086.95
2026-04-15,7085.63
2026-04-16,7122.23
2026-04-17,7120.41
2026-04-20,7058.08
2026-04-21,7154.51
2026-04-22,7215.15
2026-04-23,7116.27
2026-04-24,6921.83
2026-04-27,6947.73
2026-04-28,6896.32
2026-04-29,6954.78
2026-04-30,6811.43
2026-05-04,6826.42
2026-05-05,6822.09
2026-05-06,6873.12
2026-05-07,6940.81
2026-05-08,6720.32
2026-05-11,6704.08
2026-05-12,6684.72
2026-05-13,6637.64
2026-05-18,6468.25
2026-05-19,6241.41
2026-05-20,6185.1
2026-05-21,5980.8
2026-05-22,6120.92
2026-05-25,6157.75
2026-05-26,6048.28
2026-05-29,6055.62
2026-06-02,6098.86
2026-06-03,5809.04
2026-06-04,5715.74
2026-06-05,5527.72
2026-06-08,5294.04
2026-06-09,5638.7
2026-06-10,5704.5
2026-06-11,5637.33
2026-06-12,5824.56
2026-06-15,6062.18
2026-06-17,6066.1
2026-06-18,6031.6
2026-06-19,6030.79
2026-06-22,5988.24
2026-06-23,6027.56
2026-06-24,5802.51
2026-06-25,5918.35
2026-06-26,5827.42
2026-06-29,5764.15
2026-06-30,5626.24
2026-07-01,5684.67
2026-07-02,5719.43
2026-07-03,5864.88
2026-07-06,5891.81
2026-07-07,5973.17
2026-07-08,5832.32
2026-07-09,5890.54
2026-07-10,5920.22
2026-07-13,5990.82
2026-07-14,6008.99
2026-07-15,6026.96
2026-07-16,6102.51
2026-07-17,6150.45
2026-07-20,6213.76
2026-07-21,6317.14
2026-07-22,6292.19
2026-07-23,6263.39
2026-07-24,6137.6
2026-07-27,6103.03
2026-07-28,6074.75
2026-07-29,6022.97
2026-07-30,6131.1
2026-07-31,6181.82
2026-08-03,6163.7
2026-08-04,6249.13
2026-08-05,6357.56
2026-08-06,6353.54
2026-08-07,6440.98
2026-08-10,6380.66
2026-08-11,6264.52
2026-08-12,6359.7
2026-08-13,6266.15
2026-08-14,6316.96
2026-08-18,6357.12
2026-08-19,6314.22
2026-08-20,6434.89
2026-08-21,6458.77
2026-08-24,6440.87
2026-08-26,6330.29
2026-08-27,6444.89
2026-08-28,6427.19
2026-08-31,6450.62
2026-09-01,6499.94
2026-09-02,6452.9
2026-09-03,6566.57
2026-09-04,6512.44
2026-09-07,6520.92
2026-09-08,6591.52
2026-09-09,6575.26
2026-09-10,6487.53
2026-09-11,6445.66
2026-09-14,6427.39
2026-09-15,6352.7
2026-09-16,6308.74
2026-09-17,6341.81
2026-09-18,6265.02
2026-09-21,6218.55
2026-09-22,6148.92
2026-09-23,6229.04
2026-09-24,6152.32
2026-09-25,6096.01
2026-09-28,5989.05
2026-09-29,5947.23
2026-09-30,5919.81
2026-10-01,5849.56
