date,nav
2001-01-02,2531.1699
2001-01-04,2507.6299
2001-01-05,2555.97
2001-01-08,2545.5701
2001-01-09,2557.0601
2001-01-10,2564.8
2001-01-11,2519.1499
2001-01-12,2522.3899
2001-01-15,2546.3799
2001-01-16,2565.1499
2001-01-17,2561.8799
2001-01-18,2556.46
2001-01-19,2543.3201
2001-01-22,2583.24
2001-01-23,2583.27
2001-01-24,2582.26
2001-01-25,2581.49
2001-01-26,2580.8
2001-01-29,2554.0601
2001-01-30,2562.3101
2001-01-31,2606.1499
2001-02-01,2625.5901
2001-02-02,2713
2001-02-05,2741.5701
2001-02-06,2715.4099
2001-02-07,2687.55
2001-02-08,2669.3799
2001-02-09,2610.46
2001-02-12,2601.8
2001-02-13,2608.24
2001-02-14,2599.51
2001-02-15,2698.46
2001-02-16,2647.05
2001-02-19,2666.51
2001-02-20,2660.3
2001-02-21,2689.72
2001-02-22,2678.29
2001-02-23,2690.78
2001-02-26,2655.75
2001-02-27,2648.0701
2001-02-28,2629.05
2001-03-01,2603.6799
2001-03-06,2649.02
2001-03-07,2638.6299
2001-03-09,2594.96
2001-03-12,2494.3201
2001-03-13,2426.1699
2001-03-14,2467.5801
2001-03-15,2365.29
2001-03-16,2438.52
2001-03-19,2376.79
2001-03-20,2345.6001
2001-03-21,2390.95
2001-03-23,2382.8401
2001-03-30,2450.3999
2001-04-02,2424.05
2001-04-03,2415.8301
2001-04-04,2382.52
2001-04-05,2367.73
2001-04-06,2382.72
2001-04-09,2363.03
2001-04-10,2394.0801
2001-04-11,2396.97
2001-04-12,2399.04
2001-04-16,2386.8601
2001-04-18,2365.99
2001-04-19,2345.6948
2001-04-23,2325.3999
2001-04-24,2332.28
2001-04-25,2354.8701
2001-04-26,2341.05
2001-04-27,2342.6001
2001-04-30,2379.27
2001-05-01,2405.6799
2001-05-02,2419.22
2001-05-03,2471.9299
2001-05-04,2487.3101
2001-05-08,2486.76
2001-05-09,2483.8601
2001-05-10,2469.54
2001-05-11,2466.8401
2001-05-14,2465.99
2001-05-15,2465.4299
2001-05-16,2496.1101
2001-05-17,2504.5701
2001-05-18,2501.6899
2001-05-21,2521.8899
2001-05-22,2510.53
2001-05-23,2516.3701
2001-05-25,2568.3999
2001-05-28,2579.01
2001-05-29,2663.21
2001-05-30,2673
2001-05-31,2667.1699
2001-06-01,2636.1399
2001-06-05,2630.4099
2001-06-06,2645.9099
2001-06-07,2657.4199
2001-06-08,2664.55
2001-06-11,2711.4099
2001-06-12,2799.53
2001-06-14,2779.97
2001-06-15,2778.0801
2001-06-18,2800.3301
2001-06-19,2809.28
2001-06-20,2837.45
2001-06-21,2859.24
2001-06-22,2881.26
2001-06-25,2865.8101
2001-06-26,2871.73
2001-06-27,2837.8101
2001-06-28,2775.8899
2001-06-29,2823.45
2001-07-03,2778.98
2001-07-05,2812.49
2001-07-06,2815.73
2001-07-09,2827.4399
2001-07-11,2891.3401
2001-07-12,2903.22
2001-07-13,2919.52
2001-07-16,2911.3201
2001-07-17,2931.9199
2001-07-18,2966.3
2001-07-19,3040.8501
2001-07-20,3036.4099
2001-07-23,3106.8101
2001-07-24,3026.1899
2001-07-25,2959.1001
2001-07-26,2936
2001-07-27,2957.49
2001-07-31,2931.8999
2001-08-01,2929.3899
2001-08-02,2883.9099
2001-08-03,2884.6499
2001-08-06,2864.3401
2001-08-07,2876.27
2001-08-08,2943.6499
2001-08-09,2864.4199
2001-08-10,2908.5901
2001-08-13,2931.49
2001-08-14,2939.1899
2001-08-15,2898.8501
2001-08-16,2900.9399
2001-08-20,2920.8101
2001-08-21,2922.48
2001-08-22,2945.4199
2001-08-23,2936.8
2001-08-24,2942.52
2001-08-27,2924.7
2001-08-28,2916.45
2001-08-29,2891.46
2001-08-30,2874.8799
2001-08-31,2890.8
2001-09-03,2873.6001
2001-09-04,2939.0901
2001-09-05,2951.55
2001-09-06,2976.51
2001-09-07,2948.95
2001-09-10,2954.3401
2001-09-11,2960.6201
2001-09-12,2899.3999
2001-09-13,2903.1399
2001-09-14,2839.6101
2001-09-17,2739.0601
2001-09-18,2777.04
2001-09-19,2838.3799
2001-09-20,2845.74
2001-09-21,2796.8201
2001-09-24,2771.79
2001-09-25,2768.9099
2001-09-26,2717.8899
2001-09-27,2691.23
2001-09-28,2670.1599
2001-10-02,2590.5801
2001-10-03,2548.8201
2001-10-04,2629.8701
2001-10-05,2629.0601
2001-10-08,2527.72
2001-10-09,2556.8601
2001-10-10,2555.1599
2001-10-11,2580.5701
2001-10-12,2633.1001
2001-10-16,2620.1101
2001-10-17,2646.4299
2001-10-18,2669.8899
2001-10-22,2716.98
2001-10-23,2720.79
2001-10-24,2699.7
2001-10-25,2718.9299
2001-10-26,2706.78
2001-10-29,2686.6399
2001-10-31,2690.23
2001-11-01,2700.53
2001-11-02,2697.4099
2001-11-05,2655.9299
2001-11-06,2663.3899
2001-11-07,2678.6699
2001-11-08,2702.96
2001-11-09,2670.9099
2001-11-12,2651.71
2001-11-13,2645.3601
2001-11-14,2670.6399
2001-11-15,2705.8601
2001-11-16,2710.1101
2001-11-20,2730.21
2001-11-21,2733.2
2001-11-22,2725.1899
2001-11-25,2746.0701
2001-11-26,2737.76
2001-11-27,2733.4199
2001-12-03,2713.75
2001-12-04,2699.76
2001-12-05,2701.77
2001-12-06,2704.3
2001-12-07,2687.49
2001-12-10,2671.0801
2001-12-11,2654.22
2001-12-13,2679.79
2001-12-19,2663.1799
2001-12-20,2690.4199
2001-12-21,2702.1499
2001-12-27,2707.1399
2001-12-28,2768.01
2002-01-02,2733.0701
2002-01-03,2733.0701
2002-01-04,2753.48
2002-01-07,2786.2
2002-01-08,2783.6899
2002-01-09,2783.6899
2002-01-10,2867.6001
2002-01-11,2942.6299
2002-01-14,2976.4399
2002-01-15,3017.1101
2002-01-16,3010.9099
2002-01-17,3004.6201
2002-01-18,3016.4099
2002-01-21,3016.53
2002-01-22,3027.0601
2002-01-23,3053.1101
2002-01-24,3126.1001
2002-01-25,3174.1499
2002-01-28,3106.25
2002-01-29,3153.05
2002-01-30,3139.7
2002-01-31,3178.3601
2002-02-01,3195.3101
2002-02-04,3195.3101
2002-02-05,3183.5701
2002-02-06,3145.02
2002-02-07,3062.8999
2002-02-08,3088.0901
2002-02-11,3109.71
2002-02-13,3095.51
2002-02-14,3111.47
2002-02-15,3190.8601
2002-02-18,3190.8601
2002-02-19,3274.6399
2002-02-20,3262.3601
2002-02-21,3279.22
2002-02-25,3215.1899
2002-02-26,3211.0801
2002-02-27,3249.55
2002-02-28,3235.5
2002-03-01,3224.4099
2002-03-04,3224.4099
2002-03-05,3268.46
2002-03-06,3361.04
2002-03-07,3351.72
2002-03-08,3351.53
2002-03-11,3351.53
2002-03-12,3308.54
2002-03-13,3330.48
2002-03-14,3302.97
2002-03-18,3321.8799
2002-03-19,3322.3101
2002-03-20,3345.72
2002-03-21,3379.52
2002-03-22,3387.3701
2002-03-25,3354.7
2002-03-26,3354.7
2002-03-27,3372.24
2002-03-28,3387.1699
2002-04-01,3433.6299
2002-04-02,3435.6599
2002-04-03,3432.0701
2002-04-04,3514.02
2002-04-05,3514.02
2002-04-08,3661.74
2002-04-09,3708.04
2002-04-10,3797.52
2002-04-11,3757.98
2002-04-12,3832.8
2002-04-15,3905.6201
2002-04-16,3952.8799
2002-04-17,3901.28
2002-04-18,3832.54
2002-04-19,3832.54
2002-04-22,3832.54
2002-04-23,3881.54
2002-04-24,3890.6499
2002-04-25,3880.54
2002-04-26,3845.1599
2002-04-29,3737.8301
2002-04-30,3790.4099
2002-05-01,3795.98
2002-05-02,3834.8101
2002-05-03,3875.4099
2002-05-06,3838.8301
2002-05-07,3890.1001
2002-05-08,3906.24
2002-05-10,3892.6599
2002-05-13,3842.71
2002-05-14,3848.1001
2002-05-15,3860.8601
2002-05-16,3795.98
2002-05-17,3832.0601
2002-05-20,3791.1899
2002-05-21,3787.75
2002-05-22,3702.51
2002-05-23,3636.1599
2002-05-24,3646.5801
2002-05-27,3685.4299
2002-05-28,3700.27
2002-05-29,3769.8301
2002-05-30,3784.23
2002-05-31,3825.1599
2002-06-03,3804.3999
2002-06-04,3773.1101
2002-06-05,3772.6299
2002-06-06,3720.71
2002-06-07,3733.3899
2002-06-10,3714.55
2002-06-11,3751.72
2002-06-12,3751.72
2002-06-13,3902.28
2002-06-14,3926.29
2002-06-17,3915.03
2002-06-18,3886.3201
2002-06-19,3847.3101
2002-06-20,3826.3301
2002-06-21,3795.5601
2002-06-24,3746.28
2002-06-25,3729.1399
2002-06-26,3729.1399
2002-06-27,3665.24
2002-06-28,3655.28
2002-07-01,3575.25
2002-07-02,3520
2002-07-03,3496.0601
2002-07-04,3581.24
2002-07-05,3610.76
2002-07-08,3562.73
2002-07-09,3536.2
2002-07-10,3522.99
2002-07-11,3471.1799
2002-07-12,3536.5
2002-07-15,3545.3701
2002-07-16,3546.2
2002-07-17,3554.45
2002-07-18,3610.98
2002-07-19,3592.6299
2002-07-22,3523.21
2002-07-23,3531.54
2002-07-24,3403.03
2002-07-25,3393.03
2002-07-26,3320.5701
2002-07-29,3408.75
2002-07-30,3454.8
2002-07-31,3449.28
2002-08-01,3430.5601
2002-08-02,3395.3501
2002-08-05,3342.1201
2002-08-06,3279.4299
2002-08-07,3325.77
2002-08-08,3314.52
2002-08-09,3340.3201
2002-08-12,3334.8501
2002-08-13,3348.78
2002-08-14,3326.71
2002-08-15,3336.1799
2002-08-16,3353.8301
2002-08-19,3357.4299
2002-08-20,3402.1599
2002-08-21,3412.1399
2002-08-22,3398.1799
2002-08-23,3442.77
2002-08-26,3429.72
2002-08-27,3388.76
2002-08-28,3310.01
2002-08-29,3283.5801
2002-08-30,3323.9099
2002-09-02,3298.48
2002-09-03,3223.1399
2002-09-04,3156.78
2002-09-05,3197.4299
2002-09-06,3217.29
2002-09-09,3238
2002-09-10,3229.9099
2002-09-11,3239.01
2002-09-12,3230.04
2002-09-13,3173.8401
2002-09-16,3154.6599
2002-09-17,3219.8601
2002-09-18,3154.5
2002-09-19,3036.5701
2002-09-20,3018.55
2002-09-23,3047.8701
2002-09-24,3035.8301
2002-09-25,3046
2002-09-26,3076.3501
2002-09-27,3085.1001
2002-09-30,3094.99
2002-10-01,3028.55
2002-10-02,3049.04
2002-10-03,3047.0801
2002-10-07,2975.78
2002-10-08,2965.8899
2002-10-09,2885.8899
2002-10-10,2831.23
2002-10-11,2782.95
2002-10-14,2482.76
2002-10-15,2512.3401
2002-10-16,2620.27
2002-10-17,2604.01
2002-10-18,2644.9099
2002-10-21,2663.21
2002-10-22,2602.8701
2002-10-23,2630.72
2002-10-24,2615.4199
2002-10-25,2626.5801
2002-10-28,2696.1101
2002-10-29,2702.8601
2002-10-30,2701.46
2002-10-31,2757.3999
2002-11-01,2779.21
2002-11-04,2880.26
2002-11-05,2805.71
2002-11-06,2766.3101
2002-11-07,2763.8401
2002-11-08,2735.8899
2002-11-11,2710.3301
2002-11-12,2710.3301
2002-11-13,2739.8799
2002-11-14,2770.8101
2002-11-15,2791.5901
2002-11-18,2731.48
2002-11-19,2762.6599
2002-11-20,2790
2002-11-21,2800.8601
2002-11-22,2874.9099
2002-11-25,2866.8401
2002-11-26,2865.01
2002-11-27,2866.9099
2002-11-28,2909.3401
2002-11-29,2914.25
2002-12-02,2900.5601
2002-12-03,2967.4299
2002-12-04,2954.1499
2002-12-11,2918.78
2002-12-12,2932.22
2002-12-13,2907.1799
2002-12-16,2933.0901
2002-12-17,2995.6899
2002-12-18,3034.8301
2002-12-19,3151.9199
2002-12-20,3190.1499
2002-12-23,3187.98
2002-12-27,3180.8701
2003-01-02,3061.97
2003-01-03,3062.72
2003-01-06,2997.3401
2003-01-07,2969.4099
2003-01-08,2914.0601
2003-01-09,2976.3799
2003-01-10,3006.48
2003-01-13,2982.26
2003-01-14,3073.45
2003-01-15,3060.9299
2003-01-16,3010.98
2003-01-17,3040.47
2003-01-20,3058.6001
2003-01-21,3057.53
2003-01-22,3059.77
2003-01-23,3077.8101
2003-01-24,3062.9199
2003-01-27,2987.95
2003-01-28,2996.29
2003-01-29,2972.25
2003-01-30,2970.78
2003-01-31,2945.1201
2003-02-03,2960.1699
2003-02-04,2960.1699
2003-02-05,2992.29
2003-02-06,2990.1101
2003-02-07,2990.1101
2003-02-10,2990.1101
2003-02-11,3007.51
2003-02-13,2999.9099
2003-02-14,3003.04
2003-02-17,3003.04
2003-02-18,3060.01
2003-02-19,3043.4299
2003-02-20,3032.6101
2003-02-21,3007.4099
2003-02-24,3007.4099
2003-02-25,3033.6599
2003-02-26,3007.02
2003-02-27,3004.6899
2003-02-28,3003.71
2003-03-04,2984.49
2003-03-05,2967.48
2003-03-06,2981.22
2003-03-07,2981.22
2003-03-10,2904.53
2003-03-11,2884.8999
2003-03-12,2935
2003-03-13,2918.48
2003-03-14,2940.95
2003-03-17,2898.3201
2003-03-18,2912.3799
2003-03-19,2924.47
2003-03-20,2987.3
2003-03-21,2978.28
2003-03-24,2978.8101
2003-03-25,2982.8701
2003-03-26,3026.99
2003-03-27,3016.26
2003-03-28,3024.23
2003-03-31,2976.54
2003-04-01,2978.5901
2003-04-02,2978.5901
2003-04-03,3043.03
2003-04-04,3201.05
2003-04-07,3201.05
2003-04-08,3194.3799
2003-04-09,3255.1201
2003-04-10,3264.6699
2003-04-11,3331.97
2003-04-14,3305.8501
2003-04-15,3332.79
2003-04-16,3376.27
2003-04-17,3374.95
2003-04-21,3402.8899
2003-04-22,3372.48
2003-04-23,3410.29
2003-04-24,3397.8
2003-04-25,3328.05
2003-04-28,3290.71
2003-04-29,3369.6299
2003-04-30,3401.01
2003-05-01,3401.3501
2003-05-02,3364.1499
2003-05-05,3453.6599
2003-05-06,3489.54
2003-05-07,3553.1001
2003-05-08,3545.4299
2003-05-09,3549.8101
2003-05-12,3588.1101
2003-05-13,3589.3101
2003-05-14,3535.5
2003-05-19,3469
2003-05-20,3526.8701
2003-05-21,3518.9199
2003-05-22,3507.97
2003-05-23,3556.49
2003-05-26,3605.3701
2003-05-27,3615.5
2003-05-28,3702.6899
2003-05-29,3720.46
2003-06-02,3796.0901
2003-06-03,3780.73
2003-06-04,3812.01
2003-06-05,3851
2003-06-06,3836.47
2003-06-09,3836.47
2003-06-10,3904.71
2003-06-11,3866.0601
2003-06-12,3794.4099
2003-06-13,3848.05
2003-06-16,3861.02
2003-06-17,3829.9199
2003-06-18,3794.53
2003-06-19,3855.3501
2003-06-20,3857.8
2003-06-23,3832.7
2003-06-24,3791.0801
2003-06-25,3788.3501
2003-06-26,3769.1699
2003-06-27,3820.6499
2003-06-30,3813.1101
2003-07-01,3827.5601
2003-07-02,3838.7
2003-07-03,3837.6399
2003-07-04,3816.5
2003-07-07,3864.46
2003-07-08,3916.55
2003-07-09,3921.77
2003-07-10,3919.0701
2003-07-11,3962.9399
2003-07-14,4039.6799
2003-07-15,4013.5601
2003-07-16,3942.8
2003-07-17,3927.8201
2003-07-18,3951.77
2003-07-21,3951.47
2003-07-22,3932.6399
2003-07-23,3899.6101
2003-07-24,3836.6799
2003-07-25,3868.3201
2003-07-28,3879.01
2003-07-29,3874.76
2003-07-30,3838.51
2003-07-31,3815.8101
2003-08-01,3798.04
2003-08-04,3751.03
2003-08-05,3655.29
2003-08-06,3681.22
2003-08-07,3786.96
2003-08-08,3759.7
2003-08-11,3763.05
2003-08-12,3777.54
2003-08-13,3811.4399
2003-08-14,3820.9099
2003-08-15,3858.8601
2003-08-19,3860.46
2003-08-20,3872.47
2003-08-21,3940.22
2003-08-22,3966.3101
2003-08-25,3966.3101
2003-08-26,3931.8701
2003-08-27,3928.6399
2003-08-28,3919.1699
2003-08-29,3910.1101
2003-09-01,3946.05
2003-09-02,3975.29
2003-09-03,4146.0801
2003-09-04,4292.1699
2003-09-05,4318.3398
2003-09-08,4349.8901
2003-09-09,4349.4902
2003-09-10,4263.6099
2003-09-11,4222.8599
2003-09-12,4316.1099
2003-09-15,4307.5498
2003-09-16,4350.5098
2003-09-17,4380.1299
2003-09-18,4351.9302
2003-09-19,4376.96
2003-09-23,4375.9199
2003-09-24,4481.1401
2003-09-25,4500.29
2003-09-26,4474.29
2003-09-29,4455.0298
2003-09-30,4431.8398
2003-10-01,4469.1201
2003-10-02,4601.4399
2003-10-03,4635.2598
2003-10-06,4589.7598
2003-10-07,4561.3501
2003-10-08,4603.25
2003-10-09,4719.5601
2003-10-10,4760.6699
2003-10-13,4774.8501
2003-10-14,4748.5498
2003-10-15,4763.96
2003-10-16,4761.4702
2003-10-17,4749.3599
2003-10-20,4755.6802
2003-10-21,4713.1401
2003-10-22,4699.8999
2003-10-23,4601.8301
2003-10-24,4610.1499
2003-10-27,4569.3701
2003-10-28,4583.9902
2003-10-29,4585.7402
2003-10-30,4593.6099
2003-10-31,4596.3101
2003-11-03,4543.52
2003-11-04,4599.4199
2003-11-05,4648.23
2003-11-06,4623.3999
2003-11-07,4598.9199
2003-11-10,4574.8599
2003-11-11,4592.25
2003-11-12,4592.25
2003-11-13,4605.6201
2003-11-14,4575.4702
2003-11-17,4546.1602
2003-11-18,4517.7998
2003-11-19,4507.27
2003-11-20,4507.27
2003-11-21,4569.9302
2003-12-01,4684.1401
2003-12-02,4699.0801
2003-12-03,4739.5898
2003-12-04,4757.98
2003-12-05,4741.0698
2003-12-08,4780.0498
2003-12-09,4771.04
2003-12-10,4770.6401
2003-12-11,4791.3198
2003-12-12,4828.1099
2003-12-15,4859.1802
2003-12-16,4845.79
2003-12-17,4851.9302
2003-12-18,4937.0698
2003-12-19,4959.9302
2003-12-22,4965.4902
2003-12-23,4972.1899
2003-12-29,5055.04
2003-12-30,5038.4702
2004-01-02,5224.53
2004-01-05,5224.53
2004-01-06,5190.4
2004-01-07,5146.23
2004-01-08,5334.78
2004-01-09,5563.55
2004-01-12,5524.58
2004-01-13,5535.07
2004-01-14,5592.12
2004-01-15,5637.79
2004-01-16,5675.3
2004-01-19,5676.59
2004-01-20,5723.72
2004-01-21,5760.21
2004-01-23,5791.15
2004-01-26,5771.69
2004-01-27,5732.58
2004-01-28,5684.58
2004-01-29,5610.32
2004-01-30,5578.67
2004-02-03,5417.23
2004-02-04,5429.71
2004-02-05,5499.39
2004-02-06,5670.84
2004-02-09,5748.37
2004-02-10,5743.08
2004-02-11,5766.35
2004-02-12,5714.01
2004-02-13,5772.37
2004-02-16,5762.31
2004-02-17,5751.99
2004-02-18,5810.54
2004-02-19,5872.22
2004-02-20,5933.98
2004-02-24,5815
2004-02-25,5789.68
2004-02-26,5789.68
2004-02-27,5789.68
2004-03-01,5709.43
2004-03-02,5842.54
2004-03-03,5871.92
2004-03-04,5871.92
2004-03-05,5873.56
2004-03-08,5842.42
2004-03-09,5833.79
2004-03-10,5742.33
2004-03-11,5637.13
2004-03-12,5587.31
2004-03-15,5503.73
2004-03-16,5447.88
2004-03-17,5563.22
2004-03-18,5595.37
2004-03-19,5659
2004-03-23,5624.53
2004-03-24,5604.63
2004-03-25,5508.44
2004-03-26,5412.31
2004-03-29,5447.26
2004-03-30,5541.62
2004-03-31,5580.14
2004-04-01,5594.45
2004-04-02,5701.76
2004-04-06,5889.82
2004-04-07,5894.6
2004-04-08,5928.53
2004-04-12,5857.62
2004-04-13,5877.74
2004-04-14,5921.18
2004-04-15,5916.83
2004-04-16,5930.22
2004-04-19,6022.9
2004-04-20,6220.87
2004-04-21,6273.36
2004-04-22,6230.64
2004-04-23,6337.91
2004-04-26,6284.13
2004-04-27,6353.45
2004-04-28,6366.54
2004-04-29,6232.13
2004-04-30,6103.73
2004-05-04,6059.35
2004-05-05,5926.67
2004-05-06,5879.24
2004-05-07,5882.8
2004-05-10,5596.31
2004-05-11,5707.72
2004-05-12,5916.23
2004-05-13,5852.79
2004-05-14,5716.64
2004-05-17,5299.85
2004-05-18,5352.94
2004-05-19,5581.6
2004-05-21,5746.53
2004-05-24,5814.24
2004-05-25,5689.24
2004-05-26,5730.91
2004-05-27,5811.43
2004-05-28,5889.59
2004-05-31,5870.91
2004-06-01,5870.91
2004-06-02,5742.34
2004-06-04,5742.34
2004-06-07,5594.16
2004-06-08,5622.77
2004-06-09,5682.51
2004-06-10,5662.02
2004-06-11,5629.47
2004-06-14,5582.66
2004-06-15,5684.1
2004-06-16,5671.78
2004-06-17,5625.76
2004-06-18,5561.63
2004-06-21,5532.28
2004-06-22,5547.32
2004-06-23,5606.44
2004-06-24,5655.2
2004-06-25,5727.66
2004-06-28,5740.35
2004-06-29,5754.94
2004-06-30,5813.84
2004-07-01,5847.6
2004-07-02,5975.33
2004-07-05,5975.33
2004-07-06,6168.6
2004-07-07,6230.88
2004-07-08,6152.28
2004-07-09,6141.39
2004-07-12,6128.41
2004-07-13,6129.29
2004-07-14,6040.51
2004-07-15,6056.72
2004-07-16,6137.64
2004-07-19,6140.41
2004-07-20,6170.59
2004-07-21,6214.59
2004-07-22,6236.33
2004-07-23,6239.04
2004-07-26,6218.19
2004-07-27,6209.31
2004-07-28,6188.26
2004-07-29,6179.23
2004-07-30,6152.54
2004-08-02,6099.06
2004-08-03,6158.04
2004-08-04,6161.42
2004-08-05,6171.5
2004-08-06,6114.52
2004-08-09,6068.3
2004-08-10,6091.15
2004-08-11,6172.26
2004-08-12,6134.3
2004-08-13,6127.96
2004-08-16,6105.59
2004-08-17,6119.88
2004-08-18,6119.8799
2004-08-19,6112.19
2004-08-20,6087.95
2004-08-23,6076.35
2004-08-24,6032.39
2004-08-25,5988.65
2004-08-26,6010.72
2004-08-27,6103.99
2004-08-30,6147.47
2004-08-31,6163.92
2004-09-01,6163.92
2004-09-02,6372.06
2004-09-03,6425.47
2004-09-06,6411.58
2004-09-07,6411.92
2004-09-08,6477.95
2004-09-09,6406.16
2004-09-10,6547.46
2004-09-14,6641.5
2004-09-15,6698.11
2004-09-16,6676.19
2004-09-17,6689.17
2004-09-20,6689.17
2004-09-21,6750.47
2004-09-22,6705.4
2004-09-23,6672.76
2004-09-24,6676.64
2004-09-27,6648.72
2004-09-28,6622.92
2004-09-29,6643.54
2004-09-30,6685.59
2004-10-01,6685.59
2004-10-04,6348.26
2004-10-05,7042.04
2004-10-06,7002.57
2004-10-07,6981.08
2004-10-08,6998.57
2004-10-11,7042.78
2004-10-12,6987.08
2004-10-13,7079.49
2004-10-14,7066.88
2004-10-15,7051.99
2004-10-18,7027.48
2004-10-19,6996.5
2004-10-20,6932.32
2004-10-21,6878.53
2004-10-22,7002.59
2004-10-25,6978.54
2004-10-26,6943.02
2004-10-27,6985.47
2004-10-28,7088.24
2004-10-29,7083.37
2004-11-01,7140.73
2004-11-02,7271.5298
2004-11-03,7356
2004-11-04,7338.91
2004-11-05,7375.55
2004-11-08,7375.55
2004-11-09,7487.72
2004-11-10,7602.45
2004-11-11,7649.94
2004-11-12,7708.56
2004-11-19,7708.56
2004-11-22,7732.96
2004-11-23,7899.52
2004-11-24,7939.84
2004-11-25,7940.3
2004-11-26,7990.03
2004-11-29,8001.94
2004-11-30,8107.36
2004-12-01,8142.86
2004-12-02,8210.96
2004-12-03,8162.04
2004-12-06,8161.25
2004-12-07,8161.25
2004-12-08,8173.5
2004-12-09,8103.29
2004-12-10,8004.37
2004-12-13,7923.41
2004-12-14,7799.66
2004-12-15,7923.34
2004-12-16,8101.53
2004-12-17,8269.89
2004-12-20,8184.03
2004-12-21,8248.16
2004-12-22,8330.73
2004-12-23,8322.89
2004-12-27,8372.24
2004-12-28,8403.7
2004-12-29,8426.59
2004-12-30,8392.71
2005-01-03,8476.4805
2005-01-04,8650.5703
2005-01-05,8601.1602
2005-01-06,8692.8398
2005-01-07,8715.2002
2005-01-10,8624.29
2005-01-11,8595.0498
2005-01-12,8585.6602
2005-01-13,8680.2695
2005-01-14,8680.6396
2005-01-17,8717.1602
2005-01-18,8666.1396
2005-01-19,8755.96
2005-01-20,8810.7197
2005-01-24,8782.9902
2005-01-25,8754.9697
2005-01-26,8874.1699
2005-01-27,8948.5801
2005-01-28,8966.5703
2005-01-31,8960.5996
2005-02-01,9024.4902
2005-02-02,9064.4404
2005-02-03,9036
2005-02-04,9043.75
2005-02-07,9019.71
2005-02-08,8998.6504
2005-02-11,9017.3496
2005-02-14,9034.2197
2005-02-15,9150.4297
2005-02-16,9183.2305
2005-02-17,9250.3096
2005-02-18,9296.8701
2005-02-21,9326.2402
2005-02-22,9369.3096
2005-02-23,9406.6504
2005-02-24,9422.7197
2005-02-25,9279.7305
2005-02-28,9196.4004
2005-03-01,9334.4902
2005-03-02,9267.3799
2005-03-03,9350.6201
2005-03-04,9418.4102
2005-03-07,9432.9902
2005-03-08,9492
2005-03-09,9536.21
2005-03-10,9492.8301
2005-03-14,9682.6396
2005-03-15,9635.1797
2005-03-16,9807.75
2005-03-17,9785.71
2005-03-18,9872.7803
2005-03-21,9872.4502
2005-03-22,9851.7598
2005-03-23,9747.3096
2005-03-24,9513.7998
2005-03-28,9392.8701
2005-03-29,9114.3604
2005-03-30,9064.3701
2005-03-31,9197.7402
2005-04-01,9365.3096
2005-04-04,9404.9697
2005-04-05,9390.2695
2005-04-06,9390
2005-04-07,9513.6299
2005-04-08,9523.1602
2005-04-11,9499
2005-04-12,9522.5996
2005-04-13,9567
2005-04-14,9483.8896
2005-04-15,9386.8301
2005-04-18,9092.9404
2005-04-19,9124.9805
2005-04-20,9197.4697
2005-04-21,9039.71
2005-04-25,8842.4502
2005-04-26,8969.5703
2005-04-27,8969.4102
2005-04-28,8986.6602
2005-04-29,8959.1797
2005-05-02,8948.0703
2005-05-03,9019.21
2005-05-04,9125.21
2005-05-06,9262
2005-05-09,9347.4697
2005-05-10,9289.4102
2005-05-11,9163.4805
2005-05-12,9226.0098
2005-05-13,9215.1396
2005-05-16,9135.0195
2005-05-17,9158.5
2005-05-18,9115.7002
2005-05-19,9212.2998
2005-05-20,9208.7402
2005-05-23,9169.3701
2005-05-25,9182.3301
2005-05-26,9242.3799
2005-05-27,9308.6104
2005-05-30,9331.1104
2005-05-31,9576.6797
2005-06-01,9528.8604
2005-06-02,9617.0596
2005-06-03,9678.6797
2005-06-06,9688
2005-06-07,9655.6201
2005-06-08,9687.25
2005-06-09,9676.9697
2005-06-10,9660.6602
2005-06-13,9685.3896
2005-06-14,9734.1201
2005-06-15,9889.2305
2005-06-16,9946.0703
2005-06-17,10080.6504
2005-06-20,10106.5195
2005-06-21,10024.5703
2005-06-22,10042.75
2005-06-23,10065.5703
2005-06-24,10055.9004
2005-06-27,9895.8301
2005-06-28,9964.6396
2005-06-29,9968.5898
2005-06-30,9929.1504
2005-07-01,10041.4697
2005-07-04,10051.6104
2005-07-05,9977.8301
2005-07-06,9891.5
2005-07-07,9804.7803
2005-07-08,9824.2803
2005-07-11,9936.9297
2005-07-12,9981.3799
2005-07-13,9962.6396
2005-07-14,9985.9502
2005-07-15,9961.0596
2005-07-18,9988.1104
2005-07-19,9999.0596
2005-07-20,10122.71
2005-07-21,10265.3701
2005-07-22,10361.8701
2005-07-25,10306.7695
2005-07-26,10438.54
2005-07-27,10429.5898
2005-07-28,10513.3496
2005-07-29,10535.3301
2005-08-01,10514.1699
2005-08-02,10564.2197
2005-08-03,10567.2305
2005-08-04,10528.2197
2005-08-05,10409.7305
2005-08-08,10288.7803
2005-08-09,10300.5098
2005-08-10,10405.8096
2005-08-11,10407.71
2005-08-12,10315.3799
2005-08-15,9993.9199
2005-08-16,9908.5996
2005-08-18,9835.2998
2005-08-19,9722.79
2005-08-22,9610.2197
2005-08-23,9540.9404
2005-08-24,9388.5898
2005-08-25,9594.7803
2005-08-26,9468.9004
2005-08-29,9020.4697
2005-08-30,9372.79
2005-08-31,9482.1504
2005-09-01,9389.54
2005-09-05,9317.3398
2005-09-06,9402.2998
2005-09-07,9469.79
2005-09-08,9608.4297
2005-09-09,9739.29
2005-09-12,9773.4297
2005-09-13,9635.0195
2005-09-14,9460.2598
2005-09-15,9423.7998
2005-09-16,9489.3799
2005-09-19,9544.8301
2005-09-20,9544.8301
2005-09-21,9356.1104
2005-09-22,9186.1699
2005-09-23,9138.79
2005-09-26,9281.6797
2005-09-27,9349.9697
2005-09-28,9263.8896
2005-09-29,9398.25
2005-09-30,9652.3096
2005-10-03,9744.8496
2005-10-04,9931.8604
2005-10-05,9918.4199
2005-10-06,9803.2695
2005-10-07,9816.7305
2005-10-10,9813.5898
2005-10-11,9808.75
2005-10-12,9819.1797
2005-10-13,9789.4502
2005-10-14,9834.7402
2005-10-17,9809.8398
2005-10-18,9856
2005-10-19,9701.1699
2005-10-20,9742.1602
2005-10-21,9750.4297
2005-10-24,9714.0703
2005-10-25,9657.5
2005-10-26,9669.8496
2005-10-27,9644.9404
2005-10-28,9599.2402
2005-10-31,9648.5303
2005-11-01,9631.0498
2005-11-09,9631.0498
2005-11-10,9404.2803
2005-11-11,9289.7002
2005-11-14,9202.8398
2005-11-15,9220.9199
2005-11-16,9233.5596
2005-11-17,9272.5195
2005-11-18,9492.2695
2005-11-21,9654.6699
2005-11-22,9694.1396
2005-11-23,9674.6904
2005-11-24,9797.6396
2005-11-25,9736.46
2005-11-28,9769.3896
2005-11-29,9847.6797
2005-11-30,10058.8496
2005-12-01,10021.4199
2005-12-02,10257.1396
2005-12-05,10223.5898
2005-12-06,10192.3301
2005-12-07,10314.1699
2005-12-08,10343.8701
2005-12-09,10502.4902
2005-12-12,10732.7695
2005-12-13,10735.8896
2005-12-14,10625.1904
2005-12-15,10458.8604
2005-12-16,10334.8203
2005-12-19,10498.4805
2005-12-20,10542.46
2005-12-21,10513.79
2005-12-22,10525.2803
2005-12-23,10518.9004
2005-12-27,10614.75
2005-12-28,10698.3496
2005-12-29,10683.2803
2006-01-02,10694.8
2006-01-03,10739.2
2006-01-04,10906.98
2006-01-05,11056.1
2006-01-06,11205.35
2006-01-09,11414.56
2006-01-11,11603.46
2006-01-12,11688.11
2006-01-13,11798.37
2006-01-16,11596.02
2006-01-17,11372.1
2006-01-18,11243.47
2006-01-19,11518.09
2006-01-20,11476.83
2006-01-23,11306.4
2006-01-24,11369.3
2006-01-25,11551.63
2006-01-26,11626.17
2006-01-27,11620.97
2006-01-30,11673.88
2006-02-01,11756.73
2006-02-02,11822.11
2006-02-03,11772.34
2006-02-06,11813.94
2006-02-07,11944.92
2006-02-08,11815.73
2006-02-09,11968.93
2006-02-10,12203.81
2006-02-13,12296.83
2006-02-14,12134.68
2006-02-15,12222.93
2006-02-16,12174.72
2006-02-17,12190.4
2006-02-20,12251.62
2006-02-21,12165.81
2006-02-22,12183.18
2006-02-23,12139.66
2006-02-24,12112.92
2006-02-26,12198.96
2006-02-27,12178.57
2006-02-28,12239.55
2006-03-01,12239.5498
2006-03-02,12305.16
2006-03-03,12418.66
2006-03-06,12478.23
2006-03-07,12352.03
2006-03-08,12266.13
2006-03-09,12260.14
2006-03-10,12322.03
2006-03-13,12500.25
2006-03-14,12506.02
2006-03-15,12519.15
2006-03-16,12702.35
2006-03-17,12957.81
2006-03-20,13166.28
2006-03-21,13192.57
2006-03-22,12999.07
2006-03-23,13047.98
2006-03-24,13094.81
2006-03-27,13185.3
2006-03-28,13335.53
2006-03-29,13290.8
2006-04-03,13338.09
2006-04-04,13303.3
2006-04-05,13327.56
2006-04-06,13478.19
2006-04-07,13657.8
2006-04-11,13657.8
2006-04-12,13694.83
2006-04-13,13702.52
2006-04-17,13833.84
2006-04-18,14035.7
2006-04-19,14335.15
2006-04-20,14500.77
2006-04-21,14770.02
2006-04-24,14708.28
2006-04-25,14815.27
2006-04-26,15058.56
2006-04-27,15090.42
2006-04-28,15008.44
2006-05-01,15177.21
2006-05-02,15187.79
2006-05-03,15187.79
2006-05-04,15423.75
2006-05-05,15423.97
2006-05-08,15695.36
2006-05-09,15888.19
2006-05-10,15917.57
2006-05-11,16213.91
2006-05-12,16010.41
2006-05-15,14829.73
2006-05-16,14782.1
2006-05-17,15227.54
2006-05-18,14513.28
2006-05-19,14352.07
2006-05-22,13202.92
2006-05-23,13577.84
2006-05-24,13449.35
2006-05-29,13642.72
2006-05-30,14082.62
2006-05-31,13813.37
2006-06-01,13560
2006-06-02,13758.26
2006-06-05,13785.53
2006-06-06,13508.88
2006-06-07,13161.42
2006-06-08,12723.92
2006-06-09,12877.09
2006-06-12,12864.51
2006-06-13,12486.4
2006-06-14,12212.32
2006-06-15,12208.18
2006-06-16,12829.59
2006-06-19,12737.97
2006-06-20,12634.36
2006-06-21,12734.34
2006-06-22,12958.62
2006-06-23,12846.24
2006-06-26,12883.29
2006-06-27,12986.22
2006-06-28,12930.31
2006-06-29,13069.02
2006-06-30,13316.48
2006-07-03,13581.07
2006-07-04,13780.19
2006-07-05,13833.25
2006-07-06,13838.73
2006-07-07,13879.02
2006-07-10,13842.89
2006-07-11,13921.92
2006-07-12,13888.25
2006-07-13,13729.86
2006-07-14,13468.3
2006-07-17,13183.41
2006-07-18,13283
2006-07-19,13236.08
2006-07-20,13594.18
2006-07-21,13597.56
2006-07-24,13625.35
2006-07-25,13761.28
2006-07-26,13845.59
2006-07-27,13971.94
2006-07-28,13927.97
2006-07-31,14089.5
2006-08-01,14266.71
2006-08-02,14390.12
2006-08-03,14238.63
2006-08-04,14366.45
2006-08-07,14475.69
2006-08-08,14498.18
2006-08-09,14668.25
2006-08-10,14290.24
2006-08-11,14428.29
2006-08-14,14492.64
2006-08-15,14644.6
2006-08-16,14790.17
2006-08-22,14674.4
2006-08-23,14698.92
2006-08-24,14615.29
2006-08-25,14402.37
2006-08-28,14308.36
2006-08-29,14499.29
2006-08-30,14428.68
2006-08-31,14526.1
2006-09-01,14612.84
2006-09-04,14824.89
2006-09-05,14713.39
2006-09-06,14738.06
2006-09-07,14679.87
2006-09-08,14649.23
2006-09-11,14467.24
2006-09-12,14315.11
2006-09-13,14363.08
2006-09-14,14481.89
2006-09-15,14523.24
2006-09-18,14499.7
2006-09-19,14590.19
2006-09-20,14558.54
2006-09-21,14814.76
2006-09-22,14901.66
2006-09-25,14864.67
2006-09-26,14674.96
2006-09-27,14869.87
2006-09-28,14861.78
2006-09-29,14885.46
2006-10-02,14827.84
2006-10-03,15004.51
2006-10-04,14976.16
2006-10-05,15014.73
2006-10-06,15115.64
2006-10-09,15002.86
2006-10-10,15228.06
2006-10-11,15181.92
2006-10-12,14948.63
2006-10-13,15188.76
2006-10-16,15065.59
2006-10-17,15077.99
2006-10-18,15009.5
2006-10-19,15006.26
2006-10-20,15077.61
2006-10-30,15154.49
2006-10-31,15074.65
2006-11-01,15056.5
2006-11-02,15170.31
2006-11-03,15243.91
2006-11-06,15567.08
2006-11-07,15544.1
2006-11-08,15460.57
2006-11-09,15458.45
2006-11-10,15494.76
2006-11-13,15292.29
2006-11-14,15593.45
2006-11-15,15476
2006-11-16,15498.39
2006-11-17,15577.56
2006-11-20,15606.87
2006-11-21,15582.15
2006-11-22,15839.03
2006-11-23,15764.55
2006-11-24,15737.33
2006-11-27,15749.44
2006-11-28,15348.25
2006-11-29,15485.79
2006-11-30,15505.86
2006-12-01,15639.5
2006-12-04,15523.51
2006-12-05,15987.24
2006-12-06,16220.3
2006-12-07,16274.47
2006-12-08,16242.24
2006-12-11,16051.92
2006-12-12,16029.91
2006-12-13,15994.37
2006-12-14,15954.29
2006-12-15,16133.57
2006-12-18,16095.3
2006-12-19,15600.67
2006-12-20,15941.38
2006-12-21,16141.79
2006-12-22,16137.37
2006-12-26,16111.29
2006-12-27,16327.33
2006-12-28,16314.7
2007-01-02,16621.7598
2007-01-03,16571.9102
2007-01-04,16514.7891
2007-01-05,16649.6406
2007-01-08,16499.8906
2007-01-09,16111.8398
2007-01-10,15346.0703
2007-01-11,15266.3203
2007-01-12,14820.9502
2007-01-15,15336.2598
2007-01-16,15608.5898
2007-01-17,15608.4502
2007-01-18,15747.9102
2007-01-19,15859.3496
2007-01-22,16054.6699
2007-01-23,16006.9102
2007-01-24,16102.2402
2007-01-25,15841.5703
2007-01-26,15736.5098
2007-01-29,15780
2007-01-30,15812.7803
2007-01-31,15733.0195
2007-02-01,16001.46
2007-02-02,16038.4902
2007-02-05,15890.21
2007-02-06,15862.6201
2007-02-07,15849.4902
2007-02-08,15657.8701
2007-02-09,15558.3701
2007-02-12,15502.8496
2007-02-13,15470.6904
2007-02-14,15640.6504
2007-02-15,16057.1699
2007-02-16,16093.0195
2007-02-19,16107.8604
2007-02-20,16136.8096
2007-02-21,16290.1396
2007-02-22,16241.7402
2007-02-23,16059.1201
2007-02-26,15914.9502
2007-02-27,15740.5898
2007-02-28,15587.0898
2007-03-01,15699.6104
2007-03-02,15702.3096
2007-03-05,15032.1504
2007-03-06,15369.3799
2007-03-07,15500.6797
2007-03-08,15796.8398
2007-03-09,15736.4297
2007-03-12,16017.6904
2007-03-13,16061.5801
2007-03-14,15681.54
2007-03-15,15846.1797
2007-03-16,15854.8398
2007-03-20,15841.3896
2007-03-21,15954.9004
2007-03-22,16214.3203
2007-03-23,16210.2402
2007-03-26,16276.4902
2007-03-27,16310.0596
2007-03-28,16127.8203
2007-03-29,16296
2007-03-30,16320.2695
2007-04-02,16472.4102
2007-04-03,16899.1797
2007-04-04,17157.9492
2007-04-05,16913.2793
2007-04-09,17092.0508
2007-04-10,17204.3301
2007-04-11,17248.4902
2007-04-12,17231.5098
2007-04-13,17273.3906
2007-04-16,17503.3691
2007-04-17,17586.4004
2007-04-18,17635.3398
2007-04-19,17238.7891
2007-04-20,17615.3906
2007-04-23,17776.5605
2007-04-24,17643.6191
2007-04-25,17765.9492
2007-04-26,17904.2402
2007-04-27,17942.1699
2007-04-30,17627.8203
2007-05-01,17636.6602
2007-05-02,17673.2695
2007-05-03,17785.4902
2007-05-04,17947.5703
2007-05-07,18108.5898
2007-05-08,18025.0508
2007-05-09,18064.4492
2007-05-10,18135.3906
2007-05-11,17899.6504
2007-05-14,18104.7598
2007-05-15,18100.3691
2007-05-16,18322.5391
2007-05-21,18328.8594
2007-05-22,18395.7695
2007-05-23,18530.2891
2007-05-24,18271.5898
2007-05-25,18179.5703
2007-05-28,18299.9902
2007-05-29,18200.9609
2007-05-30,18125.8496
2007-05-31,18423.2207
2007-06-04,18618.5801
2007-06-05,18413.7695
2007-06-06,18566.9609
2007-06-07,18432.5391
2007-06-08,18130.1504
2007-06-11,18314.5
2007-06-12,18471.9707
2007-06-13,18341.8105
2007-06-14,18479.3398
2007-06-15,18554.1504
2007-06-18,18644.3203
2007-06-19,18825.0801
2007-06-20,18961.6094
2007-06-21,18843.8301
2007-06-22,18864.5801
2007-06-25,18919.8691
2007-06-26,18944.0605
2007-06-27,18704.6406
2007-06-28,18600.3105
2007-06-29,18786.5293
2007-07-02,19080.0996
2007-07-03,19189.0098
2007-07-04,19148.5996
2007-07-05,19378.1094
2007-07-06,19491.3594
2007-07-09,19828.9902
2007-07-10,19959.6504
2007-07-11,19902.2109
2007-07-12,19976.4707
2007-07-13,20135.7793
2007-07-16,19944.5703
2007-07-17,20157.2207
2007-07-18,20123.9297
2007-07-19,20554.75
2007-07-20,20820.5996
2007-07-23,21079.4609
2007-07-24,21233.4805
2007-07-25,21174
2007-07-26,20892.2891
2007-07-27,20374.3809
2007-07-30,20425.5898
2007-07-31,20818.4102
2007-08-01,20001.3496
2007-08-02,20098.9609
2007-08-03,20061.4707
2007-08-06,19321.1406
2007-08-07,19114.5
2007-08-08,19958.2695
2007-08-09,19774.9609
2007-08-10,19415.2891
2007-08-13,19438.4902
2007-08-14,18988.8301
2007-08-15,17652
2007-08-16,16333.0498
2007-08-20,17559.3691
2007-08-21,17094.0703
2007-08-22,17869.9609
2007-08-23,18415.4707
2007-08-24,18516.2207
2007-08-27,18863.4004
2007-08-28,18745.6602
2007-08-29,18655.8691
2007-08-30,18757.8301
2007-08-31,19242.8809
2007-09-03,19274.9805
2007-09-04,19184.3809
2007-09-05,19276.3594
2007-09-06,19381.9004
2007-09-07,19456.7695
2007-09-10,19230.1992
2007-09-11,19230.1797
2007-09-12,19173.5898
2007-09-13,19255.25
2007-09-14,19350.0703
2007-09-17,19416.6602
2007-09-18,19714.0293
2007-09-19,20412.6699
2007-09-20,20300.4492
2007-09-21,20632.0703
2007-09-24,20987.3906
2007-09-25,20672.4199
2007-09-26,20911.8105
2007-09-27,21088.7891
2007-09-28,20955.4492
2007-10-01,21216.2305
2007-10-02,21638.2793
2007-10-03,21519.6602
2007-10-04,21782.2793
2007-10-05,21941.8496
2007-10-08,22076.4199
2007-10-09,22344.4199
2007-10-10,22675.2207
2007-10-11,23033
2007-10-17,23271.7207
2007-10-18,23259.5195
2007-10-19,22776.4492
2007-10-22,21815.8105
2007-10-23,22751.3691
2007-10-24,22459.2598
2007-10-25,23125.2793
2007-10-26,23258.4102
2007-10-29,23596.3398
2007-10-30,23608.1094
2007-10-31,23528.4297
2007-11-01,23902.0605
2007-11-02,23847.7402
2007-11-05,23332.0293
2007-11-06,23627.9609
2007-11-07,23723.3008
2007-11-08,23453.3008
2007-11-09,23769.5293
2007-11-12,23489.8496
2007-11-13,23419.5801
2007-11-14,23838.6191
2007-11-15,23836.0898
2007-11-16,23542.5391
2007-11-19,23296.6895
2007-11-20,23118.9707
2007-11-21,22582.0801
2007-11-22,22557.1094
2007-11-23,22649.0098
2007-11-26,23299.0508
2007-11-27,23172.0293
2007-11-28,23417.2207
2007-11-29,23628.1504
2007-11-30,23545.2598
2007-12-03,24011.6992
2007-12-04,24446.5508
2007-12-05,24632.1992
2007-12-06,24975.4395
2007-12-07,24705.0703
2007-12-10,24869.0801
2007-12-11,25129.8809
2007-12-12,24939.6191
2007-12-13,24540.3398
2007-12-14,24395.5996
2007-12-17,23614.0391
2007-12-18,23374.6406
2007-12-19,23526.3398
2007-12-26,24160.6602
2007-12-27,24272.4707
2007-12-28,24314.2402
2008-01-02,24077.2207
2008-01-03,23834.0996
2008-01-04,24205.9707
2008-01-07,24246.2695
2008-01-08,24386.8906
2008-01-09,24825.7207
2008-01-14,24645.1699
2008-01-15,23803.6895
2008-01-16,22608.6309
2008-01-17,23128.8496
2008-01-18,22700.0801
2008-01-21,21475.1094
2008-01-22,19666.1094
2008-01-23,21456.5293
2008-01-24,21815.7305
2008-01-25,22848.4805
2008-01-28,22455.0098
2008-01-29,22732.6191
2008-01-30,22715.4902
2008-01-31,22904.5801
2008-02-01,23075.4609
2008-02-04,23566.0098
2008-02-05,23583.6191
2008-02-06,22966.4297
2008-02-11,22481.3906
2008-02-12,22492.2598
2008-02-13,22692.7402
2008-02-14,23250.0293
2008-02-15,23409.2598
2008-02-18,23374.9492
2008-02-19,23648.1797
2008-02-20,23497.4395
2008-02-21,23895.8809
2008-02-22,23975.25
2008-02-25,24095.5703
2008-02-26,24027.7793
2008-02-27,24002.4805
2008-02-28,24092.5195
2008-02-29,23756.1602
2008-03-03,23096.2109
2008-03-04,22861.7402
2008-03-05,22891.0508
2008-03-06,22986.0195
2008-03-10,21707.1094
2008-03-11,21734.6094
2008-03-12,21985.6992
2008-03-13,20864.8008
2008-03-14,20348.2793
2008-03-17,19535.3906
2008-03-18,19795.8691
2008-03-19,19588.25
2008-03-24,19737.4609
2008-03-25,20519.9492
2008-03-26,20621.2695
2008-03-27,20790.9902
2008-03-28,21023.1895
2008-03-31,20708.5391
2008-04-01,20092.0605
2008-04-02,19556.5098
2008-04-03,18652.5605
2008-04-04,19012.8594
2008-04-07,19160.1094
2008-04-08,18853.7793
2008-04-09,18186.3906
2008-04-10,18815.7793
2008-04-11,19477.8906
2008-04-14,19288.3809
2008-04-15,19470.8203
2008-04-16,19891.7207
2008-04-17,19905.9199
2008-04-18,20008.0996
2008-04-21,19869.4805
2008-04-22,19492.9707
2008-04-23,19776.9395
2008-04-24,19403.2109
2008-04-25,19120.5098
2008-04-28,19188.9805
2008-04-29,19567.8691
2008-04-30,19511.5293
2008-05-02,19643.4297
2008-05-05,19979.4199
2008-05-06,20065.0996
2008-05-07,20403.5508
2008-05-08,20301.6191
2008-05-09,20341.6992
2008-05-12,20369.1094
2008-05-13,20675.1602
2008-05-14,20832.5996
2008-05-15,20746.3809
2008-05-16,20951.2695
2008-05-19,21378.1797
2008-05-21,21367.4199
2008-05-22,21430.9102
2008-05-23,21149.2305
2008-05-26,20761.9902
2008-05-27,20601.6191
2008-05-28,20972.5996
2008-05-29,21322.7402
2008-05-30,21240.0605
2008-06-02,21108.4102
2008-06-03,20870.3105
2008-06-04,20389.6309
2008-06-05,20673.2402
2008-06-06,20722.4609
2008-06-09,20871.6309
2008-06-10,20493.9395
2008-06-11,20450.7109
2008-06-12,20865.9902
2008-06-13,20841.9902
2008-06-16,20840.4492
2008-06-17,20716.7598
2008-06-18,20676.3301
2008-06-19,20868.0293
2008-06-20,20981.0703
2008-06-23,20907.9609
2008-06-24,20927.8906
2008-06-25,20660.2402
2008-06-26,20726.0508
2008-06-27,20571.0996
2008-06-30,20729.9004
2008-07-01,21043.7793
2008-07-02,20990.0293
2008-07-03,20215.4395
2008-07-04,20373.7891
2008-07-07,20294.7109
2008-07-08,20069.7402
2008-07-09,19934.1504
2008-07-10,19762.0801
2008-07-11,19796.8809
2008-07-14,19793.0996
2008-07-15,19458.0098
2008-07-16,19475.1191
2008-07-17,19028.4902
2008-07-18,18619.0703
2008-07-21,19194.4805
2008-07-22,19382.5605
2008-07-23,19357.6797
2008-07-24,19554.9102
2008-07-25,19526.0391
2008-07-28,19788.5
2008-07-29,19801.8809
2008-07-31,20058.8809
2008-08-01,19576.6406
2008-08-04,19236.7793
2008-08-05,18835.0801
2008-08-06,18826.6309
2008-08-07,18880.8594
2008-08-08,18946.4395
2008-08-11,18392.4609
2008-08-12,17602.7891
2008-08-13,17574.6992
2008-08-14,17949.3398
2008-08-15,17739.7109
2008-08-19,17386.8398
2008-08-20,17597.5
2008-08-21,17797.5605
2008-08-22,18012.8105
2008-08-25,18075.9609
2008-08-26,17927.1797
2008-08-27,18125.1406
2008-08-28,18296.8008
2008-08-29,18469.9609
2008-09-01,18472.4902
2008-09-02,18492.9004
2008-09-03,18127.0703
2008-09-04,17770.6309
2008-09-05,17367.2695
2008-09-08,17365.5801
2008-09-09,16805.8594
2008-09-10,16285.9805
2008-09-11,16096.1602
2008-09-12,15457.7002
2008-09-15,14726.4502
2008-09-16,15078.8799
2008-09-17,15329.9697
2008-09-18,15491.2002
2008-09-19,16456.2891
2008-09-22,16641.3809
2008-09-23,16243.1904
2008-09-24,16231.3301
2008-09-25,16151.9004
2008-09-26,16067.3203
2008-09-29,15878.3203
2008-10-06,14752.6299
2008-10-07,14571.7197
2008-10-08,13134.6602
2008-10-09,13134.6602
2008-10-10,13134.6602
2008-10-13,13242.8496
2008-10-14,14100.6504
2008-10-15,13720.2305
2008-10-16,13195.29
2008-10-17,12568.7695
2008-10-20,12784.8896
2008-10-21,12889.5098
2008-10-22,12379.75
2008-10-23,11996.1504
2008-10-24,11178.2002
2008-10-27,10497.1299
2008-10-28,10087.6396
2008-10-29,10131.25
2008-10-30,10672.5596
2008-10-31,11451.1104
2008-11-03,12382.9199
2008-11-04,12558.5703
2008-11-05,12443.0303
2008-11-06,11953.8203
2008-11-07,12384.9297
2008-11-10,12505.4102
2008-11-11,12543.6699
2008-11-12,12464.8301
2008-11-13,11913.6104
2008-11-14,12036.1201
2008-11-17,11868.1904
2008-11-18,11564.7402
2008-11-19,11571.9404
2008-11-20,11334.1201
2008-11-21,11416.7803
2008-11-24,11404.4004
2008-11-25,11526.2402
2008-11-26,11877.9502
2008-11-27,11976.8604
2008-11-28,12344.46
2008-12-01,12165.5996
2008-12-02,11891.8496
2008-12-03,11911.1201
2008-12-04,12083.7002
2008-12-05,12031.0898
2008-12-09,12692.8203
2008-12-10,13258.8799
2008-12-11,13201.4805
2008-12-12,12575.1602
2008-12-15,13522.4102
2008-12-16,13405.9697
2008-12-17,13614.3701
2008-12-18,13566.6797
2008-12-19,13557.4697
2008-12-22,13491.21
2008-12-23,13533.96
2008-12-24,13462.2402
2008-12-26,13539.4902
2008-12-30,13672.96
2009-01-05,14480.2402
2009-01-06,14451.8398
2009-01-07,14222.0801
2009-01-08,14085.8604
2009-01-09,14223.2598
2009-01-12,14168.4297
2009-01-13,14074.9297
2009-01-14,13867.8604
2009-01-15,13378.2197
2009-01-16,13630.1104
2009-01-19,13509.4697
2009-01-20,13388.5195
2009-01-21,13080.2197
2009-01-22,13161.1299
2009-01-23,13047.0098
2009-01-27,13202.8701
2009-01-28,13071.7695
2009-01-29,13105.7402
2009-01-30,13174.04
2009-02-02,12949.2803
2009-02-03,12981.1299
2009-02-04,13130.0303
2009-02-05,13175.9502
2009-02-06,13404.4102
2009-02-09,13323.6201
2009-02-10,13323.6201
2009-02-11,13123.6797
2009-02-12,13153.8896
2009-02-13,13304.5898
2009-02-16,13280.0303
2009-02-17,13049.8496
2009-02-18,13115.3096
2009-02-19,12914.0303
2009-02-20,12943.3701
2009-02-23,13125.6504
2009-02-24,12928.1797
2009-02-25,12953.2598
2009-02-26,12798.5303
2009-02-27,12745.5
2009-03-02,12416.3701
2009-03-03,12555.8096
2009-03-04,12850.7402
2009-03-05,12718.1602
2009-03-06,12758.1602
2009-03-10,12935.5498
2009-03-11,13044.46
2009-03-12,12957.6904
2009-03-13,13149.1504
2009-03-16,13095.8799
2009-03-17,12952.5
2009-03-18,13100.96
2009-03-19,13270.7803
2009-03-20,13465.0303
2009-03-23,14003.8301
2009-03-24,14263.3398
2009-03-25,14093.9297
2009-03-27,14487.5195
2009-03-30,14019.0195
2009-03-31,14158.18
2009-04-01,14464.36
2009-04-02,14906.35
2009-04-03,14907.29
2009-04-06,15249.33
2009-04-07,14946.27
2009-04-08,14837.54
2009-04-13,15771.65
2009-04-14,16312.12
2009-04-15,16538.14
2009-04-16,16862.83
2009-04-17,16975.77
2009-04-20,17530.28
2009-04-21,17312.18
2009-04-22,16925.4
2009-04-23,16671.94
2009-04-24,16805.97
2009-04-27,16617.73
2009-04-28,16780.86
2009-04-29,17469.93
2009-04-30,18498.55
2009-05-01,18459.04
2009-05-04,19245.26
2009-05-05,19237.57
2009-05-06,19717.68
2009-05-07,20482.68
2009-05-08,21057.43
2009-05-11,20834.8
2009-05-12,21370.46
2009-05-13,21575.63
2009-05-14,20257.72
2009-05-15,19700.93
2009-05-18,20407.7
2009-05-19,21473.2
2009-05-20,21548.87
2009-05-22,21437.59
2009-05-25,21424.54
2009-05-26,20974.58
2009-05-27,21467.21
2009-05-28,21551.14
2009-05-29,21884.82
2009-06-01,23241.67
2009-06-02,23190.64
2009-06-03,23352.92
2009-06-04,23656.65
2009-06-05,24292.1
2009-06-08,23988.54
2009-06-09,24353.83
2009-06-10,24434.87
2009-06-11,24089.8
2009-06-12,24082.85
2009-06-15,23791.22
2009-06-16,23365.79
2009-06-17,23220.12
2009-06-18,22445.92
2009-06-19,22959.25
2009-06-22,22680.91
2009-06-23,22019.84
2009-06-24,22964.15
2009-06-25,23613.56
2009-06-26,23513.86
2009-06-29,23540.81
2009-06-30,23425.06
2009-07-01,23771.16
2009-07-02,23839.31
2009-07-03,23983.56
2009-07-06,23437.62
2009-07-07,24140.84
2009-07-09,24184.71
2009-07-10,23938.51
2009-07-13,23369.64
2009-07-14,23776.41
2009-07-15,24618.99
2009-07-16,24558.11
2009-07-17,24468.17
2009-07-21,25062.85
2009-07-22,24871.9
2009-07-23,25149.89
2009-07-24,25371.07
2009-07-27,25656.69
2009-07-28,25917.61
2009-07-29,25749.41
2009-07-30,26903.31
2009-07-31,27475.57
2009-08-03,27609.29
2009-08-04,27880.79
2009-08-05,27301.48
2009-08-06,27860.4
2009-08-07,27668.09
2009-08-10,28147.8
2009-08-11,28382.41
2009-08-12,27722.12
2009-08-13,28211.45
2009-08-14,28127.74
2009-08-18,27632.88
2009-08-19,26762.48
2009-08-20,27322.5
2009-08-21,27377.01
2009-08-24,27964.86
2009-08-25,28009.2
2009-08-26,27939.04
2009-08-27,27602.25
2009-08-28,27817.85
2009-08-31,27433.77
2009-09-01,27226.65
2009-09-02,26736.77
2009-09-03,27139.61
2009-09-04,27118.06
2009-09-07,27331.39
2009-09-08,27706.06
2009-09-09,27768.34
2009-09-10,28076.5
2009-09-11,28113.8
2009-09-14,27743.39
2009-09-15,28181.95
2009-09-16,28377.79
2009-09-17,28587.22
2009-09-24,28717.22
2009-09-25,28461.89
2009-09-28,27836.85
2009-09-29,28456.33
2009-09-30,28840.37
2009-10-01,28869.81
2009-10-02,28902.6
2009-10-05,28936.39
2009-10-06,29500.35
2009-10-07,29358.58
2009-10-08,28982.22
2009-10-09,28879.44
2009-10-12,28664.59
2009-10-13,28836.43
2009-10-14,29330.38
2009-10-15,29386.16
2009-10-16,29370.13
2009-10-19,29488.38
2009-10-20,29184.92
2009-10-21,28901.95
2009-10-22,28364.82
2009-10-23,28811.48
2009-10-26,28823.77
2009-10-27,28268.46
2009-10-28,27370.22
2009-10-29,27296.08
2009-10-30,27499.9
2009-11-02,27571.56
2009-11-03,27092.59
2009-11-04,27525.56
2009-11-05,27486.71
2009-11-06,27843.92
2009-11-09,27959.88
2009-11-10,27698.69
2009-11-11,27943.1
2009-11-12,28127.53
2009-11-13,28223.35
2009-11-16,28761.32
2009-11-17,28813.8
2009-11-18,28918.08
2009-11-19,28707.14
2009-11-20,28899.26
2009-11-23,28803.7
2009-11-24,28668.22
2009-11-25,28539.33
2009-11-26,27685.99
2009-11-30,27887.42
2009-12-01,28386.79
2009-12-02,28633.35
2009-12-03,28984.81
2009-12-04,29140.44
2009-12-07,28785.67
2009-12-08,28808.82
2009-12-09,28756.22
2009-12-10,28816.17
2009-12-11,29121.22
2009-12-14,29030.77
2009-12-15,28870.23
2009-12-16,29267.59
2009-12-17,29087.83
2009-12-21,28059.76
2009-12-22,28468.96
2009-12-23,28543.85
2009-12-28,28990.54
2009-12-29,29082.55
2009-12-30,29213.75
2010-01-04,29770.51
2010-01-05,30098.6
2010-01-06,30053.99
2010-01-07,29950.91
2010-01-08,30258.79
2010-01-11,30461.61
2010-01-12,30753.19
2010-01-13,30396.68
2010-01-14,30526.47
2010-01-15,30479.81
2010-01-18,30367.42
2010-01-19,30699.6
2010-01-20,30736.75
2010-01-21,30396.83
2010-01-22,30100.61
2010-01-25,29893.77
2010-01-26,29555
2010-01-27,29335.42
2010-01-28,30048.17
2010-01-29,29905.49
2010-02-01,29564.34
2010-02-02,29520.96
2010-02-03,29818.31
2010-02-04,29790.99
2010-02-05,28876.44
2010-02-08,28355.11
2010-02-09,28582.92
2010-02-10,28486.55
2010-02-11,28825.9
2010-02-12,29105.99
2010-02-15,28866.77
2010-02-16,29376.87
2010-02-17,29662.76
2010-02-18,29343.11
2010-02-19,29256.17
2010-02-22,29391.07
2010-02-23,29671.47
2010-02-24,29594.06
2010-02-25,29292.63
2010-03-01,29370.03
2010-03-02,29536.37
2010-03-03,29444.22
2010-03-04,29332.68
2010-03-05,29400.82
2010-03-08,29913.02
2010-03-09,30293.85
2010-03-10,30457.18
2010-03-11,30458.79
2010-03-12,30336.72
2010-03-15,30338.68
2010-03-17,31245.65
2010-03-18,31244.04
2010-03-19,31367.61
2010-03-22,30795.31
2010-03-23,30902.27
2010-03-24,31563.57
2010-03-25,31946.12
2010-03-26,32150.04
2010-03-29,32050.94
2010-03-30,32043.47
2010-03-31,31883.67
2010-04-01,32615.78
2010-04-05,33207.14
2010-04-06,33002.04
2010-04-07,33122.32
2010-04-08,32489.54
2010-04-09,32545.55
2010-04-12,32995.97
2010-04-13,33131.04
2010-04-14,33225
2010-04-15,33403.53
2010-04-16,33108.79
2010-04-19,32550.06
2010-04-20,33207.48
2010-04-21,33492.49
2010-04-22,33699.97
2010-04-23,33603.85
2010-04-26,33850.97
2010-04-27,33659.59
2010-04-28,33211.95
2010-04-29,33456.97
2010-04-30,33996.09
2010-05-03,33755.78
2010-05-04,33589.24
2010-05-05,32103.32
2010-05-06,31765
2010-05-07,30801.81
2010-05-10,32177.81
2010-05-11,31720.33
2010-05-12,32250.89
2010-05-14,32296.87
2010-05-17,31771.26
2010-05-18,32005.98
2010-05-19,30751.02
2010-05-20,30360.52
2010-05-21,29504.04
2010-05-24,29462.2
2010-05-25,28499.05
2010-05-26,30496.49
2010-05-27,30769.1
2010-05-31,31703.58
2010-06-01,30876.58
2010-06-02,30889.54
2010-06-03,31801.89
2010-06-04,31933.19
2010-06-07,30979.52
2010-06-08,31238.7
2010-06-09,31395.48
2010-06-10,31241.1
2010-06-11,31674.55
2010-06-14,32019.36
2010-06-15,32051.59
2010-06-16,32382.86
2010-06-17,32747.6
2010-06-18,33270.4
2010-06-21,33513.65
2010-06-22,33392.62
2010-06-23,33259.5
2010-06-24,33079.9
2010-06-25,33486.33
2010-06-28,33603.71
2010-06-29,32862.48
2010-06-30,33136.91
2010-07-01,32787.06
2010-07-02,32811.6
2010-07-05,32897.96
2010-07-06,33301.32
2010-07-07,33250.09
2010-07-08,33499.35
2010-07-09,33817.89
2010-07-12,33959.58
2010-07-13,34012.2
2010-07-14,34215.57
2010-07-15,34287.12
2010-07-16,34425.07
2010-07-19,34330.38
2010-07-20,34518.51
2010-07-21,34597.84
2010-07-22,34670.4
2010-07-23,35081.02
2010-07-26,34812.18
2010-07-27,34975.23
2010-07-28,35072.11
2010-07-29,35512.1
2010-07-30,35208.53
2010-08-02,35069.81
2010-08-03,34072.63
2010-08-04,34079.66
2010-08-05,34717.85
2010-08-06,34784.12
2010-08-09,35015.55
2010-08-10,34702.71
2010-08-11,34358.08
2010-08-12,34227.64
2010-08-13,34516.04
2010-08-16,34505.98
2010-08-18,34725.81
2010-08-19,35111.86
2010-08-20,35272.71
2010-08-23,35309.16
2010-08-24,35118.95
2010-08-25,35262.81
2010-08-26,35420.66
2010-08-27,34982.83
2010-08-30,34961.84
2010-08-31,34742.32
2010-09-01,35239.56
2010-09-02,35185.94
2010-09-03,35697.59
2010-09-06,36259.71
2010-09-07,36303.49
2010-09-15,37729.18
2010-09-16,37437.73
2010-09-17,37714.3
2010-09-20,37492.1
2010-09-21,37229.22
2010-09-22,37188.58
2010-09-23,37027.65
2010-09-24,37721.54
2010-09-27,38237.9
2010-09-28,38243.44
2010-09-29,38482.35
2010-09-30,38604.47
2010-10-01,39022.56
2010-10-04,39253.07
2010-10-05,39312.32
2010-10-06,39650.99
2010-10-07,39520.44
2010-10-08,38969.42
2010-10-11,38934.8
2010-10-12,38922.58
2010-10-13,39581.45
2010-10-14,39770.73
2010-10-15,39506.28
2010-10-18,38962.49
2010-10-19,39070.71
2010-10-20,38887.62
2010-10-21,39074.61
2010-10-22,39211.94
2010-10-25,39910.41
2010-10-26,40006.27
2010-10-27,39566.19
2010-10-28,39720.29
2010-10-29,39662.64
2010-11-01,39603.04
2010-11-02,39464.57
2010-11-03,39141.01
2010-11-04,39459.26
2010-11-05,39933.18
2010-11-08,40396.9
2010-11-09,40810.26
2010-11-10,40794.84
2010-11-11,40442.85
2010-11-12,39586.78
2010-11-15,39305.17
2010-11-16,39452.12
2010-11-18,39437.31
2010-11-19,39930.35
2010-11-22,40033.32
2010-11-23,39141.61
2010-11-24,38841.62
2010-11-25,39332.04
2010-11-26,38720.36
2010-11-29,38602.41
2010-11-30,37491.46
2010-12-01,38511.15
2010-12-02,39376.78
2010-12-03,39458.53
2010-12-06,39756.62
2010-12-08,40062.23
2010-12-09,39992.3
2010-12-10,39518.72
2010-12-13,39019.37
2010-12-14,38799.62
2010-12-15,38485.83
2010-12-16,37380.16
2010-12-17,37392.15
2010-12-20,37449.27
2010-12-21,38219.01
2010-12-22,38072.91
2010-12-23,37880.73
2010-12-27,38053.58
2010-12-28,38404.97
2010-12-29,38834.26
2010-12-30,38879.4
2011-01-03,39354.36
2011-01-04,39724.23
2011-01-05,39845.85
2011-01-06,39199.2
2011-01-07,37857.44
2011-01-10,36095.73
2011-01-11,35762.8
2011-01-12,36965.12
2011-01-13,37124.84
2011-01-14,37127.29
2011-01-17,36619.77
2011-01-18,36689.23
2011-01-19,36545.07
2011-01-20,35578.59
2011-01-21,34756.57
2011-01-24,34392.26
2011-01-25,35477.72
2011-01-26,36245.53
2011-01-27,36202.86
2011-01-28,35733
2011-01-31,34808.39
2011-02-01,35291.77
2011-02-02,35682.45
2011-02-04,35768.3
2011-02-07,35667.55
2011-02-08,35457.92
2011-02-09,34830.05
2011-02-10,34379.92
2011-02-11,34668.94
2011-02-14,35004.44
2011-02-16,34919.71
2011-02-17,35008.01
2011-02-18,35824.18
2011-02-21,35895.64
2011-02-22,35405.88
2011-02-23,35730.03
2011-02-24,35204.56
2011-02-25,35254.17
2011-02-28,35594.84
2011-03-01,36061.52
2011-03-02,35885.37
2011-03-03,36014.9
2011-03-04,36713.3
2011-03-07,36887.76
2011-03-08,37043.32
2011-03-09,37097.87
2011-03-10,36954.69
2011-03-11,36404.19
2011-03-14,36750.87
2011-03-15,36362.39
2011-03-16,36431.32
2011-03-17,35950.99
2011-03-18,36157.07
2011-03-21,36481.49
2011-03-22,36483.24
2011-03-23,36936.75
2011-03-24,37528.65
2011-03-25,37411.86
2011-03-28,37271.11
2011-03-29,37174.63
2011-03-30,37676.82
2011-03-31,37938.9
2011-04-01,38291.99
2011-04-04,38235.29
2011-04-05,38111.34
2011-04-06,38465.43
2011-04-07,38580.56
2011-04-08,38655.52
2011-04-11,38643.57
2011-04-12,38301.83
2011-04-13,38585.16
2011-04-14,38260.15
2011-04-15,38555.61
2011-04-18,38493.18
2011-04-19,38412.47
2011-04-20,39116.44
2011-04-21,39177.33
2011-04-25,39006.59
2011-04-26,38888.52
2011-04-27,39132.18
2011-04-28,39111.67
2011-04-29,39094.11
2011-05-02,39414.06
2011-05-03,39062.7
2011-05-04,39114.59
2011-05-05,39060.58
2011-05-06,38848.05
2011-05-09,38580.68
2011-05-10,38743.25
2011-05-11,39195.68
2011-05-12,38676.02
2011-05-13,38984.72
2011-05-16,38595.52
2011-05-18,39013.93
2011-05-19,39326.05
2011-05-20,39437.3
2011-05-23,38478.42
2011-05-24,38430.39
2011-05-25,38378.31
2011-05-26,38781.15
2011-05-27,38925.58
2011-05-30,38968.35
2011-05-31,38947.47
2011-06-01,38954.85
2011-06-03,39074.92
2011-06-06,38976.49
2011-06-07,39048.67
2011-06-08,38860.52
2011-06-09,38642.03
2011-06-10,38491.69
2011-06-13,38046.27
2011-06-14,38411.84
2011-06-15,38604.61
2011-06-16,38030.41
2011-06-17,37845.84
2011-06-20,37910.8
2011-06-21,38529
2011-06-22,38802.58
2011-06-23,38829.34
2011-06-24,39012.94
2011-06-27,38715.2
2011-06-28,38842.55
2011-06-30,39549.74
2011-07-01,40001.1
2011-07-04,40239.38
2011-07-05,39794.3
2011-07-06,39488.42
2011-07-07,39730.36
2011-07-08,40514.89
2011-07-11,40453.54
2011-07-12,39875.91
2011-07-13,40201.09
2011-07-14,40327.41
2011-07-15,40464.06
2011-07-18,40572.97
2011-07-19,40426.67
2011-07-20,40827.95
2011-07-21,41019.72
2011-07-22,41334.08
2011-07-25,41035.32
2011-07-26,41581.67
2011-07-27,42122.56
2011-07-28,41703.33
2011-07-29,41501.22
2011-08-01,42110.39
2011-08-02,41954.28
2011-08-03,41513.65
2011-08-04,41198.22
2011-08-05,39356.25
2011-08-08,38661.97
2011-08-09,37427.36
2011-08-10,38784.07
2011-08-11,38695.35
2011-08-12,38861.46
2011-08-15,39507.53
2011-08-16,39444.41
2011-08-18,40083.11
2011-08-19,38057.1
2011-08-22,38080.75
2011-08-23,38628.92
2011-08-24,38314.12
2011-08-25,38339.48
2011-08-26,38228.61
2011-09-05,38511.92
2011-09-06,38711.56
2011-09-07,39773.64
2011-09-08,39829.08
2011-09-09,39685.38
2011-09-12,38608.97
2011-09-13,38314.82
2011-09-14,37519.67
2011-09-15,37166.79
2011-09-16,37843.1
2011-09-19,37020.43
2011-09-20,36891.28
2011-09-21,36292.97
2011-09-22,33082.77
2011-09-23,33728
2011-09-26,32782.23
2011-09-27,34349.17
2011-09-28,34950.97
2011-09-29,35292.02
2011-09-30,35403.24
2011-10-03,33363.88
2011-10-04,32507.58
2011-10-05,32741.41
2011-10-06,34369.57
2011-10-07,34205.84
2011-10-10,34603.19
2011-10-11,35493.19
2011-10-12,36665.47
2011-10-13,37011.65
2011-10-14,36857.77
2011-10-17,37506.35
2011-10-18,36468.5
2011-10-19,37024.83
2011-10-20,36347.77
2011-10-21,36199.91
2011-10-24,37264.62
2011-10-25,37322.83
2011-10-26,37657.65
2011-10-27,38272.33
2011-10-28,38633.17
2011-10-31,38245.99
2011-11-01,37185.71
2011-11-02,37924.91
2011-11-03,37270.05
2011-11-04,38139.84
2011-11-07,38165.23
2011-11-08,38330.38
2011-11-09,38966.53
2011-11-10,38237.59
2011-11-11,38159.01
2011-11-14,38811.01
2011-11-15,38507.04
2011-11-16,38449.12
2011-11-17,38153.9
2011-11-18,37663.85
2011-11-21,36880.03
2011-11-22,37487.05
2011-11-23,37014.34
2011-11-24,37079.63
2011-11-25,36389.55
2011-11-28,36411.02
2011-11-29,36923.22
2011-11-30,36927.72
2011-12-01,37699.3
2011-12-02,37816.88
2011-12-05,37800.64
2011-12-06,37443.24
2011-12-07,37839.89
2011-12-08,37704.92
2011-12-09,37443.21
2011-12-12,37728.62
2011-12-13,37402.93
2011-12-14,37292.77
2011-12-15,36739.49
2011-12-16,37544.21
2011-12-19,37592.33
2011-12-20,37415.32
2011-12-21,37814.48
2011-12-22,37742.96
2011-12-23,37711.54
2011-12-27,37610.82
2011-12-28,37416.25
2011-12-29,37813.21
2011-12-30,37959.4
2012-01-02,37819.6
2012-01-03,38278.17
2012-01-04,38910.82
2012-01-05,38836.7
2012-01-06,38435.8
2012-01-09,38589.66
2012-01-10,39116.98
2012-01-11,38804.18
2012-01-12,38602.93
2012-01-13,38783.81
2012-01-16,38464.5
2012-01-17,38841.9
2012-01-18,39165.92
2012-01-19,39223.37
2012-01-20,39027.47
2012-01-24,39093.7
2012-01-25,38732.95
2012-01-26,38826.59
2012-01-27,39007.63
2012-01-30,38307.33
2012-01-31,38650.83
2012-02-01,38960.54
2012-02-02,39430.39
2012-02-03,39360.36
2012-02-06,38799.24
2012-02-07,38666.75
2012-02-08,39177.75
2012-02-09,39063.07
2012-02-10,38370.92
2012-02-13,38842.53
2012-02-14,38738.87
2012-02-15,38889.81
2012-02-16,38577.58
2012-02-17,39097.31
2012-02-20,39109.52
2012-02-21,39239.38
2012-02-22,39102.53
2012-02-23,38736.48
2012-02-24,38052.3
2012-02-27,37637.31
2012-02-28,38166.03
2012-02-29,38996.01
2012-03-01,38734.68
2012-03-02,39233.86
2012-03-05,39005.42
2012-03-06,38790.29
2012-03-07,38499.83
2012-03-08,38862.2
2012-03-09,39070.44
2012-03-12,39055.55
2012-03-13,39228.4
2012-03-14,39759.06
2012-03-15,39642.4
2012-03-16,39417.45
2012-03-19,39382.64
2012-03-20,39327.6
2012-03-21,39625.61
2012-03-22,39651.03
2012-03-26,39443.67
2012-03-27,39952.74
2012-03-28,40157.91
2012-03-29,40357.45
2012-03-30,40571.08
2012-04-02,40898
2012-04-03,41345.54
2012-04-04,40257.87
2012-04-05,40669.19
2012-04-09,40476.04
2012-04-10,40415.37
2012-04-11,40218.38
2012-04-12,40522.29
2012-04-13,40543
2012-04-16,40229.16
2012-04-17,40555.07
2012-04-18,40755.61
2012-04-19,40724.71
2012-04-20,40920.55
2012-04-23,40597.82
2012-04-24,40732.32
2012-04-25,40806.25
2012-04-26,40884.7
2012-04-27,40618.75
2012-04-30,40837.08
2012-05-01,40787.99
2012-05-02,41147.67
2012-05-03,41224.16
2012-05-04,41178.5
2012-05-07,40474.18
2012-05-08,40631.7
2012-05-09,40262.36
2012-05-10,40171.86
2012-05-11,39851.02
2012-05-14,39171
2012-05-15,39074.2
2012-05-16,38492.81
2012-05-21,38233.43
2012-05-22,39010.63
2012-05-23,38532.51
2012-05-24,38518.05
2012-05-25,37528.08
2012-05-28,37678.25
2012-05-29,37580.54
2012-05-30,37562.15
2012-05-31,36844.69
2012-06-01,36573.11
2012-06-04,35496.85
2012-06-05,35998.28
2012-06-06,37061.42
2012-06-07,37002.41
2012-06-08,36881.79
2012-06-11,37184.18
2012-06-12,37048.68
2012-06-13,37112.32
2012-06-14,36528.34
2012-06-15,36809.9
2012-06-18,37111.69
2012-06-19,37257.95
2012-06-20,37823.8
2012-06-21,37456.79
2012-06-22,37492.93
2012-06-25,37312.42
2012-06-26,37408.39
2012-06-27,37881.97
2012-06-28,37437.58
2012-06-29,38063.68
2012-07-02,38574.07
2012-07-03,38960.57
2012-07-04,39249.76
2012-07-05,39343.43
2012-07-06,39378.54
2012-07-09,38603.44
2012-07-10,38955.62
2012-07-11,39081.98
2012-07-12,38817.35
2012-07-13,39183.52
2012-07-16,39517.1
2012-07-17,39757.66
2012-07-18,39728.43
2012-07-19,40001.71
2012-07-20,39886.47
2012-07-23,39148.47
2012-07-24,38980.99
2012-07-25,39231.97
2012-07-26,39226.22
2012-07-27,39592.33
2012-07-30,39594.49
2012-07-31,39931.56
2012-08-01,39770.22
2012-08-02,39371.66
2012-08-03,39409.42
2012-08-06,39391.57
2012-08-07,39180.63
2012-08-08,39162.25
2012-08-09,39392.44
2012-08-10,39571.56
2012-08-13,39099.02
2012-08-14,39217.45
2012-08-15,39438.35
2012-08-16,39606.95
2012-08-23,39487.89
2012-08-24,39279.61
2012-08-27,39323.79
2012-08-28,39197.08
2012-08-29,38595.62
2012-08-30,37852.21
2012-08-31,38250.96
2012-09-03,38820.77
2012-09-04,38822.6
2012-09-05,38606.65
2012-09-06,38882.75
2012-09-07,39229.29
2012-09-10,39334.57
2012-09-11,39283.92
2012-09-12,39372.75
2012-09-13,39180.77
2012-09-14,39826.96
2012-09-17,39742.11
2012-09-18,39421.68
2012-09-19,39370.19
2012-09-20,39395.73
2012-09-21,39544.7
2012-09-24,39339.74
2012-09-25,39570.93
2012-09-26,39181.06
2012-09-27,39630.78
2012-09-28,40125.92
2012-10-01,39703.84
2012-10-02,39954.63
2012-10-03,39988.97
2012-10-04,40276.76
2012-10-05,40520.2
2012-10-08,40125.67
2012-10-09,40228.94
2012-10-10,40245.71
2012-10-11,40253.4
2012-10-12,40438.62
2012-10-15,40538.31
2012-10-16,40740.31
2012-10-17,40665.19
2012-10-18,40804.16
2012-10-19,40624.42
2012-10-22,40765.74
2012-10-23,40633.94
2012-10-24,40691.02
2012-10-25,40758.06
2012-10-29,40682.02
2012-10-30,41041.42
2012-10-31,40848.6
2012-11-01,40877.56
2012-11-02,40886.3
2012-11-05,40508.63
2012-11-06,40679.91
2012-11-07,41007.24
2012-11-08,40840.37
2012-11-09,40970.74
2012-11-12,40778.49
2012-11-13,40983.83
2012-11-14,41180.61
2012-11-19,40671.49
2012-11-20,40859.98
2012-11-21,40989.17
2012-11-22,41303.35
2012-11-23,41425.97
2012-11-26,41766.93
2012-11-27,41458.93
2012-11-28,41202.98
2012-11-29,41358.1
2012-11-30,40826.66
2012-12-03,41237.62
2012-12-04,40793.13
2012-12-05,40901.47
2012-12-06,40958.52
2012-12-07,40942.28
2012-12-10,41072.15
2012-12-11,41200.64
2012-12-12,41253.87
2012-12-13,41106.59
2012-12-14,40867.92
2012-12-17,41048.8
2012-12-18,40925.82
2012-12-19,40620.5
2012-12-20,40380.84
2012-12-21,40429.31
2012-12-26,40695.85
2012-12-27,40622.89
2012-12-28,40871.79
2013-01-02,41018.91
2013-01-03,41412.08
2013-01-04,41476.66
2013-01-07,41275.34
2013-01-08,41379.22
2013-01-09,41007.24
2013-01-10,40453.9
2013-01-11,40280.12
2013-01-14,41225.43
2013-01-15,41474.48
2013-01-16,41665.36
2013-01-17,41478.22
2013-01-18,42160.82
2013-01-21,41866.24
2013-01-22,41782.35
2013-01-23,41905.05
2013-01-25,42145.16
2013-01-28,41929.92
2013-01-29,42207.17
2013-01-30,42342.41
2013-01-31,42333.01
2013-02-01,42830.47
2013-02-04,42819.73
2013-02-05,42684.41
2013-02-06,42931.85
2013-02-07,42914.63
2013-02-08,42637.21
2013-02-11,42701.65
2013-02-12,43148.68
2013-02-13,43489.55
2013-02-14,43844.69
2013-02-15,43905.36
2013-02-18,43806.31
2013-02-19,43626.68
2013-02-20,44291.53
2013-02-21,44293
2013-02-22,44476
2013-02-25,44684.26
2013-02-26,44425.83
2013-02-27,45035.93
2013-02-28,46012.21
2013-03-01,46463.05
2013-03-04,45737.19
2013-03-05,45994.35
2013-03-06,46890.83
2013-03-07,47291.02
2013-03-08,47485.62
2013-03-11,47171.82
2013-03-13,46751.61
2013-03-14,46207.24
2013-03-15,46603.44
2013-03-18,46179.04
2013-03-19,46622.16
2013-03-20,46816.25
2013-03-21,46525.23
2013-03-22,45655.73
2013-03-25,45742.13
2013-03-26,46579.81
2013-03-27,47366.27
2013-03-28,47466.87
2013-04-01,47398.9
2013-04-02,47571.54
2013-04-03,47448.96
2013-04-04,46922.99
2013-04-05,46926.22
2013-04-08,46505.91
2013-04-09,46672.6
2013-04-10,46574.61
2013-04-11,47100.79
2013-04-12,47236.5
2013-04-15,46786.35
2013-04-16,47392.29
2013-04-17,48088.24
2013-04-18,48369.41
2013-04-19,48529.26
2013-04-22,48590.17
2013-04-23,48263.96
2013-04-24,48712.76
2013-04-25,48651.74
2013-04-26,48796.9
2013-04-29,49364.75
2013-04-30,49945.85
2013-05-01,50389.83
2013-05-02,49776.68
2013-05-03,48952.19
2013-05-06,49359.47
2013-05-07,49960.03
2013-05-08,50586.51
2013-05-10,50833.47
2013-05-13,50767.28
2013-05-14,51205
2013-05-15,51383.8
2013-05-16,51316.78
2013-05-17,51638.57
2013-05-20,52227.54
2013-05-21,51915.86
2013-05-22,52389.96
2013-05-23,51227.37
2013-05-24,51588.06
2013-05-27,50894.5
2013-05-28,51760.56
2013-05-29,52262.65
2013-05-30,51879.09
2013-05-31,51473.13
2013-06-03,50222.05
2013-06-04,50327.45
2013-06-05,49944.89
2013-06-07,48471.2
2013-06-10,47518.72
2013-06-11,45708.67
2013-06-12,46926.57
2013-06-13,46265.87
2013-06-14,47971.47
2013-06-17,48040.93
2013-06-18,48513.85
2013-06-19,48120.9
2013-06-20,46172.69
2013-06-21,45088.56
2013-06-24,44030.34
2013-06-25,44192.51
2013-06-26,45848.52
2013-06-27,46646.57
2013-06-28,47693.76
2013-07-01,47465.99
2013-07-02,47129.69
2013-07-03,45763.52
2013-07-04,45599.94
2013-07-05,45776.36
2013-07-08,44349.26
2013-07-09,44140.53
2013-07-10,45079.05
2013-07-11,46171.83
2013-07-12,46576.74
2013-07-15,46283.75
2013-07-16,46515.59
2013-07-17,47065.13
2013-07-18,47414.64
2013-07-19,47426.92
2013-07-22,46741.85
2013-07-23,47682.21
2013-07-24,47197.76
2013-07-25,46940.53
2013-07-26,46829.05
2013-07-29,46128.4
2013-07-30,46245.22
2013-07-31,46087.15
2013-08-01,46572.47
2013-08-02,46870.03
2013-08-12,46310.29
2013-08-13,46725.05
2013-08-14,47243.25
2013-08-15,47278.34
2013-08-16,46063.58
2013-08-19,43693.29
2013-08-20,42514.03
2013-08-21,43225.83
2013-08-22,42501.69
2013-08-23,42581.05
2013-08-26,41851.26
2013-08-27,40250.51
2013-08-28,40739.9
2013-08-29,41691.36
2013-08-30,42493.67
2013-09-02,41457.9
2013-09-03,41932.2
2013-09-04,40939.11
2013-09-05,40644.19
2013-09-06,40597.48
2013-09-09,41878.32
2013-09-10,43625.82
2013-09-11,43431.74
2013-09-12,43489.2
2013-09-13,43737.21
2013-09-16,45148.81
2013-09-17,44917.73
2013-09-18,44195.07
2013-09-19,46730.8
2013-09-20,46036.12
2013-09-23,45690
2013-09-24,44628.27
2013-09-25,43958.93
2013-09-26,43928.73
2013-09-27,44247.98
2013-09-30,42917.09
2013-10-01,43494.52
2013-10-02,43929.69
2013-10-03,44186.89
2013-10-04,43869.87
2013-10-07,43555.13
2013-10-08,44119.66
2013-10-09,44285.25
2013-10-10,44677.78
2013-10-11,44967.5
2013-10-16,44600.74
2013-10-17,44814.07
2013-10-18,45048.2
2013-10-21,45495.98
2013-10-22,44751.05
2013-10-23,44974.97
2013-10-24,45541.9
2013-10-25,45519.02
2013-10-28,45670.58
2013-10-29,45220.72
2013-10-30,45267.39
2013-10-31,44707.78
2013-11-01,43763.87
2013-11-04,43721.16
2013-11-06,43795.24
2013-11-07,44186.34
2013-11-08,44068.06
2013-11-11,43648.93
2013-11-12,42938.38
2013-11-13,42320.56
2013-11-14,43011.22
2013-11-15,42685.34
2013-11-18,43172.68
2013-11-19,43311.89
2013-11-20,42897.33
2013-11-21,42655.44
2013-11-22,42605.89
2013-11-25,42613.97
2013-11-26,41856.18
2013-11-27,41982.69
2013-11-28,42004.87
2013-11-29,42280.78
2013-12-02,43026.92
2013-12-03,42763.73
2013-12-04,42293.78
2013-12-05,42161.51
2013-12-06,41788.34
2013-12-09,42068.07
2013-12-10,42714.09
2013-12-11,42700.03
2013-12-12,42142.33
2013-12-13,41735.34
2013-12-16,41302.76
2013-12-17,41791.53
2013-12-18,42028.23
2013-12-19,42487.25
2013-12-20,42187.4
2013-12-23,42091.68
2013-12-24,42239.11
2013-12-27,42305.51
2013-12-30,42773.75
2014-01-02,43394.48
2014-01-03,42776.63
2014-01-06,42319.48
2014-01-07,42077.04
2014-01-08,42336.11
2014-01-09,42396.69
2014-01-10,43224.49
2014-01-13,44705.79
2014-01-15,45174.9
2014-01-16,44758.43
2014-01-17,44911.35
2014-01-20,45095.38
2014-01-21,45310.12
2014-01-22,45474.64
2014-01-23,45633.26
2014-01-24,45006.33
2014-01-27,43602.78
2014-01-28,43897.34
2014-01-29,44732.5
2014-01-30,44635.86
2014-02-03,44300.49
2014-02-04,44031.05
2014-02-05,44408.31
2014-02-06,44955.95
2014-02-07,45411.38
2014-02-10,45351.38
2014-02-11,45525.68
2014-02-12,45811.24
2014-02-13,45684.47
2014-02-14,45849.95
2014-02-17,46495.43
2014-02-18,46523.48
2014-02-19,46762.23
2014-02-20,46687.31
2014-02-21,47434.9
2014-02-24,47241.54
2014-02-25,46649.67
2014-02-26,46160.8
2014-02-27,46715.47
2014-02-28,47149.92
2014-03-03,46706.67
2014-03-04,46812.15
2014-03-05,47594.05
2014-03-06,48139.36
2014-03-07,48132.97
2014-03-10,48157.14
2014-03-11,48770.88
2014-03-12,48439.7
2014-03-13,48720.72
2014-03-14,50677.38
2014-03-17,50673.56
2014-03-18,49853.65
2014-03-19,50118.9
2014-03-20,48702.36
2014-03-21,48692.59
2014-03-24,48952.12
2014-03-25,48611.48
2014-03-26,48887.57
2014-03-27,48913.88
2014-03-28,49150
2014-04-01,50500
2014-04-02,50511.19
2014-04-03,50771.12
2014-04-04,50344.08
2014-04-07,51013.41
2014-04-08,51085.77
2014-04-10,48357.18
2014-04-11,48580.13
2014-04-14,49359.74
2014-04-15,49616.35
2014-04-16,49973.59
2014-04-17,50168.99
2014-04-21,49904.59
2014-04-22,49937.02
2014-04-23,49699.45
2014-04-24,49784.66
2014-04-25,50104.46
2014-04-28,49270.28
2014-04-29,49482.34
2014-04-30,49560.76
2014-05-02,49441.51
2014-05-05,49421.92
2014-05-06,49223.79
2014-05-07,49453.97
2014-05-08,49707.22
2014-05-09,50093.52
2014-05-12,50230.36
2014-05-13,50210.42
2014-05-14,51091.77
2014-05-16,51400.86
2014-05-19,50945.53
2014-05-20,49545.81
2014-05-21,49488
2014-05-22,50101.7
2014-05-23,50068.9
2014-05-26,49907.2
2014-05-28,50299.19
2014-05-30,49152.41
2014-06-02,49184.49
2014-06-03,49438.27
2014-06-04,49570.71
2014-06-05,49474.17
2014-06-06,49460.07
2014-06-09,48785.29
2014-06-10,49527.24
2014-06-11,49755.65
2014-06-12,49230.47
2014-06-13,49143.92
2014-06-16,48813.04
2014-06-17,49016.11
2014-06-18,48683.58
2014-06-19,48289.34
2014-06-20,48222.1
2014-06-23,48123.1
2014-06-24,48358.26
2014-06-25,48037.96
2014-06-26,48387.15
2014-06-27,48144.57
2014-06-30,48513.17
2014-07-01,48556.31
2014-07-02,48724.64
2014-07-03,48601.31
2014-07-04,48998.96
2014-07-07,50171.23
2014-07-08,50701.85
2014-07-10,51825.26
2014-07-11,51203.14
2014-07-14,51056.64
2014-07-15,51773.04
2014-07-16,51773.04
2014-07-17,51680.44
2014-07-18,51990.56
2014-07-21,52648.94
2014-07-22,52226.93
2014-07-23,52072.49
2014-07-24,51822.3
2014-07-25,51679.79
2014-08-04,51813.13
2014-08-05,51799.63
2014-08-06,51257.36
2014-08-07,51319.23
2014-08-08,51229.32
2014-08-11,51958.95
2014-08-12,52222.25
2014-08-13,52588.12
2014-08-14,52389.45
2014-08-15,52256.45
2014-08-18,52351.06
2014-08-19,52306.12
2014-08-20,52544.53
2014-08-21,52849.19
2014-08-22,52803.92
2014-08-25,52759.77
2014-08-26,52208.08
2014-08-27,52462.43
2014-08-28,52648.35
2014-08-29,52234.18
2014-09-01,52707.97
2014-09-02,52970.06
2014-09-03,53225.1
2014-09-04,53139.33
2014-09-05,53175.81
2014-09-08,53848.97
2014-09-09,52984.34
2014-09-10,52395.34
2014-09-11,52222.45
2014-09-12,52328.41
2014-09-15,52390.4
2014-09-16,52197.69
2014-09-17,52784.51
2014-09-18,52955.94
2014-09-19,53075.18
2014-09-22,53092.54
2014-09-23,52725.22
2014-09-24,52304.87
2014-09-25,52581.77
2014-09-26,51972.02
2014-09-29,52078.18
2014-09-30,52139.51
2014-10-01,51913.44
2014-10-02,50456.67
2014-10-03,50207.24
2014-10-06,50582.09
2014-10-07,51007.85
2014-10-08,50229.61
2014-10-09,50544.83
2014-10-10,50293.17
2014-10-13,49864.84
2014-10-14,50040.66
2014-10-15,50539.61
2014-10-16,50614.82
2014-10-17,51580.69
2014-10-20,51721.23
2014-10-21,51611.94
2014-10-22,51982.09
2014-10-23,52146.03
2014-10-24,51908.84
2014-10-27,51477.27
2014-10-28,50992.92
2014-10-29,51781.54
2014-10-30,51647.54
2014-10-31,52170.33
2014-11-03,52055.27
2014-11-04,51949.63
2014-11-05,51847.71
2014-11-06,51480.95
2014-11-07,50988.14
2014-11-10,50807.99
2014-11-11,51600.7
2014-11-12,51755.16
2014-11-13,51837.68
2014-11-14,51643.57
2014-11-17,51827.13
2014-11-18,52505.11
2014-11-19,52786.44
2014-11-20,52488.66
2014-11-21,52793.6
2014-11-24,53237.61
2014-11-25,53087.95
2014-11-26,53114.83
2014-11-27,53346.12
2014-11-28,53312.44
2014-12-01,53698.53
2014-12-02,54007.43
2014-12-03,54022.74
2014-12-04,54093.88
2014-12-05,54239.19
2014-12-08,53510.43
2014-12-09,53388.12
2014-12-10,54165.77
2014-12-11,54083.35
2014-12-12,54066.47
2014-12-15,53394.04
2014-12-16,52445.36
2014-12-17,52597.46
2014-12-18,53314.45
2014-12-19,53563.95
2014-12-22,53360.36
2014-12-23,53473.31
2014-12-24,53693.43
2014-12-29,53808.44
2014-12-30,54091.09
2015-01-02,54413.43
2015-01-05,54265.75
2015-01-06,53826.63
2015-01-07,54289.06
2015-01-08,54324.01
2015-01-09,54335.21
2015-01-12,53822.08
2015-01-13,53975.08
2015-01-14,53399.34
2015-01-15,53691.53
2015-01-16,53220.08
2015-01-19,53244.3
2015-01-20,53373.52
2015-01-21,53757.59
2015-01-22,54404.81
2015-01-23,54843.16
2015-01-26,54257.55
2015-01-27,54644.08
2015-01-28,54451.97
2015-01-29,54349.52
2015-01-30,54674
2015-02-02,54735.94
2015-02-03,55012.55
2015-02-04,54926.27
2015-02-05,54592.91
2015-02-06,55285.33
2015-02-09,55378.35
2015-02-10,54946.66
2015-02-11,55125.69
2015-02-12,55111.47
2015-02-13,55448.83
2015-02-16,54885.04
2015-02-17,54934.13
2015-02-18,55498.2
2015-02-20,55714.94
2015-02-23,55597.16
2015-02-24,55736.75
2015-02-25,55987.99
2015-02-26,56013.37
2015-02-27,55903.96
2015-03-02,56017.09
2015-03-03,55751.37
2015-03-04,55411.39
2015-03-05,55444.22
2015-03-06,56032.88
2015-03-09,55078.65
2015-03-10,55462.94
2015-03-11,54707.62
2015-03-12,54738.89
2015-03-13,54590.01
2015-03-16,54667.35
2015-03-17,54733.06
2015-03-18,54609.93
2015-03-19,55072.42
2015-03-20,54848.22
2015-03-23,54784.76
2015-03-24,54665.57
2015-03-25,54163.1
2015-03-26,53842.49
2015-03-27,54151.45
2015-03-30,54416.2
2015-03-31,55227.83
2015-04-01,54794.3
2015-04-02,54588.11
2015-04-06,54731.88
2015-04-07,55447.49
2015-04-08,55148.45
2015-04-09,55204.24
2015-04-10,54994.24
2015-04-13,54708.33
2015-04-14,54281.96
2015-04-15,54467.55
2015-04-16,54565.82
2015-04-17,54378.24
2015-04-20,54456.38
2015-04-21,54933.54
2015-04-22,54651.81
2015-04-23,54749.47
2015-04-24,54693.6
2015-04-27,52591.87
2015-04-28,52436.41
2015-04-29,51045.27
2015-04-30,50942.3
2015-05-04,51631.81
2015-05-05,51763.02
2015-05-06,51990.72
2015-05-07,51941.21
2015-05-08,52104.63
2015-05-11,51941.21
2015-05-12,51982.49
2015-05-13,52364.36
2015-05-15,52098.88
2015-05-18,52266.08
2015-05-19,52674.49
2015-05-20,52859.03
2015-05-21,53135.94
2015-05-22,53318.8
2015-05-25,52961.05
2015-05-26,53161.48
2015-05-27,52519.72
2015-05-28,52394.5
2015-05-29,52282.15
2015-06-01,52240.28
2015-06-03,51476.79
2015-06-04,51127.35
2015-06-05,51191.68
2015-06-08,50384.43
2015-06-09,49119.21
2015-06-10,49393.01
2015-06-11,49260.87
2015-06-12,49199.63
2015-06-15,48124.1
2015-06-16,48529.62
2015-06-17,49204.4
2015-06-18,49222.47
2015-06-19,49460.44
2015-06-22,49384.57
2015-06-23,49191.34
2015-06-24,49369.92
2015-06-25,49204.3
2015-06-26,49178.78
2015-06-29,48679.35
2015-06-30,48845.31
2015-07-01,48809.29
2015-07-02,49730.76
2015-07-03,50147.98
2015-07-06,49444.67
2015-07-07,49626.74
2015-07-08,49385.53
2015-07-09,49177
2015-07-10,49482.19
2015-07-13,49767.03
2015-07-14,49833.06
2015-07-15,49513.16
2015-07-22,49553.9
2015-07-23,49626.9
2015-07-24,48977.45
2015-07-27,47954.49
2015-07-28,47476.09
2015-07-29,47255.08
2015-07-30,47241.65
2015-07-31,48192.41
2015-08-03,48234.9
2015-08-04,48008.04
2015-08-05,48759.98
2015-08-06,48370.53
2015-08-07,48120.98
2015-08-10,47958.06
2015-08-11,46723.07
2015-08-12,45188.01
2015-08-13,46455.9
2015-08-14,46520.9
2015-08-18,45690.68
2015-08-19,45435.32
2015-08-20,45021.58
2015-08-21,43811.74
2015-08-24,42209.76
2015-08-25,42695.8
2015-08-26,42828.48
2015-08-27,44865.58
2015-08-28,44924.5
2015-08-31,45482.66
2015-09-01,44467.37
2015-09-02,44116.21
2015-09-03,44695.45
2015-09-04,44280.71
2015-09-07,43341.36
2015-09-08,43575.45
2015-09-09,43991.44
2015-09-10,43881.96
2015-09-11,43983.64
2015-09-14,44225.67
2015-09-15,43752.27
2015-09-16,43563.99
2015-09-17,44154.26
2015-09-18,44092.38
2015-09-21,43964.05
2015-09-22,43622.36
2015-09-23,42741.29
2015-09-25,42420.37
2015-09-28,41527.04
2015-09-29,42170.93
2015-09-30,42397.96
2015-10-01,42700.44
2015-10-02,42312.47
2015-10-05,43828.74
2015-10-06,44854.04
2015-10-07,45180.74
2015-10-08,45233.56
2015-10-09,45874.88
2015-10-12,46327.23
2015-10-13,44777.03
2015-10-15,45017.54
2015-10-16,45381.72
2015-10-19,45783.84
2015-10-20,45979.35
2015-10-21,46194.52
2015-10-22,45929.05
2015-10-23,46524.17
2015-10-26,47373.81
2015-10-27,47008.17
2015-10-28,46810.11
2015-10-29,45531.73
2015-10-30,45546.23
2015-11-02,45639.14
2015-11-03,46174.54
2015-11-04,47008.3
2015-11-05,46654.03
2015-11-06,46606.49
2015-11-09,45971.21
2015-11-10,45747.46
2015-11-11,45724.91
2015-11-12,45778.77
2015-11-13,46031.88
2015-11-16,45600.11
2015-11-17,46287.98
2015-11-18,46249.85
2015-11-19,46374.15
2015-11-20,46885.18
2015-11-23,46624.47
2015-11-24,46575.59
2015-11-25,47073.92
2015-11-26,47286.4
2015-11-27,46798.07
2015-11-30,45631.63
2015-12-01,46870.04
2015-12-02,46862.76
2015-12-03,46876.15
2015-12-04,46621.51
2015-12-07,46764.18
2015-12-08,46166.67
2015-12-10,46224.07
2015-12-11,45365.74
2015-12-14,45129.11
2015-12-15,45480.25
2015-12-16,46356.66
2015-12-17,47183.29
2015-12-18,46072.99
2015-12-21,46350.02
2015-12-22,46652.49
2015-12-23,46572.13
2015-12-28,46980.37
2015-12-29,47051.27
2015-12-30,47216.36
2016-01-04,46639.19
2016-01-05,47145.52
2016-01-06,47847.33
2016-01-07,47086.83
2016-01-08,47349.11
2016-01-11,46240.88
2016-01-12,46799.88
2016-01-13,47137.83
2016-01-14,47104.16
2016-01-15,47176.93
2016-01-18,46645.33
2016-01-19,47008.44
2016-01-20,46218.37
2016-01-21,46130.36
2016-01-22,46577.85
2016-01-25,47090.41
2016-01-26,47175.83
2016-01-27,47925.67
2016-01-28,48046.38
2016-01-29,48147.35
2016-02-01,48045.86
2016-02-02,47741.22
2016-02-03,47873.71
2016-02-04,48691.39
2016-02-05,50226.18
2016-02-09,49813.81
2016-02-10,49555.42
2016-02-11,50173.12
2016-02-12,49605.83
2016-02-15,49867.68
2016-02-16,49894.54
2016-02-17,50168.88
2016-02-18,50204.76
2016-02-19,49152.22
2016-02-22,49112.71
2016-02-23,48433.42
2016-02-24,48657.12
2016-02-25,48582.12
2016-02-26,49481.62
2016-02-29,49656.49
2016-03-01,49747.33
2016-03-02,50324.27
2016-03-03,50270.08
2016-03-04,50463.37
2016-03-07,50214.62
2016-03-08,49910.06
2016-03-10,49890.55
2016-03-11,50188.6
2016-03-14,50840.91
2016-03-15,50581.75
2016-03-16,50652.49
2016-03-17,50854.15
2016-03-18,50838.79
2016-03-21,50850.13
2016-03-22,50574.54
2016-03-23,50436.83
2016-03-24,50164.88
2016-03-28,49605.2
2016-03-29,49722.14
2016-03-30,50165.77
2016-03-31,50502.2
2016-04-01,50627.15
2016-04-04,50785.8
2016-04-05,50858.56
2016-04-06,50854.95
2016-04-07,50776.73
2016-04-08,50615.46
2016-04-11,50015.95
2016-04-12,50496.59
2016-04-13,50648.93
2016-04-14,50262.07
2016-04-15,50529.5
2016-04-18,51023.57
2016-04-19,51290.21
2016-04-20,51187.24
2016-04-21,51359.58
2016-04-22,51504.67
2016-04-25,51247.07
2016-04-26,50562.09
2016-04-27,50766.47
2016-04-28,50689.31
2016-04-29,50533.17
2016-05-02,50295.14
2016-05-03,50469.47
2016-05-04,50655.62
2016-05-09,50161.17
2016-05-10,50436.36
2016-05-11,50776.95
2016-05-12,50839.5
2016-05-13,50531.88
2016-05-16,50163.38
2016-05-17,50195.71
2016-05-18,50267.13
2016-05-19,49667.88
2016-05-20,49858.62
2016-05-23,50221.01
2016-05-24,49904.94
2016-05-25,50579.76
2016-05-26,50615.02
2016-05-27,50904.91
2016-05-30,50971.26
2016-05-31,50550.64
2016-06-01,51032.26
2016-06-02,50865.21
2016-06-03,51117.01
2016-06-06,51700.95
2016-06-07,52022.49
2016-06-08,51655.79
2016-06-09,51214.24
2016-06-10,50918.12
2016-06-13,50565.24
2016-06-14,50673.01
2016-06-15,50592.92
2016-06-16,50588.3
2016-06-17,50961.93
2016-06-20,51229.11
2016-06-21,51556.26
2016-06-22,51752.72
2016-06-23,51365.15
2016-06-24,50990.65
2016-06-27,51029.5
2016-06-28,51611.6
2016-06-29,52640.16
2016-06-30,52837.46
2016-07-01,52291.04
2016-07-11,53380.69
2016-07-12,53588.86
2016-07-13,53969.5
2016-07-14,53419.37
2016-07-15,53682.02
2016-07-18,53896.97
2016-07-19,54377.24
2016-07-20,54955.09
2016-07-21,54672.03
2016-07-22,54432.36
2016-07-25,54754.61
2016-07-26,55005.63
2016-07-27,55637.25
2016-07-28,55932.26
2016-07-29,54972.27
2016-08-01,56449.41
2016-08-02,56213.52
2016-08-03,55851.57
2016-08-04,56108.29
2016-08-05,56530.36
2016-08-08,57124.26
2016-08-09,56946.31
2016-08-10,56608.79
2016-08-11,56563.08
2016-08-12,56066.77
2016-08-15,55378.98
2016-08-16,56092.89
2016-08-18,56966.92
2016-08-19,56505.57
2016-08-22,56547.84
2016-08-23,56308.26
2016-08-24,56189.75
2016-08-25,56804.15
2016-08-26,56613.92
2016-08-29,55612.96
2016-08-30,55529.45
2016-08-31,55746.38
2016-09-01,55182.37
2016-09-02,55485.76
2016-09-05,55589.88
2016-09-06,55884.61
2016-09-07,56061.51
2016-09-08,55742.63
2016-09-09,54658.64
2016-09-13,53940.93
2016-09-14,53097.93
2016-09-15,54614.52
2016-09-16,54491.06
2016-09-19,55118.54
2016-09-20,54972.01
2016-09-21,55485.64
2016-09-22,55971.77
2016-09-23,55873.11
2016-09-26,55338.68
2016-09-27,56286.71
2016-09-28,56232.1
2016-09-29,56361.44
2016-09-30,55350.44
2016-10-03,56630.64
2016-10-04,56664.77
2016-10-05,56069.74
2016-10-06,55972.96
2016-10-07,55522.89
2016-10-10,55200.72
2016-10-11,55452.91
2016-10-12,55286.91
2016-10-13,55051.4
2016-10-14,55861.36
2016-10-17,55883.5
2016-10-18,56167.51
2016-10-19,55853.34
2016-10-20,55811.77
2016-10-21,55900.71
2016-10-24,55868.2
2016-10-25,55535.03
2016-10-26,55320.37
2016-10-27,55579.77
2016-10-28,55674.38
2016-10-31,55802.42
2016-11-01,55654.39
2016-11-02,55458.82
2016-11-03,54534.2
2016-11-04,54779.82
2016-11-07,55007.21
2016-11-08,55935.92
2016-11-09,55131.66
2016-11-10,55646.74
2016-11-11,52918.65
2016-11-14,51405.96
2016-11-15,51096.94
2016-11-16,52415.18
2016-11-17,52360.54
2016-11-18,52095.96
2016-11-21,51734.54
2016-11-22,52190.76
2016-11-23,52262.05
2016-11-24,51029.96
2016-11-25,51034.38
2016-11-28,50757.53
2016-11-29,51072.27
2016-11-30,51298.08
2016-12-01,51857.55
2016-12-02,52312.94
2016-12-05,52532.07
2016-12-06,52498.5
2016-12-07,52458.84
2016-12-08,52954.86
2016-12-09,52922.94
2016-12-13,52727.3
2016-12-14,52302.49
2016-12-15,52139.39
2016-12-16,51782.27
2016-12-19,51260.85
2016-12-20,50919.71
2016-12-21,50433.24
2016-12-22,49662.48
2016-12-23,49410.05
2016-12-27,50289.36
2016-12-28,51350.53
2016-12-29,52331.87
2016-12-30,52339.71
2017-01-03,52091.65
2017-01-04,52413.12
2017-01-05,52631.15
2017-01-06,52832.57
2017-01-09,52499.32
2017-01-10,52604.75
2017-01-11,52411.21
2017-01-12,52314.34
2017-01-13,52219.25
2017-01-16,52072.43
2017-01-17,52131.2
2017-01-18,52389.73
2017-01-19,52425.22
2017-01-20,52052.96
2017-01-23,52012.52
2017-01-24,52395.94
2017-01-25,52362.01
2017-01-26,52592.81
2017-01-27,52472.97
2017-01-30,52299.55
2017-01-31,52226.3
2017-02-01,52586.23
2017-02-02,52753.05
2017-02-03,52923.46
2017-02-06,53213.11
2017-02-07,53058.3
2017-02-08,52907.29
2017-02-09,53026.12
2017-02-10,52969.65
2017-02-13,53247.84
2017-02-14,53057.7
2017-02-16,53129.03
2017-02-17,52774.55
2017-02-20,52866.15
2017-02-21,52805.79
2017-02-22,53014.22
2017-02-23,53192.09
2017-02-24,53287.41
2017-02-27,53041.11
2017-02-28,52975.97
2017-03-01,52607.53
2017-03-02,53080.35
2017-03-03,52754.05
2017-03-06,52893.85
2017-03-07,52783.87
2017-03-08,52748.51
2017-03-09,52800.99
2017-03-10,52600.31
2017-03-13,52708.62
2017-03-14,53056.72
2017-03-15,53022.6
2017-03-16,53827.86
2017-03-17,54107.43
2017-03-20,53957
2017-03-21,54047.84
2017-03-22,54007.13
2017-03-23,54400.75
2017-03-24,54477.2
2017-03-27,54177.14
2017-03-29,54636.68
2017-03-30,54672.86
2017-03-31,54347.42
2017-04-03,54852.61
2017-04-04,55340.46
2017-04-05,55442.05
2017-04-06,55536.33
2017-04-07,55212.55
2017-04-10,54974.46
2017-04-11,54886.23
2017-04-12,55177.82
2017-04-13,54717.22
2017-04-17,54275.46
2017-04-18,54620.31
2017-04-20,54469.43
2017-04-21,55181.21
2017-04-25,55278.5
2017-04-26,55753.69
2017-04-27,55620.92
2017-04-28,55353.4
2017-05-02,55381.27
2017-05-03,55196.72
2017-05-04,55590.45
2017-05-05,55891.94
2017-05-08,56142.21
2017-05-09,56027.7
2017-05-10,55640.65
2017-05-12,55864.97
2017-05-15,56015.37
2017-05-16,55323.74
2017-05-17,55045.05
2017-05-18,55374.02
2017-05-19,57094.7
2017-05-22,56525.52
2017-05-23,56280.7
2017-05-24,56010.22
2017-05-26,56011.39
2017-05-29,55884.67
2017-05-30,55759.62
2017-05-31,56272.11
2017-06-02,56392.13
2017-06-05,56387.01
2017-06-06,55980.77
2017-06-07,56143.93
2017-06-08,56017.07
2017-06-09,55844.84
2017-06-12,56110.55
2017-06-13,56250.64
2017-06-14,57105.52
2017-06-15,56913.89
2017-06-16,56371.97
2017-06-19,56524.47
2017-06-20,57072.84
2017-06-21,57240.45
2017-06-22,57166.74
2017-07-03,57951.65
2017-07-04,57584.85
2017-07-05,57003.75
2017-07-06,57230.39
2017-07-07,56828.66
2017-07-10,56350.29
2017-07-11,56306.1
2017-07-12,56872.21
2017-07-13,56896.78
2017-07-14,56838.79
2017-07-17,56821.93
2017-07-18,56601.79
2017-07-19,56442.81
2017-07-20,56832.29
2017-07-21,56218.18
2017-07-24,56691.47
2017-07-25,56927.63
2017-07-26,56594.42
2017-07-27,56836.81
2017-07-28,57088.09
2017-07-31,57172.62
2017-08-01,56756.66
2017-08-02,56851.65
2017-08-03,56379.25
2017-08-04,56291.5
2017-08-07,55926.91
2017-08-08,56524.97
2017-08-09,56678
2017-08-10,56571.79
2017-08-11,56091.72
2017-08-14,56400.4
2017-08-15,56577.52
2017-08-16,57252.26
2017-08-18,57366.99
2017-08-21,57010.74
2017-08-22,57175.74
2017-08-23,57544.12
2017-08-24,57272.79
2017-08-25,57520.2
2017-08-28,57395.75
2017-08-29,57283.7
2017-08-30,57233.16
2017-08-31,57167.17
2017-09-04,56739.19
2017-09-05,56855.97
2017-09-06,56903.16
2017-09-07,57013.5
2017-09-08,57191.14
2017-09-11,57389.96
2017-09-12,57378.38
2017-09-13,57232.16
2017-09-14,57310.45
2017-09-15,57388.98
2017-09-18,57501.59
2017-09-19,57575.51
2017-09-20,57615.28
2017-09-22,57644.09
2017-09-25,57485.65
2017-09-26,57248.7
2017-09-27,57242.49
2017-09-28,56942.44
2017-09-29,57391.6
2017-10-02,57562.96
2017-10-03,57816.97
2017-10-04,57988.07
2017-10-05,57497.49
2017-10-06,57620.82
2017-10-09,57670.12
2017-10-10,57583.46
2017-10-11,57398.6
2017-10-12,57722.17
2017-10-13,57623.52
2017-10-16,57815.6
2017-10-17,57906.83
2017-10-18,57681.22
2017-10-19,57281.16
2017-10-20,57531.62
2017-10-23,57608.17
2017-10-24,57333.99
2017-10-25,58104.57
2017-10-26,57931.84
2017-10-27,57740.57
2017-10-30,57690.88
2017-10-31,57987.56
2017-11-01,58453.45
2017-11-02,58496.12
2017-11-03,58755.87
2017-11-06,58807.35
2017-11-07,58999.49
2017-11-08,58972.02
2017-11-09,58891.13
2017-11-10,58671.99
2017-11-13,58757.51
2017-11-14,58364.29
2017-11-15,58328.24
2017-11-16,59216.23
2017-11-17,59401.04
2017-11-20,59392.49
2017-11-21,59136.93
2017-11-22,59457.15
2017-11-23,59333.66
2017-11-24,59407.84
2017-11-27,59432.76
2017-11-28,59788.77
2017-11-29,59628.77
2017-11-30,58466.53
2017-12-04,59129.72
2017-12-05,59348.29
2017-12-06,59748.58
2017-12-07,59358.16
2017-12-08,59577.19
2017-12-11,59616.8
2017-12-12,59575.76
2017-12-13,59739.78
2017-12-14,60194.74
2017-12-15,60174.02
2017-12-18,60290.5
2017-12-19,60648.27
2017-12-20,59894.19
2017-12-21,60728.72
2017-12-22,61194.38
2017-12-27,61868.41
2017-12-28,62072.41
2017-12-29,62414.44
2018-01-02,62207.05
2018-01-03,61243.76
2018-01-04,61806.62
2018-01-05,62455.24
2018-01-08,62820.02
2018-01-09,62637.23
2018-01-10,62755.85
2018-01-11,62935.22
2018-01-12,62929.12
2018-01-15,63145.73
2018-01-16,63651.67
2018-01-17,63968.61
2018-01-18,64248.77
2018-01-19,64332.25
2018-01-22,64573.01
2018-01-23,66231.52
2018-01-24,66270.71
2018-01-25,65980.73
2018-01-26,66363.89
2018-01-29,66415.35
2018-01-30,65242.81
2018-01-31,65757.67
2018-02-01,65611.88
2018-02-02,65898.65
2018-02-05,65547.28
2018-02-06,64697.44
2018-02-07,65274.7
2018-02-08,65349.08
2018-02-09,64754.91
2018-02-12,64909.62
2018-02-13,65437.98
2018-02-14,65835.78
2018-02-15,65847.22
2018-02-19,66905.77
2018-02-20,66730.51
2018-02-21,66465.52
2018-02-22,65863.76
2018-02-23,66189.56
2018-02-26,65325.57
2018-02-27,65922.25
2018-02-28,65946.11
2018-03-01,66063.3
2018-03-02,65780.44
2018-03-05,65269.51
2018-03-06,64779.13
2018-03-07,63349.52
2018-03-08,64208.02
2018-03-09,63892.4
2018-03-12,64709.8
2018-03-13,63636.44
2018-03-14,63222.83
2018-03-15,62389.28
2018-03-16,62086.77
2018-03-19,61875.71
2018-03-20,61700.65
2018-03-21,62407.14
2018-03-22,61777.22
2018-03-23,61245.27
2018-03-26,61235.48
2018-03-27,61235.44
2018-03-28,60561.19
2018-03-29,60931.16
2018-04-02,61664.69
2018-04-03,61621.26
2018-04-04,60770.56
2018-04-05,61155.04
2018-04-06,61054.01
2018-04-09,61966.92
2018-04-10,62902.66
2018-04-11,63316.36
2018-04-12,62791.7
2018-04-13,62386.61
2018-04-16,62508.56
2018-04-17,62507.36
2018-04-18,62909.76
2018-04-19,63289.07
2018-04-20,63132.8
2018-04-23,62821.02
2018-04-24,62166.22
2018-04-25,60531.98
2018-04-26,58804.6
2018-04-27,58786.51
2018-04-30,59663.15
2018-05-02,60077.23
2018-05-03,58683.76
2018-05-04,58115.42
2018-05-07,58869.06
2018-05-08,57877.03
2018-05-09,59454.39
2018-05-11,59844.47
2018-05-14,59753.65
2018-05-15,58777.67
2018-05-16,58946.55
2018-05-17,58769.46
2018-05-18,58641.63
2018-05-21,58353.84
2018-05-22,58439.01
2018-05-23,59058.29
2018-05-24,60779.07
2018-05-25,60954.78
2018-05-28,61640.67
2018-05-30,60991.86
2018-05-31,60578.52
2018-06-04,61327.78
2018-06-05,62077.6
2018-06-06,62035.32
2018-06-07,62285.62
2018-06-08,61045.04
2018-06-20,59819.94
2018-06-21,59097.25
2018-06-22,59133.6
2018-06-25,59538.25
2018-06-26,59154.21
2018-06-27,58658.89
2018-06-28,57481.38
2018-06-29,58808.36
2018-07-02,58357.08
2018-07-03,57297.45
2018-07-04,58356.74
2018-07-05,58404.47
2018-07-06,57831.21
2018-07-09,58833.66
2018-07-10,59646.56
2018-07-11,59777.78
2018-07-12,59841.68
2018-07-13,60360.18
2018-07-16,59847.39
2018-07-17,59323.04
2018-07-18,59937.29
2018-07-19,59633.21
2018-07-20,59763.85
2018-07-23,60301.54
2018-07-24,60315.96
2018-07-25,60278.76
2018-07-26,60506.41
2018-07-27,61169.16
2018-07-30,61585.48
2018-07-31,60558.81
2018-08-01,61746.58
2018-08-02,61340.96
2018-08-03,61354.92
2018-08-06,62636.95
2018-08-07,62511.24
2018-08-08,62250.42
2018-08-09,62122.75
2018-08-10,62116.15
2018-08-13,59604.5
2018-08-14,58608.11
2018-08-15,59052.14
2018-08-16,58357.43
2018-08-20,59629.76
2018-08-21,60223
2018-08-23,60732.02
2018-08-24,60376.05
2018-08-27,61120.77
2018-08-28,61120.97
2018-08-29,61408.87
2018-08-30,60782.43
2018-08-31,60667.99
2018-09-03,60012.16
2018-09-04,59341.81
2018-09-05,57052.07
2018-09-06,57874.92
2018-09-07,58774.1
2018-09-10,58531.05
2018-09-12,58120.81
2018-09-13,59029.91
2018-09-14,59850.99
2018-09-17,58450.28
2018-09-18,58315.09
2018-09-19,59014.92
2018-09-20,59759.87
2018-09-21,60041.62
2018-09-24,58859
2018-09-25,58881.25
2018-09-26,58727.47
2018-09-27,59427.33
2018-09-28,59878.45
2018-10-01,59506.15
2018-10-02,58643.43
2018-10-03,58512.15
2018-10-04,57391.85
2018-10-05,57371.25
2018-10-08,57526.38
2018-10-09,57950.54
2018-10-10,58097.86
2018-10-11,56861.92
2018-10-12,57394.27
2018-10-15,57180.64
2018-10-16,58052.39
2018-10-17,58753.45
2018-10-18,58418.34
2018-10-19,58172.76
2018-10-22,58213.71
2018-10-23,57795.21
2018-10-24,56789
2018-10-25,57300.61
2018-10-26,57693.43
2018-10-29,57280.62
2018-10-30,57797.75
2018-10-31,58309.18
2018-11-01,58384.52
2018-11-02,59406.25
2018-11-05,59382.7
2018-11-06,59517.37
2018-11-07,59749.74
2018-11-08,60300.58
2018-11-09,59275.4
2018-11-12,58004.15
2018-11-13,58737.04
2018-11-14,58949.98
2018-11-15,60053.7
2018-11-16,60814.48
2018-11-19,60679.82
2018-11-21,59939.86
2018-11-22,60502.5
2018-11-23,60539.38
2018-11-26,60656.78
2018-11-27,60708.61
2018-11-28,60378.06
2018-11-29,61845.77
2018-11-30,61110.25
2018-12-03,61899.33
2018-12-04,62053.05
2018-12-05,61728.87
2018-12-06,61380.5
2018-12-07,61517.36
2018-12-10,61291.81
2018-12-11,60990.44
2018-12-12,61245.74
2018-12-13,61912.19
2018-12-14,61805.48
2018-12-17,61022.73
2018-12-18,61020.06
2018-12-19,62063.63
2018-12-20,61785.43
2018-12-21,61968.35
2018-12-26,61474.13
2018-12-27,62055.26
2018-12-28,61710.91
2019-01-02,61688.65
2019-01-03,62138.74
2019-01-04,62572.11
2019-01-07,62704.81
2019-01-08,62362.5
2019-01-09,62252.82
2019-01-10,62985.78
2019-01-11,63101.16
2019-01-14,62856.71
2019-01-15,63654.62
2019-01-16,63693.8
2019-01-17,63775.77
2019-01-18,63958.27
2019-01-21,63716.93
2019-01-22,64099.46
2019-01-23,63680.97
2019-01-24,63991.36
2019-01-25,64185.17
2019-01-28,63750.44
2019-01-29,63442.1
2019-01-30,63710.45
2019-01-31,64541.95
2019-02-01,64770.1
2019-02-04,63821.94
2019-02-06,64403.9
2019-02-07,64316.68
2019-02-08,64184.44
2019-02-11,64032.48
2019-02-12,63443.52
2019-02-13,63190.73
2019-02-14,63207.72
2019-02-15,62890.54
2019-02-18,64030.16
2019-02-19,63996.66
2019-02-20,64093.47
2019-02-21,64136.03
2019-02-22,63743.43
2019-02-25,64019.63
2019-02-26,64152.74
2019-02-27,63996.35
2019-02-28,63177.92
2019-03-01,63968.31
2019-03-04,63928.58
2019-03-05,63277.44
2019-03-06,63424.12
2019-03-08,62603.55
2019-03-11,62640.46
2019-03-12,62701.47
2019-03-13,62967.19
2019-03-14,63211.55
2019-03-15,63645.03
2019-03-18,64180.31
2019-03-19,63842.42
2019-03-20,63901.03
2019-03-21,64088.51
2019-03-22,64157.6
2019-03-25,62642.67
2019-03-26,63377.2
2019-03-27,63167.73
2019-03-28,63709.81
2019-03-29,63963.3
2019-04-01,63861.04
2019-04-02,64152.98
2019-04-04,64668.68
2019-04-05,64397.01
2019-04-08,63818.83
2019-04-09,64372.17
2019-04-10,64331.31
2019-04-11,63617.38
2019-04-12,63577.13
2019-04-15,63873.46
2019-04-16,64450.77
2019-04-18,64871.43
2019-04-22,63780.05
2019-04-23,64406.65
2019-04-24,64302.31
2019-04-25,63510.82
2019-04-26,63945.39
2019-04-29,64276.54
2019-04-30,64617.95
2019-05-02,63798.99
2019-05-03,63449.47
2019-05-06,62758.59
2019-05-07,63378.74
2019-05-08,63018.93
2019-05-09,62339.03
2019-05-10,62462.08
2019-05-13,61821.91
2019-05-14,61380.31
2019-05-15,60560.27
2019-05-16,59752.16
2019-05-17,58903.1
2019-05-20,59813.76
2019-05-21,60101.63
2019-05-22,59938.2
2019-05-23,60917.46
2019-05-24,61307.54
2019-05-27,61909.65
2019-05-28,60971.97
2019-05-29,61874.33
2019-05-31,63062.39
2019-06-10,64111.91
2019-06-11,64250.06
2019-06-12,64017.54
2019-06-13,63938.21
2019-06-14,63747.96
2019-06-17,63223.01
2019-06-18,64017.09
2019-06-19,64797.57
2019-06-20,64536.66
2019-06-21,64116.1
2019-06-24,63727.59
2019-06-25,63881.09
2019-06-26,63686.82
2019-06-27,64163.6
2019-06-28,64289.53
2019-07-01,64793.65
2019-07-02,64888.24
2019-07-03,64683.9
2019-07-04,64715.24
2019-07-05,64640.42
2019-07-08,64162.28
2019-07-09,64622.77
2019-07-10,64888.2
2019-07-11,64939.66
2019-07-12,64250.91
2019-07-15,64730.97
2019-07-16,64574.47
2019-07-17,64628.53
2019-07-18,64656.69
2019-07-19,65117.35
2019-07-22,64789.87
2019-07-23,64682.42
2019-07-24,64428.28
2019-07-25,64605.09
2019-07-26,63870.89
2019-07-29,63796.23
2019-07-30,64400.29
2019-07-31,64599.18
2019-08-01,64423.53
2019-08-02,63978.3
2019-08-05,62283.03
2019-08-06,61824.31
2019-08-07,62785.02
2019-08-08,63350.46
2019-08-09,63414.82
2019-08-12,63412.46
2019-08-13,63034.51
2019-08-14,63539.36
2019-08-15,63462.92
2019-08-16,63581.5
2019-08-19,63613.43
2019-08-20,63641.6
2019-08-21,63172.96
2019-08-22,63069.07
2019-08-23,63065.04
2019-08-26,62718.31
2019-08-27,63071.06
2019-08-28,63108.24
2019-08-29,63215.66
2019-08-30,63635.26
2019-09-02,63095.22
2019-09-03,62742.77
2019-09-04,62804.36
2019-09-05,63029.9
2019-09-06,63044.98
2019-09-09,63177.72
2019-09-10,63206.98
2019-09-11,63427.35
2019-09-12,62993.67
2019-09-13,63173.34
2019-09-16,62142.93
2019-09-17,62410.85
2019-09-18,62766.1
2019-09-19,62295.04
2019-09-20,62190.8
2019-09-23,62030.91
2019-09-24,61263.16
2019-09-25,61288.35
2019-09-26,62058.96
2019-09-27,61681.65
2019-09-30,61308.29
2019-10-01,60836.17
2019-10-02,59980.69
2019-10-03,59871.26
2019-10-04,60140.17
2019-10-07,59569.44
2019-10-08,59892.02
2019-10-09,59665.97
2019-10-10,59603.94
2019-10-11,60435.09
2019-10-14,60743.35
2019-10-15,60827.32
2019-10-16,60937.14
2019-10-17,61123.82
2019-10-18,61192.4
2019-10-21,61241.38
2019-10-22,61315.56
2019-10-23,61789.86
2019-10-24,62611.53
2019-10-25,61785.56
2019-10-28,62007.53
2019-10-29,62212.18
2019-10-30,62350.53
2019-10-31,61622.23
2019-11-01,61101.66
2019-11-04,60668.12
2019-11-05,61633.15
2019-11-06,61108.24
2019-11-07,60621.63
2019-11-08,60776.95
2019-11-11,60594.84
2019-11-12,60756.07
2019-11-13,60266.38
2019-11-14,59891.03
2019-11-15,60267.75
2019-11-18,60068.82
2019-11-19,60604.6
2019-11-20,60715.64
2019-11-21,60566.23
2019-11-22,60377.48
2019-11-25,59867.12
2019-11-26,59425.8
2019-11-27,59443.3
2019-11-28,58719.88
2019-11-29,59410.2
2019-12-02,60528.5
2019-12-03,60456.91
2019-12-04,60224.11
2019-12-05,60735.29
2019-12-06,61006.69
2019-12-09,60976.94
2019-12-10,60879.5
2019-12-11,60661.17
2019-12-12,60381.02
2019-12-13,61181.6
2019-12-16,61390.64
2019-12-17,61637.65
2019-12-18,62006.86
2019-12-19,61631.64
2019-12-20,62077.18
2019-12-23,62324.91
2019-12-26,62444.09
2019-12-27,62520.09
2019-12-30,62107.77
2020-01-02,62008.52
2020-01-03,62340.61
2020-01-06,61858.46
2020-01-07,61956.55
2020-01-08,61456.44
2020-01-09,62151.91
2020-01-10,62205.52
2020-01-13,62469.89
2020-01-14,62714.07
2020-01-15,62176.51
2020-01-16,62301.09
2020-01-17,62487.22
2020-01-20,61943.28
2020-01-21,61927.61
2020-01-22,61887.01
2020-01-23,61944.1
2020-01-24,61938.88
2020-01-27,60818.34
2020-01-28,60841.86
2020-01-29,60827.61
2020-01-30,60066.72
2020-01-31,58823.13
2020-02-03,58305.06
2020-02-04,58917.1
2020-02-05,59480.54
2020-02-06,59630.1
2020-02-07,59747.48
2020-02-10,59364.76
2020-02-11,59374.13
2020-02-12,58892.45
2020-02-13,58481.34
2020-02-14,58488.79
2020-02-17,58567.64
2020-02-18,58769.12
2020-02-19,59126.68
2020-02-20,59417.71
2020-02-21,58737.63
2020-02-24,57783.14
2020-02-25,57795.73
2020-02-26,56741.53
2020-02-27,55417.19
2020-02-28,54757.62
2020-03-02,53676.4
2020-03-03,55339.51
2020-03-04,56758.89
2020-03-05,56524.83
2020-03-06,54859.51
2020-03-09,50688.29
2020-03-10,51572.05
2020-03-11,50927.54
2020-03-12,48140.84
2020-03-13,48551.02
2020-03-16,46038.1
2020-03-17,43442.76
2020-03-18,41878.3
2020-03-19,39522.12
2020-03-20,40464.71
2020-03-23,38179.38
2020-03-24,37277.32
2020-03-26,41799.62
2020-03-27,44098.22
2020-03-30,42618.35
2020-03-31,43878.39
2020-04-01,43160.26
2020-04-02,43735.64
2020-04-03,44385.67
2020-04-06,46215.79
2020-04-07,45678.27
2020-04-08,44215.07
2020-04-09,44531.96
2020-04-13,44401.75
2020-04-14,45066.71
2020-04-15,44258.22
2020-04-16,42718.55
2020-04-17,44325.48
2020-04-20,43904.28
2020-04-21,43248.98
2020-04-22,43815.32
2020-04-23,44102.35
2020-04-24,43186.15
2020-04-27,43414.27
2020-04-28,43749.58
2020-04-29,44280.12
2020-04-30,45901.56
2020-05-04,44609.47
2020-05-05,44857.84
2020-05-06,44853.16
2020-05-08,44979.93
2020-05-11,45457.5
2020-05-12,44858.65
2020-05-13,44514.07
2020-05-14,44184.16
2020-05-15,44201.07
2020-05-18,44443.27
2020-05-19,44782.33
2020-05-20,44585.96
2020-05-26,45218.78
2020-05-27,45289.56
2020-05-28,45918.62
2020-05-29,46371.99
2020-06-02,47685.37
2020-06-03,48659.54
2020-06-04,48370.95
2020-06-05,48721.82
2020-06-08,49906.03
2020-06-09,49463.11
2020-06-10,48363.34
2020-06-11,47740.14
2020-06-12,48013.51
2020-06-15,47512.43
2020-06-16,49197.25
2020-06-17,49207.4
2020-06-18,48551.06
2020-06-19,48727.89
2020-06-22,48507.53
2020-06-23,48347.82
2020-06-24,49151.63
2020-06-25,48475.06
2020-06-26,48510.19
2020-06-29,48482.64
2020-06-30,48458.89
2020-07-01,48519.74
2020-07-02,49020.45
2020-07-03,49033.58
2020-07-06,49267.41
2020-07-07,49223.47
2020-07-08,50137.33
2020-07-09,49804.41
2020-07-10,49424.22
2020-07-13,49721.77
2020-07-14,49893.92
2020-07-15,49903.49
2020-07-16,50153.8
2020-07-17,49939.74
2020-07-20,49636.69
2020-07-21,50411.8
2020-07-22,50563.9
2020-07-23,50922.27
2020-07-24,50194.96
2020-07-27,50847.68
2020-07-28,50820.73
2020-07-29,50863.9
2020-07-30,51253.08
2020-08-03,49771.41
2020-08-04,50520.71
2020-08-05,51198.98
2020-08-06,51598.7
2020-08-07,51195.7
2020-08-10,51197.33
2020-08-11,51520.54
2020-08-12,52066.91
2020-08-13,52020.66
2020-08-14,52142.74
2020-08-18,52732.81
2020-08-19,52594.75
2020-08-24,52560.49
2020-08-25,53323.57
2020-08-26,53160.95
2020-08-27,53373.92
2020-08-28,53039.41
2020-08-31,51990.25
2020-09-01,52779.69
2020-09-02,52876.66
2020-09-03,52443.91
2020-09-04,52199.87
2020-09-07,52122.85
2020-09-08,52005.75
2020-09-09,50862.95
2020-09-10,48231.45
2020-09-11,49553.26
2020-09-14,51012.9
2020-09-15,50268.07
2020-09-16,49703.26
2020-09-17,49239.95
2020-09-18,49462.82
2020-09-21,48884.4
2020-09-22,48220.45
2020-09-23,48040.35
2020-09-24,47308.57
2020-09-25,48463.58
2020-09-28,47975.73
2020-09-29,47661.92
2020-09-30,47551.44
2020-10-01,48650.6
2020-10-02,48090.4
2020-10-05,48470.24
2020-10-06,48938.37
2020-10-07,48889.29
2020-10-08,49251.48
2020-10-09,49322.24
2020-10-12,49634.62
2020-10-13,49950.69
2020-10-14,50606.07
2020-10-15,49891.91
2020-10-16,50010.74
2020-10-19,50301.29
2020-10-20,50028.55
2020-10-21,49976.28
2020-10-22,49915.74
2020-10-23,50101.39
2020-10-26,50220.74
2020-10-27,49983.87
2020-11-02,49710.68
2020-11-03,50077.77
2020-11-04,49260.1
2020-11-05,51031.35
2020-11-06,51985.38
2020-11-09,52338.29
2020-11-10,53645.62
2020-11-11,54294.18
2020-11-12,53657.77
2020-11-13,53819.46
2020-11-16,54237.63
2020-11-17,54722.67
2020-11-18,54964.82
2020-11-19,55246.97
2020-11-20,54970.1
2020-11-23,55970.9
2020-11-24,56321.44
2020-11-25,56013.47
2020-11-26,56974.47
2020-11-27,57273.21
2020-11-30,55245.91
2020-12-01,56451.71
2020-12-02,57483.99
2020-12-03,57432.78
2020-12-04,57180.95
2020-12-07,58271.96
2020-12-08,58035.82
2020-12-10,58090.64
2020-12-11,57950.46
2020-12-14,58498.42
2020-12-15,58474.95
2020-12-16,59912.58
2020-12-17,59997.36
2020-12-18,59976.83
2020-12-21,60530.56
2020-12-22,58600.19
2020-12-23,58553.84
2020-12-28,59637.89
2020-12-29,58913.25
2020-12-30,58266.18
2021-01-04,59857.44
2021-01-05,59858.2
2021-01-06,58896.09
2021-01-07,59938.56
2021-01-08,60805.19
2021-01-11,61828.5
2021-01-12,61769.23
2021-01-13,62279.21
2021-01-14,62224.6
2021-01-15,61726.57
2021-01-18,62180.06
2021-01-19,61514.64
2021-01-20,63063.95
2021-01-21,62907.1
2021-01-22,61503.67
2021-01-25,61332.19
2021-01-26,60215.11
2021-01-27,60208.19
2021-01-28,58693.45
2021-01-29,57235.3
2021-02-01,59814.58
2021-02-02,59153.18
2021-02-03,59101.46
2021-02-04,59411.38
2021-02-05,59939.63
2021-02-08,60396.08
2021-02-09,59639.94
2021-02-10,60066.58
2021-02-11,59978
2021-02-15,60316.14
2021-02-16,60302.49
2021-02-17,59461.42
2021-02-18,59201.87
2021-02-19,59943.82
2021-02-22,60046.16
2021-02-23,60273.33
2021-02-24,59871.7
2021-02-25,59966.18
2021-02-26,59330.65
2021-03-01,60657.54
2021-03-02,60474.62
2021-03-03,60465.41
2021-03-04,59344.44
2021-03-05,58887.69
2021-03-08,58841.66
2021-03-09,58257.01
2021-03-10,59015.78
2021-03-12,59691.15
2021-03-15,59245.58
2021-03-16,59286.51
2021-03-17,58971.16
2021-03-18,59963.55
2021-03-19,59928.37
2021-03-22,59175.5
2021-03-23,58871.33
2021-03-24,58209.63
2021-03-25,58119.34
2021-03-26,58967.01
2021-03-29,58758.78
2021-03-30,57693.23
2021-03-31,57053.11
2021-04-01,57199.97
2021-04-05,56912.27
2021-04-06,57459.57
2021-04-07,57757.9
2021-04-08,57884.53
2021-04-09,57847.45
2021-04-12,56542.95
2021-04-13,56541.48
2021-04-14,57943.9
2021-04-15,58338.51
2021-04-16,58511.03
2021-04-19,58114.06
2021-04-20,58156.66
2021-04-21,57510.13
2021-04-22,57484.24
2021-04-23,57920.83
2021-04-26,57436.17
2021-04-27,57408.93
2021-04-28,57508.16
2021-04-29,57929.75
2021-04-30,57772.53
2021-05-03,57232.74
2021-05-04,57473.55
2021-05-05,57520.76
2021-05-06,57413.88
2021-05-07,56992
2021-05-10,57638.95
2021-05-11,57210.73
2021-05-17,56185.3
2021-05-18,56427.81
2021-05-19,55626.77
2021-05-20,55917.33
2021-05-21,55525.17
2021-05-24,55449.72
2021-05-25,56116.37
2021-05-27,56102.59
2021-05-28,56208.72
2021-05-31,57299.92
2021-06-02,58290.2
2021-06-03,58963.49
2021-06-04,58239.3
2021-06-07,58104.35
2021-06-08,57492.22
2021-06-09,58404.91
2021-06-10,58667.75
2021-06-11,58452.73
2021-06-14,58025.67
2021-06-15,57870.24
2021-06-16,57505.06
2021-06-17,57282.5
2021-06-18,56349.69
2021-06-21,56028.88
2021-06-22,56799.22
2021-06-23,56301.93
2021-06-24,56019.25
2021-06-25,55918.48
2021-06-28,54693.14
2021-06-29,54898.97
2021-06-30,55227.95
2021-07-01,55251.79
2021-07-02,55367.63
2021-07-05,55250.71
2021-07-06,56035.06
2021-07-07,55671.43
2021-07-08,55581.17
2021-07-09,55533.33
2021-07-12,55719.59
2021-07-13,54839.68
2021-07-14,54587.04
2021-07-15,55297.54
2021-07-16,55635.84
2021-07-19,54941.33
2021-07-21,55063.86
2021-07-22,56215.17
2021-07-23,55786.03
2021-07-26,55795.93
2021-07-27,55507.26
2021-07-28,55489.57
2021-07-29,55696.14
2021-07-30,55068.47
2021-08-02,55459.43
2021-08-03,55754.44
2021-08-04,55994.2
2021-08-05,56059.35
2021-08-06,55927.64
2021-08-09,55003.07
2021-08-10,54822.76
2021-08-12,55670.48
2021-08-13,55754.69
2021-08-16,55202.24
2021-08-18,55578.58
2021-08-19,54337.56
2021-08-20,55103.11
2021-08-23,56224.03
2021-08-24,55716.78
2021-08-25,55835.65
2021-08-26,55033.76
2021-08-27,54795.72
2021-08-30,56100.65
2021-08-31,56308.14
2021-09-01,55632.29
2021-09-02,55455.76
2021-09-03,56178.47
2021-09-06,56432.13
2021-09-07,56333.01
2021-09-08,55019.24
2021-09-09,55721.53
2021-09-10,56050.48
2021-09-13,55950.86
2021-09-14,56450.41
2021-09-15,56387.14
2021-09-16,56199.31
2021-09-17,56359.62
2021-09-20,55745.05
2021-09-21,55753.6
2021-09-22,56323.95
2021-09-23,56375.63
2021-09-24,56220.16
2021-09-27,55919.92
2021-09-28,55768.59
2021-09-29,55976.73
2021-09-30,56987.39
2021-10-01,56269.47
2021-10-04,57418.56
2021-10-05,56566.33
2021-10-06,57635.93
2021-10-07,57227.93
2021-10-08,58116.48
2021-10-11,58185.01
2021-10-12,58200.5
2021-10-13,58266.9
2021-10-14,59097.71
2021-10-15,59411.22
2021-10-18,59661.94
2021-10-19,59629.12
2021-10-21,59751.45
2021-10-22,59948.58
2021-10-25,59650.59
2021-10-26,59822.26
2021-10-27,59182.84
2021-10-28,58586
2021-10-29,59285.73
2021-11-01,58786.05
2021-11-02,58134.87
2021-11-03,58881.25
2021-11-04,59107.04
2021-11-05,58898.66
2021-11-08,59266.72
2021-11-09,59557.21
2021-11-10,59674.16
2021-11-11,59517.49
2021-11-12,59171.96
2021-11-15,58765.53
2021-11-16,59215.75
2021-11-17,59475.72
2021-11-18,59003.43
2021-11-19,60066.58
2021-11-22,60009.6
2021-11-23,59306.41
2021-11-24,59553.3
2021-11-25,59824.24
2021-11-26,58256.1
2021-11-29,59176.32
2021-11-30,58275.71
2021-12-01,58113.49
2021-12-02,58723.26
2021-12-03,58416.47
2021-12-06,58836.14
2021-12-07,59600.42
2021-12-08,59401.84
2021-12-09,59953.2
2021-12-10,59511.72
2021-12-13,59434.5
2021-12-14,59097.03
2021-12-15,59408.77
2021-12-16,59319.33
2021-12-17,59352.26
2021-12-20,58929.01
2021-12-21,59140.22
2021-12-22,59059.33
2021-12-23,59277.78
2021-12-24,59191.8
2021-12-27,59102.58
2021-12-28,59425.69
2021-12-29,59414.97
2021-12-30,58994.85
2022-01-03,60084.55
2022-01-04,60172.02
2022-01-05,59400.99
2022-01-06,59278.97
2022-01-07,59870.58
2022-01-10,59713.82
2022-01-11,58992.15
2022-01-12,59161.29
2022-01-13,59361.92
2022-01-14,59594.21
2022-01-17,59310.45
2022-01-18,58979.79
2022-01-19,58757.48
2022-01-20,59090.56
2022-01-21,59770.5
2022-01-24,58918.77
2022-01-25,57762.2
2022-01-26,58378.45
2022-01-27,58441.8
2022-01-28,59014.24
2022-01-31,58535.4
2022-02-02,59057.88
2022-02-03,58875.09
2022-02-04,58955.95
2022-02-07,59260.25
2022-02-08,59095.42
2022-02-09,59378.38
2022-02-10,59346.46
2022-02-11,59328.66
2022-02-14,58914.66
2022-02-15,59647.08
2022-02-16,59780.88
2022-02-17,59694.85
2022-02-18,60247.7
2022-02-21,60188.47
2022-02-22,59775.55
2022-02-23,60413.78
2022-02-24,59606.35
2022-02-25,60428.87
2022-03-01,60667.19
2022-03-02,60411.98
2022-03-04,61562.85
2022-03-07,61243.13
2022-03-08,61035.96
2022-03-09,61844.02
2022-03-10,61867.13
2022-03-11,62198.97
2022-03-14,62233.3
2022-03-15,61743.78
2022-03-16,62514.79
2022-03-17,62300.13
2022-03-18,62223.62
2022-03-21,62648.47
2022-03-22,63246.9
2022-03-23,63314.17
2022-03-24,64375.08
2022-03-25,63756.62
2022-03-28,64453.12
2022-03-29,63697.41
2022-03-30,63850.19
2022-03-31,63995.91
2022-04-01,64090.47
2022-04-04,64773.56
2022-04-05,65268.97
2022-04-06,64779.68
2022-04-07,64919.32
2022-04-08,65882.97
2022-04-11,65550.24
2022-04-12,65895.46
2022-04-13,66864.1
2022-04-14,66400.77
2022-04-18,66976.95
2022-04-19,66139.22
2022-04-20,67093.7
2022-04-21,67382.67
2022-04-22,66763.06
2022-04-25,66709.89
2022-04-26,66803.71
2022-04-27,66481.49
2022-04-28,66779.66
2022-05-09,63489.35
2022-05-10,62641.5
2022-05-11,62623.58
2022-05-12,60422.96
2022-05-13,60394.07
2022-05-17,60955.08
2022-05-18,62432.89
2022-05-19,62339.44
2022-05-20,63135.93
2022-05-23,62216.6
2022-05-24,63038.76
2022-05-25,62525.3
2022-05-27,63771.5
2022-05-30,63633.64
2022-05-31,64641.44
2022-06-02,64070.15
2022-06-03,64506.32
2022-06-06,63908.27
2022-06-07,64226.5
2022-06-08,64702.86
2022-06-09,64513.97
2022-06-10,63154.98
2022-06-13,62297.44
2022-06-14,62687.61
2022-06-15,62073.21
2022-06-16,62314.63
2022-06-17,61174.86
2022-06-20,61597.24
2022-06-21,62246.44
2022-06-22,61544
2022-06-23,61832.4
2022-06-24,62155.02
2022-06-27,61508.27
2022-06-28,61227.04
2022-06-29,60529.74
2022-06-30,60366.96
2022-07-01,59469.95
2022-07-04,58435.59
2022-07-05,59011.59
2022-07-06,58394.91
2022-07-07,58281.69
2022-07-08,58873.7
2022-07-11,58474.07
2022-07-12,58245.85
2022-07-13,57465.31
2022-07-14,57906.22
2022-07-15,57319.84
2022-07-18,57642.38
2022-07-19,58670.34
2022-07-20,60082.34
2022-07-21,59944.82
2022-07-22,60317.04
2022-07-25,60043.51
2022-07-26,60350.48
2022-07-27,60612.17
2022-07-28,61169.43
2022-07-29,61051.59
2022-08-01,61304.33
2022-08-02,61443.06
2022-08-03,62156.1
2022-08-04,62072.08
2022-08-05,62314.38
2022-08-08,62494.49
2022-08-09,62545.49
2022-08-10,62351.92
2022-08-11,63186.65
2022-08-12,63092.26
2022-08-15,62812.23
2022-08-16,62807.27
2022-08-18,63204.46
2022-08-19,63036.2
2022-08-22,62056.54
2022-08-23,62610.66
2022-08-24,62789.83
2022-08-25,62505.29
2022-08-26,62429.75
2022-08-29,62265.88
2022-08-30,62676.08
2022-08-31,62688.17
2022-09-01,62587.41
2022-09-02,62626.93
2022-09-05,63233.28
2022-09-06,63159.98
2022-09-07,62566.18
2022-09-08,63066.47
2022-09-09,63098.52
2022-09-12,63321.28
2022-09-13,64163.9
2022-09-14,64002.33
2022-09-15,64446.74
2022-09-16,63171.03
2022-09-19,63457.97
2022-09-20,63278.43
2022-09-21,63141.54
2022-09-22,63655.96
2022-09-23,63241.55
2022-09-26,62768.42
2022-09-27,62979.6
2022-09-28,62350.57
2022-09-29,62235.41
2022-09-30,62338.87
2022-10-03,62193.52
2022-10-04,62634.46
2022-10-05,62486.04
2022-10-06,62522.13
2022-10-07,62053.52
2022-10-10,61732.53
2022-10-11,61366.59
2022-10-12,61283.27
2022-10-13,61108.74
2022-10-14,60503.63
2022-10-17,60723.19
2022-10-18,60795.54
2022-10-19,61072.1
2022-10-20,62616.09
2022-10-21,62535.29
2022-10-24,62643.49
2022-10-25,62696.63
2022-10-26,62645.63
2022-10-27,63130.6
2022-10-28,63081.32
2022-10-31,63443.5
2022-11-01,62875.6
2022-11-02,62513.49
2022-11-03,62513.27
2022-11-04,62747.64
2022-11-07,63401.24
2022-11-08,62768.53
2022-11-09,62908.24
2022-11-10,62240.07
2022-11-11,63125.62
2022-11-14,62574.45
2022-11-15,62860.85
2022-11-16,62172.19
2022-11-17,62221.23
2022-11-18,62369.62
2022-11-21,62175.25
2022-11-22,62041.75
2022-11-23,62437.01
2022-11-24,63013.39
2022-11-25,62685.41
2022-11-28,62313.78
2022-11-29,62385.33
2022-11-30,63191.12
2022-12-01,63189.48
2022-12-02,63161.42
2022-12-05,62851.66
2022-12-06,62666.73
2022-12-07,61862.17
2022-12-08,62022.76
2022-12-09,61547.01
2022-12-12,61550.62
2022-12-13,62084.01
2022-12-14,62102.78
2022-12-15,61573.35
2022-12-16,61942
2022-12-19,61711.77
2022-12-20,61259.47
2022-12-21,61259.25
2022-12-22,61292.38
2022-12-23,60905.5
2022-12-26,60874.33
2022-12-27,61159.65
2022-12-28,60950.72
2022-12-29,61263.32
2022-12-30,61159.74
2023-01-02,61097.95
2023-01-03,61741.46
2023-01-04,61202.87
2023-01-05,59821.72
2023-01-06,59838.49
2023-01-09,60103.35
2023-01-10,59509.51
2023-01-11,59121.35
2023-01-12,59810.78
2023-01-13,59863.03
2023-01-16,60293.48
2023-01-17,61168.96
2023-01-18,61115.18
2023-01-19,61707.55
2023-01-20,61904.4
2023-01-24,61833.61
2023-01-25,61410.43
2023-01-26,61914.89
2023-01-27,62208.02
2023-01-30,61820.56
2023-01-31,61540.78
2023-02-01,61688.53
2023-02-02,61856.97
2023-02-03,62373.45
2023-02-06,61977.9
2023-02-07,62321.13
2023-02-08,62442.62
2023-02-09,61999.07
2023-02-10,62187.75
2023-02-13,62415.86
2023-02-14,62810.02
2023-02-15,62590.03
2023-02-16,62513.01
2023-02-17,62436.8
2023-02-20,62442.45
2023-02-21,62204.1
2023-02-22,61367.45
2023-02-23,61680.8
2023-02-24,61972.63
2023-02-27,61703.83
2023-02-28,61376.2
2023-03-01,61508.89
2023-03-02,61621.84
2023-03-03,61292.57
2023-03-06,61335.82
2023-03-07,61090.06
2023-03-08,61205.76
2023-03-09,61477.84
2023-03-10,60996.8
2023-03-13,60976.27
2023-03-14,59622.17
2023-03-15,59267.75
2023-03-16,59028.62
2023-03-17,59857.8
2023-03-20,59111.37
2023-03-21,60062.74
2023-03-24,60796.75
2023-03-27,60485.73
2023-03-28,61162.65
2023-03-29,61860.44
2023-03-30,61310.28
2023-03-31,61354.22
2023-04-03,61439.33
2023-04-04,61272.23
2023-04-05,61136.81
2023-04-06,60988.72
2023-04-10,60836.72
2023-04-11,61245.34
2023-04-12,61272.31
2023-04-13,61193.97
2023-04-14,61470.59
2023-04-17,61009.99
2023-04-18,61329.23
2023-04-26,61798.15
2023-04-27,61926.04
2023-04-28,62070.62
2023-05-02,61554.66
2023-05-03,61404.73
2023-05-04,61785.6
2023-05-05,61793.99
2023-05-08,61554.98
2023-05-09,61717.7
2023-05-10,62035.37
2023-05-11,61860.3
2023-05-12,61586.18
2023-05-15,61611.06
2023-05-16,61167.13
2023-05-17,61166.54
2023-05-19,61885.39
2023-05-22,62044.11
2023-05-23,62030.19
2023-05-24,62236.08
2023-05-25,62098.96
2023-05-26,62225.2
2023-05-29,62517.53
2023-05-30,62436.8
2023-05-31,62500.81
2023-06-05,62801.72
2023-06-06,62910.86
2023-06-07,63220.95
2023-06-08,63445.47
2023-06-09,63620.64
2023-06-12,63778.8
2023-06-13,63690.92
2023-06-14,63640.83
2023-06-15,63815.69
2023-06-16,63726.83
2023-06-19,63408.26
2023-06-20,63198.86
2023-06-21,63639.1
2023-06-22,63251.76
2023-06-23,63167.9
2023-06-26,63482.46
2023-06-27,63524.5
2023-07-03,63794.39
2023-07-04,63759.05
2023-07-05,64141.63
2023-07-06,64055.07
2023-07-07,63650.3
2023-07-10,63687.12
2023-07-11,64059.61
2023-07-12,64247.11
2023-07-13,64011.93
2023-07-14,64580.18
2023-07-17,64167.71
2023-07-18,63667.27
2023-07-20,63895.1
2023-07-21,64165.25
2023-07-24,64068.1
2023-07-25,63806.25
2023-07-26,63899.05
2023-07-27,63215.29
2023-07-28,63517.29
2023-07-31,63642.47
2023-08-01,63359.92
2023-08-02,63454.32
2023-08-03,64145.56
2023-08-04,63815.96
2023-08-07,64007.87
2023-08-08,63987.07
2023-08-09,64347.26
2023-08-10,64449.69
2023-08-11,64302.13
2023-08-14,64580.35
2023-08-15,64734.33
2023-08-16,64767.84
2023-08-18,64631.68
2023-08-21,64547.06
2023-08-22,64806.77
2023-08-23,64740.27
2023-08-24,64548.4
2023-08-25,64481.73
2023-08-28,64672.87
2023-08-29,64857.68
2023-08-30,65246.04
2023-08-31,65060.46
2023-09-01,64954.34
2023-09-04,65131.9
2023-09-05,65143.52
2023-09-06,65047.39
2023-09-07,64612.63
2023-09-08,64410.75
2023-09-11,65078.8
2023-09-12,64892.08
2023-09-13,64705.66
2023-09-14,64588.72
2023-09-15,64497.05
2023-09-18,64226.7
2023-09-19,64471.05
2023-09-20,64790.78
2023-09-21,64726.75
2023-09-22,64844.75
2023-09-25,64356.2
2023-09-26,63651.48
2023-09-27,63770.23
2023-09-29,63753.51
2023-10-02,63947.67
2023-10-03,63787.1
2023-10-04,63421.35
2023-10-05,63619.7
2023-10-06,63593.59
2023-10-09,63301.99
2023-10-10,63625.65
2023-10-11,63374.4
2023-10-12,63436.73
2023-10-13,63087.14
2023-10-16,62985.3
2023-10-17,63202.69
2023-10-18,62938.4
2023-10-19,62071.39
2023-10-20,62056.55
2023-10-23,61259.09
2023-10-24,61960.43
2023-10-25,61953.73
2023-10-26,60591
2023-10-27,60932.22
2023-10-30,60654.45
2023-10-31,60856.11
2023-11-01,59940.01
2023-11-02,60989.01
2023-11-03,61312.47
2023-11-06,62232.37
2023-11-07,61860.25
2023-11-08,61499.03
2023-11-09,61611.33
2023-11-10,60990.63
2023-11-13,61063.81
2023-11-14,61186.73
2023-11-15,62113.55
2023-11-16,61876.91
2023-11-17,61766.96
2023-11-20,61668.48
2023-11-21,61777.41
2023-11-22,61605.33
2023-11-23,61944.5
2023-11-24,61796.83
2023-11-27,62152.41
2023-11-28,62296.85
2023-11-29,62129.49
2023-11-30,62796.88
2023-12-01,62838.9
2023-12-04,62841.25
2023-12-05,62860.66
2023-12-06,62695.76
2023-12-07,62487.39
2023-12-08,62473.04
2023-12-11,62105.29
2023-12-12,62355.15
2023-12-13,61716.12
2023-12-14,62933.38
2023-12-15,63024.74
2023-12-18,62523.73
2023-12-19,63063.9
2023-12-20,63047.75
2023-12-21,62759.81
2023-12-22,63085.81
2023-12-27,63032.25
2023-12-28,63644.84
2023-12-29,63762.08
2024-01-02,64068.13
2024-01-03,63671.7
2024-01-04,64455.51
2024-01-05,64367.27
2024-01-08,63952.85
2024-01-09,64024.3
2024-01-10,64262.04
2024-01-11,64342.17
2024-01-12,64651.37
2024-01-15,64697.97
2024-01-16,64504.75
2024-01-17,64076.67
2024-01-18,64106.42
2024-01-19,64119.07
2024-01-22,64058.22
2024-01-23,63862.75
2024-01-24,63791.35
2024-01-25,63430.87
2024-01-26,63078.89
2024-01-29,63590.58
2024-01-30,64310.1
2024-01-31,64636.87
2024-02-01,64628.2
2024-02-02,64814.21
2024-02-05,64520.72
2024-02-06,64696.58
2024-02-07,64745.14
2024-02-12,65503.56
2024-02-13,64913.7
2024-02-15,65741.69
2024-02-16,65422.24
2024-02-19,64712.3
2024-02-20,65436.77
2024-02-21,65562.24
2024-02-22,65493.7
2024-02-23,65303
2024-02-26,65290.74
2024-02-27,65416.59
2024-02-28,65772.67
2024-02-29,65512.02
2024-03-01,65456.75
2024-03-04,65106.18
2024-03-05,64848.38
2024-03-06,65380.17
2024-03-07,65332.3
2024-03-08,65467.93
2024-03-13,65301.86
2024-03-14,65943
2024-03-15,65527.77
2024-03-18,65208.14
2024-03-19,65585.06
2024-03-20,65883.36
2024-03-21,65831.09
2024-03-22,65791.62
2024-03-25,66183.08
2024-03-26,66130.14
2024-03-27,65749.55
2024-03-28,65634.13
2024-04-01,64843.23
2024-04-02,64963.49
2024-04-03,64334.32
2024-04-04,65213.23
2024-04-05,64817.03
2024-04-16,63498.43
2024-04-17,62966.18
2024-04-18,63130.31
2024-04-19,62434.91
2024-04-22,62410.48
2024-04-23,62856.41
2024-04-24,62957.02
2024-04-25,62734.95
2024-04-26,61701.48
2024-04-29,62558.12
2024-04-30,63213.95
2024-05-02,61821.93
2024-05-03,62063.69
2024-05-06,62494.09
2024-05-07,62098.39
2024-05-08,61835.76
2024-05-13,61753.3
2024-05-14,61857.62
2024-05-15,62128.9
2024-05-16,62445.47
2024-05-17,62806.75
2024-05-20,62386.17
2024-05-21,61465.13
2024-05-22,61770.4
2024-05-27,60928.27
2024-05-28,61638.89
2024-05-29,60880.64
2024-05-30,60525.31
2024-05-31,60230.44
2024-06-03,61043.45
2024-06-04,61128.12
2024-06-05,60569.9
2024-06-06,61155.86
2024-06-07,61067.53
2024-06-10,60881.1
2024-06-11,60129.79
2024-06-12,59764.85
2024-06-13,59438.87
2024-06-14,58507.82
2024-06-19,58333.44
2024-06-20,59057.13
2024-06-21,60153.8
2024-06-24,60066.71
2024-06-25,59845.94
2024-06-26,59813.46
2024-06-27,60469.05
2024-06-28,61432.91
2024-07-01,61598.84
2024-07-02,61472.95
2024-07-03,61655.15
2024-07-04,61923.07
2024-07-05,62303.51
2024-07-08,62687.5
2024-07-09,63079.73
2024-07-10,63210.22
2024-07-11,63633.13
2024-07-12,63993.68
2024-07-15,63445.24
2024-07-16,63285.63
2024-07-17,63532.69
2024-07-18,64218.67
2024-07-19,63783.97
2024-07-22,64263.24
2024-07-23,64107.18
2024-07-24,63477.54
2024-07-25,63591.24
2024-07-26,63695.02
2024-07-29,63588.45
2024-07-30,63170.69
2024-07-31,63473.52
2024-08-01,64018.9
2024-08-02,63549.59
2024-08-05,61582.55
2024-08-06,62300.96
2024-08-07,62940.49
2024-08-08,63017.45
2024-08-09,63305.1
2024-08-12,63585.83
2024-08-13,64116.22
2024-08-14,64729.32
2024-08-15,64402.77
2024-08-16,64538.96
2024-08-19,64412.55
2024-08-20,65111.56
2024-08-21,65312.79
2024-08-22,64363.71
2024-08-23,64817.33
2024-08-26,65341.58
2024-08-27,65150.41
2024-08-28,65570.3
2024-08-29,64907.36
2024-08-30,64877.81
2024-09-02,65143.47
2024-09-03,64580.71
2024-09-04,64684.65
2024-09-05,65119.65
2024-09-06,65208.63
2024-09-09,64980.11
2024-09-10,65475.95
2024-09-11,65430.06
2024-09-12,65931.05
2024-09-13,65697.87
2024-09-17,66255.31
2024-09-18,66237.33
2024-09-19,66778.99
2024-09-20,66556.11
2024-09-23,67258.67
2024-09-24,67159.63
2024-09-25,66904.11
2024-09-26,67280.41
2024-09-27,67348.16
2024-09-30,66180.28
2024-10-01,67061.98
2024-10-02,66133.35
2024-10-03,65990.4
2024-10-04,65536.44
2024-10-07,65297.85
2024-10-08,65687.09
2024-10-09,65112.54
2024-10-10,64989.41
2024-10-11,65307.41
2024-10-14,65375.48
2024-10-15,65830.19
2024-10-16,65864.41
2024-10-17,66092.83
2024-10-18,66185.64
2024-10-21,66136.87
2024-10-22,65909.71
2024-10-23,65932.19
2024-10-24,65507.87
2024-10-25,65120.35
2024-10-28,64648.8
2024-10-29,64456.01
2024-10-30,64231.6
2024-10-31,64541.75
2024-11-01,64046.45
2024-11-04,64024.19
2024-11-05,64535.58
2024-11-06,63289.4
2024-11-07,62840.27
2024-11-08,62343.89
2024-11-11,61800.66
2024-11-12,62103.96
2024-11-13,62248.37
2024-11-14,61598.19
2024-11-15,61486.85
2024-11-18,61089.63
2024-11-19,61822.99
2024-11-20,61684.15
2024-11-21,61522.86
2024-11-22,62142.42
2024-11-25,62800.64
2024-11-26,62228.54
2024-11-28,61427.76
2024-11-29,61365.36
2024-12-02,60735.27
2024-12-03,61971.26
2024-12-04,62648.06
2024-12-05,62136.45
2024-12-06,62451.09
2024-12-09,63539.49
2024-12-10,63793.18
2024-12-11,63636.75
2024-12-12,62569.87
2024-12-13,62376.88
2024-12-16,62076.27
2024-12-17,60990.3
2024-12-18,60393.8
2024-12-19,59310.21
2024-12-20,59100.35
2024-12-23,60232.22
2024-12-24,59990.06
2024-12-27,60203.99
2024-12-30,60555.19
2025-01-02,60802.56
2025-01-03,60986.05
2025-01-06,60136.56
2025-01-07,59775.74
2025-01-08,59872.19
2025-01-09,59768.59
2025-01-10,59849.55
2025-01-13,59057.57
2025-01-14,58630.85
2025-01-15,59952.68
2025-01-16,59894.78
2025-01-17,59966.14
2025-01-20,59835.9
2025-01-21,59951.77
2025-01-22,60523.14
2025-01-23,60557.48
2025-01-24,59917.88
2025-01-30,59347.01
2025-01-31,59673.79
2025-02-03,58583.77
2025-02-04,58915.46
2025-02-05,58323.54
2025-02-06,57541.1
2025-02-07,57916.57
2025-02-10,57006.98
2025-02-11,55937.27
2025-02-12,56827.31
2025-02-13,56757.27
2025-02-14,56836.49
2025-02-17,57920.96
2025-02-18,58064.09
2025-02-19,56902.63
2025-02-20,56694.36
2025-02-21,56524.26
2025-02-24,56137.43
2025-02-25,54764.5
2025-02-26,54327.07
2025-02-27,53329.59
2025-02-28,51967.08
2025-03-03,53831.5
2025-03-04,53069.59
2025-03-05,53891.19
2025-03-06,54300.12
2025-03-07,54581.47
2025-03-10,53963.79
2025-03-11,53021.78
2025-03-12,53920.92
2025-03-13,53438.12
2025-03-14,52805.62
2025-03-17,52923.61
2025-03-18,51874.2
2025-03-19,52001.9
2025-03-20,51568.32
2025-03-21,50448.7
2025-03-24,50178.56
2025-03-25,51112.08
2025-03-26,53111.08
2025-03-27,52932
2025-04-08,48089.66
2025-04-09,48089.5
2025-04-10,50999.8
2025-04-11,51314.82
2025-04-14,52933.3
2025-04-15,52984.58
2025-04-16,52786.05
2025-04-17,53290.28
2025-04-21,53152.44
2025-04-22,53515.76
2025-04-23,54437.63
2025-04-24,54613
2025-04-25,55253.37
2025-04-28,55435.92
2025-04-29,55903.36
2025-04-30,55803.86
2025-05-02,55926.1
2025-05-05,56422.72
2025-05-06,56854.38
2025-05-07,56990.21
2025-05-08,56297.55
2025-05-09,56246.58
2025-05-14,57492.49
2025-05-15,57727.46
2025-05-16,58229.97
2025-05-19,58368.89
2025-05-20,57907.89
2025-05-21,58641.22
2025-05-22,58628.27
2025-05-23,58679.25
2025-05-26,58455.23
2025-05-27,58612.8
2025-05-28,58259.24
2025-06-02,57264.63
2025-06-03,57088.67
2025-06-04,57108.26
2025-06-05,56901
2025-06-10,57248.18
2025-06-11,57348.11
2025-06-12,57213.79
2025-06-13,56910.56
2025-06-16,56617.44
2025-06-17,56781.68
2025-06-18,56623.1
2025-06-19,55542.75
2025-06-20,55044.1
2025-06-23,54098.97
2025-06-24,54884.31
2025-06-25,54258.85
2025-06-26,54834.75
2025-06-30,55272.43
2025-07-01,55326.78
2025-07-02,55409.62
2025-07-03,55531.26
2025-07-04,55212.55
2025-07-07,55235.75
2025-07-08,54955.17
2025-07-09,55174.89
2025-07-10,55586.86
2025-07-11,56001.97
2025-07-14,55263.17
2025-07-15,55401.32
2025-07-16,55226.64
2025-07-17,55730.97
2025-07-18,55637.68
2025-07-21,55971.74
2025-07-22,55609.46
2025-07-23,56120.43
2025-07-24,56253.86
2025-07-25,55998.57
2025-07-28,56282.37
2025-07-29,56330.69
2025-07-30,55720.99
2025-07-31,55311.86
2025-08-01,55748
2025-08-04,55454.54
2025-08-05,55677.79
2025-08-06,55354.31
2025-08-07,55536.48
2025-08-08,55300.32
2025-08-11,55809.95
2025-08-12,56666.22
2025-08-13,57012.82
2025-08-14,56993.58
2025-08-15,56446.21
2025-08-19,56262.86
2025-08-20,56788.14
2025-08-21,56751.88
2025-08-22,56248.85
2025-08-25,56548.09
2025-08-26,56015.73
2025-08-27,55710.45
2025-08-28,55632.9
2025-08-29,54490.82
2025-09-01,53858.75
2025-09-02,53877.18
2025-09-03,54307.77
2025-09-04,54459.22
2025-09-08,53511.39
2025-09-09,52933.43
2025-09-10,53473.34
2025-09-11,54193.05
2025-09-12,54516.12
2025-09-15,54673.73
2025-09-16,54861.85
2025-09-17,55371.43
2025-09-18,54409.42
2025-09-19,54669.53
2025-09-22,54404.8
2025-09-23,54654.05
2025-09-24,54014.8
2025-09-25,53667.63
2025-09-26,53763.77
2025-09-29,53674.69
2025-09-30,53144.98
2025-10-01,52849.85
2025-10-02,52966.09
2025-10-03,52938.35
2025-10-06,52672.72
2025-10-07,52726.93
2025-10-08,52822.49
2025-10-09,53624.48
2025-10-10,53272.3
2025-10-13,52979.3
2025-10-14,52316.9
2025-10-15,52769.43
2025-10-16,53534.98
2025-10-17,53203.17
2025-10-20,54435.38
2025-10-21,55366.02
2025-10-22,54525.46
2025-10-23,55708.69
2025-10-24,55545.88
2025-10-27,55732.68
2025-10-28,56105.1
2025-10-29,56784.17
2025-10-30,56751.35
2025-10-31,56341.34
2025-11-03,56629.66
2025-11-04,56466.79
2025-11-05,57356.41
2025-11-06,57065.39
2025-11-07,57407.86
2025-11-10,57446.28
2025-11-11,57315.42
2025-11-12,57348.03
2025-11-13,56977.48
2025-11-14,56601.15
2025-11-17,56925.27
2025-11-18,56275.07
2025-11-19,56757.95
2025-11-20,56671.42
2025-11-21,56061.15
2025-11-24,56496.8
2025-11-25,56482.36
2025-11-26,56888.52
2025-11-27,56194.36
2025-11-28,56107.6
2025-12-01,55887.91
2025-12-02,55808.48
2025-12-03,55823.32
2025-12-04,56073.23
2025-12-05,56079.99
2025-12-08,56670.86
2025-12-09,55808.86
2025-12-10,55955.56
2025-12-11,55111.02
2025-12-12,55506.99
2025-12-15,56377.96
2025-12-16,55726.88
2025-12-17,56199.64
2025-12-18,56136.35
2025-12-19,55826.07
2025-12-22,56382.04
2025-12-23,55904.03
2025-12-24,56013.98
2025-12-29,56440.62
2025-12-30,56053.54
2026-01-02,56306.33
2026-01-05,56778.03
2026-01-06,56702.51
2026-01-07,57149.28
2026-01-08,56660.81
2026-01-09,56815.59
2026-01-12,57188.02
2026-01-13,57884.87
2026-01-14,58170.75
2026-01-15,58281.82
2026-01-19,58413.68
2026-01-20,58478.34
2026-01-21,58107.09
2026-01-22,59030.26
2026-01-23,59427.28
2026-01-26,59946.85
2026-01-27,59069.6
2026-01-28,56338.26
2026-01-29,56009.64
2026-01-30,56832.58
2026-02-02,55917.42
2026-02-03,56906.18
2026-02-04,57269.64
2026-02-05,56948.64
2026-02-06,56427.59
2026-02-09,56767.69
2026-02-10,57315.05
2026-02-11,57946.85
2026-02-12,58266.38
2026-02-13,57660.41
2026-02-18,58227.53
2026-02-19,58214.17
2026-02-20,58297.27
2026-02-23,59324.72
2026-02-24,58512.97
2026-02-25,59299.13
2026-02-26,58403.17
2026-02-27,58765.05
2026-03-02,57529.11
2026-03-03,56845.79
2026-03-04,54630.33
2026-03-05,55684.85
2026-03-06,54714.54
2026-03-09,52978.37
2026-03-10,54034.41
2026-03-11,53504.06
2026-03-12,53414.29
2026-03-13,51995
2026-03-16,51601.82
2026-03-17,52411.38
2026-03-25,53348.37
2026-03-26,52544.79
2026-03-27,51984.82
2026-03-30,51840.97
2026-03-31,52040.67
2026-04-01,52926.92
2026-04-02,52364.66
2026-04-06,52140.5
2026-04-07,51527.16
2026-04-08,53493.03
2026-04-09,52700.05
2026-04-10,53051.83
2026-04-13,52827.32
2026-04-14,53699.49
2026-04-15,53653.55
2026-04-16,53712.78
2026-04-17,53872.21
2026-04-20,53409.36
2026-04-21,53997.36
2026-04-22,54020
2026-04-23,53546.41
2026-04-24,52704.3
2026-04-27,52905.68
2026-04-28,52519.55
2026-04-29,52662.65
2026-04-30,51441.31
2026-05-04,52038.92
2026-05-05,51774.4
2026-05-06,52165.5
2026-05-07,53081.7
2026-05-08,52043.82
2026-05-11,51979.87
2026-05-12,52102.88
2026-05-13,51309.14
2026-05-18,50364.73
2026-05-19,49144.85
2026-05-20,48862.51
2026-05-21,48108.91
2026-05-22,49111.64
2026-05-25,49725.73
2026-05-26,48836.42
2026-05-29,48571.96
2026-06-02,48761.56
2026-06-03,46879.37
2026-06-04,46704.44
2026-06-05,45512.17
2026-06-08,43522.48
2026-06-09,46057.49
2026-06-10,46914.48
2026-06-11,46664.23
2026-06-12,47692.05
2026-06-15,49244.54
2026-06-17,49310.87
2026-06-18,49028.75
2026-06-19,49060.42
2026-06-22,48642.22
2026-06-23,48565.35
2026-06-24,47484.51
2026-06-25,48303.27
2026-06-26,47727.6
2026-06-29,47237.41
2026-06-30,46025.05
2026-07-01,46294.57
2026-07-02,46640.19
2026-07-03,47907.01
2026-07-06,47814.49
2026-07-07,48483.42
2026-07-08,47640.03
2026-07-09,47870.4
2026-07-10,48000.62
2026-07-13,48562.9
2026-07-14,48535.67
2026-07-15,48785.87
2026-07-16,49301.96
2026-07-17,50015.09
2026-07-20,50364.44
2026-07-21,50677.57
2026-07-22,50583.21
2026-07-23,50345.01
2026-07-24,49464.8
2026-07-27,49407.27
2026-07-28,49167.42
2026-07-29,48936.44
2026-07-30,49645.35
2026-07-31,49802.28
2026-08-03,50005.33
2026-08-04,50793.51
2026-08-05,51145.03
2026-08-06,50790.78
2026-08-07,51599.8
2026-08-10,51117.91
2026-08-11,50518.64
2026-08-12,50846.02
2026-08-13,50479.73
2026-08-14,50919.04
2026-08-18,51130.72
2026-08-19,50772.2
2026-08-20,51588.32
2026-08-21,51812.08
2026-08-24,51873.6
2026-08-26,51658.5
2026-08-27,52208.27
2026-08-28,52188.71
2026-08-31,52316.39
2026-09-01,52478.26
2026-09-02,52100.57
2026-09-03,52861.67
2026-09-04,52418
2026-09-07,52288.76
2026-09-08,52914.9
2026-09-09,53102.87
2026-09-10,52449.7
2026-09-11,52106.48
2026-09-14,52309.65
2026-09-15,51893.03
2026-09-16,51683.92
2026-09-17,51736.92
2026-09-18,51264.09
2026-09-21,50802.1
2026-09-22,50340.53
2026-09-23,50829.55
2026-09-24,50161.6
2026-09-25,49982.86
2026-09-28,49326.53
2026-09-29,49122.96
2026-09-30,48697.31
2026-10-01,48126.75
