date,nav
2001-03-01,1000.1
2001-03-06,1003.63
2001-03-07,1003.59
2001-03-09,975.72
2001-03-12,927.68
2001-03-13,899.14
2001-03-14,909.15
2001-03-15,864.47
2001-03-16,890.42
2001-03-19,861.21
2001-03-20,851.22
2001-03-21,880.2
2001-03-23,879.45
2001-03-30,892.21
2001-04-02,876.25
2001-04-03,875.12
2001-04-04,855.3
2001-04-05,839.12
2001-04-06,852.46
2001-04-09,838.82
2001-04-10,857.11
2001-04-11,851.78
2001-04-12,858.2
2001-04-16,850.67
2001-04-18,831.88
2001-04-19,815.035
2001-04-23,798.19
2001-04-24,799.22
2001-04-25,812.07
2001-04-26,811.38
2001-04-27,816.24
2001-04-30,834.93
2001-05-01,842.54
2001-05-02,846.32
2001-05-03,871.06
2001-05-04,878.97
2001-05-08,876.32
2001-05-09,872.66
2001-05-10,863.16
2001-05-11,860.78
2001-05-14,857.26
2001-05-15,855.05
2001-05-16,867.01
2001-05-17,868.09
2001-05-18,864.01
2001-05-21,871.92
2001-05-22,868.54
2001-05-23,872.23
2001-05-25,896.2
2001-05-28,896.35
2001-05-29,920.01
2001-05-30,922.04
2001-05-31,921.53
2001-06-01,902.17
2001-06-05,903.11
2001-06-06,900.09
2001-06-07,901.85
2001-06-08,904.23
2001-06-11,918.2
2001-06-12,942.87
2001-06-14,936.26
2001-06-15,945.46
2001-06-18,948.46
2001-06-19,954.91
2001-06-20,967.33
2001-06-21,970.21
2001-06-22,971.21
2001-06-25,963.54
2001-06-26,961.87
2001-06-27,952.97
2001-06-28,937.43
2001-06-29,969.2
2001-07-03,936.98
2001-07-05,937.75
2001-07-06,943.42
2001-07-09,948.16
2001-07-11,961.45
2001-07-12,962.45
2001-07-13,980.63
2001-07-16,979.87
2001-07-17,986.47
2001-07-18,1005.3
2001-07-19,1045.74
2001-07-20,1043.37
2001-07-23,1073.09
2001-07-24,1048.3
2001-07-25,1025.36
2001-07-26,1023.45
2001-07-27,1031.04
2001-07-31,1030.8
2001-08-01,1024.79
2001-08-02,1004.77
2001-08-03,1002.49
2001-08-06,987.96
2001-08-07,990.35
2001-08-08,1020.08
2001-08-09,989.16
2001-08-10,1006.37
2001-08-13,1016.45
2001-08-14,1015.16
2001-08-15,990.27
2001-08-16,988.03
2001-08-20,1000.43
2001-08-21,999.55
2001-08-22,1006.69
2001-08-23,1003.01
2001-08-24,1008.59
2001-08-27,1000.72
2001-08-28,997.76
2001-08-29,983.05
2001-08-30,973.96
2001-08-31,980.52
2001-09-03,973.46
2001-09-04,1004.44
2001-09-05,1010.26
2001-09-06,1028.62
2001-09-07,1017.53
2001-09-10,1018.45
2001-09-11,1020.37
2001-09-12,979.8
2001-09-13,985.46
2001-09-14,957.38
2001-09-17,902.12
2001-09-18,920.12
2001-09-19,946.07
2001-09-20,952.24
2001-09-21,931.14
2001-09-24,917.37
2001-09-25,916.86
2001-09-26,894.78
2001-09-27,883.75
2001-09-28,873.6
2001-10-02,837.65
2001-10-03,821.44
2001-10-04,847.29
2001-10-05,849.83
2001-10-08,812.5
2001-10-09,825.26
2001-10-10,822.77
2001-10-11,825.65
2001-10-12,841.17
2001-10-16,838.12
2001-10-17,843.95
2001-10-18,852.4
2001-10-22,878.57
2001-10-23,876.99
2001-10-24,862.79
2001-10-25,872.79
2001-10-26,867.22
2001-10-29,857.73
2001-10-31,860.09
2001-11-01,859.37
2001-11-02,855.06
2001-11-05,840.23
2001-11-06,843.22
2001-11-07,850.07
2001-11-08,857.03
2001-11-09,846.07
2001-11-12,836.89
2001-11-13,839.42
2001-11-14,846.76
2001-11-15,859.41
2001-11-16,863.33
2001-11-20,877.89
2001-11-21,883.33
2001-11-22,879.29
2001-11-25,894.77
2001-11-26,887.72
2001-11-27,885.54
2001-12-03,892.15
2001-12-04,883.65
2001-12-05,881.46
2001-12-06,878.57
2001-12-07,871.3
2001-12-10,860.54
2001-12-11,852.19
2001-12-13,856.71
2001-12-19,852.62
2001-12-20,859.8
2001-12-21,862.95
2001-12-27,862.94
2001-12-28,887.19
2002-01-02,875.39
2002-01-03,875.39
2002-01-04,879.46
2002-01-07,879.15
2002-01-08,893.46
2002-01-09,893.46
2002-01-10,927.88
2002-01-11,951.81
2002-01-14,965.19
2002-01-15,983.18
2002-01-16,981.79
2002-01-17,978.99
2002-01-18,987.33
2002-01-21,993.21
2002-01-22,998.63
2002-01-23,1007.19
2002-01-24,1043.5
2002-01-25,1069.64
2002-01-28,1030.83
2002-01-29,1053.62
2002-01-30,1047.3199
2002-01-31,1068.49
2002-02-01,1071.84
2002-02-04,1071.84
2002-02-05,1068.45
2002-02-06,1049.28
2002-02-07,1017.72
2002-02-08,1036.1
2002-02-11,1038.02
2002-02-13,1034.85
2002-02-14,1041.71
2002-02-15,1067.48
2002-02-18,1067.48
2002-02-19,1098.8199
2002-02-20,1092.41
2002-02-21,1091.5699
2002-02-25,1069.9301
2002-02-26,1076.91
2002-02-27,1095.3199
2002-02-28,1088.4399
2002-03-01,1083.11
2002-03-04,1083.11
2002-03-05,1093.84
2002-03-06,1128.78
2002-03-07,1124.78
2002-03-08,1125.71
2002-03-11,1125.71
2002-03-12,1111.66
2002-03-13,1122.23
2002-03-14,1116.09
2002-03-18,1122.78
2002-03-19,1130.08
2002-03-20,1149.09
2002-03-21,1158.52
2002-03-22,1159.5699
2002-03-25,1149.3101
2002-03-26,1149.3101
2002-03-27,1166.33
2002-03-28,1172.13
2002-04-01,1195.39
2002-04-02,1191.33
2002-04-03,1187.77
2002-04-04,1222.1801
2002-04-05,1222.1801
2002-04-08,1299.13
2002-04-09,1331.99
2002-04-10,1386.2
2002-04-11,1368.64
2002-04-12,1395.3199
2002-04-15,1428.04
2002-04-16,1448.28
2002-04-17,1423.48
2002-04-18,1392.1
2002-04-19,1392.1
2002-04-22,1392.1
2002-04-23,1390.75
2002-04-24,1384.1
2002-04-25,1382.64
2002-04-26,1370.47
2002-04-29,1327.12
2002-04-30,1344.76
2002-05-01,1341.86
2002-05-02,1367.9
2002-05-03,1376.72
2002-05-06,1360.13
2002-05-07,1375.78
2002-05-08,1389.02
2002-05-10,1383.58
2002-05-13,1371.77
2002-05-14,1371.99
2002-05-15,1390.7
2002-05-16,1367.26
2002-05-17,1374.66
2002-05-20,1359.38
2002-05-21,1359.46
2002-05-22,1321.91
2002-05-23,1287.14
2002-05-24,1292.61
2002-05-27,1310.59
2002-05-28,1317.53
2002-05-29,1347.28
2002-05-30,1355.1801
2002-05-31,1370.34
2002-06-03,1371.08
2002-06-04,1363.03
2002-06-05,1369.97
2002-06-06,1347.29
2002-06-07,1343.34
2002-06-10,1331.53
2002-06-11,1348.58
2002-06-12,1348.58
2002-06-13,1432.41
2002-06-14,1438.26
2002-06-17,1427.96
2002-06-18,1412.51
2002-06-19,1392.42
2002-06-20,1390.02
2002-06-21,1368.16
2002-06-24,1350.9301
2002-06-25,1342.16
2002-06-26,1342.16
2002-06-27,1318.67
2002-06-28,1309.6899
2002-07-01,1266.67
2002-07-02,1253.23
2002-07-03,1240.12
2002-07-04,1273.26
2002-07-05,1273.6899
2002-07-08,1253.28
2002-07-09,1233.72
2002-07-10,1231.34
2002-07-11,1212.51
2002-07-12,1243.89
2002-07-15,1243.1801
2002-07-16,1237.97
2002-07-17,1242.5
2002-07-18,1263.1801
2002-07-19,1258.25
2002-07-22,1220.53
2002-07-23,1227.95
2002-07-24,1169.86
2002-07-25,1166.5601
2002-07-26,1125.39
2002-07-29,1169.03
2002-07-30,1191.5699
2002-07-31,1202
2002-08-01,1187.97
2002-08-02,1173.35
2002-08-05,1152.86
2002-08-06,1117.04
2002-08-07,1136.8101
2002-08-08,1135.13
2002-08-09,1142.04
2002-08-12,1138.3
2002-08-13,1137.14
2002-08-14,1126.74
2002-08-15,1128.67
2002-08-16,1135.12
2002-08-19,1141.5601
2002-08-20,1166.08
2002-08-21,1172.24
2002-08-22,1160.0699
2002-08-23,1176.51
2002-08-26,1176.35
2002-08-27,1154.42
2002-08-28,1125.62
2002-08-29,1115.9301
2002-08-30,1130.59
2002-09-02,1118.71
2002-09-03,1087.61
2002-09-04,1060.1801
2002-09-05,1078.63
2002-09-06,1088.74
2002-09-09,1092.72
2002-09-10,1087.74
2002-09-11,1096.2
2002-09-12,1091.84
2002-09-13,1072.02
2002-09-16,1065.71
2002-09-17,1088.49
2002-09-18,1064.59
2002-09-19,1020.98
2002-09-20,1017.18
2002-09-23,1026.11
2002-09-24,1022.09
2002-09-25,1025.02
2002-09-26,1039.0699
2002-09-27,1045.08
2002-09-30,1055.9
2002-10-01,1030.78
2002-10-02,1029.87
2002-10-03,1032.17
2002-10-07,1002.39
2002-10-08,1004.31
2002-10-09,976.97
2002-10-10,952.17
2002-10-11,934.18
2002-10-14,823.23
2002-10-15,830.63
2002-10-16,872.76
2002-10-17,862.07
2002-10-18,879.56
2002-10-21,888.33
2002-10-22,863.16
2002-10-23,871.14
2002-10-24,863.59
2002-10-25,868.74
2002-10-28,896.7
2002-10-29,894.41
2002-10-30,901.75
2002-10-31,917.4
2002-11-01,926.18
2002-11-04,965.43
2002-11-05,936.22
2002-11-06,922.14
2002-11-07,918.27
2002-11-08,907.92
2002-11-11,896.47
2002-11-12,896.47
2002-11-13,907.86
2002-11-14,920.86
2002-11-15,926.26
2002-11-18,895.92
2002-11-19,912.28
2002-11-20,921.26
2002-11-21,924.92
2002-11-22,955.8
2002-11-25,955.24
2002-11-26,953.47
2002-11-27,955.74
2002-11-28,972.38
2002-11-29,970.11
2002-12-02,964.9
2002-12-03,995.46
2002-12-04,992.89
2002-12-11,982.02
2002-12-12,984.8
2002-12-13,970.81
2002-12-16,975.29
2002-12-17,1004.55
2002-12-18,1019.73
2002-12-19,1073.12
2002-12-20,1090.52
2002-12-23,1093.1899
2002-12-27,1075.8
2003-01-02,1030.97
2003-01-03,1034.5601
2003-01-06,1010.78
2003-01-07,1006.23
2003-01-08,980.6
2003-01-09,1008.92
2003-01-10,998.64
2003-01-13,987.84
2003-01-14,1028.1899
2003-01-15,1024.71
2003-01-16,1002.05
2003-01-17,1009.33
2003-01-20,1014.18
2003-01-21,1016.45
2003-01-22,1019.52
2003-01-23,1024.79
2003-01-24,1018.51
2003-01-27,1007.81
2003-01-28,1006.93
2003-01-29,1009.47
2003-01-30,1002.26
2003-01-31,989.01
2003-02-03,993.93
2003-02-04,993.93
2003-02-05,1009.98
2003-02-06,1003.51
2003-02-07,1003.51
2003-02-10,1003.51
2003-02-11,1010.65
2003-02-13,1003.63
2003-02-14,1013.81
2003-02-17,1013.81
2003-02-18,1031.04
2003-02-19,1027.77
2003-02-20,1020.52
2003-02-21,1003.56
2003-02-24,1003.56
2003-02-25,1015.59
2003-02-26,1001.33
2003-02-27,994.96
2003-02-28,994.88
2003-03-04,985.88
2003-03-05,977.9
2003-03-06,983.28
2003-03-07,983.28
2003-03-10,947.54
2003-03-11,937.71
2003-03-12,966.55
2003-03-13,952.72
2003-03-14,963.52
2003-03-17,945.01
2003-03-18,950.21
2003-03-19,953.73
2003-03-20,979.57
2003-03-21,980.02
2003-03-24,979.36
2003-03-25,979.78
2003-03-26,996.65
2003-03-27,992.35
2003-03-28,995.97
2003-03-31,978.92
2003-04-01,978.86
2003-04-02,978.86
2003-04-03,1003.74
2003-04-04,1056.66
2003-04-07,1056.66
2003-04-08,1053.8
2003-04-09,1074.21
2003-04-10,1073.14
2003-04-11,1103.59
2003-04-14,1098.78
2003-04-15,1104.8
2003-04-16,1116.63
2003-04-17,1113.97
2003-04-21,1125.1801
2003-04-22,1114.08
2003-04-23,1130.3101
2003-04-24,1124.67
2003-04-25,1094.41
2003-04-28,1081.11
2003-04-29,1117.5601
2003-04-30,1130.46
2003-05-01,1131.08
2003-05-02,1120.37
2003-05-05,1159.36
2003-05-06,1176.83
2003-05-07,1208.6899
2003-05-08,1198.5601
2003-05-09,1198.54
2003-05-12,1210.1899
2003-05-13,1212.6899
2003-05-14,1192
2003-05-19,1164
2003-05-20,1188.28
2003-05-21,1187.11
2003-05-22,1179.91
2003-05-23,1200.26
2003-05-26,1221.51
2003-05-27,1225.29
2003-05-28,1256.42
2003-05-29,1265.42
2003-06-02,1296.79
2003-06-03,1288.41
2003-06-04,1300.97
2003-06-05,1311.83
2003-06-06,1302.39
2003-06-09,1302.39
2003-06-10,1320.21
2003-06-11,1317.4
2003-06-12,1286.84
2003-06-13,1298.58
2003-06-16,1306.59
2003-06-17,1294.66
2003-06-18,1280.97
2003-06-19,1313
2003-06-20,1328.55
2003-06-23,1316.79
2003-06-24,1300.15
2003-06-25,1296.8101
2003-06-26,1284.8199
2003-06-27,1310.25
2003-06-30,1311.4301
2003-07-01,1315.73
2003-07-02,1325.13
2003-07-03,1329.55
2003-07-04,1323.62
2003-07-07,1343.99
2003-07-08,1360.73
2003-07-09,1361.16
2003-07-10,1363.08
2003-07-11,1385.86
2003-07-14,1415.54
2003-07-15,1410.62
2003-07-16,1369.59
2003-07-17,1358.62
2003-07-18,1361.21
2003-07-21,1355.29
2003-07-22,1350.8101
2003-07-23,1344.26
2003-07-24,1321.88
2003-07-25,1336.5
2003-07-28,1342.41
2003-07-29,1340.16
2003-07-30,1330.46
2003-07-31,1316.27
2003-08-01,1307
2003-08-04,1286.22
2003-08-05,1250.92
2003-08-06,1261.22
2003-08-07,1302.71
2003-08-08,1291.09
2003-08-11,1291.5
2003-08-12,1301.33
2003-08-13,1312.28
2003-08-14,1303.05
2003-08-15,1322.1899
2003-08-19,1321.04
2003-08-20,1324.22
2003-08-21,1347.17
2003-08-22,1350.8199
2003-08-25,1350.8199
2003-08-26,1337.26
2003-08-27,1336.12
2003-08-28,1331.87
2003-08-29,1329.28
2003-09-01,1340.84
2003-09-02,1353.83
2003-09-03,1411.36
2003-09-04,1477.58
2003-09-05,1493.64
2003-09-08,1501.4301
2003-09-09,1491.23
2003-09-10,1454.0699
2003-09-11,1428.86
2003-09-12,1471.1
2003-09-15,1467.1
2003-09-16,1491.12
2003-09-17,1507.98
2003-09-18,1496.48
2003-09-19,1497.4399
2003-09-23,1496.87
2003-09-24,1539.35
2003-09-25,1540.34
2003-09-26,1534.48
2003-09-29,1526.16
2003-09-30,1524.0601
2003-10-01,1538.15
2003-10-02,1575.11
2003-10-03,1586.01
2003-10-06,1580.04
2003-10-07,1580.6801
2003-10-08,1600.73
2003-10-09,1621.96
2003-10-10,1631.2
2003-10-13,1644.42
2003-10-14,1647.52
2003-10-15,1644.2
2003-10-16,1643.95
2003-10-17,1641.85
2003-10-20,1636.8101
2003-10-21,1628.8199
2003-10-22,1630.49
2003-10-23,1590.99
2003-10-24,1592.1899
2003-10-27,1576.92
2003-10-28,1582.02
2003-10-29,1590.79
2003-10-30,1602.54
2003-10-31,1602.62
2003-11-03,1589.1801
2003-11-04,1616.17
2003-11-05,1628.09
2003-11-06,1610.8199
2003-11-07,1603.86
2003-11-10,1580.87
2003-11-11,1566.05
2003-11-12,1566.05
2003-11-13,1557.1
2003-11-14,1537.11
2003-11-17,1523.26
2003-11-18,1513.88
2003-11-19,1495.47
2003-11-20,1495.47
2003-11-21,1533.0601
2003-12-01,1588.24
2003-12-02,1593.5699
2003-12-03,1620.1801
2003-12-04,1616
2003-12-05,1606.64
2003-12-08,1629.24
2003-12-09,1623.78
2003-12-10,1624.73
2003-12-11,1637.8101
2003-12-12,1664.55
2003-12-15,1669.8199
2003-12-16,1665.86
2003-12-17,1655.98
2003-12-18,1677.65
2003-12-19,1687.34
2003-12-22,1683.37
2003-12-23,1683.76
2003-12-29,1714.58
2003-12-30,1708.5699
2004-01-02,1779.36
2004-01-05,1779.36
2004-01-06,1773.76
2004-01-07,1755.88
2004-01-08,1807.62
2004-01-09,1872.19
2004-01-12,1847.06
2004-01-13,1853.23
2004-01-14,1880.15
2004-01-15,1891.23
2004-01-16,1907.35
2004-01-19,1907.27
2004-01-20,1924.46
2004-01-21,1938.04
2004-01-23,1936.94
2004-01-26,1943.68
2004-01-27,1927.75
2004-01-28,1903.72
2004-01-29,1875.53
2004-01-30,1866.48
2004-02-03,1780.74
2004-02-04,1784.83
2004-02-05,1818.35
2004-02-06,1876.28
2004-02-09,1902.59
2004-02-10,1895.98
2004-02-11,1896.11
2004-02-12,1889.3
2004-02-13,1902.87
2004-02-16,1903.11
2004-02-17,1909.41
2004-02-18,1937.95
2004-02-19,1951.54
2004-02-20,1970.07
2004-02-24,1925.03
2004-02-25,1918.09
2004-02-26,1918.09
2004-02-27,1918.09
2004-03-01,1895.97
2004-03-02,1932.67
2004-03-03,1957.69
2004-03-04,1957.69
2004-03-05,1977.54
2004-03-08,1969.35
2004-03-09,1972.28
2004-03-10,1919.72
2004-03-11,1869.93
2004-03-12,1862.64
2004-03-15,1828.87
2004-03-16,1801.71
2004-03-17,1839.44
2004-03-18,1847.66
2004-03-19,1870.25
2004-03-23,1851.27
2004-03-24,1841.67
2004-03-25,1816.21
2004-03-26,1768.62
2004-03-29,1771.13
2004-03-30,1805.51
2004-03-31,1806.38
2004-04-01,1814.69
2004-04-02,1863.46
2004-04-06,1926.37
2004-04-07,1940.9
2004-04-08,1966.28
2004-04-12,1940.23
2004-04-13,1958.34
2004-04-14,1963.35
2004-04-15,1963.59
2004-04-16,1954.61
2004-04-19,1989.27
2004-04-20,2060.58
2004-04-21,2091
2004-04-22,2078.18
2004-04-23,2113.05
2004-04-26,2087.28
2004-04-27,2106.5
2004-04-28,2111.11
2004-04-29,2058.89
2004-04-30,2014.01
2004-05-04,2002.9
2004-05-05,1948.37
2004-05-06,1893.84
2004-05-07,1887.94
2004-05-10,1780.38
2004-05-11,1816.85
2004-05-12,1886.37
2004-05-13,1863.87
2004-05-14,1809.15
2004-05-17,1656.65
2004-05-18,1671.34
2004-05-19,1753.74
2004-05-21,1806.78
2004-05-24,1821.88
2004-05-25,1786.97
2004-05-26,1794.59
2004-05-27,1825.65
2004-05-28,1833.18
2004-05-31,1828.96
2004-06-01,1828.96
2004-06-02,1788.47
2004-06-04,1788.47
2004-06-07,1739.58
2004-06-08,1753.64
2004-06-09,1777.24
2004-06-10,1766.59
2004-06-11,1751.9
2004-06-14,1736.07
2004-06-15,1765.43
2004-06-16,1761.35
2004-06-17,1745.33
2004-06-18,1725.52
2004-06-21,1715.54
2004-06-22,1719.55
2004-06-23,1739.81
2004-06-24,1753.15
2004-06-25,1780
2004-06-28,1786.95
2004-06-29,1792.45
2004-06-30,1815.8
2004-07-01,1834.5
2004-07-02,1870.83
2004-07-05,1870.83
2004-07-06,1929.24
2004-07-07,1952.58
2004-07-08,1919.62
2004-07-09,1916.13
2004-07-12,1892.7
2004-07-13,1890.68
2004-07-14,1865.98
2004-07-15,1869.16
2004-07-16,1895.49
2004-07-19,1897.06
2004-07-20,1904.37
2004-07-21,1920.44
2004-07-22,1933.35
2004-07-23,1937.47
2004-07-26,1932.54
2004-07-27,1924.5
2004-07-28,1919.32
2004-07-29,1915.08
2004-07-30,1907.51
2004-08-02,1888.31
2004-08-03,1904.66
2004-08-04,1902.66
2004-08-05,1911.6
2004-08-06,1890.44
2004-08-09,1870.07
2004-08-10,1867.08
2004-08-11,1909.67
2004-08-12,1896.08
2004-08-13,1896.1
2004-08-16,1888.44
2004-08-17,1889.49
2004-08-18,1889.49
2004-08-19,1884.15
2004-08-20,1870.64
2004-08-23,1866.2
2004-08-24,1851.3
2004-08-25,1833.9
2004-08-26,1842.67
2004-08-27,1875.52
2004-08-30,1896.12
2004-08-31,1906.57
2004-09-01,1906.57
2004-09-02,1982.52
2004-09-03,1997.14
2004-09-06,1988.07
2004-09-07,1984.36
2004-09-08,1986.65
2004-09-09,1958.98
2004-09-10,2013.26
2004-09-14,2057.02
2004-09-15,2078.2
2004-09-16,2077.36
2004-09-17,2073.52
2004-09-20,2073.52
2004-09-21,2103.8
2004-09-22,2079.41
2004-09-23,2058.42
2004-09-24,2072.66
2004-09-27,2065.37
2004-09-28,2050.58
2004-09-29,2055.65
2004-09-30,2077.75
2004-10-01,2077.75
2004-10-04,1975.28
2004-10-05,2223.45
2004-10-06,2204.75
2004-10-07,2170.25
2004-10-08,2181.55
2004-10-11,2193.33
2004-10-12,2161.09
2004-10-13,2184.34
2004-10-14,2170.55
2004-10-15,2167.96
2004-10-18,2163.59
2004-10-19,2157.71
2004-10-20,2124.82
2004-10-21,2107.49
2004-10-22,2157.66
2004-10-25,2154.86
2004-10-26,2132.23
2004-10-27,2155.17
2004-10-28,2193.37
2004-10-29,2190.68
2004-11-01,2196.9399
2004-11-02,2243.6101
2004-11-03,2250.9199
2004-11-04,2236.38
2004-11-05,2265.84
2004-11-08,2257.01
2004-11-09,2308.45
2004-11-10,2350.78
2004-11-11,2374.63
2004-11-12,2400.61
2004-11-19,2400.61
2004-11-22,2399.19
2004-11-23,2445.32
2004-11-24,2480.77
2004-11-25,2463.6
2004-11-26,2474.06
2004-11-29,2482.35
2004-11-30,2535.34
2004-12-01,2551.94
2004-12-02,2568.72
2004-12-03,2537.31
2004-12-06,2538.96
2004-12-07,2538.96
2004-12-08,2526.05
2004-12-09,2482.71
2004-12-10,2434.15
2004-12-13,2409.23
2004-12-14,2362.75
2004-12-15,2408.11
2004-12-16,2458.19
2004-12-17,2519.43
2004-12-20,2502.18
2004-12-21,2520.59
2004-12-22,2553.19
2004-12-23,2548.45
2004-12-27,2570.75
2004-12-28,2592.92
2004-12-29,2595.22
2004-12-30,2590.99
2005-01-03,2595.49
2005-01-04,2653.72
2005-01-05,2634.71
2005-01-06,2676.8899
2005-01-07,2658.8899
2005-01-10,2620.53
2005-01-11,2601.5601
2005-01-12,2593.53
2005-01-13,2621.6599
2005-01-14,2625.3201
2005-01-17,2640.1399
2005-01-18,2610.6101
2005-01-19,2639.8701
2005-01-20,2666.6699
2005-01-24,2657.6001
2005-01-25,2636.9099
2005-01-26,2677.05
2005-01-27,2712.55
2005-01-28,2731.1001
2005-01-31,2726.02
2005-02-01,2746.52
2005-02-02,2758.4199
2005-02-03,2731.8501
2005-02-04,2742.6101
2005-02-07,2728.0601
2005-02-08,2719.9299
2005-02-11,2737.8401
2005-02-14,2752.9199
2005-02-15,2818.3401
2005-02-16,2833.5
2005-02-17,2867.0901
2005-02-18,2895.8701
2005-02-21,2899.8701
2005-02-22,2901.28
2005-02-23,2918.73
2005-02-24,2945.96
2005-02-25,2884.2
2005-02-28,2851.5901
2005-03-01,2904.6599
2005-03-02,2873.1101
2005-03-03,2894.8899
2005-03-04,2930.6001
2005-03-07,2940.8201
2005-03-08,2964.4099
2005-03-09,2986.04
2005-03-10,2968.3
2005-03-14,3035.04
2005-03-15,3034.8999
2005-03-16,3091.54
2005-03-17,3070.01
2005-03-18,3079.6799
2005-03-21,3087.21
2005-03-22,3078.3999
2005-03-23,3025.54
2005-03-24,2940.3401
2005-03-28,2914.1499
2005-03-29,2835.73
2005-03-30,2802.4399
2005-03-31,2861.99
2005-04-01,2909.95
2005-04-04,2924.99
2005-04-05,2904.9299
2005-04-06,2904.9299
2005-04-07,2959.1201
2005-04-08,2964.3101
2005-04-11,2954.1001
2005-04-12,2967.8501
2005-04-13,2985.9199
2005-04-14,2962.6101
2005-04-15,2918.8501
2005-04-18,2828.5801
2005-04-19,2835.6899
2005-04-20,2868.5801
2005-04-21,2813.7
2005-04-25,2758.02
2005-04-26,2780.8999
2005-04-27,2782.3601
2005-04-28,2799.8999
2005-04-29,2771.97
2005-05-02,2770.03
2005-05-03,2783.29
2005-05-04,2833.3501
2005-05-06,2862.2
2005-05-09,2882.5
2005-05-10,2869.77
2005-05-11,2829.4199
2005-05-12,2848.8601
2005-05-13,2849.95
2005-05-16,2833.8601
2005-05-17,2825.8301
2005-05-18,2810.45
2005-05-19,2843.52
2005-05-20,2838.3401
2005-05-23,2828.74
2005-05-25,2831.48
2005-05-26,2852.52
2005-05-27,2869.8601
2005-05-30,2867.1599
2005-05-31,2919.71
2005-06-01,2914.3201
2005-06-02,2936.0901
2005-06-03,2951.0801
2005-06-06,2954.96
2005-06-07,2947.5
2005-06-08,2969.4199
2005-06-09,2970.1201
2005-06-10,2963.21
2005-06-13,2982.1101
2005-06-14,2996.6201
2005-06-15,3062.5801
2005-06-16,3078
2005-06-17,3137.26
2005-06-20,3153.1399
2005-06-21,3135.3101
2005-06-22,3148.22
2005-06-23,3154.3899
2005-06-24,3148.99
2005-06-27,3090.1799
2005-06-28,3123.27
2005-06-29,3120.28
2005-06-30,3101.53
2005-07-01,3146.8301
2005-07-04,3142.3999
2005-07-05,3126.1299
2005-07-06,3112.3601
2005-07-07,3084.1001
2005-07-08,3094.0901
2005-07-11,3132.21
2005-07-12,3149.74
2005-07-13,3135.6699
2005-07-14,3140.9399
2005-07-15,3126.6599
2005-07-18,3150.3799
2005-07-19,3157.4199
2005-07-20,3202.8401
2005-07-21,3262.24
2005-07-22,3278.5801
2005-07-25,3248.6299
2005-07-26,3303.8101
2005-07-27,3315.8899
2005-07-28,3319.21
2005-07-29,3320.6799
2005-08-01,3304.8899
2005-08-02,3323.48
2005-08-03,3334.53
2005-08-04,3340.8899
2005-08-05,3320.96
2005-08-08,3288.97
2005-08-09,3290.1699
2005-08-10,3313.6799
2005-08-11,3300.0901
2005-08-12,3266.4399
2005-08-15,3161.8601
2005-08-16,3140.5801
2005-08-18,3116.22
2005-08-19,3067.4199
2005-08-22,3032.46
2005-08-23,3016.5901
2005-08-24,2977.3401
2005-08-25,3042.29
2005-08-26,2991.54
2005-08-29,2876.1499
2005-08-30,3006.74
2005-08-31,3049.1799
2005-09-01,3029.48
2005-09-05,2995.3401
2005-09-06,3021.26
2005-09-07,3053.5
2005-09-08,3098.9199
2005-09-09,3129.79
2005-09-12,3146.6399
2005-09-13,3087.0801
2005-09-14,3015.6101
2005-09-15,3014.26
2005-09-16,3026.26
2005-09-19,3054.3501
2005-09-20,3054.3501
2005-09-21,3000.04
2005-09-22,2926.22
2005-09-23,2919.4399
2005-09-26,2982.04
2005-09-27,3004.1399
2005-09-28,2972.8
2005-09-29,3015.21
2005-09-30,3108.8899
2005-10-03,3176.0901
2005-10-04,3288.01
2005-10-05,3260.5701
2005-10-06,3209.01
2005-10-07,3228.47
2005-10-10,3237.6799
2005-10-11,3235.1201
2005-10-12,3235.27
2005-10-13,3203.99
2005-10-14,3212.8899
2005-10-17,3199.8301
2005-10-18,3204.1599
2005-10-19,3155.1201
2005-10-20,3151.77
2005-10-21,3151.29
2005-10-24,3137.1001
2005-10-25,3120.9099
2005-10-26,3123.7
2005-10-27,3135.02
2005-10-28,3124.6899
2005-10-31,3135.5601
2005-11-01,3135.3101
2005-11-09,3094.25
2005-11-10,3070.76
2005-11-11,3016.97
2005-11-14,2980.98
2005-11-15,2989.23
2005-11-16,3010.72
2005-11-17,3018.76
2005-11-18,3081.96
2005-11-21,3110.46
2005-11-22,3127.6001
2005-11-23,3109.8
2005-11-24,3172.0801
2005-11-25,3168.9299
2005-11-28,3174.3301
2005-11-29,3196.6799
2005-11-30,3249.53
2005-12-01,3226.8799
2005-12-02,3303.78
2005-12-05,3304.5801
2005-12-06,3313.79
2005-12-07,3374.51
2005-12-08,3386.5601
2005-12-09,3505.3301
2005-12-12,3526.03
2005-12-13,3530.54
2005-12-14,3522.3799
2005-12-15,3467.21
2005-12-16,3417.9299
2005-12-19,3476.6899
2005-12-20,3491.3501
2005-12-21,3476.3201
2005-12-22,3471.21
2005-12-23,3460.1201
2005-12-27,3469.8999
2005-12-28,3459.8
2005-12-29,3454.97
2006-01-02,3480.22
2006-01-03,3508.24
2006-01-04,3603.74
2006-01-05,3619.23
2006-01-06,3664.38
2006-01-09,3709.52
2006-01-11,3731.47
2006-01-12,3740.36
2006-01-13,3728.07
2006-01-16,3668.45
2006-01-17,3589.71
2006-01-18,3543.74
2006-01-19,3658.07
2006-01-20,3647.82
2006-01-23,3573.3
2006-01-24,3603.91
2006-01-25,3654.54
2006-01-26,3641.32
2006-01-27,3652.69
2006-01-30,3651.14
2006-02-01,3680.1
2006-02-02,3689.14
2006-02-03,3680.85
2006-02-06,3688.84
2006-02-07,3750.63
2006-02-08,3690.16
2006-02-09,3727.91
2006-02-10,3750.22
2006-02-13,3749.48
2006-02-14,3663.03
2006-02-15,3689.64
2006-02-16,3700.51
2006-02-17,3710.23
2006-02-20,3733.75
2006-02-21,3700.68
2006-02-22,3691.34
2006-02-23,3670.25
2006-02-24,3650.46
2006-02-26,3719.04
2006-02-27,3714.15
2006-02-28,3719.99
2006-03-01,3719.99
2006-03-02,3743.74
2006-03-03,3784.24
2006-03-06,3778.43
2006-03-07,3736.33
2006-03-08,3694.06
2006-03-09,3711.13
2006-03-10,3757.35
2006-03-13,3747.73
2006-03-14,3750.48
2006-03-15,3739.67
2006-03-16,3815.88
2006-03-17,3920.06
2006-03-20,3986
2006-03-21,3969.37
2006-03-22,3873.6
2006-03-23,3881.29
2006-03-24,3893.3
2006-03-27,3899.21
2006-03-28,3965.12
2006-03-29,3954.88
2006-04-03,3983.92
2006-04-04,3976.81
2006-04-05,4028.63
2006-04-06,4070.38
2006-04-07,4124.81
2006-04-11,4124.81
2006-04-12,4165.32
2006-04-13,4163.24
2006-04-17,4172.69
2006-04-18,4283.45
2006-04-19,4463.95
2006-04-20,4473.48
2006-04-21,4447.73
2006-04-24,4401.72
2006-04-25,4452.56
2006-04-26,4518.46
2006-04-27,4487.89
2006-04-28,4415.46
2006-05-01,4463.56
2006-05-02,4433.69
2006-05-03,4433.69
2006-05-04,4452.47
2006-05-05,4445.11
2006-05-08,4484
2006-05-09,4570.15
2006-05-10,4616.88
2006-05-11,4641.53
2006-05-12,4553.31
2006-05-15,4250.13
2006-05-16,4261.42
2006-05-17,4353.04
2006-05-18,4205.3
2006-05-19,4177.49
2006-05-22,3949.72
2006-05-23,3983.96
2006-05-24,4024.75
2006-05-29,4041.98
2006-05-30,4175
2006-05-31,4047.95
2006-06-01,4025
2006-06-02,4078.76
2006-06-05,4090.53
2006-06-06,3985.83
2006-06-07,3911.83
2006-06-08,3774.7
2006-06-09,3853.01
2006-06-12,3865.9
2006-06-13,3770
2006-06-14,3755.94
2006-06-15,3767.68
2006-06-16,3983.25
2006-06-19,3940.26
2006-06-20,3933.36
2006-06-21,3944.58
2006-06-22,3985.38
2006-06-23,3957.01
2006-06-26,3943.48
2006-06-27,3967.44
2006-06-28,3934.9
2006-06-29,3946.1
2006-06-30,4034.18
2006-07-03,4108.01
2006-07-04,4139.37
2006-07-05,4130.32
2006-07-06,4147.26
2006-07-07,4167.63
2006-07-10,4154.04
2006-07-11,4162.26
2006-07-12,4168.96
2006-07-13,4113.32
2006-07-14,4030.79
2006-07-17,3950.31
2006-07-18,3961.93
2006-07-19,3964.12
2006-07-20,4066.33
2006-07-21,4077.88
2006-07-24,4058.5
2006-07-25,4095
2006-07-26,4129.43
2006-07-27,4178.39
2006-07-28,4175.24
2006-07-31,4227.25
2006-08-01,4298.91
2006-08-02,4356.33
2006-08-03,4324.28
2006-08-04,4353.89
2006-08-07,4380.91
2006-08-08,4389.87
2006-08-09,4467.12
2006-08-10,4356.55
2006-08-11,4407.99
2006-08-14,4443.38
2006-08-15,4479.12
2006-08-16,4526.13
2006-08-22,4502.1
2006-08-23,4488.72
2006-08-24,4463.44
2006-08-25,4402.9
2006-08-28,4407.3
2006-08-29,4477.16
2006-08-30,4455.47
2006-08-31,4489.39
2006-09-01,4529.05
2006-09-04,4607.82
2006-09-05,4603.8
2006-09-06,4597.59
2006-09-07,4572.79
2006-09-08,4564.2
2006-09-11,4504.64
2006-09-12,4442.98
2006-09-13,4492.55
2006-09-14,4531.51
2006-09-15,4541
2006-09-18,4568.68
2006-09-19,4612.41
2006-09-20,4607.41
2006-09-21,4686.46
2006-09-22,4712.76
2006-09-25,4702.41
2006-09-26,4661.35
2006-09-27,4717.02
2006-09-28,4714.59
2006-09-29,4723.5
2006-10-02,4709.51
2006-10-03,4756.22
2006-10-04,4736.48
2006-10-05,4762.04
2006-10-06,4780.74
2006-10-09,4762.7
2006-10-10,4814.19
2006-10-11,4818.68
2006-10-12,4822.28
2006-10-13,4904.65
2006-10-16,4856.31
2006-10-17,4869.66
2006-10-18,4853.58
2006-10-19,4862.71
2006-10-20,4887.57
2006-10-30,4936.35
2006-10-31,4942.44
2006-11-01,4958.8
2006-11-02,5040.82
2006-11-03,5074.88
2006-11-06,5147.58
2006-11-07,5170.86
2006-11-08,5141.14
2006-11-09,5166.23
2006-11-10,5184.04
2006-11-13,5099.77
2006-11-14,5193.64
2006-11-15,5198.94
2006-11-16,5193.99
2006-11-17,5206.02
2006-11-20,5231.22
2006-11-21,5245.18
2006-11-22,5307.43
2006-11-23,5298.04
2006-11-24,5323
2006-11-27,5384.4
2006-11-28,5250.53
2006-11-29,5325.43
2006-11-30,5347.12
2006-12-01,5410.93
2006-12-04,5366.74
2006-12-05,5504.28
2006-12-06,5535.32
2006-12-07,5524.59
2006-12-08,5503.14
2006-12-11,5471.42
2006-12-12,5461.84
2006-12-13,5445.65
2006-12-14,5467.85
2006-12-15,5525.25
2006-12-18,5527.11
2006-12-19,5371.36
2006-12-20,5469.82
2006-12-21,5544.53
2006-12-22,5532.3
2006-12-26,5516.31
2006-12-27,5566.85
2006-12-28,5546.25
2007-01-02,5659.5801
2007-01-03,5677.52
2007-01-04,5653.3799
2007-01-05,5656.0801
2007-01-08,5591.48
2007-01-09,5475.27
2007-01-10,5236.5298
2007-01-11,5221.3198
2007-01-12,5144.6899
2007-01-15,5309.0098
2007-01-16,5387.5
2007-01-17,5411.9702
2007-01-18,5445.2998
2007-01-19,5472.1201
2007-01-22,5559.2998
2007-01-23,5527.3799
2007-01-24,5522.5298
2007-01-25,5421.0098
2007-01-26,5379.9199
2007-01-29,5387.4199
2007-01-30,5404.8799
2007-01-31,5382.6001
2007-02-01,5408.79
2007-02-02,5426.5498
2007-02-05,5402.8101
2007-02-06,5386.9102
2007-02-07,5386.1201
2007-02-08,5345.8599
2007-02-09,5323.6602
2007-02-12,5343.3599
2007-02-13,5356.4399
2007-02-14,5423.71
2007-02-15,5585.54
2007-02-16,5623.6299
2007-02-19,5637.21
2007-02-20,5662.3501
2007-02-21,5731.9302
2007-02-22,5716.6699
2007-02-23,5643.5298
2007-02-26,5617.1802
2007-02-27,5558.6699
2007-02-28,5485.1499
2007-03-01,5526.6299
2007-03-02,5525.3701
2007-03-05,5313.3398
2007-03-06,5432.98
2007-03-07,5488.7002
2007-03-08,5593.1099
2007-03-09,5576.2798
2007-03-12,5667.98
2007-03-13,5681.48
2007-03-14,5574.48
2007-03-15,5635.02
2007-03-16,5635.79
2007-03-20,5649.0801
2007-03-21,5676.6201
2007-03-22,5747.98
2007-03-23,5733.6802
2007-03-26,5767.2998
2007-03-27,5778.1001
2007-03-28,5700.73
2007-03-29,5755.71
2007-03-30,5819.79
2007-04-02,5893.27
2007-04-03,6042.7202
2007-04-04,6123.8901
2007-04-05,6013.9302
2007-04-09,6072.7798
2007-04-10,6124.4102
2007-04-11,6126.7998
2007-04-12,6148.6802
2007-04-13,6179.7202
2007-04-16,6250.73
2007-04-17,6282.9399
2007-04-18,6275.4702
2007-04-19,6125.0098
2007-04-20,6272.1099
2007-04-23,6336.0498
2007-04-24,6301.6201
2007-04-25,6412.5601
2007-04-26,6475.1201
2007-04-27,6460.6001
2007-04-30,6414.6802
2007-05-01,6425.5298
2007-05-02,6440.3101
2007-05-03,6490
2007-05-04,6532.2798
2007-05-07,6590.3701
2007-05-08,6541.5498
2007-05-09,6582.2798
2007-05-10,6600.5498
2007-05-11,6499.0801
2007-05-14,6622.9102
2007-05-15,6619.3301
2007-05-16,6717.2202
2007-05-21,6793.3599
2007-05-22,6853.54
2007-05-23,6944.54
2007-05-24,6858.5698
2007-05-25,6805.8799
2007-05-28,6868.0601
2007-05-29,6896.7998
2007-05-30,6883.2402
2007-05-31,6984.7998
2007-06-04,7122.6401
2007-06-05,7052.6602
2007-06-06,7086.3901
2007-06-07,7020.77
2007-06-08,6906.8701
2007-06-11,7000.4902
2007-06-12,7054.1802
2007-06-13,6977.5098
2007-06-14,7046.8999
2007-06-15,7089.3599
2007-06-18,7157.77
2007-06-19,7231.6401
2007-06-20,7308.9902
2007-06-21,7262.5801
2007-06-22,7283.4502
2007-06-25,7293.2002
2007-06-26,7296.6499
2007-06-27,7222.2002
2007-06-28,7197.54
2007-06-29,7304.1099
2007-07-02,7426.0801
2007-07-03,7481.4702
2007-07-04,7484.6001
2007-07-05,7577.6001
2007-07-06,7649.1201
2007-07-09,7815.71
2007-07-10,7805.9102
2007-07-11,7745.29
2007-07-12,7791.8701
2007-07-13,7855.2598
2007-07-16,7783.9102
2007-07-17,7838.8999
2007-07-18,7850.3701
2007-07-19,8007.3398
2007-07-20,8147.9399
2007-07-23,8262.9102
2007-07-24,8316.4404
2007-07-25,8308.29
2007-07-26,8193.6201
2007-07-27,8012.75
2007-07-30,8014.54
2007-07-31,8134.25
2007-08-01,7845.2202
2007-08-02,7895.3999
2007-08-03,7879.6099
2007-08-06,7674.0601
2007-08-07,7608.0298
2007-08-08,7905.6802
2007-08-09,7849.3701
2007-08-10,7733.9399
2007-08-13,7761.6899
2007-08-14,7603.5898
2007-08-15,7155.9399
2007-08-16,6739.3999
2007-08-20,7209.9399
2007-08-21,7039.6602
2007-08-22,7290.73
2007-08-23,7475.8101
2007-08-24,7489.1699
2007-08-27,7613
2007-08-28,7567.1401
2007-08-29,7492.2002
2007-08-30,7549.3999
2007-08-31,7735.4102
2007-09-03,7770.1802
2007-09-04,7759.6802
2007-09-05,7808.25
2007-09-06,7878.4102
2007-09-07,7932.02
2007-09-10,7833.5601
2007-09-11,7842.5098
2007-09-12,7812.79
2007-09-13,7866.5298
2007-09-14,7892.6299
2007-09-17,7894.1401
2007-09-18,7976.4199
2007-09-19,8248.4805
2007-09-20,8213.1104
2007-09-21,8358.2803
2007-09-24,8427.3701
2007-09-25,8346.5098
2007-09-26,8433.5898
2007-09-27,8526.2305
2007-09-28,8466.9502
2007-10-01,8560.79
2007-10-02,8753.7695
2007-10-03,8729.5703
2007-10-04,8823.7197
2007-10-05,8903.4805
2007-10-08,9017.4102
2007-10-09,9145.2002
2007-10-10,9334.6504
2007-10-11,9536.7305
2007-10-17,9616.71
2007-10-18,9549.04
2007-10-19,9341.4102
2007-10-22,8909.25
2007-10-23,9307.2402
2007-10-24,9179.0596
2007-10-25,9478.29
2007-10-26,9566.3203
2007-10-29,9734.1602
2007-10-30,9702.0801
2007-10-31,9703.25
2007-11-01,9911.8398
2007-11-02,9907.8203
2007-11-05,9676.4404
2007-11-06,9809.96
2007-11-07,9940.4102
2007-11-08,9822.6602
2007-11-09,9940.4102
2007-11-12,9824.4297
2007-11-13,9663.0996
2007-11-14,9866.2305
2007-11-15,10014.6602
2007-11-16,9847.9004
2007-11-19,9748.1104
2007-11-20,9715.04
2007-11-21,9498.1104
2007-11-22,9480.9297
2007-11-23,9543.2598
2007-11-26,9849.9404
2007-11-27,9812.5996
2007-11-28,10013.2695
2007-11-29,10059.3096
2007-11-30,10081.0098
2007-12-03,10265.4199
2007-12-04,10399.0195
2007-12-05,10403.1299
2007-12-06,10462.3799
2007-12-07,10362.3301
2007-12-10,10394.4199
2007-12-11,10483.9199
2007-12-12,10416.8799
2007-12-13,10266.4805
2007-12-14,10209.7598
2007-12-17,9889
2007-12-18,9804.7695
2007-12-19,9839.3301
2007-12-26,10111.4199
2007-12-27,10202.9297
2007-12-28,10202.6504
2008-01-02,10139.2305
2008-01-03,10080.8896
2008-01-04,10282.9902
2008-01-07,10279.7998
2008-01-08,10312.6797
2008-01-09,10496.5098
2008-01-14,10478.9199
2008-01-15,10155.0303
2008-01-16,9588.2803
2008-01-17,9784.0703
2008-01-18,9628.9805
2008-01-21,9138.7002
2008-01-22,8428.5996
2008-01-23,9189.5596
2008-01-24,9311.6504
2008-01-25,9791.1299
2008-01-28,9713.9102
2008-01-29,9880.0596
2008-01-30,9880.3496
2008-01-31,9919.29
2008-02-01,10000.8604
2008-02-04,10177.1299
2008-02-05,10186.2998
2008-02-06,9908.4004
2008-02-11,9670.5596
2008-02-12,9688.3203
2008-02-13,9751.1797
2008-02-14,10014.8496
2008-02-15,10099.1104
2008-02-18,10076.5303
2008-02-19,10163.2695
2008-02-20,10045.5801
2008-02-21,10249.9004
2008-02-22,10294.4805
2008-02-25,10363.9004
2008-02-26,10298.4697
2008-02-27,10282.7402
2008-02-28,10323.29
2008-02-29,10178.8701
2008-03-03,9902.9004
2008-03-04,9792.2002
2008-03-05,9776.6299
2008-03-06,9844.1797
2008-03-10,9309.1904
2008-03-11,9322.1299
2008-03-12,9410.4697
2008-03-13,8935.6299
2008-03-14,8715.5195
2008-03-17,8420.7402
2008-03-18,8538
2008-03-19,8416.2002
2008-03-24,8469.3799
2008-03-25,8794
2008-03-26,8851.6396
2008-03-27,8940.3301
2008-03-28,9005.1797
2008-03-31,8887.0498
2008-04-01,8641.0195
2008-04-02,8398.6201
2008-04-03,7977.8901
2008-04-04,8111.9702
2008-04-07,8164.1602
2008-04-08,8021.6401
2008-04-09,7748.2798
2008-04-10,7992.1201
2008-04-11,8291.8799
2008-04-14,8152.4502
2008-04-15,8237.4004
2008-04-16,8446.8604
2008-04-17,8429.3301
2008-04-18,8471.3896
2008-04-21,8419.5303
2008-04-22,8250.9004
2008-04-23,8385.6699
2008-04-24,8181.21
2008-04-25,8052.1499
2008-04-28,8099.2002
2008-04-29,8309.1699
2008-04-30,8282.2803
2008-05-02,8438
2008-05-05,8629.5
2008-05-06,8608.1904
2008-05-07,8687.2598
2008-05-08,8669.6396
2008-05-09,8667.0996
2008-05-12,8661.7002
2008-05-13,8829.9102
2008-05-14,9002.1396
2008-05-15,8985.6602
2008-05-16,9082.4902
2008-05-19,9302.3203
2008-05-21,9232.2998
2008-05-22,9226.1904
2008-05-23,9094.7197
2008-05-26,8924.6797
2008-05-27,8852.46
2008-05-28,9046.1504
2008-05-29,9171.6797
2008-05-30,9168.8203
2008-06-02,9098.9297
2008-06-03,8988.8301
2008-06-04,8776.5596
2008-06-05,8884.3203
2008-06-06,8927.4404
2008-06-09,8980.5703
2008-06-10,8773.0498
2008-06-11,8787.4902
2008-06-12,8966.0996
2008-06-13,8905.3398
2008-06-16,8931.2305
2008-06-17,8928.6299
2008-06-18,8881.6396
2008-06-19,8975.2402
2008-06-20,9018.4102
2008-06-23,9001.5195
2008-06-24,8999.6797
2008-06-25,8876.5498
2008-06-26,8882.3398
2008-06-27,8802.2598
2008-06-30,8856.2402
2008-07-01,8991.1396
2008-07-02,8931.4697
2008-07-03,8541.3096
2008-07-04,8680.2998
2008-07-07,8628.2695
2008-07-08,8506.75
2008-07-09,8499.5801
2008-07-10,8417.4805
2008-07-11,8412.5498
2008-07-14,8376.0195
2008-07-15,8244.8096
2008-07-16,8162.9902
2008-07-17,7954.1299
2008-07-18,7807.4902
2008-07-21,8031.8501
2008-07-22,8078.8198
2008-07-23,8098.1001
2008-07-24,8206.7803
2008-07-25,8235.9902
2008-07-28,8299.3604
2008-07-29,8322.1104
2008-07-31,8474.1504
2008-08-01,8254.2695
2008-08-04,8117.79
2008-08-05,7922.3901
2008-08-06,7918.5298
2008-08-07,7977.98
2008-08-08,8009.79
2008-08-11,7712.3799
2008-08-12,7374.8799
2008-08-13,7377.75
2008-08-14,7605.2202
2008-08-15,7473.3301
2008-08-19,7296.7002
2008-08-20,7451.04
2008-08-21,7570.1201
2008-08-22,7694.3799
2008-08-25,7710.5498
2008-08-26,7644.04
2008-08-27,7735.48
2008-08-28,7791.9702
2008-08-29,7863.3501
2008-09-01,7885.7798
2008-09-02,7818.7002
2008-09-03,7597.1001
2008-09-04,7418.0298
2008-09-05,7173.3301
2008-09-08,7227.5898
2008-09-09,6880.3999
2008-09-10,6501.98
2008-09-11,6446.21
2008-09-12,6206.0098
2008-09-15,5810.4399
2008-09-16,5901.1699
2008-09-17,6035.8799
2008-09-18,6144.1201
2008-09-19,6613.9102
2008-09-22,6631.9902
2008-09-23,6535.7998
2008-09-24,6562.2202
2008-09-25,6475.04
2008-09-26,6403.7998
2008-09-29,6329.6201
2008-10-06,5506.27
2008-10-07,5432.46
2008-10-08,4833.6499
2008-10-09,4833.6499
2008-10-10,4833.6499
2008-10-13,4899.6299
2008-10-14,5221.1099
2008-10-15,5077.9902
2008-10-16,4876.2598
2008-10-17,4629.0298
2008-10-20,4709.6001
2008-10-21,4755.6401
2008-10-22,4522.4102
2008-10-23,4334.23
2008-10-24,4038.8999
2008-10-27,3743.95
2008-10-28,3535.3501
2008-10-29,3490.23
2008-10-30,3695.74
2008-10-31,4059.1201
2008-11-03,4478.77
2008-11-04,4569.6001
2008-11-05,4498.9199
2008-11-06,4296.0698
2008-11-07,4469.1499
2008-11-10,4483.5698
2008-11-11,4471.1802
2008-11-12,4448.6602
2008-11-13,4200.6499
2008-11-14,4209.1699
2008-11-17,4119.7998
2008-11-18,4001.6699
2008-11-19,3935.8101
2008-11-20,3817.04
2008-11-21,3810.8201
2008-11-24,3775.6101
2008-11-25,3830.5801
2008-11-26,3970.77
2008-11-27,4034.5801
2008-11-28,4165.96
2008-12-01,4088.1799
2008-12-02,3963.1699
2008-12-03,3968.75
2008-12-04,4040.1599
2008-12-05,4028.8301
2008-12-09,4286.25
2008-12-10,4515.8501
2008-12-11,4541.3701
2008-12-12,4314.2402
2008-12-15,4691.54
2008-12-16,4628.9199
2008-12-17,4708.5898
2008-12-18,4700.3999
2008-12-19,4670.29
2008-12-22,4631.1299
2008-12-23,4608.27
2008-12-24,4593.79
2008-12-26,4605.8999
2008-12-30,4654.5
2009-01-05,4988.4199
2009-01-06,5007.5098
2009-01-07,4958.8599
2009-01-08,4874.2402
2009-01-09,4946.3301
2009-01-12,4905.9302
2009-01-13,4862.1699
2009-01-14,4814.5801
2009-01-15,4648.8301
2009-01-16,4721.0898
2009-01-19,4684.0098
2009-01-20,4664.3101
2009-01-21,4561.02
2009-01-22,4588.6001
2009-01-23,4536.9502
2009-01-27,4624.4399
2009-01-28,4579.7798
2009-01-29,4606.4502
2009-01-30,4647.1499
2009-02-02,4554.1299
2009-02-03,4536.25
2009-02-04,4557.5098
2009-02-05,4576.4902
2009-02-06,4680.52
2009-02-09,4660.3901
2009-02-10,4660.3901
2009-02-11,4569.8701
2009-02-12,4582.7998
2009-02-13,4635.2202
2009-02-16,4660.1099
2009-02-17,4564.6499
2009-02-18,4619.7998
2009-02-19,4596.4399
2009-02-20,4509.2002
2009-02-23,4561.8301
2009-02-24,4490.6699
2009-02-25,4520.8599
2009-02-26,4477.8901
2009-02-27,4469.8398
2009-03-02,4337.7202
2009-03-03,4381.0098
2009-03-04,4485.7402
2009-03-05,4468.1201
2009-03-06,4464.0898
2009-03-10,4525.2202
2009-03-11,4581.1602
2009-03-12,4552.8398
2009-03-13,4617.0698
2009-03-16,4607.1602
2009-03-17,4561.6802
2009-03-18,4616.8999
2009-03-19,4680.54
2009-03-20,4729.2202
2009-03-23,4933.3198
2009-03-24,5032.3999
2009-03-25,4966.4102
2009-03-27,5096.4199
2009-03-30,4915.8701
2009-03-31,4972
2009-04-01,5095.01
2009-04-02,5264.56
2009-04-03,5252.77
2009-04-06,5339.43
2009-04-07,5231.31
2009-04-08,5145.82
2009-04-13,5462.67
2009-04-14,5581.61
2009-04-15,5650.2
2009-04-16,5749.01
2009-04-17,5818.44
2009-04-20,5912.47
2009-04-21,5811.29
2009-04-22,5732.31
2009-04-23,5635.03
2009-04-24,5653.6
2009-04-27,5595.44
2009-04-28,5668.38
2009-04-29,5859.82
2009-04-30,6202.69
2009-05-01,6218.18
2009-05-04,6461.95
2009-05-05,6435.82
2009-05-06,6545.78
2009-05-07,6724.71
2009-05-08,6903.06
2009-05-11,6772.47
2009-05-12,6842.31
2009-05-13,6914.4
2009-05-14,6618.57
2009-05-15,6478.41
2009-05-18,6709.94
2009-05-19,7095.66
2009-05-20,7110.58
2009-05-22,7069.7
2009-05-25,7096.47
2009-05-26,6939.93
2009-05-27,7089.78
2009-05-28,7145.64
2009-05-29,7277.38
2009-06-01,7682.59
2009-06-02,7650.92
2009-06-03,7703.21
2009-06-04,7786.49
2009-06-05,8023.07
2009-06-08,7892.72
2009-06-09,8048.49
2009-06-10,8110.03
2009-06-11,7975.04
2009-06-12,7957.85
2009-06-15,7823.25
2009-06-16,7653.38
2009-06-17,7640.66
2009-06-18,7337.58
2009-06-19,7509.13
2009-06-22,7425.43
2009-06-23,7183.75
2009-06-24,7533.73
2009-06-25,7753.25
2009-06-26,7736
2009-06-29,7732.82
2009-06-30,7676.3
2009-07-01,7789.96
2009-07-02,7772.85
2009-07-03,7803.81
2009-07-06,7626.91
2009-07-07,7881.13
2009-07-09,7891.77
2009-07-10,7814.15
2009-07-13,7635.23
2009-07-14,7780.75
2009-07-15,8058.4
2009-07-16,8072.68
2009-07-17,8015.45
2009-07-21,8197.67
2009-07-22,8133.7
2009-07-23,8269.7
2009-07-24,8387.69
2009-07-27,8443.4
2009-07-28,8572.35
2009-07-29,8519.21
2009-07-30,8867.59
2009-07-31,9039.66
2009-08-03,9099.18
2009-08-04,9189.99
2009-08-05,8980.66
2009-08-06,9170.51
2009-08-07,9099.94
2009-08-10,9256.9
2009-08-11,9317.64
2009-08-12,9096.82
2009-08-13,9336.31
2009-08-14,9293.63
2009-08-18,9092.45
2009-08-19,8804.76
2009-08-20,9021.58
2009-08-21,9052.66
2009-08-24,9265.19
2009-08-25,9274.74
2009-08-26,9249.84
2009-08-27,9129.86
2009-08-28,9209.01
2009-08-31,9084.05
2009-09-01,8987.95
2009-09-02,8833.06
2009-09-03,9005.87
2009-09-04,8998.88
2009-09-07,9050.86
2009-09-08,9199.91
2009-09-09,9246.53
2009-09-10,9374.43
2009-09-11,9396.72
2009-09-14,9261.83
2009-09-15,9427.4
2009-09-16,9524.09
2009-09-17,9584.22
2009-09-24,9602.69
2009-09-25,9513.71
2009-09-28,9308.23
2009-09-29,9515.23
2009-09-30,9624.9
2009-10-01,9654.3
2009-10-02,9672.56
2009-10-05,9703.94
2009-10-06,9890.84
2009-10-07,9845.56
2009-10-08,9728.8
2009-10-09,9691.54
2009-10-12,9621.44
2009-10-13,9662.25
2009-10-14,9855.38
2009-10-15,9891.35
2009-10-16,9884.62
2009-10-19,9913.25
2009-10-20,9816.3
2009-10-21,9703.45
2009-10-22,9517.56
2009-10-23,9679.95
2009-10-26,9693.53
2009-10-27,9505.45
2009-10-28,9180.99
2009-10-29,9170.93
2009-10-30,9284.17
2009-11-02,9305.7
2009-11-03,9133.53
2009-11-04,9317.03
2009-11-05,9288.8
2009-11-06,9417.3
2009-11-09,9453.34
2009-11-10,9335.53
2009-11-11,9432.26
2009-11-12,9507.01
2009-11-13,9538.65
2009-11-16,9738.82
2009-11-17,9751.15
2009-11-18,9792.12
2009-11-19,9712.13
2009-11-20,9787.1
2009-11-23,9763.81
2009-11-24,9718.74
2009-11-25,9659.41
2009-11-26,9362.92
2009-11-30,9448.03
2009-12-01,9616.05
2009-12-02,9706.17
2009-12-03,9826
2009-12-04,9880.07
2009-12-07,9761.88
2009-12-08,9768.96
2009-12-09,9761.65
2009-12-10,9775.81
2009-12-11,9896.82
2009-12-14,9853.03
2009-12-15,9798.18
2009-12-16,9912.82
2009-12-17,9836.54
2009-12-21,9488.34
2009-12-22,9632.03
2009-12-23,9659.47
2009-12-28,9826.8
2009-12-29,9859.56
2009-12-30,9906.12
2010-01-04,10100.19
2010-01-05,10225.86
2010-01-06,10228.21
2010-01-07,10182.66
2010-01-08,10307.32
2010-01-11,10376.24
2010-01-12,10512.82
2010-01-13,10377.03
2010-01-14,10443.13
2010-01-15,10424.2
2010-01-18,10371.48
2010-01-19,10475.87
2010-01-20,10467.97
2010-01-21,10350.55
2010-01-22,10224.76
2010-01-25,10183.78
2010-01-26,10066.83
2010-01-27,9992.7
2010-01-28,10251.79
2010-01-29,10192.05
2010-02-01,10091.3
2010-02-02,10071.59
2010-02-03,10181.37
2010-02-04,10160.36
2010-02-05,9841.81
2010-02-08,9670.51
2010-02-09,9745.4
2010-02-10,9711.97
2010-02-11,9805.85
2010-02-12,9917.37
2010-02-15,9833.21
2010-02-16,10018.55
2010-02-17,10128.91
2010-02-18,10015.06
2010-02-19,9988.59
2010-02-22,10040.07
2010-02-23,10135.79
2010-02-24,10112.86
2010-02-25,10006.39
2010-03-01,10043.16
2010-03-02,10120.37
2010-03-03,10099.73
2010-03-04,10085.78
2010-03-05,10111.89
2010-03-08,10288.45
2010-03-09,10435.72
2010-03-10,10488.27
2010-03-11,10506.33
2010-03-12,10458.89
2010-03-15,10469.02
2010-03-17,10831.49
2010-03-18,10779.1
2010-03-19,10814.75
2010-03-22,10584.77
2010-03-23,10636.85
2010-03-24,10846.74
2010-03-25,10956.71
2010-03-26,11015.26
2010-03-29,10963.36
2010-03-30,10974.47
2010-03-31,10884.58
2010-04-01,11113.45
2010-04-05,11286.33
2010-04-06,11264.61
2010-04-07,11323.28
2010-04-08,11125.59
2010-04-09,11153.35
2010-04-12,11264.53
2010-04-13,11330.89
2010-04-14,11347.85
2010-04-15,11420.23
2010-04-16,11315.57
2010-04-19,11139.46
2010-04-20,11364.4
2010-04-21,11473.44
2010-04-22,11551.37
2010-04-23,11521.48
2010-04-26,11594.64
2010-04-27,11543.17
2010-04-28,11383.09
2010-04-29,11472.45
2010-04-30,11650.35
2010-05-03,11588.15
2010-05-04,11533.96
2010-05-05,11001.57
2010-05-06,10890.48
2010-05-07,10573.68
2010-05-10,11046.35
2010-05-11,10888.71
2010-05-12,11054.68
2010-05-14,11084.77
2010-05-17,10892.76
2010-05-18,10973.81
2010-05-19,10516.74
2010-05-20,10366.73
2010-05-21,10065.82
2010-05-24,10014.41
2010-05-25,9653.23
2010-05-26,10394.76
2010-05-27,10471.54
2010-05-31,10802.12
2010-06-01,10529.12
2010-06-02,10528.07
2010-06-03,10823.01
2010-06-04,10862.24
2010-06-07,10544.27
2010-06-08,10641.79
2010-06-09,10701.27
2010-06-10,10660.76
2010-06-11,10804.44
2010-06-14,10904.11
2010-06-15,10920.12
2010-06-16,11037.18
2010-06-17,11175.59
2010-06-18,11355.7
2010-06-21,11418.57
2010-06-22,11371.55
2010-06-23,11325.69
2010-06-24,11272.95
2010-06-25,11384.29
2010-06-28,11427.9
2010-06-29,11183.92
2010-06-30,11257.34
2010-07-01,11118.08
2010-07-02,11124.72
2010-07-05,11153.56
2010-07-06,11280.28
2010-07-07,11241.9
2010-07-08,11346.17
2010-07-09,11436.94
2010-07-12,11502.3
2010-07-13,11513.41
2010-07-14,11587.87
2010-07-15,11593.47
2010-07-16,11651.43
2010-07-19,11585.85
2010-07-20,11676.03
2010-07-21,11734.39
2010-07-22,11734.9
2010-07-23,11885.55
2010-07-26,11796.42
2010-07-27,11835.31
2010-07-28,11913.54
2010-07-29,12074.87
2010-07-30,11965.16
2010-08-02,11942.82
2010-08-03,11609.15
2010-08-04,11616.08
2010-08-05,11856.94
2010-08-06,11923.28
2010-08-09,12019.46
2010-08-10,11918.51
2010-08-11,11819.46
2010-08-12,11791.71
2010-08-13,11897.2
2010-08-16,11911.9
2010-08-18,12016.5
2010-08-19,12117.85
2010-08-20,12159.7
2010-08-23,12175.83
2010-08-24,12110.35
2010-08-25,12162.78
2010-08-26,12195.57
2010-08-27,12029.41
2010-08-30,12004.48
2010-08-31,11947.32
2010-09-01,12130.45
2010-09-02,12099.37
2010-09-03,12276.9
2010-09-06,12473.54
2010-09-07,12488.29
2010-09-15,12996.47
2010-09-16,12912.65
2010-09-17,13053.32
2010-09-20,12933.94
2010-09-21,12844.82
2010-09-22,12778.12
2010-09-23,12739.97
2010-09-24,13009.93
2010-09-27,13208.19
2010-09-28,13220.12
2010-09-29,13342.34
2010-09-30,13367.18
2010-10-01,13526.98
2010-10-04,13610.81
2010-10-05,13675.24
2010-10-06,13779.93
2010-10-07,13694.65
2010-10-08,13547.86
2010-10-11,13563.08
2010-10-12,13567.28
2010-10-13,13799.04
2010-10-14,13841.15
2010-10-15,13784.21
2010-10-18,13649.31
2010-10-19,13716.38
2010-10-20,13629.47
2010-10-21,13691.15
2010-10-22,13723.45
2010-10-25,13933
2010-10-26,13946.59
2010-10-27,13782.69
2010-10-28,13876.67
2010-10-29,13868.37
2010-11-01,13906.04
2010-11-02,13872.33
2010-11-03,13754.1
2010-11-04,13864.65
2010-11-05,14009.93
2010-11-08,14153.75
2010-11-09,14305.28
2010-11-10,14280.91
2010-11-11,14158.25
2010-11-12,13865.5
2010-11-15,13784.12
2010-11-16,13808.35
2010-11-18,13823.93
2010-11-19,13989.66
2010-11-22,14011.13
2010-11-23,13716.09
2010-11-24,13615.56
2010-11-25,13815.27
2010-11-26,13587.36
2010-11-29,13588.13
2010-11-30,13219.09
2010-12-01,13571.8
2010-12-02,13848.76
2010-12-03,13868.46
2010-12-06,13963.82
2010-12-08,14051.43
2010-12-09,14013.54
2010-12-10,13851.07
2010-12-13,13714.08
2010-12-14,13666.67
2010-12-15,13549.16
2010-12-16,13194.86
2010-12-17,13283.18
2010-12-20,13219.21
2010-12-21,13490.19
2010-12-22,13472.15
2010-12-23,13416.79
2010-12-27,13445.88
2010-12-28,13613.16
2010-12-29,13789.49
2010-12-30,13813.87
2011-01-03,14006.09
2011-01-04,14168.66
2011-01-05,14225.85
2011-01-06,14007.59
2011-01-07,13549.19
2011-01-10,12905.22
2011-01-11,12795.75
2011-01-12,13282.39
2011-01-13,13330.67
2011-01-14,13287.91
2011-01-17,13100.28
2011-01-18,13178.39
2011-01-19,13112.67
2011-01-20,12748.22
2011-01-21,12461.75
2011-01-24,12319.3
2011-01-25,12678.18
2011-01-26,12943.72
2011-01-27,12988.73
2011-01-28,12818.11
2011-01-31,12483.58
2011-02-01,12643.33
2011-02-02,12784.88
2011-02-04,12821.46
2011-02-07,12788.94
2011-02-08,12707.17
2011-02-09,12476.03
2011-02-10,12327.01
2011-02-11,12392.18
2011-02-14,12461.82
2011-02-16,12445.79
2011-02-17,12496.14
2011-02-18,12790.42
2011-02-21,12793.28
2011-02-22,12595.15
2011-02-23,12686.87
2011-02-24,12492.69
2011-02-25,12484.63
2011-02-28,12572.36
2011-03-01,12744.48
2011-03-02,12641
2011-03-03,12663.18
2011-03-04,12863.88
2011-03-07,12959.24
2011-03-08,13107.47
2011-03-09,13147.97
2011-03-10,13072.01
2011-03-11,12848.57
2011-03-14,12978.43
2011-03-15,12834.68
2011-03-16,12868.54
2011-03-17,12684.48
2011-03-18,12776.34
2011-03-21,12884.03
2011-03-22,12857.14
2011-03-23,13006.62
2011-03-24,13255.79
2011-03-25,13227.18
2011-03-28,13198.34
2011-03-29,13132.94
2011-03-30,13330.32
2011-03-31,13432.81
2011-04-01,13513.38
2011-04-04,13516.68
2011-04-05,13462.72
2011-04-06,13627.43
2011-04-07,13653.94
2011-04-08,13696.14
2011-04-11,13692.42
2011-04-12,13574.78
2011-04-13,13641.43
2011-04-14,13530.43
2011-04-15,13644.37
2011-04-18,13605.46
2011-04-19,13581.53
2011-04-20,13834.03
2011-04-21,13891.36
2011-04-25,13858.6
2011-04-26,13797.86
2011-04-27,13911.02
2011-04-28,13894.59
2011-04-29,13889
2011-05-02,13961.41
2011-05-03,13843.95
2011-05-04,13867.08
2011-05-05,13889.65
2011-05-06,13792.78
2011-05-09,13732.09
2011-05-10,13791.92
2011-05-11,13996.35
2011-05-12,13876.75
2011-05-13,13949.42
2011-05-16,13770.82
2011-05-18,13947.28
2011-05-19,14043.11
2011-05-20,14065.83
2011-05-23,13665.65
2011-05-24,13703.13
2011-05-25,13682.29
2011-05-26,13814.93
2011-05-27,13868.56
2011-05-30,13880.34
2011-05-31,13934.12
2011-06-01,13908.8
2011-06-03,13941.57
2011-06-06,13880.46
2011-06-07,13921.24
2011-06-08,13844.89
2011-06-09,13772.78
2011-06-10,13696.51
2011-06-13,13544.56
2011-06-14,13673.28
2011-06-15,13732.79
2011-06-16,13523.33
2011-06-17,13421.29
2011-06-20,13422.73
2011-06-21,13698.79
2011-06-22,13786.93
2011-06-23,13763.06
2011-06-24,13860.21
2011-06-27,13723.83
2011-06-28,13769.42
2011-06-30,14003.86
2011-07-01,14168.1
2011-07-04,14277.7
2011-07-05,14125.52
2011-07-06,14055.83
2011-07-07,14188.54
2011-07-08,14461.19
2011-07-11,14430.26
2011-07-12,14207.69
2011-07-13,14365.14
2011-07-14,14435.35
2011-07-15,14479.34
2011-07-18,14519.03
2011-07-19,14530.42
2011-07-20,14698.73
2011-07-21,14719.81
2011-07-22,14847.47
2011-07-25,14786.96
2011-07-26,14970.21
2011-07-27,15184.42
2011-07-28,15077.15
2011-07-29,15001.99
2011-08-01,15206.74
2011-08-02,15108.5
2011-08-03,14929.3
2011-08-04,14815.17
2011-08-05,14050.84
2011-08-08,13796.48
2011-08-09,13375.17
2011-08-10,13888.3
2011-08-11,13960.28
2011-08-12,14053.37
2011-08-15,14290.66
2011-08-16,14301.98
2011-08-18,14520.38
2011-08-19,13823.66
2011-08-22,13831.76
2011-08-23,13990.29
2011-08-24,13876.07
2011-08-25,13860.64
2011-08-26,13828.62
2011-09-05,13901.4
2011-09-06,13987.74
2011-09-07,14423.86
2011-09-08,14440.37
2011-09-09,14423.78
2011-09-12,13979.36
2011-09-13,13883.8
2011-09-14,13590.12
2011-09-15,13497.6
2011-09-16,13737.89
2011-09-19,13405.57
2011-09-20,13368.79
2011-09-21,13160.44
2011-09-22,11885.64
2011-09-23,12052.33
2011-09-26,11554.87
2011-09-27,12207.35
2011-09-28,12400.91
2011-09-29,12518.52
2011-09-30,12544.09
2011-10-03,11786.56
2011-10-04,11476.93
2011-10-05,11562.75
2011-10-06,12146.29
2011-10-07,12059.36
2011-10-10,12185.23
2011-10-11,12505.86
2011-10-12,12956.37
2011-10-13,13149.15
2011-10-14,13155.03
2011-10-17,13442.16
2011-10-18,12993.98
2011-10-19,13249.31
2011-10-20,13015.31
2011-10-21,12987.89
2011-10-24,13315.93
2011-10-25,13354.04
2011-10-26,13473.48
2011-10-27,13762.85
2011-10-28,13851.67
2011-10-31,13683.73
2011-11-01,13267.88
2011-11-02,13608.54
2011-11-03,13376.41
2011-11-04,13667.73
2011-11-07,13649.44
2011-11-08,13705.15
2011-11-09,13918.65
2011-11-10,13624.9
2011-11-11,13581.38
2011-11-14,13811.56
2011-11-15,13735.16
2011-11-16,13736.28
2011-11-17,13640.31
2011-11-18,13486.72
2011-11-21,13144.92
2011-11-22,13364.92
2011-11-23,13167.36
2011-11-24,13227.95
2011-11-25,13022.91
2011-11-28,13092.35
2011-11-29,13218.07
2011-11-30,13284.89
2011-12-01,13588.04
2011-12-02,13608.96
2011-12-05,13607.9
2011-12-06,13533.23
2011-12-07,13701.54
2011-12-08,13671.42
2011-12-09,13564.89
2011-12-12,13735.58
2011-12-13,13665.63
2011-12-14,13620.01
2011-12-15,13416.79
2011-12-16,13702
2011-12-19,13670.78
2011-12-20,13601.9
2011-12-21,13756.7
2011-12-22,13749.68
2011-12-23,13750.64
2011-12-27,13693.59
2011-12-28,13622.06
2011-12-29,13778.24
2011-12-30,13808.86
2012-01-02,13751.27
2012-01-03,13975.47
2012-01-04,14188.16
2012-01-05,14171.45
2012-01-06,14010.06
2012-01-09,14044.35
2012-01-10,14274.35
2012-01-11,14177.66
2012-01-12,14146.63
2012-01-13,14251.95
2012-01-16,14123.91
2012-01-17,14295.69
2012-01-18,14388.38
2012-01-19,14496.11
2012-01-20,14422.57
2012-01-24,14418.18
2012-01-25,14307.59
2012-01-26,14372.96
2012-01-27,14429.91
2012-01-30,14158.33
2012-01-31,14264.93
2012-02-01,14429.44
2012-02-02,14627.97
2012-02-03,14588.03
2012-02-06,14386.21
2012-02-07,14303.23
2012-02-08,14507.73
2012-02-09,14437.48
2012-02-10,14198.8
2012-02-13,14407.56
2012-02-14,14395.73
2012-02-15,14421.08
2012-02-16,14354.96
2012-02-17,14551.52
2012-02-20,14582.11
2012-02-21,14670.29
2012-02-22,14637.51
2012-02-23,14543.61
2012-02-24,14275.97
2012-02-27,14137.49
2012-02-28,14332.79
2012-02-29,14620.13
2012-03-01,14543.89
2012-03-02,14700.11
2012-03-05,14617.31
2012-03-06,14533.99
2012-03-07,14425.09
2012-03-08,14543.57
2012-03-09,14651.38
2012-03-12,14619.95
2012-03-13,14719.18
2012-03-14,14903.76
2012-03-15,14897.21
2012-03-16,14827.87
2012-03-19,14795.17
2012-03-20,14744.1
2012-03-21,14822.93
2012-03-22,14844.61
2012-03-26,14781.32
2012-03-27,14976.76
2012-03-28,15062.28
2012-03-29,15112.68
2012-03-30,15185.88
2012-04-02,15371.1
2012-04-03,15528.79
2012-04-04,15149.33
2012-04-05,15252.42
2012-04-09,15181
2012-04-10,15176.61
2012-04-11,15100.83
2012-04-12,15218.35
2012-04-13,15286.22
2012-04-16,15214.32
2012-04-17,15290.56
2012-04-18,15315.73
2012-04-19,15328.04
2012-04-20,15431.07
2012-04-23,15267.7
2012-04-24,15303.37
2012-04-25,15314.44
2012-04-26,15367.15
2012-04-27,15270.24
2012-04-30,15303.33
2012-05-01,15339.53
2012-05-02,15459.95
2012-05-03,15481.6
2012-05-04,15455.88
2012-05-07,15197.11
2012-05-08,15257.54
2012-05-09,15078.43
2012-05-10,15085.76
2012-05-11,14984.84
2012-05-14,14756.07
2012-05-15,14726.92
2012-05-16,14460.01
2012-05-21,14368.82
2012-05-22,14651.96
2012-05-23,14500.71
2012-05-24,14526.58
2012-05-25,14202.61
2012-05-28,14265.47
2012-05-29,14249.6
2012-05-30,14205.18
2012-05-31,13901.13
2012-06-01,13762
2012-06-04,13252.26
2012-06-05,13484.41
2012-06-06,13997.75
2012-06-07,13944.25
2012-06-08,13891.18
2012-06-11,14078.14
2012-06-12,13989.9
2012-06-13,14022.39
2012-06-14,13749.93
2012-06-15,13885.22
2012-06-18,14045.82
2012-06-19,14094.51
2012-06-20,14339.82
2012-06-21,14161.39
2012-06-22,14128.41
2012-06-25,13997.26
2012-06-26,14097.92
2012-06-27,14286.26
2012-06-28,14090.39
2012-06-29,14381.71
2012-07-02,14536.41
2012-07-03,14736.68
2012-07-04,14869.55
2012-07-05,14849.2
2012-07-06,14798.55
2012-07-09,14486.38
2012-07-10,14545.89
2012-07-11,14551.62
2012-07-12,14406.79
2012-07-13,14491.46
2012-07-16,14596.17
2012-07-17,14723.83
2012-07-18,14771.46
2012-07-19,14843.65
2012-07-20,14780.93
2012-07-23,14455.3
2012-07-24,14396.04
2012-07-25,14430.64
2012-07-26,14381.02
2012-07-27,14623.88
2012-07-30,14652.67
2012-07-31,14829.69
2012-08-01,14778.28
2012-08-02,14620.09
2012-08-03,14662.08
2012-08-06,14706.62
2012-08-07,14632.45
2012-08-08,14623.04
2012-08-09,14731
2012-08-10,14827.63
2012-08-13,14651.07
2012-08-14,14724.83
2012-08-15,14764
2012-08-16,14786.43
2012-08-23,14798.66
2012-08-24,14703.81
2012-08-27,14714.8
2012-08-28,14651.05
2012-08-29,14405.16
2012-08-30,14111.79
2012-08-31,14245.83
2012-09-03,14445.23
2012-09-04,14398.39
2012-09-05,14299.02
2012-09-06,14382.88
2012-09-07,14551.95
2012-09-10,14583.97
2012-09-11,14583.85
2012-09-12,14670.95
2012-09-13,14625.19
2012-09-14,14940.93
2012-09-17,14970.83
2012-09-18,14886.42
2012-09-19,14944.25
2012-09-20,14857.17
2012-09-21,14925.73
2012-09-24,14784
2012-09-25,14930.54
2012-09-26,14734.8
2012-09-27,14867.52
2012-09-28,15027.63
2012-10-01,14952.07
2012-10-02,15020.83
2012-10-03,15026.76
2012-10-04,15086.82
2012-10-05,15199.27
2012-10-08,14978.5
2012-10-09,14986.74
2012-10-10,14983.7
2012-10-11,14967.41
2012-10-12,15052.67
2012-10-15,15087.23
2012-10-16,15143.96
2012-10-17,15179.34
2012-10-18,15265.28
2012-10-19,15169.28
2012-10-22,15266.23
2012-10-23,15206.67
2012-10-24,15235.43
2012-10-25,15268.22
2012-10-29,15234.11
2012-10-30,15362.99
2012-10-31,15304.6
2012-11-01,15288.65
2012-11-02,15303.84
2012-11-05,15152.55
2012-11-06,15216.05
2012-11-07,15403.51
2012-11-08,15317.63
2012-11-09,15351.54
2012-11-12,15296.57
2012-11-13,15343.47
2012-11-14,15366.53
2012-11-19,15206.56
2012-11-20,15189.47
2012-11-21,15209.36
2012-11-22,15286.78
2012-11-23,15317.19
2012-11-26,15404.83
2012-11-27,15298.14
2012-11-28,15132.62
2012-11-29,15190.9
2012-11-30,15044.63
2012-12-03,15169.49
2012-12-04,15060.94
2012-12-05,15119.29
2012-12-06,15140.21
2012-12-07,15120.42
2012-12-10,15166.97
2012-12-11,15212.86
2012-12-12,15333.28
2012-12-13,15361.35
2012-12-14,15288.72
2012-12-17,15326.83
2012-12-18,15273.04
2012-12-19,15167.79
2012-12-20,15072.46
2012-12-21,15067.74
2012-12-26,15171.47
2012-12-27,15177.77
2012-12-28,15240.34
2013-01-02,15358.3
2013-01-03,15596.35
2013-01-04,15599.35
2013-01-07,15521.38
2013-01-08,15532.71
2013-01-09,15404.26
2013-01-10,15224.71
2013-01-11,15164.23
2013-01-14,15488.95
2013-01-15,15604.28
2013-01-16,15669.35
2013-01-17,15599.35
2013-01-18,15824.82
2013-01-21,15665.18
2013-01-22,15577.96
2013-01-23,15586.8
2013-01-25,15697.42
2013-01-28,15615.56
2013-01-29,15704.19
2013-01-30,15784.72
2013-01-31,15777.69
2013-02-01,15897.87
2013-02-04,15882.1
2013-02-05,15811.97
2013-02-06,15879.11
2013-02-07,15867.6
2013-02-08,15817.51
2013-02-11,15848
2013-02-12,16008.66
2013-02-13,16093.13
2013-02-14,16115.88
2013-02-15,16194.6
2013-02-18,16188.17
2013-02-19,16147.17
2013-02-20,16269.38
2013-02-21,16255.65
2013-02-22,16337.69
2013-02-25,16546.25
2013-02-26,16433.47
2013-02-27,16666.51
2013-02-28,16987.66
2013-03-01,17081.46
2013-03-04,16829.78
2013-03-05,16860.8
2013-03-06,17137.43
2013-03-07,17209.64
2013-03-08,17294.03
2013-03-11,17216.02
2013-03-13,17118.6
2013-03-14,16977.21
2013-03-15,17123.31
2013-03-18,17015.93
2013-03-19,17100.98
2013-03-20,17119.4
2013-03-21,16972.51
2013-03-22,16665.04
2013-03-25,16899.47
2013-03-26,17105.76
2013-03-27,17443.42
2013-03-28,17517.95
2013-04-01,17441.5
2013-04-02,17477.26
2013-04-03,17520.98
2013-04-04,17257.51
2013-04-05,17259.27
2013-04-08,17127.25
2013-04-09,17153.67
2013-04-10,17058.13
2013-04-11,17275.68
2013-04-12,17309.45
2013-04-15,17151.89
2013-04-16,17385.77
2013-04-17,17630.8
2013-04-18,17724.06
2013-04-19,17682.62
2013-04-22,17654.79
2013-04-23,17562.09
2013-04-24,17701.31
2013-04-25,17631.01
2013-04-26,17628.66
2013-04-29,17742.11
2013-04-30,17857.15
2013-05-01,18009.49
2013-05-02,17729.75
2013-05-03,17459.46
2013-05-06,17654.81
2013-05-07,17884.43
2013-05-08,17954.68
2013-05-10,18004.26
2013-05-13,17843.3
2013-05-14,17971.24
2013-05-15,18015.6
2013-05-16,17941.5
2013-05-17,18153.12
2013-05-20,18430.29
2013-05-21,18324.64
2013-05-22,18410.32
2013-05-23,18104.41
2013-05-24,18201.17
2013-05-27,17929.54
2013-05-28,18247.51
2013-05-29,18374.01
2013-05-30,18138.46
2013-05-31,17926.2
2013-06-03,17486.26
2013-06-04,17667.81
2013-06-05,17579.01
2013-06-07,17065.34
2013-06-10,16768.65
2013-06-11,16129.75
2013-06-12,16501.79
2013-06-13,16205.45
2013-06-14,16792.49
2013-06-17,16812.82
2013-06-18,17078.06
2013-06-19,16919.61
2013-06-20,16214.28
2013-06-21,15733.68
2013-06-24,15325.6
2013-06-25,15310.51
2013-06-26,15909.33
2013-06-27,16252.56
2013-06-28,16868.13
2013-07-01,16744.56
2013-07-02,16474.13
2013-07-03,15916.64
2013-07-04,15883.74
2013-07-05,15966.13
2013-07-08,15287.35
2013-07-09,15175.95
2013-07-10,15531.35
2013-07-11,15988.7
2013-07-12,16079.2
2013-07-15,16062.92
2013-07-16,16119.54
2013-07-17,16258
2013-07-18,16441.1
2013-07-19,16416.19
2013-07-22,16261.31
2013-07-23,16604.62
2013-07-24,16403
2013-07-25,16269.36
2013-07-26,16220.25
2013-07-29,15959.16
2013-07-30,15998.83
2013-07-31,16049.05
2013-08-01,16136.45
2013-08-02,16189.83
2013-08-12,15987.5
2013-08-13,16204.84
2013-08-14,16375.55
2013-08-15,16373.47
2013-08-16,15884.16
2013-08-19,14890.9
2013-08-20,14443.81
2013-08-21,14615.22
2013-08-22,14364.88
2013-08-23,14380.81
2013-08-26,14193.21
2013-08-27,13615.39
2013-08-28,13858.02
2013-08-29,14160.29
2013-08-30,14454.11
2013-09-02,14094.81
2013-09-03,14320.24
2013-09-04,13938.15
2013-09-05,13813.35
2013-09-06,13832.43
2013-09-09,14283.46
2013-09-10,14966.95
2013-09-11,14942
2013-09-12,15016.22
2013-09-13,15104.7
2013-09-16,15621.38
2013-09-17,15571.04
2013-09-18,15283.74
2013-09-19,16146.33
2013-09-20,15823.82
2013-09-23,15714.18
2013-09-24,15335.95
2013-09-25,15107.19
2013-09-26,15089.87
2013-09-27,15142.51
2013-09-30,14705.43
2013-10-01,14881.87
2013-10-02,15060.6
2013-10-03,15141.74
2013-10-04,15036.45
2013-10-07,14943.85
2013-10-08,15142.56
2013-10-09,15204.07
2013-10-10,15324.88
2013-10-11,15426.57
2013-10-16,15278.77
2013-10-17,15401.3
2013-10-18,15505.58
2013-10-21,15657.4
2013-10-22,15412.19
2013-10-23,15565.1
2013-10-24,15751.65
2013-10-25,15736.17
2013-10-28,15767.51
2013-10-29,15649.9
2013-10-30,15674.39
2013-10-31,15448.84
2013-11-01,15137.94
2013-11-04,15122.19
2013-11-06,15154.71
2013-11-07,15273.77
2013-11-08,15247.4
2013-11-11,15044.85
2013-11-12,14838.54
2013-11-13,14548.48
2013-11-14,14814.42
2013-11-15,14694.79
2013-11-18,14878.55
2013-11-19,14873.61
2013-11-20,14668.53
2013-11-21,14590.42
2013-11-22,14574.35
2013-11-25,14635.59
2013-11-26,14287.9
2013-11-27,14378.21
2013-11-28,14355.49
2013-11-29,14453.69
2013-12-02,14738.39
2013-12-03,14617.59
2013-12-04,14414.33
2013-12-05,14359.98
2013-12-06,14202.67
2013-12-09,14281.04
2013-12-10,14486.53
2013-12-11,14487.97
2013-12-12,14246.24
2013-12-13,14125.23
2013-12-16,13949.4
2013-12-17,14133.02
2013-12-18,14183.31
2013-12-19,14347.99
2013-12-20,14213.84
2013-12-23,14191.69
2013-12-24,14235.92
2013-12-27,14243.86
2013-12-30,14429.03
2014-01-02,14661.55
2014-01-03,14395.04
2014-01-06,14218.88
2014-01-07,14098.09
2014-01-08,14214
2014-01-09,14232.65
2014-01-10,14498.66
2014-01-13,15011.04
2014-01-15,15211.19
2014-01-16,15063.62
2014-01-17,15066.56
2014-01-20,15157.79
2014-01-21,15222.94
2014-01-22,15307.51
2014-01-23,15349.59
2014-01-24,15157.07
2014-01-27,14697.82
2014-01-28,14751.73
2014-01-29,15047.9
2014-01-30,15081.76
2014-02-03,14960.58
2014-02-04,14843.96
2014-02-05,14972.69
2014-02-06,15144.69
2014-02-07,15299.97
2014-02-10,15258.58
2014-02-11,15313.57
2014-02-12,15409.91
2014-02-13,15388.09
2014-02-14,15447.77
2014-02-17,15625.16
2014-02-18,15642.48
2014-02-19,15758.39
2014-02-20,15795.58
2014-02-21,15981.53
2014-02-24,15899.18
2014-02-25,15708.42
2014-02-26,15555.84
2014-02-27,15662.25
2014-02-28,15865.65
2014-03-03,15737.46
2014-03-04,15814.08
2014-03-05,15997.72
2014-03-06,16096.3
2014-03-07,16087.48
2014-03-10,16064.47
2014-03-11,16159.73
2014-03-12,16075.2
2014-03-13,16207.93
2014-03-14,16867.2
2014-03-17,16862.17
2014-03-18,16561.4
2014-03-19,16608.69
2014-03-20,16124.96
2014-03-21,16131.04
2014-03-24,16209.89
2014-03-25,16143.65
2014-03-26,16240.89
2014-03-27,16232.3
2014-03-28,16375.73
2014-04-01,16820.66
2014-04-02,16806.83
2014-04-03,16881.33
2014-04-04,16753.17
2014-04-07,16999.9
2014-04-08,16993.96
2014-04-10,16330.49
2014-04-11,16545.04
2014-04-14,16749.9
2014-04-15,16773.26
2014-04-16,16777.24
2014-04-17,16879.37
2014-04-21,16847.89
2014-04-22,16878.08
2014-04-23,16853.85
2014-04-24,16868.93
2014-04-25,16876.54
2014-04-28,16574.29
2014-04-29,16653.06
2014-04-30,16709.39
2014-05-02,16716.25
2014-05-05,16727.24
2014-05-06,16708.04
2014-05-07,16802.45
2014-05-08,16843.5
2014-05-09,16960.61
2014-05-12,17019.4
2014-05-13,17009.98
2014-05-14,17301.38
2014-05-16,17460.78
2014-05-19,17398.2
2014-05-20,16929.92
2014-05-21,16991.73
2014-05-22,17240.89
2014-05-23,17250.39
2014-05-26,17215.04
2014-05-28,17279.11
2014-05-30,16911.43
2014-06-02,16937.38
2014-06-03,17049.69
2014-06-04,16997.4
2014-06-05,16988.62
2014-06-06,17021.75
2014-06-09,16833.03
2014-06-10,17068.37
2014-06-11,17141.61
2014-06-12,17008.79
2014-06-13,16987.2
2014-06-16,16865.2
2014-06-17,16975.11
2014-06-18,16895.5
2014-06-19,16776.07
2014-06-20,16750.66
2014-06-23,16740.81
2014-06-24,16801.34
2014-06-25,16721
2014-06-26,16831.77
2014-06-27,16733.39
2014-06-30,16872.74
2014-07-01,16904.04
2014-07-02,16995.78
2014-07-03,16906.2
2014-07-04,16986.42
2014-07-07,17328.78
2014-07-08,17484.49
2014-07-10,17821.17
2014-07-11,17551.15
2014-07-14,17495.18
2014-07-15,17720.33
2014-07-16,17919.58
2014-07-17,17733.89
2014-07-18,17848.04
2014-07-21,18016.14
2014-07-22,17826.68
2014-07-23,17846.86
2014-07-24,17811.54
2014-07-25,17746.27
2014-08-04,17867.2
2014-08-05,17825.57
2014-08-06,17583.5
2014-08-07,17602.21
2014-08-08,17560.5
2014-08-11,17798.5
2014-08-12,17854.55
2014-08-13,18002.34
2014-08-14,17937.08
2014-08-15,17886.55
2014-08-18,17899.54
2014-08-19,17907.28
2014-08-20,18030.96
2014-08-21,18030.96
2014-08-22,18075.02
2014-08-25,18025.22
2014-08-26,17852.76
2014-08-27,17921.47
2014-08-28,17968.71
2014-08-29,17783.45
2014-09-01,17929
2014-09-02,18031.64
2014-09-03,18124.39
2014-09-04,18045.75
2014-09-05,18057.07
2014-09-08,18146.2
2014-09-09,17978.95
2014-09-10,17801.81
2014-09-11,17777.93
2014-09-12,17810.27
2014-09-15,17824.67
2014-09-16,17731.43
2014-09-17,17947.56
2014-09-18,18060.99
2014-09-19,18108.21
2014-09-22,18082.01
2014-09-23,17962.92
2014-09-24,17901.15
2014-09-25,17993.17
2014-09-26,17700.46
2014-09-29,17768.77
2014-09-30,17723.98
2014-10-01,17711.14
2014-10-02,17230.71
2014-10-03,17071.34
2014-10-06,17291.39
2014-10-07,17413.36
2014-10-08,17095.32
2014-10-09,17248.47
2014-10-10,17153.49
2014-10-13,16991.79
2014-10-14,17027.53
2014-10-15,17202.32
2014-10-16,17172.18
2014-10-17,17478.37
2014-10-20,17494.8
2014-10-21,17469.88
2014-10-22,17629.33
2014-10-23,17713.82
2014-10-24,17619.66
2014-10-27,17422.98
2014-10-28,17307.42
2014-10-29,17586.44
2014-10-30,17519.01
2014-10-31,17671.65
2014-11-03,17665.61
2014-11-04,17585.3
2014-11-05,17579.48
2014-11-06,17481.51
2014-11-07,17299.56
2014-11-10,17229.84
2014-11-11,17524.63
2014-11-12,17605.9
2014-11-13,17632.16
2014-11-14,17649.36
2014-11-17,17713.9
2014-11-18,17888.62
2014-11-19,17985.31
2014-11-20,17888.06
2014-11-21,17976.25
2014-11-24,18109.42
2014-11-25,18035.02
2014-11-26,18059.24
2014-11-27,18097.41
2014-11-28,18088.65
2014-12-01,18219.7
2014-12-02,18280.16
2014-12-03,18263.61
2014-12-04,18272.57
2014-12-05,18303.43
2014-12-08,18133.37
2014-12-09,18065.8
2014-12-10,18257.49
2014-12-11,18206.88
2014-12-12,18227.09
2014-12-15,18032.27
2014-12-16,17707.88
2014-12-17,17739.4
2014-12-18,18033.92
2014-12-19,18132.71
2014-12-22,18078.36
2014-12-23,18131.64
2014-12-24,18219.66
2014-12-29,18266.11
2014-12-30,18384.41
2015-01-02,18442.43
2015-01-05,18365.99
2015-01-06,18162.17
2015-01-07,18317.82
2015-01-08,18366.4
2015-01-09,18357.12
2015-01-12,18199.08
2015-01-13,18284.85
2015-01-14,18104.79
2015-01-15,18241.14
2015-01-16,18075.23
2015-01-19,18043.78
2015-01-20,18103.63
2015-01-21,18315.91
2015-01-22,18499.29
2015-01-23,18786.48
2015-01-26,18490.85
2015-01-27,18566.53
2015-01-28,18497.04
2015-01-29,18436.92
2015-01-30,18515.5
2015-02-02,18443.94
2015-02-03,18557.74
2015-02-04,18634.83
2015-02-05,18492.56
2015-02-06,18761.73
2015-02-09,18762.23
2015-02-10,18659.7
2015-02-11,18740.94
2015-02-12,18751.92
2015-02-13,18885.13
2015-02-16,18686.77
2015-02-17,18727.48
2015-02-18,18971.13
2015-02-20,19006.86
2015-02-23,19007.17
2015-02-24,19042.01
2015-02-25,19125.62
2015-02-26,19130.41
2015-02-27,19070.44
2015-03-02,19164.69
2015-03-03,19116.68
2015-03-04,18987.58
2015-03-05,19006.75
2015-03-06,19236.44
2015-03-09,18979.1
2015-03-10,19024
2015-03-11,18854.13
2015-03-12,18898.73
2015-03-13,18825.62
2015-03-16,18870.04
2015-03-17,18872.54
2015-03-18,18813.7
2015-03-19,18965.71
2015-03-20,18935.54
2015-03-23,18910.95
2015-03-24,18933.39
2015-03-25,18784.67
2015-03-26,18668.53
2015-03-27,18785.32
2015-03-30,18942.07
2015-03-31,19236.46
2015-04-01,19073.36
2015-04-02,19038.17
2015-04-06,19066.29
2015-04-07,19243.13
2015-04-08,19116.51
2015-04-09,19157.95
2015-04-10,19110.1
2015-04-13,18997.74
2015-04-14,18857.28
2015-04-15,18873.67
2015-04-16,18897.56
2015-04-17,18855.91
2015-04-20,18823.96
2015-04-21,19055.88
2015-04-22,18982.54
2015-04-23,18958.74
2015-04-24,18977.84
2015-04-27,18279.49
2015-04-28,18178.54
2015-04-29,17649.41
2015-04-30,17513.81
2015-05-04,17787.21
2015-05-05,17864.97
2015-05-06,17949.2
2015-05-07,17866.69
2015-05-08,17985.35
2015-05-11,17943.09
2015-05-12,18063.86
2015-05-13,18201.61
2015-05-15,18088.5
2015-05-18,18150.27
2015-05-19,18303.41
2015-05-20,18421.11
2015-05-21,18496.19
2015-05-22,18541.09
2015-05-25,18421.19
2015-05-26,18528.07
2015-05-27,18263.18
2015-05-28,18205.66
2015-05-29,18154.57
2015-06-01,18191.01
2015-06-03,17838.27
2015-06-04,17726.89
2015-06-05,17750.58
2015-06-08,17424.33
2015-06-09,16985.93
2015-06-10,17067.32
2015-06-11,17038.56
2015-06-12,17055.26
2015-06-15,16649.81
2015-06-16,16825.32
2015-06-17,17117.16
2015-06-18,17120.08
2015-06-19,17274.55
2015-06-22,17169.66
2015-06-23,17087.18
2015-06-24,17078.6
2015-06-25,16938.55
2015-06-26,16948.65
2015-06-29,16796.45
2015-06-30,16886.17
2015-07-01,16859.73
2015-07-02,17182.12
2015-07-03,17346.69
2015-07-06,17092.57
2015-07-07,17094.72
2015-07-08,17002.17
2015-07-09,16876.81
2015-07-10,16932.35
2015-07-13,17117.99
2015-07-14,17158.94
2015-07-15,17023.66
2015-07-22,17256.04
2015-07-23,17184.19
2015-07-24,16943.88
2015-07-27,16569.8
2015-07-28,16308.54
2015-07-29,16301.16
2015-07-30,16236.53
2015-07-31,16603.63
2015-08-03,16651.77
2015-08-04,16549.88
2015-08-05,16853.78
2015-08-06,16693.48
2015-08-07,16567.33
2015-08-10,16531.48
2015-08-11,16076
2015-08-12,15588.27
2015-08-13,16005.42
2015-08-14,16032.86
2015-08-18,15778.82
2015-08-19,15703.59
2015-08-20,15540.41
2015-08-21,15140.74
2015-08-24,14516.06
2015-08-25,14752.49
2015-08-26,14799.76
2015-08-27,15541.92
2015-08-28,15542.18
2015-08-31,15779.4
2015-09-01,15397.09
2015-09-02,15371.25
2015-09-03,15488.96
2015-09-04,15380.69
2015-09-07,14950.69
2015-09-08,15003
2015-09-09,15135.11
2015-09-10,15118.88
2015-09-11,15177.1
2015-09-14,15268.52
2015-09-15,15108.4
2015-09-16,15059.75
2015-09-17,15266.43
2015-09-18,15282.83
2015-09-21,15235.89
2015-09-22,15082.22
2015-09-23,14699.98
2015-09-25,14564.08
2015-09-28,14237.75
2015-09-29,14507.1
2015-09-30,14654.05
2015-10-01,14766.07
2015-10-02,14631.81
2015-10-05,15154.91
2015-10-06,15521.59
2015-10-07,15631.12
2015-10-08,15661.19
2015-10-09,15996.37
2015-10-12,16117.73
2015-10-13,15551.66
2015-10-15,15676.74
2015-10-16,15732.28
2015-10-19,15951.41
2015-10-20,15993.54
2015-10-21,16095.63
2015-10-22,16024.14
2015-10-23,16275.19
2015-10-26,16582.22
2015-10-27,16463.07
2015-10-28,16319.75
2015-10-29,15815.58
2015-10-30,15811.64
2015-11-02,15842.54
2015-11-03,16069.16
2015-11-04,16447.39
2015-11-05,16293.53
2015-11-06,16249.24
2015-11-09,16005.96
2015-11-10,15873.58
2015-11-11,15856.37
2015-11-12,15905.4
2015-11-13,15969.19
2015-11-16,15848.6
2015-11-17,16088.04
2015-11-18,16083.82
2015-11-19,16159.25
2015-11-20,16339.88
2015-11-23,16256.5
2015-11-24,16275.81
2015-11-25,16429.63
2015-11-26,16504.05
2015-11-27,16313.72
2015-11-30,15904.14
2015-12-01,16350.77
2015-12-02,16300.52
2015-12-03,16309.67
2015-12-04,16206.01
2015-12-07,16257.17
2015-12-08,16056.98
2015-12-10,16067.82
2015-12-11,15788.62
2015-12-14,15716.35
2015-12-15,15846.99
2015-12-16,16160.2
2015-12-17,16447.76
2015-12-18,16056.7
2015-12-21,16147.67
2015-12-22,16275.79
2015-12-23,16255.29
2015-12-28,16389.42
2015-12-29,16411.46
2015-12-30,16432.97
2016-01-04,16231.19
2016-01-05,16415.73
2016-01-06,16674.62
2016-01-07,16378.58
2016-01-08,16440.54
2016-01-11,16137.73
2016-01-12,16366.27
2016-01-13,16482.14
2016-01-14,16387.9
2016-01-15,16423.13
2016-01-18,16231.08
2016-01-19,16284.49
2016-01-20,16004.76
2016-01-21,15950.39
2016-01-22,16122
2016-01-25,16298.19
2016-01-26,16324.52
2016-01-27,16562.69
2016-01-28,16607.07
2016-01-29,16625.05
2016-02-01,16640.91
2016-02-02,16482.19
2016-02-03,16552.89
2016-02-04,16848.98
2016-02-05,17406.06
2016-02-09,17256.72
2016-02-10,17121.61
2016-02-11,17291.11
2016-02-12,17057.05
2016-02-15,17156.33
2016-02-16,17160.45
2016-02-17,17218.73
2016-02-18,17240.06
2016-02-19,16863.34
2016-02-22,16880.31
2016-02-23,16666.87
2016-02-24,16693.94
2016-02-25,16649.16
2016-02-26,16925.15
2016-02-29,17027.48
2016-03-01,17068.53
2016-03-02,17268.83
2016-03-03,17306.07
2016-03-04,17330.04
2016-03-07,17224.33
2016-03-08,17108.51
2016-03-10,17052.43
2016-03-11,17132.01
2016-03-14,17367.55
2016-03-15,17281.11
2016-03-16,17332.46
2016-03-17,17399.47
2016-03-18,17401.09
2016-03-21,17412.11
2016-03-22,17299.47
2016-03-23,17240.2
2016-03-24,17169.19
2016-03-28,16974.91
2016-03-29,16997.08
2016-03-30,17133.92
2016-03-31,17229.72
2016-04-01,17244.28
2016-04-04,17288.18
2016-04-05,17321.42
2016-04-06,17318.41
2016-04-07,17267.73
2016-04-08,17158.4
2016-04-11,16891.86
2016-04-12,17055.96
2016-04-13,17094.04
2016-04-14,16946.66
2016-04-15,16995.07
2016-04-18,17193.49
2016-04-19,17249.61
2016-04-20,17237.24
2016-04-21,17261.97
2016-04-22,17317.82
2016-04-25,17208.6
2016-04-26,16979.55
2016-04-27,17018.32
2016-04-28,17003.53
2016-04-29,16949.63
2016-05-02,16872.95
2016-05-03,16926.23
2016-05-04,16959.63
2016-05-09,16736.03
2016-05-10,16812.01
2016-05-11,16944.63
2016-05-12,16916.98
2016-05-13,16807.17
2016-05-16,16682.61
2016-05-17,16655.52
2016-05-18,16683.19
2016-05-19,16549.02
2016-05-20,16580.32
2016-05-23,16720.5
2016-05-24,16636.75
2016-05-25,16883.06
2016-05-26,16898.72
2016-05-27,17002.27
2016-05-30,17047.04
2016-05-31,16916.61
2016-06-01,17025.9
2016-06-02,16974.52
2016-06-03,17073.21
2016-06-06,17271.79
2016-06-07,17389.54
2016-06-08,17284.15
2016-06-09,17099.99
2016-06-10,17008.18
2016-06-13,16883.02
2016-06-14,16973.27
2016-06-15,16969.93
2016-06-16,16969.27
2016-06-17,17090.92
2016-06-20,17171.75
2016-06-21,17254.86
2016-06-22,17315.48
2016-06-23,17210.77
2016-06-24,17075.35
2016-06-27,17077.35
2016-06-28,17244.07
2016-06-29,17599.69
2016-06-30,17672.79
2016-07-01,17443.61
2016-07-11,17800.11
2016-07-12,17875.75
2016-07-13,18008.07
2016-07-14,17790.64
2016-07-15,17882.82
2016-07-18,17896.62
2016-07-19,18087.02
2016-07-20,18333.33
2016-07-21,18185.26
2016-07-22,18093.57
2016-07-25,18199.61
2016-07-26,18274.71
2016-07-27,18461.56
2016-07-28,18514.25
2016-07-29,18196.81
2016-08-01,18745.08
2016-08-02,18704.47
2016-08-03,18568.81
2016-08-04,18682.67
2016-08-05,18863.3
2016-08-08,19121.1
2016-08-09,19033.18
2016-08-10,18933.58
2016-08-11,18866.35
2016-08-12,18698.24
2016-08-15,18503.75
2016-08-16,18745.91
2016-08-18,19073.14
2016-08-19,18871.13
2016-08-22,18901.63
2016-08-23,18881.14
2016-08-24,18758.78
2016-08-25,18930.09
2016-08-26,18843.01
2016-08-29,18541.97
2016-08-30,18483.76
2016-08-31,18602.43
2016-09-01,18446.97
2016-09-02,18497.41
2016-09-05,18536.89
2016-09-06,18592.05
2016-09-07,18650.43
2016-09-08,18554.36
2016-09-09,18198.31
2016-09-13,17984.84
2016-09-14,17702.75
2016-09-15,18206.9
2016-09-16,18154.56
2016-09-19,18360.41
2016-09-20,18302.12
2016-09-21,18468.26
2016-09-22,18568.74
2016-09-23,18562.77
2016-09-26,18375.55
2016-09-27,18669.96
2016-09-28,18659.88
2016-09-29,18706.75
2016-09-30,18386.48
2016-10-03,18782.64
2016-10-04,18778.45
2016-10-05,18578.5
2016-10-06,18525.58
2016-10-07,18336.67
2016-10-10,18243.17
2016-10-11,18327.33
2016-10-12,18299.25
2016-10-13,18190.96
2016-10-14,18474.67
2016-10-17,18439.73
2016-10-18,18548.54
2016-10-19,18430.95
2016-10-20,18432.99
2016-10-21,18417.81
2016-10-24,18390.92
2016-10-25,18273.58
2016-10-26,18218.19
2016-10-27,18306.24
2016-10-28,18273.67
2016-10-31,18300.83
2016-11-01,18217.72
2016-11-02,18123.92
2016-11-03,17851.36
2016-11-04,17968.47
2016-11-07,18067.76
2016-11-08,18404.02
2016-11-09,18158.34
2016-11-10,18311.69
2016-11-11,17413.92
2016-11-14,16929.23
2016-11-15,16819.55
2016-11-16,17208.15
2016-11-17,17241.8
2016-11-18,17118.17
2016-11-21,17015.93
2016-11-22,17142.56
2016-11-23,17219.05
2016-11-24,16813.85
2016-11-25,16823.93
2016-11-28,16719.33
2016-11-29,16842.19
2016-11-30,16913.61
2016-12-01,17109.85
2016-12-02,17310.26
2016-12-05,17365.28
2016-12-06,17368.63
2016-12-07,17334.1
2016-12-08,17527.37
2016-12-09,17501.41
2016-12-13,17448.21
2016-12-14,17319.26
2016-12-15,17267.12
2016-12-16,17182.69
2016-12-19,17040.06
2016-12-20,16922.78
2016-12-21,16767.74
2016-12-22,16539
2016-12-23,16484.21
2016-12-27,16755.29
2016-12-28,17150.95
2016-12-29,17507.13
2016-12-30,17532.57
2017-01-03,17427.21
2017-01-04,17549.62
2017-01-05,17627.47
2017-01-06,17702.81
2017-01-09,17573.4
2017-01-10,17597.64
2017-01-11,17513.51
2017-01-12,17496.67
2017-01-13,17432.86
2017-01-16,17384.24
2017-01-17,17361.4
2017-01-18,17452.88
2017-01-19,17481.69
2017-01-20,17320.52
2017-01-23,17285.96
2017-01-24,17447.69
2017-01-25,17446.3
2017-01-26,17509.01
2017-01-27,17472.34
2017-01-30,17415.73
2017-01-31,17380.53
2017-02-01,17530.56
2017-02-02,17602.63
2017-02-03,17651.33
2017-02-06,17795.31
2017-02-07,17736.24
2017-02-08,17720.82
2017-02-09,17747.84
2017-02-10,17754.52
2017-02-13,17872.17
2017-02-14,17800.39
2017-02-16,17794.66
2017-02-17,17672.95
2017-02-20,17707.68
2017-02-21,17662.47
2017-02-22,17773.56
2017-02-23,17811.81
2017-02-24,17845.74
2017-02-27,17768.05
2017-02-28,17764.18
2017-03-01,17608.57
2017-03-02,17756.31
2017-03-03,17686.5
2017-03-06,17744.7
2017-03-07,17722.23
2017-03-08,17682.99
2017-03-09,17743.28
2017-03-10,17679.46
2017-03-13,17717.81
2017-03-14,17825.11
2017-03-15,17787.12
2017-03-16,18134.25
2017-03-17,18255.01
2017-03-20,18180.28
2017-03-21,18222.19
2017-03-22,18222.01
2017-03-23,18381.57
2017-03-24,18423.59
2017-03-27,18290.09
2017-03-29,18391.19
2017-03-30,18398.73
2017-03-31,18292.1
2017-04-03,18429.93
2017-04-04,18569.08
2017-04-05,18590.31
2017-04-06,18602.91
2017-04-07,18476.05
2017-04-10,18407.29
2017-04-11,18346.29
2017-04-12,18471.62
2017-04-13,18319.9
2017-04-17,18134.34
2017-04-18,18270.33
2017-04-20,18251.1
2017-04-21,18539.52
2017-04-25,18582.9
2017-04-26,18760.9
2017-04-27,18690.52
2017-04-28,18613.76
2017-05-02,18613.31
2017-05-03,18533.34
2017-05-04,18652.76
2017-05-05,18738.7
2017-05-08,18812.03
2017-05-09,18745.94
2017-05-10,18612.29
2017-05-12,18669.36
2017-05-15,18759.23
2017-05-16,18549.92
2017-05-17,18462.92
2017-05-18,18565.77
2017-05-19,19118.27
2017-05-22,18956.98
2017-05-23,18805.59
2017-05-24,18693.07
2017-05-26,18743.56
2017-05-29,18730.81
2017-05-30,18668.65
2017-05-31,18805.16
2017-06-02,18874.78
2017-06-05,18892.51
2017-06-06,18778.26
2017-06-07,18848.51
2017-06-08,18773.59
2017-06-09,18718.43
2017-06-12,18834.88
2017-06-13,18897.78
2017-06-14,19172.83
2017-06-15,19106.78
2017-06-16,18908.12
2017-06-19,18963.04
2017-06-20,19149.94
2017-06-21,19215.32
2017-06-22,19213.89
2017-07-03,19519.94
2017-07-04,19398.47
2017-07-05,19214.98
2017-07-06,19265
2017-07-07,19124.07
2017-07-10,18973.76
2017-07-11,18966.85
2017-07-12,19136.4
2017-07-13,19157.05
2017-07-14,19161.27
2017-07-17,19181.2
2017-07-18,19090.94
2017-07-19,19028.23
2017-07-20,19067.47
2017-07-21,18867.29
2017-07-24,19023.46
2017-07-25,19068.24
2017-07-26,18995.49
2017-07-27,19051.27
2017-07-28,19086.03
2017-07-31,19145.57
2017-08-01,19034.61
2017-08-02,19086.63
2017-08-03,18965.85
2017-08-04,18938.56
2017-08-07,18821.2
2017-08-08,19034.53
2017-08-09,19086.08
2017-08-10,19092.22
2017-08-11,18903.23
2017-08-14,19016.9
2017-08-15,19087.32
2017-08-16,19267.64
2017-08-18,19289.82
2017-08-21,19197.31
2017-08-22,19235.71
2017-08-23,19351.97
2017-08-24,19286.97
2017-08-25,19393.65
2017-08-28,19348.34
2017-08-29,19302.75
2017-08-30,19244.63
2017-08-31,19193.22
2017-09-04,19041.67
2017-09-05,19086.28
2017-09-06,19059.65
2017-09-07,19106.7
2017-09-08,19135.08
2017-09-11,19137.82
2017-09-12,19135.32
2017-09-13,19076.87
2017-09-14,19119.45
2017-09-15,19176.39
2017-09-18,19216.84
2017-09-19,19279.53
2017-09-20,19292.38
2017-09-22,19284.99
2017-09-25,19210.87
2017-09-26,19150.28
2017-09-27,19110.97
2017-09-28,18994.44
2017-09-29,19158.91
2017-10-02,19220.7
2017-10-03,19305.45
2017-10-04,19360.06
2017-10-05,19184.18
2017-10-06,19235.46
2017-10-09,19254.98
2017-10-10,19233.07
2017-10-11,19158.79
2017-10-12,19285.67
2017-10-13,19272.73
2017-10-16,19315.92
2017-10-17,19320.24
2017-10-18,19251.38
2017-10-19,19157.09
2017-10-20,19155.94
2017-10-23,19186.39
2017-10-24,19091.5
2017-10-25,19313.67
2017-10-26,19278.6
2017-10-27,19155.52
2017-10-30,19159.78
2017-10-31,19260.72
2017-11-01,19434.77
2017-11-02,19444.68
2017-11-03,19517.95
2017-11-06,19537.34
2017-11-07,19572.72
2017-11-08,19521.08
2017-11-09,19467.14
2017-11-10,19395.26
2017-11-13,19392.88
2017-11-14,19264.79
2017-11-15,19217.54
2017-11-16,19449
2017-11-17,19553.04
2017-11-20,19546.28
2017-11-21,19451.1
2017-11-22,19599.83
2017-11-23,19590.97
2017-11-24,19596.35
2017-11-27,19618.8
2017-11-28,19684.65
2017-11-29,19629.58
2017-11-30,19170.28
2017-12-04,19393.21
2017-12-05,19445.85
2017-12-06,19557.51
2017-12-07,19466.59
2017-12-08,19531.13
2017-12-11,19537.11
2017-12-12,19538.95
2017-12-13,19601.68
2017-12-14,19776.12
2017-12-15,19712.04
2017-12-18,19793.12
2017-12-19,19903.53
2017-12-20,19643.73
2017-12-21,19911.57
2017-12-22,20068.65
2017-12-27,20236.62
2017-12-28,20341
2017-12-29,20480.89
2018-01-02,20398.89
2018-01-03,20096.87
2018-01-04,20297.94
2018-01-05,20502.49
2018-01-08,20618.72
2018-01-09,20561.37
2018-01-10,20542.2
2018-01-11,20614.84
2018-01-12,20552.56
2018-01-15,20565.11
2018-01-16,20758.88
2018-01-17,20803.18
2018-01-18,20848.81
2018-01-19,20847.45
2018-01-22,20876.72
2018-01-23,21356.99
2018-01-24,21341.48
2018-01-25,21218.02
2018-01-26,21332.72
2018-01-29,21302.46
2018-01-30,20869.62
2018-01-31,20961.24
2018-02-01,20939.56
2018-02-02,21064.48
2018-02-05,20952.33
2018-02-06,20673.74
2018-02-07,20895.31
2018-02-08,20913.93
2018-02-09,20718.25
2018-02-12,20733.3
2018-02-13,20924.98
2018-02-14,20998.68
2018-02-15,20957.38
2018-02-19,21301.4
2018-02-20,21196.63
2018-02-21,21112.95
2018-02-22,20907.72
2018-02-23,20983.8
2018-02-26,20710.35
2018-02-27,20883.26
2018-02-28,20846.67
2018-03-01,20931.84
2018-03-02,20863.49
2018-03-05,20731.76
2018-03-06,20540.61
2018-03-07,20114.59
2018-03-08,20401.83
2018-03-09,20340.89
2018-03-12,20525.36
2018-03-13,20181.52
2018-03-14,20039.03
2018-03-15,19796.8
2018-03-16,19728.97
2018-03-19,19696.86
2018-03-20,19526.47
2018-03-21,19747.23
2018-03-22,19552.77
2018-03-23,19383.05
2018-03-26,19353.37
2018-03-27,19344
2018-03-28,19115.3
2018-03-29,19261.43
2018-04-02,19515.51
2018-04-03,19491.73
2018-04-04,19252.54
2018-04-05,19340.08
2018-04-06,19298.87
2018-04-09,19545.62
2018-04-10,19861.5
2018-04-11,19987.39
2018-04-12,19799.48
2018-04-13,19626.35
2018-04-16,19678.95
2018-04-17,19671.47
2018-04-18,19789.07
2018-04-19,19907.66
2018-04-20,19857.89
2018-04-23,19724.53
2018-04-24,19438.15
2018-04-25,18880.11
2018-04-26,18248.47
2018-04-27,18260.68
2018-04-30,18490.45
2018-05-02,18548.34
2018-05-03,18018.64
2018-05-04,17774.88
2018-05-07,18051.44
2018-05-08,17744.38
2018-05-09,18270.06
2018-05-11,18463.08
2018-05-14,18407.93
2018-05-15,18005.99
2018-05-16,18026.42
2018-05-17,17957.19
2018-05-18,17845.41
2018-05-21,17604.82
2018-05-22,17728.22
2018-05-23,17976.22
2018-05-24,18576.43
2018-05-25,18661.58
2018-05-28,18999.84
2018-05-30,18742.14
2018-05-31,18601.9
2018-06-04,18849.91
2018-06-05,19112.32
2018-06-06,19034.56
2018-06-07,19149.45
2018-06-08,18729.94
2018-06-20,18323.81
2018-06-21,18073.84
2018-06-22,18068.39
2018-06-25,18216.74
2018-06-26,18072.23
2018-06-27,17883.94
2018-06-28,17458.64
2018-06-29,17935.05
2018-07-02,17786.87
2018-07-03,17414.88
2018-07-04,17749.74
2018-07-05,17717.11
2018-07-06,17544.36
2018-07-09,17931.04
2018-07-10,18149.99
2018-07-11,18134.42
2018-07-12,18132.19
2018-07-13,18306.61
2018-07-16,18148.29
2018-07-17,17998.66
2018-07-18,18132.26
2018-07-19,18055.85
2018-07-20,18101.05
2018-07-23,18278.74
2018-07-24,18296.51
2018-07-25,18296.12
2018-07-26,18335.44
2018-07-27,18518.59
2018-07-30,18655.45
2018-07-31,18309.34
2018-08-01,18643.02
2018-08-02,18521.95
2018-08-03,18508.36
2018-08-06,18924.65
2018-08-07,18889.72
2018-08-08,18895.28
2018-08-09,18860.39
2018-08-10,18868.1
2018-08-13,18104.26
2018-08-14,17773.95
2018-08-15,17947.57
2018-08-16,17751.49
2018-08-20,18130.8
2018-08-21,18299.95
2018-08-23,18487.07
2018-08-24,18397.97
2018-08-27,18639.36
2018-08-28,18608.53
2018-08-29,18719.94
2018-08-30,18540
2018-08-31,18474.64
2018-09-03,18277.07
2018-09-04,18083.61
2018-09-05,17331.44
2018-09-06,17621.52
2018-09-07,17894.09
2018-09-10,17815.71
2018-09-12,17674.38
2018-09-13,17893.16
2018-09-14,18152.27
2018-09-17,17752.37
2018-09-18,17709.47
2018-09-19,17880.12
2018-09-20,18103.44
2018-09-21,18201.82
2018-09-24,17883.41
2018-09-25,17869.03
2018-09-26,17841.72
2018-09-27,18059.29
2018-09-28,18203.38
2018-10-01,18132.25
2018-10-02,17917.61
2018-10-03,17881.31
2018-10-04,17536.09
2018-10-05,17464.19
2018-10-08,17521.6
2018-10-09,17634.87
2018-10-10,17674.07
2018-10-11,17264.86
2018-10-12,17436.82
2018-10-15,17339.08
2018-10-16,17622.74
2018-10-17,17881.7
2018-10-18,17783.25
2018-10-19,17718.05
2018-10-22,17756.16
2018-10-23,17605.86
2018-10-24,17237.89
2018-10-25,17371.62
2018-10-26,17474.99
2018-10-29,17343.09
2018-10-30,17504.15
2018-10-31,17730.23
2018-11-01,17770.22
2018-11-02,18053.99
2018-11-05,18049.6
2018-11-06,18088.43
2018-11-07,18160.19
2018-11-08,18350.85
2018-11-09,18005.21
2018-11-12,17559.51
2018-11-13,17760.19
2018-11-14,17851.3
2018-11-15,18213.82
2018-11-16,18471.42
2018-11-19,18407.39
2018-11-21,18163.58
2018-11-22,18379.57
2018-11-23,18402.07
2018-11-26,18442.1
2018-11-27,18387.48
2018-11-28,18248.74
2018-11-29,18711.29
2018-11-30,18496.38
2018-12-03,18723.69
2018-12-04,18847.09
2018-12-05,18755.61
2018-12-06,18666.52
2018-12-07,18720.53
2018-12-10,18656.63
2018-12-11,18516.86
2018-12-12,18629.48
2018-12-13,18882.05
2018-12-14,18855.08
2018-12-17,18580.02
2018-12-18,18586.79
2018-12-19,18890.38
2018-12-20,18845.01
2018-12-21,18855.77
2018-12-26,18680.45
2018-12-27,18873.84
2018-12-28,18818.74
2019-01-02,18787.48
2019-01-03,18907.14
2019-01-04,19051.03
2019-01-07,19094.39
2019-01-08,19026.8
2019-01-09,19072.01
2019-01-10,19282.35
2019-01-11,19318.48
2019-01-14,19203.32
2019-01-15,19444.47
2019-01-16,19544.16
2019-01-17,19587.43
2019-01-18,19662.23
2019-01-21,19643.99
2019-01-22,19682.79
2019-01-23,19590.6
2019-01-24,19648.36
2019-01-25,19707.44
2019-01-28,19546.41
2019-01-29,19404.02
2019-01-30,19521.67
2019-01-31,19804.95
2019-02-01,19836.44
2019-02-04,19554.36
2019-02-06,19823.7
2019-02-07,19776.06
2019-02-08,19695.61
2019-02-11,19592.16
2019-02-12,19316.64
2019-02-13,19278.14
2019-02-14,19261.99
2019-02-15,19161.44
2019-02-18,19549.23
2019-02-19,19527.63
2019-02-20,19577.13
2019-02-21,19617.96
2019-02-22,19493.78
2019-02-25,19545.2
2019-02-26,19628.39
2019-02-27,19520.73
2019-02-28,19237.75
2019-03-01,19508.74
2019-03-04,19522.57
2019-03-05,19300.5
2019-03-06,19339.13
2019-03-08,19063.03
2019-03-11,19053.7
2019-03-12,19041.62
2019-03-13,19092.35
2019-03-14,19195.28
2019-03-15,19341.88
2019-03-18,19523.79
2019-03-19,19462.55
2019-03-20,19492.22
2019-03-21,19565.07
2019-03-22,19598.75
2019-03-25,19090
2019-03-26,19328.98
2019-03-27,19208.78
2019-03-28,19346.95
2019-03-29,19463.21
2019-04-01,19426.75
2019-04-02,19445.41
2019-04-04,19598
2019-04-05,19540.92
2019-04-08,19410.95
2019-04-09,19598.49
2019-04-10,19573.3
2019-04-11,19306.45
2019-04-12,19295.35
2019-04-15,19377.86
2019-04-16,19583.73
2019-04-18,19692.02
2019-04-22,19346.17
2019-04-23,19589.12
2019-04-24,19527.21
2019-04-25,19250.01
2019-04-26,19384.51
2019-04-29,19466.79
2019-04-30,19553.73
2019-05-02,19272.84
2019-05-03,19104.09
2019-05-06,18893.61
2019-05-07,19085.29
2019-05-08,18973.53
2019-05-09,18700.11
2019-05-10,18733.19
2019-05-13,18464.58
2019-05-14,18328.72
2019-05-15,18016.65
2019-05-16,17716.18
2019-05-17,17473.37
2019-05-20,17760.39
2019-05-21,17902.21
2019-05-22,17850.2
2019-05-23,18210.64
2019-05-24,18368.22
2019-05-27,18580.94
2019-05-28,18251.13
2019-05-29,18538.17
2019-05-31,18952.39
2019-06-10,19338.23
2019-06-11,19357.31
2019-06-12,19288.8
2019-06-13,19260.08
2019-06-14,19174.67
2019-06-17,19001.56
2019-06-18,19266.94
2019-06-19,19584.99
2019-06-20,19542.66
2019-06-21,19441.76
2019-06-24,19307.52
2019-06-25,19387.32
2019-06-26,19344.14
2019-06-27,19542.49
2019-06-28,19608.06
2019-07-01,19752.38
2019-07-02,19751.44
2019-07-03,19643.83
2019-07-04,19677.92
2019-07-05,19672.56
2019-07-08,19553.01
2019-07-09,19682.34
2019-07-10,19743.22
2019-07-11,19786.75
2019-07-12,19601.48
2019-07-15,19791.12
2019-07-16,19763.87
2019-07-17,19732.75
2019-07-18,19735.76
2019-07-19,19840.57
2019-07-22,19724.84
2019-07-23,19688.02
2019-07-24,19586.88
2019-07-25,19651.73
2019-07-26,19383.39
2019-07-29,19410.36
2019-07-30,19626.78
2019-07-31,19639.81
2019-08-01,19549.23
2019-08-02,19411.68
2019-08-05,18858.02
2019-08-06,18701.94
2019-08-07,18974.37
2019-08-08,19196.19
2019-08-09,19192.83
2019-08-12,19103.31
2019-08-13,18997.17
2019-08-14,19169.48
2019-08-15,19117.48
2019-08-16,19135.62
2019-08-19,19145.33
2019-08-20,19136.3
2019-08-21,18987.58
2019-08-22,19007.5
2019-08-23,19028.04
2019-08-26,18898.18
2019-08-27,18997.15
2019-08-28,18999.56
2019-08-29,19001.08
2019-08-30,19155.79
2019-09-02,18969.67
2019-09-03,18816.96
2019-09-04,18829.27
2019-09-05,18911.52
2019-09-06,18899.2
2019-09-09,18964.53
2019-09-10,18986.56
2019-09-11,19125.67
2019-09-12,18975.82
2019-09-13,18994.33
2019-09-16,18551.03
2019-09-17,18635.23
2019-09-18,18769.15
2019-09-19,18626.82
2019-09-20,18599.68
2019-09-23,18492.75
2019-09-24,18198.61
2019-09-25,18216.09
2019-09-26,18526.1
2019-09-27,18395.09
2019-09-30,18316.17
2019-10-01,18181.17
2019-10-02,17884.31
2019-10-03,17814.15
2019-10-04,17844.22
2019-10-07,17666.27
2019-10-08,17812.45
2019-10-09,17763.15
2019-10-10,17749.04
2019-10-11,17990.11
2019-10-14,18088.66
2019-10-15,18164.78
2019-10-16,18196.19
2019-10-17,18242.18
2019-10-18,18236.41
2019-10-21,18274.81
2019-10-22,18314.17
2019-10-23,18456.72
2019-10-24,18791.23
2019-10-25,18496.22
2019-10-28,18548.89
2019-10-29,18610.3
2019-10-30,18648.21
2019-10-31,18471.63
2019-11-01,18335.85
2019-11-04,18229.99
2019-11-05,18572.15
2019-11-06,18407.45
2019-11-07,18205.97
2019-11-08,18267.72
2019-11-11,18198.49
2019-11-12,18290.96
2019-11-13,18121.79
2019-11-14,17999.99
2019-11-15,18132.06
2019-11-18,18091.09
2019-11-19,18251.67
2019-11-20,18276.53
2019-11-21,18154.49
2019-11-22,18115.44
2019-11-25,17960.94
2019-11-26,17807.01
2019-11-27,17767.73
2019-11-28,17524.22
2019-11-29,17709.95
2019-12-02,18055.29
2019-12-03,18050.25
2019-12-04,17955.22
2019-12-05,18116.16
2019-12-06,18237.39
2019-12-09,18280.98
2019-12-10,18239.89
2019-12-11,18172.87
2019-12-12,18063.43
2019-12-13,18311.79
2019-12-16,18371.75
2019-12-17,18469.1
2019-12-18,18601.66
2019-12-19,18474.23
2019-12-20,18582.25
2019-12-23,18648.78
2019-12-26,18672.63
2019-12-27,18696.22
2019-12-30,18580.2
2020-01-02,18578.01
2020-01-03,18703.6
2020-01-06,18586.25
2020-01-07,18658.33
2020-01-08,18520.93
2020-01-09,18730.87
2020-01-10,18745.94
2020-01-13,18857.3
2020-01-14,18927.77
2020-01-15,18720.16
2020-01-16,18759.27
2020-01-17,18836.39
2020-01-20,18665.81
2020-01-21,18642.14
2020-01-22,18587.86
2020-01-23,18636.81
2020-01-24,18632.3
2020-01-27,18259.49
2020-01-28,18264.63
2020-01-29,18246.76
2020-01-30,18009.05
2020-01-31,17624.2
2020-02-03,17477.32
2020-02-04,17669.75
2020-02-05,17876.35
2020-02-06,17910.74
2020-02-07,17906.32
2020-02-10,17736.67
2020-02-11,17728.09
2020-02-12,17551.85
2020-02-13,17418.1
2020-02-14,17447.63
2020-02-17,17491.25
2020-02-18,17553.12
2020-02-19,17679.19
2020-02-20,17753.9
2020-02-21,17542.56
2020-02-24,17255.85
2020-02-25,17276.56
2020-02-26,16941.7
2020-02-27,16529.43
2020-02-28,16278.65
2020-03-02,15994.1
2020-03-03,16534.67
2020-03-04,16982.59
2020-03-05,16914.8
2020-03-06,16393.83
2020-03-09,15061.02
2020-03-10,15365.32
2020-03-11,15151.69
2020-03-12,14288.01
2020-03-13,14380.02
2020-03-16,13588.13
2020-03-17,12775.34
2020-03-18,12267.38
2020-03-19,11512.86
2020-03-20,11816.45
2020-03-23,11089.87
2020-03-24,10780.85
2020-03-26,12195.19
2020-03-27,12986.6
2020-03-30,12435.76
2020-03-31,12829.93
2020-04-01,12609
2020-04-02,12831.43
2020-04-03,13062.86
2020-04-06,13731.2
2020-04-07,13604.29
2020-04-08,13083.28
2020-04-09,13183.09
2020-04-13,13098.94
2020-04-14,13366.74
2020-04-15,13072.89
2020-04-16,12529.69
2020-04-17,13051.46
2020-04-20,12872.32
2020-04-21,12614.32
2020-04-22,12806.53
2020-04-23,12872.27
2020-04-24,12548.14
2020-04-27,12638.55
2020-04-28,12692.29
2020-04-29,12831.33
2020-04-30,13313.45
2020-05-04,12904.71
2020-05-05,12973.17
2020-05-06,12940.93
2020-05-08,12991.45
2020-05-11,13143.74
2020-05-12,12918.81
2020-05-13,12861.22
2020-05-14,12751.19
2020-05-15,12709.98
2020-05-18,12766.78
2020-05-19,12899.97
2020-05-20,12849.9
2020-05-26,13064.94
2020-05-27,13147.15
2020-05-28,13309.68
2020-05-29,13510.08
2020-06-02,13915.75
2020-06-03,14259.27
2020-06-04,14187.17
2020-06-05,14313.17
2020-06-08,14747.35
2020-06-09,14592.1
2020-06-10,14175.2
2020-06-11,13942.27
2020-06-12,14059.02
2020-06-15,13886.56
2020-06-16,14440.66
2020-06-17,14453.33
2020-06-18,14262.61
2020-06-19,14343.68
2020-06-22,14230.5
2020-06-23,14125.37
2020-06-24,14384.59
2020-06-25,14185.87
2020-06-26,14211.5
2020-06-29,14180.8
2020-06-30,14173.32
2020-07-01,14188.02
2020-07-02,14359.87
2020-07-03,14359.48
2020-07-06,14447.38
2020-07-07,14427.81
2020-07-08,14735.13
2020-07-09,14621.28
2020-07-10,14499.25
2020-07-13,14640.67
2020-07-14,14685.73
2020-07-15,14673.1
2020-07-16,14761.36
2020-07-17,14683.65
2020-07-20,14570.97
2020-07-21,14825.41
2020-07-22,14820.1
2020-07-23,14919.38
2020-07-24,14665.02
2020-07-27,14853.13
2020-07-28,14847.36
2020-07-29,14807.35
2020-07-30,14872.05
2020-08-03,14396.04
2020-08-04,14628.81
2020-08-05,14862.75
2020-08-06,15046.16
2020-08-07,14972.9
2020-08-10,14989.71
2020-08-11,15093.47
2020-08-12,15283.91
2020-08-13,15303.68
2020-08-14,15317.32
2020-08-18,15512.34
2020-08-19,15432.82
2020-08-24,15420.04
2020-08-25,15689.6
2020-08-26,15680.03
2020-08-27,15725.21
2020-08-28,15661.23
2020-08-31,15317.78
2020-09-01,15569.7
2020-09-02,15595.85
2020-09-03,15460.25
2020-09-04,15341
2020-09-07,15340.48
2020-09-08,15338.1
2020-09-09,14993.67
2020-09-10,14240.72
2020-09-11,14582.46
2020-09-14,15030.13
2020-09-15,14834.46
2020-09-16,14663.18
2020-09-17,14534.13
2020-09-18,14605.1
2020-09-21,14426.07
2020-09-22,14233
2020-09-23,14169.75
2020-09-24,13927.55
2020-09-25,14251.53
2020-09-28,14109.94
2020-09-29,14002.49
2020-09-30,13927.11
2020-10-01,14312.13
2020-10-02,14128.5
2020-10-05,14189.6
2020-10-06,14350.48
2020-10-07,14353.24
2020-10-08,14468.27
2020-10-09,14512.74
2020-10-12,14605.91
2020-10-13,14694.01
2020-10-14,14948.29
2020-10-15,14703.91
2020-10-16,14754.4
2020-10-19,14879.33
2020-10-20,14817.14
2020-10-21,14827.12
2020-10-22,14802.21
2020-10-23,14838.58
2020-10-26,14914.07
2020-10-27,14852.19
2020-11-02,14795.95
2020-11-03,14901.11
2020-11-04,14667.99
2020-11-05,15242.68
2020-11-06,15555.77
2020-11-09,15644.01
2020-11-10,16058.29
2020-11-11,16336.48
2020-11-12,16144.42
2020-11-13,16148.51
2020-11-16,16295.9
2020-11-17,16446.5
2020-11-18,16524.89
2020-11-19,16566.18
2020-11-20,16512.15
2020-11-23,16860.61
2020-11-24,16963.72
2020-11-25,16898.42
2020-11-26,17216.87
2020-11-27,17306.85
2020-11-30,16661.96
2020-12-01,16992.8
2020-12-02,17303.03
2020-12-03,17270.31
2020-12-04,17187.74
2020-12-07,17522.29
2020-12-08,17464
2020-12-10,17497.86
2020-12-11,17465.17
2020-12-14,17668.24
2020-12-15,17713.64
2020-12-16,18134.92
2020-12-17,18177.82
2020-12-18,18095.35
2020-12-21,18293.57
2020-12-22,17695.23
2020-12-23,17651.3
2020-12-28,17973.56
2020-12-29,17780.06
2020-12-30,17571.31
2021-01-04,18008.03
2021-01-05,18016.44
2021-01-06,17709.97
2021-01-07,18014.18
2021-01-08,18336.27
2021-01-11,18576.57
2021-01-12,18536.9
2021-01-13,18667.52
2021-01-14,18667.74
2021-01-15,18499.91
2021-01-18,18614.65
2021-01-19,18427.54
2021-01-20,18885.93
2021-01-21,18795.49
2021-01-22,18362.74
2021-01-25,18266.26
2021-01-26,17923.68
2021-01-27,17890.15
2021-01-28,17438.62
2021-01-29,17023.8
2021-02-01,17745.84
2021-02-02,17499.2
2021-02-03,17494.59
2021-02-04,17640.87
2021-02-05,17755.22
2021-02-08,17880.36
2021-02-09,17668.29
2021-02-10,17756.3
2021-02-11,17758.03
2021-02-15,17873.28
2021-02-16,17868.61
2021-02-17,17594.58
2021-02-18,17528.4
2021-02-19,17682.41
2021-02-22,17707.14
2021-02-23,17797.64
2021-02-24,17660.63
2021-02-25,17716.66
2021-02-26,17530.74
2021-03-01,17928.82
2021-03-02,17913.82
2021-03-03,17887.87
2021-03-04,17544.52
2021-03-05,17378.08
2021-03-08,17375.93
2021-03-09,17190.63
2021-03-10,17382.38
2021-03-12,17617.13
2021-03-15,17457.79
2021-03-16,17420.51
2021-03-17,17366.95
2021-03-18,17663.41
2021-03-19,17651.96
2021-03-22,17426.61
2021-03-23,17336.91
2021-03-24,17129.78
2021-03-25,17083.88
2021-03-26,17344.04
2021-03-29,17269.49
2021-03-30,16955.73
2021-03-31,16725.32
2021-04-01,16743.19
2021-04-05,16653.36
2021-04-06,16813.54
2021-04-07,16889.9
2021-04-08,16958.57
2021-04-09,16934.69
2021-04-12,16515.7
2021-04-13,16537.5
2021-04-14,16896.92
2021-04-15,16938.76
2021-04-16,16944.77
2021-04-19,16867.73
2021-04-20,16877.11
2021-04-21,16724.83
2021-04-22,16692.34
2021-04-23,16803.95
2021-04-26,16674.31
2021-04-27,16665.75
2021-04-28,16692.04
2021-04-29,16808.94
2021-04-30,16746.42
2021-05-03,16615.59
2021-05-04,16690.69
2021-05-05,16732.63
2021-05-06,16702.25
2021-05-07,16546.76
2021-05-10,16751.89
2021-05-11,16667.57
2021-05-17,16420.16
2021-05-18,16485.01
2021-05-19,16253.56
2021-05-20,16342.9
2021-05-21,16228.73
2021-05-24,16218.78
2021-05-25,16360.43
2021-05-27,16367.84
2021-05-28,16382.95
2021-05-31,16714.92
2021-06-02,17020.1
2021-06-03,17245.37
2021-06-04,17046.75
2021-06-07,17021.5
2021-06-08,16852.54
2021-06-09,17017.98
2021-06-10,17105.03
2021-06-11,17061.43
2021-06-14,16939.87
2021-06-15,16885.89
2021-06-16,16787.16
2021-06-17,16633.49
2021-06-18,16390.68
2021-06-21,16312.71
2021-06-22,16504.41
2021-06-23,16357.45
2021-06-24,16270.36
2021-06-25,16224.84
2021-06-28,15893.75
2021-06-29,15953.14
2021-06-30,16077.42
2021-07-01,16103.17
2021-07-02,16137.18
2021-07-05,16085.86
2021-07-06,16255.05
2021-07-07,16162.78
2021-07-08,16135.23
2021-07-09,16171.54
2021-07-12,16224.72
2021-07-13,16001.53
2021-07-14,15906.7
2021-07-15,16126.83
2021-07-16,16250.38
2021-07-19,16083.51
2021-07-21,16160.75
2021-07-22,16419.07
2021-07-23,16260.12
2021-07-26,16292.86
2021-07-27,16220.12
2021-07-28,16164.25
2021-07-29,16183.95
2021-07-30,16037.43
2021-08-02,16114.7
2021-08-03,16246.71
2021-08-04,16309.53
2021-08-05,16336.35
2021-08-06,16299.22
2021-08-09,16084.31
2021-08-10,16028.7
2021-08-12,16286.24
2021-08-13,16309.37
2021-08-16,16256.51
2021-08-18,16488.24
2021-08-19,16148.99
2021-08-20,16248.08
2021-08-23,16469.18
2021-08-24,16313.4
2021-08-25,16374.53
2021-08-26,16175.36
2021-08-27,16130.95
2021-08-30,16523.75
2021-08-31,16556.08
2021-09-01,16395.97
2021-09-02,16428.77
2021-09-03,16624.04
2021-09-06,16673.78
2021-09-07,16634.6
2021-09-08,16373.67
2021-09-09,16617.84
2021-09-10,16640.13
2021-09-13,16559.82
2021-09-14,16657.6
2021-09-15,16640.39
2021-09-16,16576.3
2021-09-17,16635.61
2021-09-20,16513.31
2021-09-21,16502.85
2021-09-22,16688.66
2021-09-23,16698.37
2021-09-24,16658.2
2021-09-27,16604.89
2021-09-28,16497.91
2021-09-29,16606.73
2021-09-30,16963.75
2021-10-01,16782.11
2021-10-04,17182.48
2021-10-05,16970.57
2021-10-06,17293.99
2021-10-07,17193.59
2021-10-08,17448.1
2021-10-11,17409.57
2021-10-12,17502.41
2021-10-13,17652.1
2021-10-14,17883.93
2021-10-15,17909.59
2021-10-18,17954.77
2021-10-19,17921.79
2021-10-21,17899.54
2021-10-22,17948.67
2021-10-25,17783.46
2021-10-26,17844.11
2021-10-27,17689.02
2021-10-28,17528.3
2021-10-29,17697.39
2021-11-01,17560.6
2021-11-02,17379.15
2021-11-03,17564.44
2021-11-04,17646.17
2021-11-05,17619.53
2021-11-08,17660.4
2021-11-09,17702.86
2021-11-10,17784.66
2021-11-11,17749.45
2021-11-12,17664.13
2021-11-15,17552.95
2021-11-16,17664.37
2021-11-17,17762.17
2021-11-18,17627.58
2021-11-19,17863.48
2021-11-22,17845.48
2021-11-23,17692.1
2021-11-24,17696.1
2021-11-25,17782.34
2021-11-26,17347.68
2021-11-29,17515.37
2021-11-30,17284.83
2021-12-01,17293.05
2021-12-02,17544.47
2021-12-03,17385.5
2021-12-06,17407.24
2021-12-07,17570.95
2021-12-08,17512.39
2021-12-09,17652.18
2021-12-10,17590.78
2021-12-13,17509.75
2021-12-14,17425.71
2021-12-15,17477.99
2021-12-16,17372.49
2021-12-17,17368.81
2021-12-20,17261.57
2021-12-21,17315.33
2021-12-22,17193.56
2021-12-23,17282.67
2021-12-24,17254.32
2021-12-27,17258.27
2021-12-28,17323.78
2021-12-29,17312.25
2021-12-30,17217.4
2022-01-03,17461.21
2022-01-04,17518.18
2022-01-05,17305.08
2022-01-06,17296.01
2022-01-07,17424.88
2022-01-10,17356.88
2022-01-11,17197.36
2022-01-12,17246.22
2022-01-13,17313.09
2022-01-14,17385.45
2022-01-17,17274.94
2022-01-18,17187.83
2022-01-19,17111.5
2022-01-20,17188.29
2022-01-21,17434.77
2022-01-24,17224.63
2022-01-25,16972.54
2022-01-26,17064.61
2022-01-27,17052.03
2022-01-28,17173.24
2022-01-31,17017.91
2022-02-02,17145.47
2022-02-03,17104.17
2022-02-04,17154.44
2022-02-07,17297.94
2022-02-08,17254.24
2022-02-09,17343.06
2022-02-10,17298.28
2022-02-11,17296.27
2022-02-14,17159.63
2022-02-15,17371.22
2022-02-16,17443.79
2022-02-17,17407.03
2022-02-18,17557.5
2022-02-21,17524.74
2022-02-22,17400.86
2022-02-23,17565.53
2022-02-24,17367.03
2022-02-25,17581.79
2022-03-01,17574.74
2022-03-02,17460.07
2022-03-04,17779.76
2022-03-07,17745.94
2022-03-08,17752.55
2022-03-09,17865.18
2022-03-10,17877.59
2022-03-11,17949.11
2022-03-14,17967.6
2022-03-15,17884.14
2022-03-16,18105.2
2022-03-17,18033.38
2022-03-18,18015.81
2022-03-21,18096.76
2022-03-22,18245.14
2022-03-23,18298.32
2022-03-24,18590.31
2022-03-25,18435.71
2022-03-28,18644.93
2022-03-29,18455.66
2022-03-30,18476.4
2022-03-31,18460.9
2022-04-01,18515.6
2022-04-04,18660.31
2022-04-05,18744.9
2022-04-06,18568.11
2022-04-07,18635
2022-04-08,18913.46
2022-04-11,18800.82
2022-04-12,18849.02
2022-04-13,19093.65
2022-04-14,19003.66
2022-04-18,19188.4
2022-04-19,19018.18
2022-04-20,19190.74
2022-04-21,19349.57
2022-04-22,19173.01
2022-04-25,19174.33
2022-04-26,19315.08
2022-04-27,19286.91
2022-04-28,19521.32
2022-05-09,18524.61
2022-05-10,18367.06
2022-05-11,18386.06
2022-05-12,17856.57
2022-05-13,17905.29
2022-05-17,18009.58
2022-05-18,18265.45
2022-05-19,18171.43
2022-05-20,18324.83
2022-05-23,18112.15
2022-05-24,18327.49
2022-05-25,18192.82
2022-05-27,18571.21
2022-05-30,18546.07
2022-05-31,18901.14
2022-06-02,18686.87
2022-06-03,18791.01
2022-06-06,18671.96
2022-06-07,18708.21
2022-06-08,18829.62
2022-06-09,18720.2
2022-06-10,18332.84
2022-06-13,18140.3
2022-06-14,18249.13
2022-06-15,18102.41
2022-06-16,18214.65
2022-06-17,17962.8
2022-06-20,18093.99
2022-06-21,18240.91
2022-06-22,18100.19
2022-06-23,18203.17
2022-06-24,18273.34
2022-06-27,18127.62
2022-06-28,18081.66
2022-06-29,17914.08
2022-06-30,17866
2022-07-01,17591.85
2022-07-04,17266.84
2022-07-05,17429.14
2022-07-06,17297.8
2022-07-07,17233.75
2022-07-08,17388.18
2022-07-11,17339.4
2022-07-12,17298.06
2022-07-13,17074.64
2022-07-14,17228.65
2022-07-15,17136.15
2022-07-18,17256.96
2022-07-19,17422.37
2022-07-20,17817.03
2022-07-21,17800.05
2022-07-22,17795.74
2022-07-25,17740.81
2022-07-26,17806.52
2022-07-27,17889.55
2022-07-28,17921.2
2022-07-29,17967.65
2022-08-01,18036.64
2022-08-02,18187.05
2022-08-03,18365.27
2022-08-04,18406.08
2022-08-05,18458.39
2022-08-08,18528.7
2022-08-09,18548.93
2022-08-10,18519.09
2022-08-11,18669.87
2022-08-12,18612.34
2022-08-15,18515.36
2022-08-16,18541.88
2022-08-18,18663.2
2022-08-19,18632.08
2022-08-22,18487.03
2022-08-23,18617.09
2022-08-24,18667.76
2022-08-25,18584.19
2022-08-26,18529.01
2022-08-29,18509.49
2022-08-30,18574.53
2022-08-31,18652.14
2022-09-01,18629.55
2022-09-02,18675.67
2022-09-05,18802.04
2022-09-06,18776.17
2022-09-07,18595.7
2022-09-08,18704.4
2022-09-09,18753.79
2022-09-12,18813.49
2022-09-13,19014.68
2022-09-14,18922.34
2022-09-15,19055.26
2022-09-16,18738.89
2022-09-19,18877.22
2022-09-20,18840.4
2022-09-21,18824.4
2022-09-22,18907.65
2022-09-23,18784.86
2022-09-26,18674.33
2022-09-27,18680.17
2022-09-28,18555.65
2022-09-29,18505.56
2022-09-30,18544.36
2022-10-03,18490.59
2022-10-04,18604.78
2022-10-05,18586.95
2022-10-06,18585.2
2022-10-07,18446.72
2022-10-10,18405.98
2022-10-11,18348.73
2022-10-12,18346.01
2022-10-13,18301.05
2022-10-14,18157.06
2022-10-17,18194.4
2022-10-18,18200.75
2022-10-19,18239.8
2022-10-20,18609.05
2022-10-21,18696.39
2022-10-24,18818.57
2022-10-25,18802.76
2022-10-26,18810.52
2022-10-27,18940.04
2022-10-28,18935.56
2022-10-31,19083.47
2022-11-01,18938.83
2022-11-02,18764.23
2022-11-03,18780.6
2022-11-04,18870.59
2022-11-07,19027.29
2022-11-08,18883.6
2022-11-09,18911.17
2022-11-10,18700.25
2022-11-11,18908.2
2022-11-14,18726.33
2022-11-15,18754.61
2022-11-16,18613.38
2022-11-17,18664.2
2022-11-18,18696.1
2022-11-21,18682.67
2022-11-22,18661.88
2022-11-23,18750.2
2022-11-24,18851.36
2022-11-25,18804.23
2022-11-28,18779.55
2022-11-29,18850.15
2022-11-30,19079.56
2022-12-01,18992.56
2022-12-02,18962.75
2022-12-05,18865.15
2022-12-06,18630.92
2022-12-07,18462.5
2022-12-08,18472.09
2022-12-09,18351.14
2022-12-12,18482.23
2022-12-13,18598.66
2022-12-14,18605.19
2022-12-15,18453.22
2022-12-16,18539.13
2022-12-19,18494.88
2022-12-20,18404.54
2022-12-21,18413.01
2022-12-22,18428.82
2022-12-23,18320.05
2022-12-26,18342.85
2022-12-27,18382.81
2022-12-28,18286.2
2022-12-29,18354.83
2022-12-30,18347.61
2023-01-02,18323.1
2023-01-03,18460.26
2023-01-04,18262.22
2023-01-05,17942.25
2023-01-06,17962.23
2023-01-09,18024.87
2023-01-10,17850.7
2023-01-11,17771.58
2023-01-12,17920.29
2023-01-13,17912.78
2023-01-16,18034.42
2023-01-17,18280.07
2023-01-18,18271.14
2023-01-19,18454.48
2023-01-20,18524.06
2023-01-24,18503.6
2023-01-25,18375.68
2023-01-26,18519.93
2023-01-27,18622.73
2023-01-30,18555.45
2023-01-31,18446.6
2023-02-01,18515.93
2023-02-02,18537.9
2023-02-03,18701.6
2023-02-06,18598.22
2023-02-07,18733.05
2023-02-08,18783.64
2023-02-09,18685.81
2023-02-10,18738.57
2023-02-13,18761.51
2023-02-14,18884.82
2023-02-15,18813.05
2023-02-16,18746.29
2023-02-17,18744.97
2023-02-20,18757.31
2023-02-21,18703.86
2023-02-22,18512.9
2023-02-23,18640.44
2023-02-24,18691.56
2023-02-27,18665.2
2023-02-28,18597.16
2023-03-01,18635.29
2023-03-02,18667.36
2023-03-03,18517.57
2023-03-06,18516.76
2023-03-07,18501.57
2023-03-08,18538.53
2023-03-09,18619.08
2023-03-10,18492.8
2023-03-13,18526.91
2023-03-14,18147.96
2023-03-15,18094.79
2023-03-16,17996.79
2023-03-17,18268.99
2023-03-20,18091.5
2023-03-21,18334.25
2023-03-24,18646.02
2023-03-27,18523.36
2023-03-28,18682.2
2023-03-29,18912.7
2023-03-30,18768.42
2023-03-31,18740.23
2023-04-03,18821.5
2023-04-04,18830.05
2023-04-05,18780.35
2023-04-06,18728.63
2023-04-10,18727.61
2023-04-11,18813.42
2023-04-12,18861.92
2023-04-13,18877.58
2023-04-14,18997.91
2023-04-17,18874.16
2023-04-18,18999.24
2023-04-26,19163.65
2023-04-27,19181.76
2023-04-28,19283.47
2023-05-02,19155.95
2023-05-03,19052.76
2023-05-04,19118.07
2023-05-05,19044.67
2023-05-08,19000.26
2023-05-09,19028.02
2023-05-10,19065.21
2023-05-11,18983.91
2023-05-12,18874.17
2023-05-15,18914.03
2023-05-16,18824.84
2023-05-17,18852.32
2023-05-19,19007.42
2023-05-22,19073.93
2023-05-23,19074.15
2023-05-24,19143.94
2023-05-25,19091.45
2023-05-26,19139.44
2023-05-29,19177.81
2023-05-30,19094.63
2023-05-31,19059.96
2023-06-05,19174.7
2023-06-06,19179.56
2023-06-07,19256.95
2023-06-08,19346.83
2023-06-09,19376.24
2023-06-12,19429.4
2023-06-13,19412.17
2023-06-14,19407.27
2023-06-15,19457.33
2023-06-16,19451.51
2023-06-19,19343.85
2023-06-20,19298.46
2023-06-21,19444.33
2023-06-22,19309.42
2023-06-23,19268.29
2023-06-26,19333.71
2023-06-27,19315.95
2023-07-03,19433.23
2023-07-04,19373.28
2023-07-05,19463.64
2023-07-06,19476.06
2023-07-07,19401.03
2023-07-10,19402.99
2023-07-11,19522.32
2023-07-12,19565.65
2023-07-13,19526.08
2023-07-14,19653.17
2023-07-17,19568.15
2023-07-18,19434.6
2023-07-20,19552.55
2023-07-21,19615.99
2023-07-24,19599.05
2023-07-25,19554.22
2023-07-26,19651.06
2023-07-27,19497.51
2023-07-28,19529.87
2023-07-31,19616.66
2023-08-01,19518.1
2023-08-02,19517.23
2023-08-03,19664.37
2023-08-04,19556.15
2023-08-07,19644.37
2023-08-08,19632.05
2023-08-09,19737.57
2023-08-10,19737.46
2023-08-11,19705.21
2023-08-14,19763.84
2023-08-15,19744.12
2023-08-16,19747.1
2023-08-18,19611.94
2023-08-21,19555.51
2023-08-22,19695.33
2023-08-23,19672.23
2023-08-24,19580.59
2023-08-25,19576.92
2023-08-28,19568.01
2023-08-29,19613.86
2023-08-30,19666.41
2023-08-31,19592.14
2023-09-01,19656.78
2023-09-04,19737.09
2023-09-05,19712.4
2023-09-06,19686.91
2023-09-07,19505.64
2023-09-08,19397.06
2023-09-11,19578.6
2023-09-12,19517.68
2023-09-13,19535.9
2023-09-14,19501.37
2023-09-15,19507.49
2023-09-18,19371.9
2023-09-19,19502.33
2023-09-20,19573.79
2023-09-21,19537.42
2023-09-22,19624.72
2023-09-25,19535.93
2023-09-26,19407.73
2023-09-27,19439.23
2023-09-29,19465.42
2023-10-02,19516.26
2023-10-03,19500.54
2023-10-04,19359.2
2023-10-05,19342.52
2023-10-06,19349.49
2023-10-09,19280.98
2023-10-10,19355.89
2023-10-11,19345.24
2023-10-12,19397.1
2023-10-13,19359.75
2023-10-16,19244.05
2023-10-17,19242.93
2023-10-18,19112.33
2023-10-19,18874.23
2023-10-20,18920.82
2023-10-23,18667.59
2023-10-24,18862.77
2023-10-25,18883.9
2023-10-26,18514.16
2023-10-27,18617.81
2023-10-30,18502.51
2023-10-31,18545.49
2023-11-01,18305.82
2023-11-02,18601.05
2023-11-03,18660.82
2023-11-06,18862.15
2023-11-07,18752.71
2023-11-08,18683.75
2023-11-09,18734.16
2023-11-10,18586.22
2023-11-13,18608.78
2023-11-14,18593.85
2023-11-15,18842.42
2023-11-16,18811.44
2023-11-17,18790.01
2023-11-20,18797.12
2023-11-21,18777.25
2023-11-22,18753.62
2023-11-23,18871.15
2023-11-24,18870.35
2023-11-27,18887.8
2023-11-28,18922.34
2023-11-29,18877.67
2023-11-30,18993.25
2023-12-01,19023.88
2023-12-04,19058.36
2023-12-05,19027.58
2023-12-06,18966.41
2023-12-07,18874.86
2023-12-08,18823.76
2023-12-11,18753.98
2023-12-12,18781.53
2023-12-13,18690.31
2023-12-14,19058.89
2023-12-15,19062.7
2023-12-18,18962
2023-12-19,19090.07
2023-12-20,19114.55
2023-12-21,19080.12
2023-12-22,19175.84
2023-12-27,19177.87
2023-12-28,19356.76
2023-12-29,19361.77
2024-01-02,19446.55
2024-01-03,19334.67
2024-01-04,19588.15
2024-01-05,19537.25
2024-01-08,19459.45
2024-01-09,19524.2
2024-01-10,19594.23
2024-01-11,19626.04
2024-01-12,19734.54
2024-01-15,19725.31
2024-01-16,19727.83
2024-01-17,19621.16
2024-01-18,19605.33
2024-01-19,19582.26
2024-01-22,19538.09
2024-01-23,19458.34
2024-01-24,19403.81
2024-01-25,19285.63
2024-01-26,19203.27
2024-01-29,19326.49
2024-01-30,19425.88
2024-01-31,19478.33
2024-02-01,19503.05
2024-02-02,19623.13
2024-02-05,19520.65
2024-02-06,19598.65
2024-02-07,19636.53
2024-02-12,19806.65
2024-02-13,19669.39
2024-02-15,19925.43
2024-02-16,19953.05
2024-02-19,19757.06
2024-02-20,19999.74
2024-02-21,20037.72
2024-02-22,20030.08
2024-02-23,19933.96
2024-02-26,19874.06
2024-02-27,19890.75
2024-02-28,20004.68
2024-02-29,19942.61
2024-03-01,19937.53
2024-03-04,19878.49
2024-03-05,19788.67
2024-03-06,19904.09
2024-03-07,19890.05
2024-03-08,19908.91
2024-03-13,19994.93
2024-03-14,20169.89
2024-03-15,20010.46
2024-03-18,19935.35
2024-03-19,20012.46
2024-03-20,20080.51
2024-03-21,20077.03
2024-03-22,20110.66
2024-03-25,20194.4
2024-03-26,20160.69
2024-03-27,20060.51
2024-03-28,20035.21
2024-04-01,19804.03
2024-04-02,19790.46
2024-04-03,19567.37
2024-04-04,19791.45
2024-04-05,19705.92
2024-04-16,19132.1
2024-04-17,19021.32
2024-04-18,19110.93
2024-04-19,18839.73
2024-04-22,18861.94
2024-04-23,18992.9
2024-04-24,19011.04
2024-04-25,18965.07
2024-04-26,18586.68
2024-04-29,18781.98
2024-04-30,18952.55
2024-05-02,18534.42
2024-05-03,18638.18
2024-05-06,18645.93
2024-05-07,18560.35
2024-05-08,18498.79
2024-05-13,18489.52
2024-05-14,18533.65
2024-05-15,18599.48
2024-05-16,18780.75
2024-05-17,18903.97
2024-05-20,18739.05
2024-05-21,18446.54
2024-05-22,18532.79
2024-05-27,18244.41
2024-05-28,18382.04
2024-05-29,18176.23
2024-05-30,18031.02
2024-05-31,17974.44
2024-06-03,18292.61
2024-06-04,18377.58
2024-06-05,18272.57
2024-06-06,18491.65
2024-06-07,18456.42
2024-06-10,18430.8
2024-06-11,18162.23
2024-06-12,18037.64
2024-06-13,17984.25
2024-06-14,17714.92
2024-06-19,17644.9
2024-06-20,17869.24
2024-06-21,18181.6
2024-06-24,18123.56
2024-06-25,18075.54
2024-06-26,18093.17
2024-06-27,18298.47
2024-06-28,18535.52
2024-07-01,18586.23
2024-07-02,18489.45
2024-07-03,18566.67
2024-07-04,18591.11
2024-07-05,18728.22
2024-07-08,18828.5
2024-07-09,18912.44
2024-07-10,18952.38
2024-07-11,19017.58
2024-07-12,19134.48
2024-07-15,19025.33
2024-07-16,18934.36
2024-07-17,19063.39
2024-07-18,19251.46
2024-07-19,19161.85
2024-07-22,19230.05
2024-07-23,19167.52
2024-07-24,19024.75
2024-07-25,19024.07
2024-07-26,19098.35
2024-07-29,19081.53
2024-07-30,18940.94
2024-07-31,19020.29
2024-08-01,19221.75
2024-08-02,19126.62
2024-08-05,18606.81
2024-08-06,18786.86
2024-08-07,18949.81
2024-08-08,18978.6
2024-08-09,19052.21
2024-08-12,19126.83
2024-08-13,19283.97
2024-08-14,19452.09
2024-08-15,19370.52
2024-08-16,19469.82
2024-08-19,19440.45
2024-08-20,19694.47
2024-08-21,19751.71
2024-08-22,19508.71
2024-08-23,19660.34
2024-08-26,19772.78
2024-08-27,19707.19
2024-08-28,19806.5
2024-08-29,19674.75
2024-08-30,19672.63
2024-09-02,19770.5
2024-09-03,19586.83
2024-09-04,19607.2
2024-09-05,19703.55
2024-09-06,19766.53
2024-09-09,19717.33
2024-09-10,19894.18
2024-09-11,19891.8
2024-09-12,19998.87
2024-09-13,19954.33
2024-09-17,20094.4
2024-09-18,20175.45
2024-09-19,20332.23
2024-09-20,20295.35
2024-09-23,20456.96
2024-09-24,20480.51
2024-09-25,20332.49
2024-09-26,20322.1
2024-09-27,20229.84
2024-09-30,19927.81
2024-10-01,20145.26
2024-10-02,19901.95
2024-10-03,19896.24
2024-10-04,19796.36
2024-10-07,19732.95
2024-10-08,19912.2
2024-10-09,19715.62
2024-10-10,19703.96
2024-10-11,19781.12
2024-10-14,19776.32
2024-10-15,19928.64
2024-10-16,19954.73
2024-10-17,20045.54
2024-10-18,20092.01
2024-10-21,20070.79
2024-10-22,19956.04
2024-10-23,19969.38
2024-10-24,19855.25
2024-10-25,19767.38
2024-10-28,19616.88
2024-10-29,19574.62
2024-10-30,19490.82
2024-10-31,19510.73
2024-11-01,19308.85
2024-11-04,19285.24
2024-11-05,19392.07
2024-11-06,19030.97
2024-11-07,18908.39
2024-11-08,18805.86
2024-11-11,18678.92
2024-11-12,18708.56
2024-11-13,18708.51
2024-11-14,18544.9
2024-11-15,18481.6
2024-11-18,18439.08
2024-11-19,18596.09
2024-11-20,18590.33
2024-11-21,18483.93
2024-11-22,18590.46
2024-11-25,18804.83
2024-11-26,18632.87
2024-11-28,18639.58
2024-11-29,18511.39
2024-12-02,18225.65
2024-12-03,18602.3
2024-12-04,18852.43
2024-12-05,18692.25
2024-12-06,18659.66
2024-12-09,18811.13
2024-12-10,18799.31
2024-12-11,18844.44
2024-12-12,18578.16
2024-12-13,18460.52
2024-12-16,18360.01
2024-12-17,18081.42
2024-12-18,17905.87
2024-12-19,17632.41
2024-12-20,17592.58
2024-12-23,17941.35
2024-12-24,17917.82
2024-12-27,17981.69
2024-12-30,18036.91
2025-01-02,18097.26
2025-01-03,18056.62
2025-01-06,17801.07
2025-01-07,17666.24
2025-01-08,17734.65
2025-01-09,17705.38
2025-01-10,17667.14
2025-01-13,17448.88
2025-01-14,17259.41
2025-01-15,17724.84
2025-01-16,17695.45
2025-01-17,17697.72
2025-01-20,17689.42
2025-01-21,17755.96
2025-01-22,17921.29
2025-01-23,17908.52
2025-01-24,17753.18
2025-01-30,17555.69
2025-01-31,17649.78
2025-02-03,17394.46
2025-02-04,17374.32
2025-02-05,17175.77
2025-02-06,16865.06
2025-02-07,17047.15
2025-02-10,16785.49
2025-02-11,16521.71
2025-02-12,16729.6
2025-02-13,16684.64
2025-02-14,16729.36
2025-02-17,17106.93
2025-02-18,17250.33
2025-02-19,16940.57
2025-02-20,16880.24
2025-02-21,16860.93
2025-02-24,16796.57
2025-02-25,16410.17
2025-02-26,16366.74
2025-02-27,16087.74
2025-02-28,15640.61
2025-03-03,16169.24
2025-03-04,16032.08
2025-03-05,16349.11
2025-03-06,16432.25
2025-03-07,16438.73
2025-03-10,16268.95
2025-03-11,16100.1
2025-03-12,16368.27
2025-03-13,16195.69
2025-03-14,16026.91
2025-03-17,16041.45
2025-03-18,15709.87
2025-03-19,15757.77
2025-03-20,15649.27
2025-03-21,15347.83
2025-03-24,15266.86
2025-03-25,15590.65
2025-03-26,16125.71
2025-03-27,16113.66
2025-04-08,14928.79
2025-04-09,14986.16
2025-04-10,15680.92
2025-04-11,15732.84
2025-04-14,16177.49
2025-04-15,16207.8
2025-04-16,16096.74
2025-04-17,16217.77
2025-04-21,16198.8
2025-04-22,16298.52
2025-04-23,16605.57
2025-04-24,16625.79
2025-04-25,16806.32
2025-04-28,16880.98
2025-04-29,16974.79
2025-04-30,17026.43
2025-05-02,17093.86
2025-05-05,17184.47
2025-05-06,17286.16
2025-05-07,17346.15
2025-05-08,17140.41
2025-05-09,17163.63
2025-05-14,17549.85
2025-05-15,17723.48
2025-05-16,17873.24
2025-05-19,17962.11
2025-05-20,17783.27
2025-05-21,18022.12
2025-05-22,18071.16
2025-05-23,18088.14
2025-05-26,18050.63
2025-05-27,18057.4
2025-05-28,18011.07
2025-06-02,17697.41
2025-06-03,17653.8
2025-06-04,17644.94
2025-06-05,17587.84
2025-06-10,17738.89
2025-06-11,17812.44
2025-06-12,17750.33
2025-06-13,17614.02
2025-06-16,17546.15
2025-06-17,17613.12
2025-06-18,17486.52
2025-06-19,17155.65
2025-06-20,17001.17
2025-06-23,16725.96
2025-06-24,16993.28
2025-06-25,16875.79
2025-06-26,17074.93
2025-06-30,17133.62
2025-07-01,17122.35
2025-07-02,17125.26
2025-07-03,17114.85
2025-07-04,17072.37
2025-07-07,17130.54
2025-07-08,17011.75
2025-07-09,17091.06
2025-07-10,17253.09
2025-07-11,17395.04
2025-07-14,17172.67
2025-07-15,17226.15
2025-07-16,17216.5
2025-07-17,17377.09
2025-07-18,17323.04
2025-07-21,17415.21
2025-07-22,17318.08
2025-07-23,17450.81
2025-07-24,17563.05
2025-07-25,17458.19
2025-07-28,17592.1
2025-07-29,17604.23
2025-07-30,17484.18
2025-07-31,17347.32
2025-08-01,17460.26
2025-08-04,17488.76
2025-08-05,17616.38
2025-08-06,17531.89
2025-08-07,17561.27
2025-08-08,17500.78
2025-08-11,17672.74
2025-08-12,18049.25
2025-08-13,18179.75
2025-08-14,18151.13
2025-08-15,18020.57
2025-08-19,17956.63
2025-08-20,18107.2
2025-08-21,18131.15
2025-08-22,18012.63
2025-08-25,18137.95
2025-08-26,17983.41
2025-08-27,17849.88
2025-08-28,17833.15
2025-08-29,17513.19
2025-09-01,17343.83
2025-09-02,17393.52
2025-09-03,17526.45
2025-09-04,17552.92
2025-09-08,17269.41
2025-09-09,17059.35
2025-09-10,17224
2025-09-11,17372.84
2025-09-12,17515.75
2025-09-15,17594.28
2025-09-16,17593.8
2025-09-17,17716.73
2025-09-18,17485
2025-09-19,17543.74
2025-09-22,17448.53
2025-09-23,17534.8
2025-09-24,17379.32
2025-09-25,17225.77
2025-09-26,17257.65
2025-09-29,17236.79
2025-09-30,17081.18
2025-10-01,16954.64
2025-10-02,16953.08
2025-10-03,16993.22
2025-10-06,16941.32
2025-10-07,16926.67
2025-10-08,16922.77
2025-10-09,17167.33
2025-10-10,16999.95
2025-10-13,16942.82
2025-10-14,16727.87
2025-10-15,16803.79
2025-10-16,16983.91
2025-10-17,16879.1
2025-10-20,17300.78
2025-10-21,17660.36
2025-10-22,17397.74
2025-10-23,17749.64
2025-10-24,17734.59
2025-10-27,17811.46
2025-10-28,17861.15
2025-10-29,18076.03
2025-10-30,18034.72
2025-10-31,17870.09
2025-11-03,18076.4
2025-11-04,18020.55
2025-11-05,18131.72
2025-11-06,18039.53
2025-11-07,18110.72
2025-11-10,18096.64
2025-11-11,18074.43
2025-11-12,18112.82
2025-11-13,17984.32
2025-11-14,17963.3
2025-11-17,18028.35
2025-11-18,17929.71
2025-11-19,18035.36
2025-11-20,18009.11
2025-11-21,17902.1
2025-11-24,18098.38
2025-11-25,18036.03
2025-11-26,18160.46
2025-11-27,17942.47
2025-11-28,17863.95
2025-12-01,17940.52
2025-12-02,17927.98
2025-12-03,17905.83
2025-12-04,18007.81
2025-12-05,18025.66
2025-12-08,18142.02
2025-12-09,17914.04
2025-12-10,17999.4
2025-12-11,17772.85
2025-12-12,17905.58
2025-12-15,18124.98
2025-12-16,17988.93
2025-12-17,18047.74
2025-12-18,18082.61
2025-12-19,18031.34
2025-12-22,18156.67
2025-12-23,18065.21
2025-12-24,18079.1
2025-12-29,18174.77
2025-12-30,18147.58
2026-01-02,18219.23
2026-01-05,18406.55
2026-01-06,18409.53
2026-01-07,18484.17
2026-01-08,18302.22
2026-01-09,18330.7
2026-01-12,18456.14
2026-01-13,18659.4
2026-01-14,18738.75
2026-01-15,18830.71
2026-01-19,18914.16
2026-01-20,18951.44
2026-01-21,18717.33
2026-01-22,18887.25
2026-01-23,18973.4
2026-01-26,19151.8
2026-01-27,18858.74
2026-01-28,17893.93
2026-01-29,17853.67
2026-01-30,18159.02
2026-02-02,17769.75
2026-02-03,18144.08
2026-02-04,18247.43
2026-02-05,18161.17
2026-02-06,17988.55
2026-02-09,18055.53
2026-02-10,18197.98
2026-02-11,18357.43
2026-02-12,18391.97
2026-02-13,18207.49
2026-02-18,18394.26
2026-02-19,18400.66
2026-02-20,18472.06
2026-02-23,18759.27
2026-02-24,18572.29
2026-02-25,18820.8
2026-02-26,18603.03
2026-02-27,18631.03
2026-03-02,18305.6
2026-03-03,18120.43
2026-03-04,17391.81
2026-03-05,17702.24
2026-03-06,17366.61
2026-03-09,16775.95
2026-03-10,17104.68
2026-03-11,16985.82
2026-03-12,16991.36
2026-03-13,16609.35
2026-03-16,16529.84
2026-03-17,16720.98
2026-03-25,17123.83
2026-03-26,16840.79
2026-03-27,16605.01
2026-03-30,16602.22
2026-03-31,16640.66
2026-04-01,16895.04
2026-04-02,16706.95
2026-04-06,16667.56
2026-04-07,16484.07
2026-04-08,17140.98
2026-04-09,16895.07
2026-04-10,17090.2
2026-04-13,17007.64
2026-04-14,17248.09
2026-04-15,17185.67
2026-04-16,17211.03
2026-04-17,17236.84
2026-04-20,17175.7
2026-04-21,17273.76
2026-04-22,17307.39
2026-04-23,17085.47
2026-04-24,16744.4
2026-04-27,16800.84
2026-04-28,16690.18
2026-04-29,16710.11
2026-04-30,16414.08
2026-05-04,16545.19
2026-05-05,16509.22
2026-05-06,16621.78
2026-05-07,16932.22
2026-05-08,16504.38
2026-05-11,16499.27
2026-05-12,16500.8
2026-05-13,16278.94
2026-05-18,16036.75
2026-05-19,15658.37
2026-05-20,15620.12
2026-05-21,15286.6
2026-05-22,15507.87
2026-05-25,15768.2
2026-05-26,15464
2026-05-29,15255.76
2026-06-02,15347.24
2026-06-03,14646.25
2026-06-04,14555.12
2026-06-05,14151
2026-06-08,13447.15
2026-06-09,14236.47
2026-06-10,14519.52
2026-06-11,14492.13
2026-06-12,14780.29
2026-06-15,15407.11
2026-06-17,15455.68
2026-06-18,15361.85
2026-06-19,15303.85
2026-06-22,15104.14
2026-06-23,15085.04
2026-06-24,14671.03
2026-06-25,14901.07
2026-06-26,14776.2
2026-06-29,14598.1
2026-06-30,14228.97
2026-07-01,14294.77
2026-07-02,14449.74
2026-07-03,14837.46
2026-07-06,14855.72
2026-07-07,15050.49
2026-07-08,14809.24
2026-07-09,14888.2
2026-07-10,14934.4
2026-07-13,15144.88
2026-07-14,15143.2
2026-07-15,15228.6
2026-07-16,15414.01
2026-07-17,15638.98
2026-07-20,15726.02
2026-07-21,15873.43
2026-07-22,15822.61
2026-07-23,15731.62
2026-07-24,15445.7
2026-07-27,15384.27
2026-07-28,15311.18
2026-07-29,15278.73
2026-07-30,15509.26
2026-07-31,15619.47
2026-08-03,15678.64
2026-08-04,15890.1
2026-08-05,15931.94
2026-08-06,15880.03
2026-08-07,16097.65
2026-08-10,15969.5
2026-08-11,15789.5
2026-08-12,15945.12
2026-08-13,15786.13
2026-08-14,15904.56
2026-08-18,15941.72
2026-08-19,15856.14
2026-08-20,16161.49
2026-08-21,16262.32
2026-08-24,16244.32
2026-08-26,16081.68
2026-08-27,16303.42
2026-08-28,16302.01
2026-08-31,16311.87
2026-09-01,16440.53
2026-09-02,16347.11
2026-09-03,16593.38
2026-09-04,16456.71
2026-09-07,16411.28
2026-09-08,16608.48
2026-09-09,16634.5
2026-09-10,16446.3
2026-09-11,16320.51
2026-09-14,16488.54
2026-09-15,16354.91
2026-09-16,16297.79
2026-09-17,16309.63
2026-09-18,16192.02
2026-09-21,16066.23
2026-09-22,15897.29
2026-09-23,16035.87
2026-09-24,15830.86
2026-09-25,15748.97
2026-09-28,15513.77
2026-09-29,15509.48
2026-09-30,15425.45
2026-10-01,15243.52
2026-10-02,15298.4
2026-10-05,15443.28
2026-10-06,15540.06
2026-10-07,15497.86
2026-10-08,15288.41
2026-10-09,15444.75
