date,nav
2001-01-02,1156.73
2001-01-04,1157.04
2001-01-05,1169.3101
2001-01-08,1157.65
2001-01-09,1158.92
2001-01-10,1162.5
2001-01-11,1146.92
2001-01-12,1143.01
2001-01-15,1153.66
2001-01-16,1162.28
2001-01-17,1161.3101
2001-01-18,1163.98
2001-01-19,1155.84
2001-01-22,1177.55
2001-01-23,1172.91
2001-01-24,1176.58
2001-01-25,1175.3199
2001-01-26,1174.88
2001-01-29,1165.48
2001-01-30,1173.01
2001-01-31,1194.59
2001-02-01,1207.11
2001-02-02,1260.66
2001-02-05,1297.96
2001-02-06,1280.65
2001-02-07,1266.46
2001-02-08,1257.97
2001-02-09,1229.52
2001-02-12,1226.97
2001-02-13,1232.12
2001-02-14,1227.14
2001-02-15,1274.1899
2001-02-16,1250.4301
2001-02-19,1262.96
2001-02-20,1260.67
2001-02-21,1278.54
2001-02-22,1273.42
2001-02-23,1275.53
2001-02-26,1260.97
2001-02-27,1265.16
2001-02-28,1252.1899
2001-03-01,1237.22
2001-03-06,1255.95
2001-03-07,1257.11
2001-03-09,1211.52
2001-03-12,1163.1801
2001-03-13,1134.08
2001-03-14,1143.42
2001-03-15,1068.63
2001-03-16,1117.66
2001-03-19,1079.17
2001-03-20,1066.51
2001-03-21,1093.86
2001-03-23,1090.15
2001-03-30,1121.49
2001-04-02,1103.15
2001-04-03,1101.47
2001-04-04,1084.0601
2001-04-05,1071.51
2001-04-06,1079.83
2001-04-09,1068.55
2001-04-10,1089.08
2001-04-11,1087.27
2001-04-12,1086.8199
2001-04-16,1073.52
2001-04-18,1060
2001-04-19,1046.1951
2001-04-23,1032.39
2001-04-24,1035.0699
2001-04-25,1050.77
2001-04-26,1051.08
2001-04-27,1050.5699
2001-04-30,1069.98
2001-05-01,1075.41
2001-05-02,1079.67
2001-05-03,1110.98
2001-05-04,1122.37
2001-05-08,1118.99
2001-05-09,1118.04
2001-05-10,1110.72
2001-05-11,1111.61
2001-05-14,1107.39
2001-05-15,1104.9
2001-05-16,1115.48
2001-05-17,1114.9
2001-05-18,1116.67
2001-05-21,1125.75
2001-05-22,1121.7
2001-05-23,1121.16
2001-05-25,1144.97
2001-05-28,1151.9399
2001-05-29,1176.9301
2001-05-30,1182.9
2001-05-31,1180.85
2001-06-01,1158.88
2001-06-05,1163.98
2001-06-06,1161.5699
2001-06-07,1160.6899
2001-06-08,1162.71
2001-06-11,1180.39
2001-06-12,1213.49
2001-06-14,1207.1899
2001-06-15,1213.49
2001-06-18,1215.3
2001-06-19,1218.34
2001-06-20,1233.63
2001-06-21,1239.54
2001-06-22,1243.5
2001-06-25,1233.08
2001-06-26,1240.22
2001-06-27,1241.8
2001-06-28,1219.02
2001-06-29,1245.66
2001-07-03,1219.62
2001-07-05,1233.37
2001-07-06,1236.2
2001-07-09,1238.37
2001-07-11,1254.0601
2001-07-12,1259.08
2001-07-13,1268.5601
2001-07-16,1259.26
2001-07-17,1265.13
2001-07-18,1278.8101
2001-07-19,1301.05
2001-07-20,1296.09
2001-07-23,1313.01
2001-07-24,1287.64
2001-07-25,1261.3101
2001-07-26,1250.55
2001-07-27,1257.01
2001-07-31,1249.12
2001-08-01,1244.92
2001-08-02,1230.28
2001-08-03,1229.28
2001-08-06,1221.1801
2001-08-07,1221.89
2001-08-08,1251.41
2001-08-09,1218.4301
2001-08-10,1233.04
2001-08-13,1246.98
2001-08-14,1242.51
2001-08-15,1220.52
2001-08-16,1212.71
2001-08-20,1226.34
2001-08-21,1223.3101
2001-08-22,1236.49
2001-08-23,1231.42
2001-08-24,1235.9
2001-08-27,1234.38
2001-08-28,1237.22
2001-08-29,1227.9399
2001-08-30,1219.71
2001-08-31,1226.34
2001-09-03,1221.91
2001-09-04,1246.1
2001-09-05,1251.0601
2001-09-06,1271.11
2001-09-07,1256.15
2001-09-10,1256.86
2001-09-11,1263.5699
2001-09-12,1220.52
2001-09-13,1223.4301
2001-09-14,1200.23
2001-09-17,1156.6
2001-09-18,1173.83
2001-09-19,1196.0601
2001-09-20,1193.08
2001-09-21,1170.73
2001-09-24,1161.16
2001-09-25,1156.24
2001-09-26,1142.3
2001-09-27,1130.1899
2001-09-28,1126.1801
2001-10-02,1096.72
2001-10-03,1090.4399
2001-10-04,1115.1
2001-10-05,1113.79
2001-10-08,1079.53
2001-10-09,1086.29
2001-10-10,1079.17
2001-10-11,1088.8
2001-10-12,1109.42
2001-10-16,1112
2001-10-17,1116.08
2001-10-18,1127.72
2001-10-22,1145.46
2001-10-23,1140.95
2001-10-24,1133.04
2001-10-25,1139.02
2001-10-26,1132.36
2001-10-29,1122.04
2001-10-31,1125.64
2001-11-01,1128.99
2001-11-02,1123.78
2001-11-05,1105.71
2001-11-06,1105.72
2001-11-07,1114.27
2001-11-08,1122.3199
2001-11-09,1108.88
2001-11-12,1100.66
2001-11-13,1093.3199
2001-11-14,1102.15
2001-11-15,1123.73
2001-11-16,1130.08
2001-11-20,1142.73
2001-11-21,1142.77
2001-11-22,1131.61
2001-11-25,1141.21
2001-11-26,1136.86
2001-11-27,1141.23
2001-12-03,1140.71
2001-12-04,1132.6
2001-12-05,1133.26
2001-12-06,1138.92
2001-12-07,1138.1899
2001-12-10,1131.8199
2001-12-11,1120.6801
2001-12-13,1126.25
2001-12-19,1126.4
2001-12-20,1137.48
2001-12-21,1137.87
2001-12-27,1141.08
2001-12-28,1166.7
2002-01-02,1145.41
2002-01-03,1145.41
2002-01-04,1151.77
2002-01-07,1171.97
2002-01-08,1171.28
2002-01-09,1171.28
2002-01-10,1221.0699
2002-01-11,1257.11
2002-01-14,1264.38
2002-01-15,1283.25
2002-01-16,1291.25
2002-01-17,1298.64
2002-01-18,1302.66
2002-01-21,1299.11
2002-01-22,1307.6899
2002-01-23,1314.4301
2002-01-24,1353.24
2002-01-25,1386.22
2002-01-28,1348.36
2002-01-29,1362.09
2002-01-30,1349.65
2002-01-31,1365.84
2002-02-01,1378.1801
2002-02-04,1378.1801
2002-02-05,1367.62
2002-02-06,1349.98
2002-02-07,1314.79
2002-02-08,1318.27
2002-02-11,1327.8101
2002-02-13,1321.01
2002-02-14,1331.17
2002-02-15,1364.95
2002-02-18,1364.95
2002-02-19,1394.8199
2002-02-20,1395.62
2002-02-21,1396.74
2002-02-25,1371.77
2002-02-26,1369.41
2002-02-27,1383.51
2002-02-28,1377.27
2002-03-01,1377.13
2002-03-04,1377.13
2002-03-05,1397.3199
2002-03-06,1443.41
2002-03-07,1441.27
2002-03-08,1446.63
2002-03-11,1446.63
2002-03-12,1418.9
2002-03-13,1428.75
2002-03-14,1410.05
2002-03-18,1410.5699
2002-03-19,1410.65
2002-03-20,1416.1
2002-03-21,1426.23
2002-03-22,1433.17
2002-03-25,1419.6899
2002-03-26,1419.6899
2002-03-27,1427.51
2002-03-28,1427.4301
2002-04-01,1439.6
2002-04-02,1441.83
2002-04-03,1439.3199
2002-04-04,1483.98
2002-04-05,1483.98
2002-04-08,1562.22
2002-04-09,1571.51
2002-04-10,1610.37
2002-04-11,1594.64
2002-04-12,1634.01
2002-04-15,1661.88
2002-04-16,1680.35
2002-04-17,1664.4301
2002-04-18,1633.64
2002-04-19,1633.64
2002-04-22,1633.64
2002-04-23,1644.05
2002-04-24,1649.51
2002-04-25,1642.62
2002-04-26,1630.48
2002-04-29,1591.5601
2002-04-30,1613.27
2002-05-01,1614.65
2002-05-02,1631.0601
2002-05-03,1647.5601
2002-05-06,1636.91
2002-05-07,1647.2
2002-05-08,1655.28
2002-05-10,1650.21
2002-05-13,1636.75
2002-05-14,1641.16
2002-05-15,1646.9301
2002-05-16,1621.83
2002-05-17,1630.2
2002-05-20,1619.28
2002-05-21,1619.71
2002-05-22,1595.01
2002-05-23,1572.4
2002-05-24,1573.75
2002-05-27,1589.9
2002-05-28,1597.36
2002-05-29,1624.41
2002-05-30,1625.95
2002-05-31,1637.54
2002-06-03,1631.8199
2002-06-04,1625.3
2002-06-05,1624.1
2002-06-06,1603.36
2002-06-07,1605.22
2002-06-10,1598.55
2002-06-11,1614.38
2002-06-12,1614.38
2002-06-13,1675.36
2002-06-14,1688.59
2002-06-17,1684.09
2002-06-18,1669.61
2002-06-19,1659.23
2002-06-20,1650.8101
2002-06-21,1634.12
2002-06-24,1616.8199
2002-06-25,1608.54
2002-06-26,1608.54
2002-06-27,1581.4399
2002-06-28,1578.53
2002-07-01,1546.23
2002-07-02,1529.87
2002-07-03,1507.46
2002-07-04,1544.11
2002-07-05,1559.3199
2002-07-08,1538.66
2002-07-09,1524.4
2002-07-10,1508.28
2002-07-11,1493.63
2002-07-12,1518.08
2002-07-15,1519.87
2002-07-16,1521.21
2002-07-17,1517.96
2002-07-18,1538.7
2002-07-19,1532.83
2002-07-22,1507.52
2002-07-23,1515.09
2002-07-24,1468.0601
2002-07-25,1462.79
2002-07-26,1434.63
2002-07-29,1473.23
2002-07-30,1491.24
2002-07-31,1498.04
2002-08-01,1494.17
2002-08-02,1481.17
2002-08-05,1458.59
2002-08-06,1433.89
2002-08-07,1446.52
2002-08-08,1442.84
2002-08-09,1450.67
2002-08-12,1447.6
2002-08-13,1455.05
2002-08-14,1446.13
2002-08-15,1452.88
2002-08-16,1455.11
2002-08-19,1457.34
2002-08-20,1467.95
2002-08-21,1468.91
2002-08-22,1459.36
2002-08-23,1482.95
2002-08-26,1477.12
2002-08-27,1457.42
2002-08-28,1426.9399
2002-08-29,1421.0601
2002-08-30,1435.25
2002-09-02,1427.21
2002-09-03,1394.33
2002-09-04,1368.17
2002-09-05,1383.0601
2002-09-06,1392.3199
2002-09-09,1398.29
2002-09-10,1399.8
2002-09-11,1400.9301
2002-09-12,1397.21
2002-09-13,1373.9301
2002-09-16,1373.03
2002-09-17,1395.71
2002-09-18,1371.51
2002-09-19,1340.87
2002-09-20,1339.13
2002-09-23,1348.21
2002-09-24,1345.3199
2002-09-25,1343.86
2002-09-26,1357.13
2002-09-27,1358.12
2002-09-30,1377.0699
2002-10-01,1346.04
2002-10-02,1350.55
2002-10-03,1349.62
2002-10-07,1325.25
2002-10-08,1325.6801
2002-10-09,1296.72
2002-10-10,1275.42
2002-10-11,1257.3101
2002-10-14,1146.09
2002-10-15,1159.6
2002-10-16,1203.5699
2002-10-17,1195.47
2002-10-18,1206.35
2002-10-21,1211.76
2002-10-22,1187.46
2002-10-23,1196.17
2002-10-24,1189.54
2002-10-25,1194.04
2002-10-28,1218.8
2002-10-29,1219.4
2002-10-30,1222.21
2002-10-31,1243.5
2002-11-01,1250.33
2002-11-04,1288.2
2002-11-05,1259.63
2002-11-06,1245.05
2002-11-07,1245.4301
2002-11-08,1236.95
2002-11-11,1225.77
2002-11-12,1225.77
2002-11-13,1239.15
2002-11-14,1250.61
2002-11-15,1258.9399
2002-11-18,1235.16
2002-11-19,1248.03
2002-11-20,1259.0699
2002-11-21,1261.25
2002-11-22,1285.1
2002-11-25,1287.09
2002-11-26,1283.87
2002-11-27,1283.49
2002-11-28,1301.3101
2002-11-29,1302.98
2002-12-02,1300.1801
2002-12-03,1325.42
2002-12-04,1322.59
2002-12-11,1310.84
2002-12-12,1315.9
2002-12-13,1307.95
2002-12-16,1318.9301
2002-12-17,1340.23
2002-12-18,1353.41
2002-12-19,1396.25
2002-12-20,1410.99
2002-12-23,1408.79
2002-12-27,1407.26
2003-01-02,1364.01
2003-01-03,1361.25
2003-01-06,1338.59
2003-01-07,1330.1899
2003-01-08,1310.51
2003-01-09,1337.0601
2003-01-10,1338.0601
2003-01-13,1338.13
2003-01-14,1381.38
2003-01-15,1377.13
2003-01-16,1350.92
2003-01-17,1361.5699
2003-01-20,1373.01
2003-01-21,1372.39
2003-01-22,1373.09
2003-01-23,1376.88
2003-01-24,1376.1
2003-01-27,1346.97
2003-01-28,1350.73
2003-01-29,1331.86
2003-01-30,1333.88
2003-01-31,1321.21
2003-02-03,1330
2003-02-04,1330
2003-02-05,1347.23
2003-02-06,1341.92
2003-02-07,1341.92
2003-02-10,1341.92
2003-02-11,1362.29
2003-02-13,1355.83
2003-02-14,1361.14
2003-02-17,1361.14
2003-02-18,1390.09
2003-02-19,1385.98
2003-02-20,1381.37
2003-02-21,1369.76
2003-02-24,1369.76
2003-02-25,1378.86
2003-02-26,1367.1801
2003-02-27,1361.63
2003-02-28,1362.85
2003-03-04,1354.67
2003-03-05,1344.95
2003-03-06,1348.87
2003-03-07,1348.87
2003-03-10,1312.38
2003-03-11,1303.6899
2003-03-12,1335.0601
2003-03-13,1322.33
2003-03-14,1335.03
2003-03-17,1316.52
2003-03-18,1320.23
2003-03-19,1325.28
2003-03-20,1351.62
2003-03-21,1349.64
2003-03-24,1351.14
2003-03-25,1352.95
2003-03-26,1369.86
2003-03-27,1365.28
2003-03-28,1370.25
2003-03-31,1352.5
2003-04-01,1353.59
2003-04-02,1353.59
2003-04-03,1378.59
2003-04-04,1435.14
2003-04-07,1435.14
2003-04-08,1438.76
2003-04-09,1458.89
2003-04-10,1449.08
2003-04-11,1484.3199
2003-04-14,1475.23
2003-04-15,1487.8199
2003-04-16,1504.61
2003-04-17,1505.3
2003-04-21,1517.5
2003-04-22,1505.29
2003-04-23,1520.9
2003-04-24,1512.9399
2003-04-25,1483.38
2003-04-28,1470.2
2003-04-29,1507.54
2003-04-30,1527.86
2003-05-01,1527.53
2003-05-02,1510.88
2003-05-05,1542.65
2003-05-06,1555
2003-05-07,1579.95
2003-05-08,1577.91
2003-05-09,1576.74
2003-05-12,1593.99
2003-05-13,1596.96
2003-05-14,1575.9399
2003-05-19,1552.83
2003-05-20,1571.24
2003-05-21,1571.66
2003-05-22,1563.53
2003-05-23,1585.15
2003-05-26,1611.26
2003-05-27,1608.97
2003-05-28,1652.58
2003-05-29,1661.3101
2003-06-02,1701.22
2003-06-03,1694.87
2003-06-04,1710.96
2003-06-05,1729.83
2003-06-06,1719.23
2003-06-09,1719.23
2003-06-10,1749.76
2003-06-11,1740.59
2003-06-12,1700.99
2003-06-13,1726.11
2003-06-16,1735.55
2003-06-17,1728.47
2003-06-18,1716.3
2003-06-19,1745.52
2003-06-20,1748.05
2003-06-23,1734.48
2003-06-24,1717.55
2003-06-25,1716.03
2003-06-26,1706.02
2003-06-27,1728.96
2003-06-30,1729.74
2003-07-01,1737.49
2003-07-02,1740.5601
2003-07-03,1745.36
2003-07-04,1736.35
2003-07-07,1757.22
2003-07-08,1777.11
2003-07-09,1771.6801
2003-07-10,1760.77
2003-07-11,1769.9
2003-07-14,1814.85
2003-07-15,1803.88
2003-07-16,1773.48
2003-07-17,1765.4399
2003-07-18,1771.1
2003-07-21,1762.88
2003-07-22,1756.1801
2003-07-23,1740.85
2003-07-24,1714.86
2003-07-25,1729.4301
2003-07-28,1738.51
2003-07-29,1727.96
2003-07-30,1718.46
2003-07-31,1709.6899
2003-08-01,1699.72
2003-08-04,1677.92
2003-08-05,1627.36
2003-08-06,1647.3199
2003-08-07,1690.39
2003-08-08,1679.65
2003-08-11,1681.12
2003-08-12,1688.84
2003-08-13,1692.71
2003-08-14,1691.6
2003-08-15,1710.41
2003-08-19,1712.14
2003-08-20,1718.86
2003-08-21,1731.17
2003-08-22,1732.61
2003-08-25,1732.61
2003-08-26,1724.3101
2003-08-27,1726.41
2003-08-28,1723.17
2003-08-29,1718.3101
2003-09-01,1727.08
2003-09-02,1738.55
2003-09-03,1795.08
2003-09-04,1867.1801
2003-09-05,1888.09
2003-09-08,1901.5699
2003-09-09,1896.88
2003-09-10,1847.64
2003-09-11,1799.8
2003-09-12,1798.8199
2003-09-15,1793.97
2003-09-16,1823.08
2003-09-17,1867.23
2003-09-18,1853.83
2003-09-19,1867.33
2003-09-23,1865.98
2003-09-24,1925.36
2003-09-25,1927.67
2003-09-26,1921.29
2003-09-29,1911.49
2003-09-30,1911.04
2003-10-01,1944.3
2003-10-02,2038.1899
2003-10-03,2054.8101
2003-10-06,2022.55
2003-10-07,1995.46
2003-10-08,2017.97
2003-10-09,2070.53
2003-10-10,2109.3201
2003-10-13,2101.8799
2003-10-14,2102.3201
2003-10-15,2109.73
2003-10-16,2093.3
2003-10-17,2082.0601
2003-10-20,2085.1001
2003-10-21,2064.1101
2003-10-22,2054.3601
2003-10-23,2017.95
2003-10-24,2020.34
2003-10-27,2007.17
2003-10-28,2008.1801
2003-10-29,2009.33
2003-10-30,2014.71
2003-10-31,2011.71
2003-11-03,1981.53
2003-11-04,2001.61
2003-11-05,2015.71
2003-11-06,2008.26
2003-11-07,1994.51
2003-11-10,1981.88
2003-11-11,1981.6801
2003-11-12,1981.6801
2003-11-13,1989.63
2003-11-14,1981.05
2003-11-17,1973.26
2003-11-18,1973.84
2003-11-19,1956.6899
2003-11-20,1956.6899
2003-11-21,2003.12
2003-12-01,2058.3899
2003-12-02,2078.01
2003-12-03,2114.9099
2003-12-04,2114.29
2003-12-05,2115.6699
2003-12-08,2144.6101
2003-12-09,2140.6899
2003-12-10,2148.04
2003-12-11,2173.1001
2003-12-12,2193.3401
2003-12-15,2198.28
2003-12-16,2199.23
2003-12-17,2198.77
2003-12-18,2250.46
2003-12-19,2263.73
2003-12-22,2275.7
2003-12-23,2287.5801
2003-12-29,2323.24
2003-12-30,2311.05
2004-01-02,2402.18
2004-01-05,2402.18
2004-01-06,2383.39
2004-01-07,2351.19
2004-01-08,2438.48
2004-01-09,2530.63
2004-01-12,2500.1
2004-01-13,2507.43
2004-01-14,2559.72
2004-01-15,2589.32
2004-01-16,2601.97
2004-01-19,2610.83
2004-01-20,2647.02
2004-01-21,2657.4
2004-01-23,2683.89
2004-01-26,2684.22
2004-01-27,2637.44
2004-01-28,2620.34
2004-01-29,2580.4
2004-01-30,2553.59
2004-02-03,2475.42
2004-02-04,2491.36
2004-02-05,2528.68
2004-02-06,2616.91
2004-02-09,2650.98
2004-02-10,2644.78
2004-02-11,2650.85
2004-02-12,2636.09
2004-02-13,2665.91
2004-02-16,2669.8
2004-02-17,2663.69
2004-02-18,2699.61
2004-02-19,2728.72
2004-02-20,2747.74
2004-02-24,2693.01
2004-02-25,2682.43
2004-02-26,2682.43
2004-02-27,2682.43
2004-03-01,2645.65
2004-03-02,2700.93
2004-03-03,2709.3
2004-03-04,2709.3
2004-03-05,2711.28
2004-03-08,2698.3
2004-03-09,2702.3
2004-03-10,2649.33
2004-03-11,2588.63
2004-03-12,2567.69
2004-03-15,2529.89
2004-03-16,2498.7
2004-03-17,2554.75
2004-03-18,2577.79
2004-03-19,2588.52
2004-03-23,2569.05
2004-03-24,2569.04
2004-03-25,2524.46
2004-03-26,2472.92
2004-03-29,2483.22
2004-03-30,2529.02
2004-03-31,2542.43
2004-04-01,2551.68
2004-04-02,2605.29
2004-04-06,2677.79
2004-04-07,2675.76
2004-04-08,2692.55
2004-04-12,2655.81
2004-04-13,2668.12
2004-04-14,2683.4
2004-04-15,2671.76
2004-04-16,2682.54
2004-04-19,2715.41
2004-04-20,2805.09
2004-04-21,2813.98
2004-04-22,2785.38
2004-04-23,2825.51
2004-04-26,2805.88
2004-04-27,2831.95
2004-04-28,2836.93
2004-04-29,2773.71
2004-04-30,2716.21
2004-05-04,2693.31
2004-05-05,2629.91
2004-05-06,2586.33
2004-05-07,2582.29
2004-05-10,2465.59
2004-05-11,2508.18
2004-05-12,2592.93
2004-05-13,2568.16
2004-05-14,2505.98
2004-05-17,2315.36
2004-05-18,2338.67
2004-05-19,2448.45
2004-05-21,2514.24
2004-05-24,2542.29
2004-05-25,2494.37
2004-05-26,2502.14
2004-05-27,2539.06
2004-05-28,2565.69
2004-05-31,2559.69
2004-06-01,2559.69
2004-06-02,2515.58
2004-06-04,2515.58
2004-06-07,2461.36
2004-06-08,2466.59
2004-06-09,2488.78
2004-06-10,2477.72
2004-06-11,2464.77
2004-06-14,2451.09
2004-06-15,2489.64
2004-06-16,2486.64
2004-06-17,2465.88
2004-06-18,2445.76
2004-06-21,2434.16
2004-06-22,2444.71
2004-06-23,2477.78
2004-06-24,2504.95
2004-06-25,2537.88
2004-06-28,2544.25
2004-06-29,2559.05
2004-06-30,2588.62
2004-07-01,2596.68
2004-07-02,2644.8
2004-07-05,2644.8
2004-07-06,2726.88
2004-07-07,2754.13
2004-07-08,2706.14
2004-07-09,2707.18
2004-07-12,2685.91
2004-07-13,2687.19
2004-07-14,2654.8
2004-07-15,2654.03
2004-07-16,2693.03
2004-07-19,2689.48
2004-07-20,2700.06
2004-07-21,2718.84
2004-07-22,2728.53
2004-07-23,2734.55
2004-07-26,2723.63
2004-07-27,2714.88
2004-07-28,2707.44
2004-07-29,2702.42
2004-07-30,2693.4
2004-08-02,2699.63
2004-08-03,2695.18
2004-08-04,2697.63
2004-08-05,2706.74
2004-08-06,2679.81
2004-08-09,2660.58
2004-08-10,2669.15
2004-08-11,2714.78
2004-08-12,2692.94
2004-08-13,2684.45
2004-08-16,2672.5
2004-08-17,2678.93
2004-08-18,2678.9299
2004-08-19,2676.18
2004-08-20,2662.78
2004-08-23,2658.41
2004-08-24,2639.07
2004-08-25,2616.19
2004-08-26,2634.7
2004-08-27,2684.17
2004-08-30,2702.52
2004-08-31,2713.52
2004-09-01,2713.52
2004-09-02,2821.19
2004-09-03,2846.34
2004-09-06,2836.9
2004-09-07,2844.05
2004-09-08,2848.71
2004-09-09,2821.72
2004-09-10,2881.46
2004-09-14,2935
2004-09-15,2954.87
2004-09-16,2949.24
2004-09-17,2955.61
2004-09-20,2955.61
2004-09-21,2982.23
2004-09-22,2950.59
2004-09-23,2923.34
2004-09-24,2936.85
2004-09-27,2930
2004-09-28,2912.26
2004-09-29,2920.79
2004-09-30,2947.71
2004-10-01,2947.71
2004-10-04,2817.1
2004-10-05,3125.91
2004-10-06,3101.61
2004-10-07,3072.29
2004-10-08,3089.6
2004-10-11,3106.05
2004-10-12,3078.62
2004-10-13,3121.62
2004-10-14,3113
2004-10-15,3102.88
2004-10-18,3095.53
2004-10-19,3085.85
2004-10-20,3049.2
2004-10-21,3031.74
2004-10-22,3090.82
2004-10-25,3083.68
2004-10-26,3061.82
2004-10-27,3089.69
2004-10-28,3140.9
2004-10-29,3131.96
2004-11-01,3147.3
2004-11-02,3212.97
2004-11-03,3233.52
2004-11-04,3226.11
2004-11-05,3249.1
2004-11-08,3237.03
2004-11-09,3289.51
2004-11-10,3356.19
2004-11-11,3368.28
2004-11-12,3410.58
2004-11-19,3410.58
2004-11-22,3414.85
2004-11-23,3474.12
2004-11-24,3505.25
2004-11-25,3503.25
2004-11-26,3531.15
2004-11-29,3532.9
2004-11-30,3593.27
2004-12-01,3625.04
2004-12-02,3664.5
2004-12-03,3621.94
2004-12-06,3622.4
2004-12-07,3622.4
2004-12-08,3634.34
2004-12-09,3601.02
2004-12-10,3538.93
2004-12-13,3504.98
2004-12-14,3448.81
2004-12-15,3511.85
2004-12-16,3584.54
2004-12-17,3662.75
2004-12-20,3636.02
2004-12-21,3663.78
2004-12-22,3700.53
2004-12-23,3696.2
2004-12-27,3732.08
2004-12-28,3751.18
2004-12-29,3758.37
2004-12-30,3737.32
2005-01-03,3765.73
2005-01-04,3844.29
2005-01-05,3835.24
2005-01-06,3893.5601
2005-01-07,3900.6399
2005-01-10,3845.0701
2005-01-11,3815.9199
2005-01-12,3807.3501
2005-01-13,3857.3799
2005-01-14,3856.8701
2005-01-17,3875.76
2005-01-18,3852.54
2005-01-19,3893.3799
2005-01-20,3932.97
2005-01-24,3921.8799
2005-01-25,3911.1499
2005-01-26,3946.26
2005-01-27,3966.5
2005-01-28,3971.8799
2005-01-31,3963.95
2005-02-01,3985.25
2005-02-02,4016.8501
2005-02-03,3997.9199
2005-02-04,4006.74
2005-02-07,3986.8999
2005-02-08,3967.75
2005-02-11,3986.78
2005-02-14,4001.97
2005-02-15,4060.6599
2005-02-16,4087.1799
2005-02-17,4118.9902
2005-02-18,4153.2598
2005-02-21,4164.2598
2005-02-22,4177.9399
2005-02-23,4183.7998
2005-02-24,4183.6401
2005-02-25,4113.73
2005-02-28,4074.6599
2005-03-01,4148.2202
2005-03-02,4111.0698
2005-03-03,4138.5801
2005-03-04,4171.7402
2005-03-07,4186.5498
2005-03-08,4204.8701
2005-03-09,4226.1499
2005-03-10,4201.5098
2005-03-14,4260.8799
2005-03-15,4234.2402
2005-03-16,4287.48
2005-03-17,4286.1899
2005-03-18,4322.1201
2005-03-21,4326.5298
2005-03-22,4334.5098
2005-03-23,4293.7202
2005-03-24,4193.29
2005-03-28,4143.73
2005-03-29,4041.5801
2005-03-30,4015.1001
2005-03-31,4077.1899
2005-04-01,4131.3901
2005-04-04,4149.25
2005-04-05,4138.4399
2005-04-06,4138.4399
2005-04-07,4200.3999
2005-04-08,4185.8701
2005-04-11,4166.3398
2005-04-12,4175.2002
2005-04-13,4191.5298
2005-04-14,4164.1899
2005-04-15,4117.96
2005-04-18,3997.51
2005-04-19,4004.8799
2005-04-20,4038.23
2005-04-21,3947.46
2005-04-25,3837.0701
2005-04-26,3886.3301
2005-04-27,3902.0601
2005-04-28,3935.78
2005-04-29,3909.48
2005-05-02,3901.1101
2005-05-03,3924.3201
2005-05-04,3990.6899
2005-05-06,4054.25
2005-05-09,4091.03
2005-05-10,4065.8501
2005-05-11,4022.76
2005-05-12,4040.0601
2005-05-13,4030.46
2005-05-16,3997.95
2005-05-17,3995.5901
2005-05-18,3967.6799
2005-05-19,4004.1299
2005-05-20,4010.73
2005-05-23,3999.3301
2005-05-25,4012.1201
2005-05-26,4029.9299
2005-05-27,4057.29
2005-05-30,4061.3101
2005-05-31,4149.46
2005-06-01,4142.8198
2005-06-02,4166.4302
2005-06-03,4173.1802
2005-06-06,4188.3398
2005-06-07,4167.3701
2005-06-08,4168.4502
2005-06-09,4172.3701
2005-06-10,4166.6099
2005-06-13,4196.3599
2005-06-14,4223.6802
2005-06-15,4286.02
2005-06-16,4302.98
2005-06-17,4371.6001
2005-06-20,4399.3501
2005-06-21,4366.3599
2005-06-22,4366.7998
2005-06-23,4378.8901
2005-06-24,4380.7202
2005-06-27,4310.4902
2005-06-28,4345.29
2005-06-29,4350.25
2005-06-30,4343.8599
2005-07-01,4399.25
2005-07-04,4399.9102
2005-07-05,4366.5601
2005-07-06,4335.0498
2005-07-07,4298.1299
2005-07-08,4305.1602
2005-07-11,4371.8101
2005-07-12,4403.46
2005-07-13,4400.5698
2005-07-14,4415.9702
2005-07-15,4393.04
2005-07-18,4394.9702
2005-07-19,4409.3501
2005-07-20,4431.5801
2005-07-21,4503.0498
2005-07-22,4545.2402
2005-07-25,4538.0098
2005-07-26,4586.8398
2005-07-27,4587.1299
2005-07-28,4604.7202
2005-07-29,4610.3398
2005-08-01,4610.6001
2005-08-02,4645.9399
2005-08-03,4651.3701
2005-08-04,4635.3398
2005-08-05,4591.7998
2005-08-08,4544.5
2005-08-09,4543.9702
2005-08-10,4593.4502
2005-08-11,4574.75
2005-08-12,4531.1299
2005-08-15,4395.6201
2005-08-16,4380.1699
2005-08-18,4345.8701
2005-08-19,4291.1401
2005-08-22,4237.9502
2005-08-23,4200.1699
2005-08-24,4108.7202
2005-08-25,4198.9502
2005-08-26,4159.1299
2005-08-29,3936.21
2005-08-30,4119.04
2005-08-31,4160.0801
2005-09-01,4122.2402
2005-09-05,4099.2598
2005-09-06,4140.0898
2005-09-07,4173.8398
2005-09-08,4262.1699
2005-09-09,4327.1001
2005-09-12,4354.5801
2005-09-13,4279.1099
2005-09-14,4187.6802
2005-09-15,4159.3599
2005-09-16,4179.7998
2005-09-19,4207.3501
2005-09-20,4207.3501
2005-09-21,4131.6001
2005-09-22,4038.8701
2005-09-23,4007.6899
2005-09-26,4079.8301
2005-09-27,4099.98
2005-09-28,4059.99
2005-09-29,4131.98
2005-09-30,4254.6099
2005-10-03,4279.8301
2005-10-04,4368.6001
2005-10-05,4358.8901
2005-10-06,4314.7598
2005-10-07,4313.04
2005-10-10,4322.5801
2005-10-11,4327.5801
2005-10-12,4307.3701
2005-10-13,4283.1899
2005-10-14,4312.4502
2005-10-17,4300.46
2005-10-18,4322.48
2005-10-19,4235.1499
2005-10-20,4244.3599
2005-10-21,4240.4902
2005-10-24,4231.1802
2005-10-25,4188.2998
2005-10-26,4185.5898
2005-10-27,4186.6802
2005-10-28,4166.71
2005-10-31,4244.6899
2005-11-01,4239.3501
2005-11-09,4177.77
2005-11-10,4156.04
2005-11-11,4109.6899
2005-11-14,4067.6201
2005-11-15,4089.5
2005-11-16,4104.3101
2005-11-17,4120.5
2005-11-18,4194.8198
2005-11-21,4223.71
2005-11-22,4248.8999
2005-11-23,4246.7598
2005-11-24,4319.3301
2005-11-25,4298.7598
2005-11-28,4307.7798
2005-11-29,4313.75
2005-11-30,4389.2402
2005-12-01,4383.29
2005-12-02,4479.48
2005-12-05,4464.2402
2005-12-06,4477.48
2005-12-07,4579
2005-12-08,4614.52
2005-12-09,4621.6699
2005-12-12,4671.7402
2005-12-13,4685.96
2005-12-14,4648.3701
2005-12-15,4574.8799
2005-12-16,4521.2202
2005-12-19,4593
2005-12-20,4592.2002
2005-12-21,4580.2402
2005-12-22,4601.48
2005-12-23,4586.4502
2005-12-27,4610.3999
2005-12-28,4615.75
2005-12-29,4592.3901
2006-01-02,4625.46
2006-01-03,4674.43
2006-01-04,4783.84
2006-01-05,4809.18
2006-01-06,4863.78
2006-01-09,4963.11
2006-01-11,5019.91
2006-01-12,5024.61
2006-01-13,5024.19
2006-01-16,4955.51
2006-01-17,4854.61
2006-01-18,4782.79
2006-01-19,4944.14
2006-01-20,4927.66
2006-01-23,4831.11
2006-01-24,4865.82
2006-01-25,4975.08
2006-01-26,4977.72
2006-01-27,4985.46
2006-01-30,4989.91
2006-02-01,5025.07
2006-02-02,5029.13
2006-02-03,5031.93
2006-02-06,5046.28
2006-02-07,5093.86
2006-02-08,5022.43
2006-02-09,5070.41
2006-02-10,5111.35
2006-02-13,5104.07
2006-02-14,5015.82
2006-02-15,5071.68
2006-02-16,5078.3
2006-02-17,5115.4
2006-02-20,5140.9
2006-02-21,5097.08
2006-02-22,5088.88
2006-02-23,5042.69
2006-02-24,4989.85
2006-02-26,5073.1
2006-02-27,5057.18
2006-02-28,5104.83
2006-03-01,5104.8301
2006-03-02,5137.73
2006-03-03,5187.39
2006-03-06,5212.09
2006-03-07,5115.96
2006-03-08,5065.82
2006-03-09,5089.47
2006-03-10,5137.76
2006-03-13,5150.09
2006-03-14,5139.08
2006-03-15,5142.52
2006-03-16,5250.86
2006-03-17,5394.51
2006-03-20,5496.07
2006-03-21,5495.52
2006-03-22,5377.89
2006-03-23,5375.75
2006-03-24,5394.65
2006-03-27,5401.47
2006-03-28,5485.58
2006-03-29,5476.09
2006-04-03,5502.26
2006-04-04,5479.96
2006-04-05,5554.92
2006-04-06,5622.39
2006-04-07,5681.2
2006-04-11,5681.2
2006-04-12,5676.89
2006-04-13,5688.82
2006-04-17,5719.1
2006-04-18,5852.67
2006-04-19,6021.64
2006-04-20,6103.28
2006-04-21,6156.25
2006-04-24,6080.3
2006-04-25,6141.5
2006-04-26,6280.05
2006-04-27,6273.33
2006-04-28,6229.04
2006-05-01,6286.29
2006-05-02,6285.94
2006-05-03,6285.94
2006-05-04,6306.87
2006-05-05,6317.65
2006-05-08,6436.44
2006-05-09,6519.71
2006-05-10,6544.24
2006-05-11,6656.36
2006-05-12,6526.57
2006-05-15,6072.44
2006-05-16,6097.7
2006-05-17,6282.29
2006-05-18,6017.65
2006-05-19,5984.14
2006-05-22,5597.9
2006-05-23,5714.16
2006-05-24,5691.41
2006-05-29,5749.11
2006-05-30,5897.05
2006-05-31,5759.54
2006-06-01,5696
2006-06-02,5777.82
2006-06-05,5798.76
2006-06-06,5671.78
2006-06-07,5544.74
2006-06-08,5348.28
2006-06-09,5494.66
2006-06-12,5492.27
2006-06-13,5339.55
2006-06-14,5317.44
2006-06-15,5345.09
2006-06-16,5623.29
2006-06-19,5577.2
2006-06-20,5576.38
2006-06-21,5576.33
2006-06-22,5635.76
2006-06-23,5602.26
2006-06-26,5582.52
2006-06-27,5597.45
2006-06-28,5564.5
2006-06-29,5596.01
2006-06-30,5733.43
2006-07-03,5822.39
2006-07-04,5868.73
2006-07-05,5867.56
2006-07-06,5845.85
2006-07-07,5888.13
2006-07-10,5869.69
2006-07-11,5889.09
2006-07-12,5895.18
2006-07-13,5850.35
2006-07-14,5730.03
2006-07-17,5622.04
2006-07-18,5656.03
2006-07-19,5644.41
2006-07-20,5780.77
2006-07-21,5776.76
2006-07-24,5771.38
2006-07-25,5813.19
2006-07-26,5849.06
2006-07-27,5941.57
2006-07-28,5952.36
2006-07-31,6016.48
2006-08-01,6106.72
2006-08-02,6196.82
2006-08-03,6140.69
2006-08-04,6205.59
2006-08-07,6279.83
2006-08-08,6267.44
2006-08-09,6343.99
2006-08-10,6167.04
2006-08-11,6247.69
2006-08-14,6291.43
2006-08-15,6362.61
2006-08-16,6430.06
2006-08-22,6392.59
2006-08-23,6376.62
2006-08-24,6343.88
2006-08-25,6250.64
2006-08-28,6253.82
2006-08-29,6352.53
2006-08-30,6316.13
2006-08-31,6351.15
2006-09-01,6406.71
2006-09-04,6504.44
2006-09-05,6484.38
2006-09-06,6473.38
2006-09-07,6447.2
2006-09-08,6436.23
2006-09-11,6331.59
2006-09-12,6257.28
2006-09-13,6316.36
2006-09-14,6377.3
2006-09-15,6387.63
2006-09-18,6409.55
2006-09-19,6460.1
2006-09-20,6460.09
2006-09-21,6590.18
2006-09-22,6629.06
2006-09-25,6607.91
2006-09-26,6544.56
2006-09-27,6617.96
2006-09-28,6619.92
2006-09-29,6632.83
2006-10-02,6607.38
2006-10-03,6675.85
2006-10-04,6657.92
2006-10-05,6696.53
2006-10-06,6725.42
2006-10-09,6702.79
2006-10-10,6773.37
2006-10-11,6782.55
2006-10-12,6782.93
2006-10-13,6895.81
2006-10-16,6846.63
2006-10-17,6872.06
2006-10-18,6856.07
2006-10-19,6870.47
2006-10-20,6898.44
2006-10-30,6970.1
2006-10-31,6981.88
2006-11-01,7006.21
2006-11-02,7106.46
2006-11-03,7142.26
2006-11-06,7235.5
2006-11-07,7267.11
2006-11-08,7234.94
2006-11-09,7284.06
2006-11-10,7299.45
2006-11-13,7184.76
2006-11-14,7310.72
2006-11-15,7311.39
2006-11-16,7311.21
2006-11-17,7336.33
2006-11-20,7376.23
2006-11-21,7388.85
2006-11-22,7482.34
2006-11-23,7463.76
2006-11-24,7499.06
2006-11-27,7566.16
2006-11-28,7385.06
2006-11-29,7491.09
2006-11-30,7513.8
2006-12-01,7590.76
2006-12-04,7545.77
2006-12-05,7732.68
2006-12-06,7772.45
2006-12-07,7771.12
2006-12-08,7740.25
2006-12-11,7689.63
2006-12-12,7690.57
2006-12-13,7674.66
2006-12-14,7689.78
2006-12-15,7777.93
2006-12-18,7768.95
2006-12-19,7553.88
2006-12-20,7681.47
2006-12-21,7782.32
2006-12-22,7780.15
2006-12-26,7754.16
2006-12-27,7829.12
2006-12-28,7806.25
2007-01-02,7932.5801
2007-01-03,7931.0098
2007-01-04,7897.6299
2007-01-05,7936.1099
2007-01-08,7871.6602
2007-01-09,7705.3901
2007-01-10,7371.2002
2007-01-11,7319.2202
2007-01-12,7195.1099
2007-01-15,7432.9302
2007-01-16,7559.0898
2007-01-17,7585.79
2007-01-18,7641.2002
2007-01-19,7686.5801
2007-01-22,7823.5898
2007-01-23,7785.5298
2007-01-24,7765.4902
2007-01-25,7633.21
2007-01-26,7574.3701
2007-01-29,7576.2002
2007-01-30,7582.6201
2007-01-31,7542.1499
2007-02-01,7579.7598
2007-02-02,7607.3901
2007-02-05,7551.2402
2007-02-06,7514.9199
2007-02-07,7532.73
2007-02-08,7459.1699
2007-02-09,7415.1499
2007-02-12,7399.4502
2007-02-13,7385.79
2007-02-14,7495.79
2007-02-15,7688.2402
2007-02-16,7726.0498
2007-02-19,7728.8301
2007-02-20,7751.8701
2007-02-21,7826.2998
2007-02-22,7780.8198
2007-02-23,7685.8999
2007-02-26,7649.2202
2007-02-27,7560.6499
2007-02-28,7461.27
2007-03-01,7514
2007-03-02,7509.0498
2007-03-05,7232.0098
2007-03-06,7385.8198
2007-03-07,7454.8999
2007-03-08,7592.7998
2007-03-09,7572.6201
2007-03-12,7712.1899
2007-03-13,7724.8999
2007-03-14,7574.8398
2007-03-15,7641.7002
2007-03-16,7643.02
2007-03-20,7647.3198
2007-03-21,7675.6299
2007-03-22,7791.4502
2007-03-23,7757.9702
2007-03-26,7802.5098
2007-03-27,7830.0898
2007-03-28,7729.25
2007-03-29,7819.3799
2007-03-30,7901.0498
2007-04-02,7972.5298
2007-04-03,8201.0195
2007-04-04,8310.9697
2007-04-05,8181.96
2007-04-09,8279.46
2007-04-10,8348.2695
2007-04-11,8343.8604
2007-04-12,8366.75
2007-04-13,8412.1504
2007-04-16,8523.4902
2007-04-17,8544.2998
2007-04-18,8501.9102
2007-04-19,8302.3301
2007-04-20,8515.25
2007-04-23,8626.7803
2007-04-24,8597.0996
2007-04-25,8726.96
2007-04-26,8803.7695
2007-04-27,8790.0996
2007-04-30,8650.46
2007-05-01,8654.5996
2007-05-02,8696.3701
2007-05-03,8740.0898
2007-05-04,8824.2305
2007-05-07,8897.6504
2007-05-08,8856.1504
2007-05-09,8919.5098
2007-05-10,8972.0303
2007-05-11,8861.0098
2007-05-14,9016.7197
2007-05-15,9008.96
2007-05-16,9137.6904
2007-05-21,9221.79
2007-05-22,9252.6104
2007-05-23,9361.8604
2007-05-24,9182.21
2007-05-25,9112.1504
2007-05-28,9195.5498
2007-05-29,9198.0703
2007-05-30,9171.2402
2007-05-31,9314.4102
2007-06-04,9480.4297
2007-06-05,9391.0303
2007-06-06,9417.2598
2007-06-07,9344.0801
2007-06-08,9162.8604
2007-06-11,9312.4199
2007-06-12,9407.4902
2007-06-13,9303.6904
2007-06-14,9403.46
2007-06-15,9462.2402
2007-06-18,9542.21
2007-06-19,9632
2007-06-20,9715.9102
2007-06-21,9645.8896
2007-06-22,9643.6602
2007-06-25,9640.5898
2007-06-26,9637.21
2007-06-27,9520.7305
2007-06-28,9482.1504
2007-06-29,9662.0098
2007-07-02,9829.54
2007-07-03,9916.7402
2007-07-04,9935.0996
2007-07-05,10054.2998
2007-07-06,10170.2402
2007-07-09,10455.6201
2007-07-10,10458.8701
2007-07-11,10364.7998
2007-07-12,10466.0996
2007-07-13,10527.7002
2007-07-16,10436.8896
2007-07-17,10538.8496
2007-07-18,10546.4502
2007-07-19,10800.0703
2007-07-20,10997.8203
2007-07-23,11157.9697
2007-07-24,11221.5195
2007-07-25,11180.3096
2007-07-26,11056.8301
2007-07-27,10760.6104
2007-07-30,10743.29
2007-07-31,10948.46
2007-08-01,10493.6504
2007-08-02,10528.2695
2007-08-03,10502.2803
2007-08-06,10176.7803
2007-08-07,10064.4102
2007-08-08,10440.5195
2007-08-09,10364.1602
2007-08-10,10204.8096
2007-08-13,10250.3604
2007-08-14,10039.29
2007-08-15,9388.2998
2007-08-16,8859.7002
2007-08-20,9461.5
2007-08-21,9238.54
2007-08-22,9583.1299
2007-08-23,9852.25
2007-08-24,9864.5996
2007-08-27,10026.0303
2007-08-28,9972.4502
2007-08-29,9860.54
2007-08-30,9944.5703
2007-08-31,10155.96
2007-09-03,10216.6504
2007-09-04,10217.8398
2007-09-05,10262.6396
2007-09-06,10333.5996
2007-09-07,10405.6104
2007-09-10,10266.4502
2007-09-11,10256.2402
2007-09-12,10224.4805
2007-09-13,10270.1602
2007-09-14,10307.3799
2007-09-17,10307.3398
2007-09-18,10408.8604
2007-09-19,10776.3604
2007-09-20,10727.3301
2007-09-21,10893.7803
2007-09-24,10990.04
2007-09-25,10889.4697
2007-09-26,11000.8301
2007-09-27,11071.9902
2007-09-28,10984.2402
2007-10-01,11125.0195
2007-10-02,11413.4004
2007-10-03,11366.75
2007-10-04,11488.0195
2007-10-05,11577.6699
2007-10-08,11714.6201
2007-10-09,11862.9297
2007-10-10,12087.6104
2007-10-11,12350.6104
2007-10-17,12416.1904
2007-10-18,12303.9297
2007-10-19,12066.7803
2007-10-22,11554.7695
2007-10-23,12046.8096
2007-10-24,11901.2197
2007-10-25,12278.54
2007-10-26,12412.1904
2007-10-29,12638.9697
2007-10-30,12600.79
2007-10-31,12548.2305
2007-11-01,12856.5898
2007-11-02,12850.1299
2007-11-05,12561.3301
2007-11-06,12691.3398
2007-11-07,12843.2402
2007-11-08,12667.0703
2007-11-09,12780.8301
2007-11-12,12580.6299
2007-11-13,12379.6504
2007-11-14,12619.4102
2007-11-15,12761.1299
2007-11-16,12589.25
2007-11-19,12476.2695
2007-11-20,12423.3398
2007-11-21,12170.6396
2007-11-22,12143.1699
2007-11-23,12221.3203
2007-11-26,12588.7197
2007-11-27,12507.6602
2007-11-28,12775.1699
2007-11-29,12864.8496
2007-11-30,12876.8496
2007-12-03,13131.1104
2007-12-04,13280.3701
2007-12-05,13277.2305
2007-12-06,13361.9102
2007-12-07,13229.3799
2007-12-10,13269.96
2007-12-11,13365.7402
2007-12-12,13294.8701
2007-12-13,13080.0898
2007-12-14,13013.1104
2007-12-17,12633.3799
2007-12-18,12509.9199
2007-12-19,12561.96
2007-12-26,12880.0801
2007-12-27,12994.4004
2007-12-28,12995.7197
2008-01-02,12935.54
2008-01-03,12841.21
2008-01-04,13099.5801
2008-01-07,13083.8398
2008-01-08,13117.5703
2008-01-09,13381.3398
2008-01-14,13316.1396
2008-01-15,12919.96
2008-01-16,12222.0498
2008-01-17,12450.79
2008-01-18,12284.1904
2008-01-21,11668.9805
2008-01-22,10761.5898
2008-01-23,11679.6299
2008-01-24,11850.7998
2008-01-25,12430.6602
2008-01-28,12312.0498
2008-01-29,12477.0098
2008-01-30,12489.1504
2008-01-31,12587.0195
2008-02-01,12704.8701
2008-02-04,12952.25
2008-02-05,12980.7803
2008-02-06,12627.3604
2008-02-11,12342.0596
2008-02-12,12350.8799
2008-02-13,12430.71
2008-02-14,12754.8701
2008-02-15,12866.6201
2008-02-18,12841.5195
2008-02-19,12957.2197
2008-02-20,12824.6504
2008-02-21,13058.3799
2008-02-22,13113.5801
2008-02-25,13190.9199
2008-02-26,13105.1699
2008-02-27,13081.71
2008-02-28,13137.2305
2008-02-29,12980.9805
2008-03-03,12642.8301
2008-03-04,12521.5596
2008-03-05,12521.5303
2008-03-06,12602.1396
2008-03-10,11949.6797
2008-03-11,11947.3799
2008-03-12,12082.8203
2008-03-13,11513.1299
2008-03-14,11245.2197
2008-03-17,10915.7305
2008-03-18,11036.1904
2008-03-19,10910.71
2008-03-24,10965.71
2008-03-25,11366.7402
2008-03-26,11432.0498
2008-03-27,11529.3301
2008-03-28,11610.8896
2008-03-31,11455.6201
2008-04-01,11139.3799
2008-04-02,10844.0303
2008-04-03,10347.71
2008-04-04,10537.1396
2008-04-07,10564.4404
2008-04-08,10392.1504
2008-04-09,10062.6699
2008-04-10,10375.3096
2008-04-11,10755.0098
2008-04-14,10602.3896
2008-04-15,10693.96
2008-04-16,10922.6797
2008-04-17,10914.75
2008-04-18,10957.3398
2008-04-21,10884.9004
2008-04-22,10657.1504
2008-04-23,10809.3604
2008-04-24,10577.29
2008-04-25,10412.8604
2008-04-28,10488.79
2008-04-29,10766.6904
2008-04-30,10723.5
2008-05-02,10896.3301
2008-05-05,11124.7803
2008-05-06,11096.6201
2008-05-07,11166.7598
2008-05-08,11134.7998
2008-05-09,11109.9199
2008-05-12,11100.7803
2008-05-13,11297.8799
2008-05-14,11471.4902
2008-05-15,11447.1699
2008-05-16,11539.0898
2008-05-19,11795.2803
2008-05-21,11703.1201
2008-05-22,11700.8301
2008-05-23,11541.3604
2008-05-26,11316.8398
2008-05-27,11191.9199
2008-05-28,11412.29
2008-05-29,11508.7305
2008-05-30,11497.0898
2008-06-02,11400.5898
2008-06-03,11283.5898
2008-06-04,11071.0098
2008-06-05,11211.8496
2008-06-06,11230.3701
2008-06-09,11289.2002
2008-06-10,11057.9805
2008-06-11,11062.1699
2008-06-12,11261.3799
2008-06-13,11211.2197
2008-06-16,11255.3896
2008-06-17,11186.9297
2008-06-18,11132.5303
2008-06-19,11237.6797
2008-06-20,11287.8496
2008-06-23,11284.3301
2008-06-24,11285.0195
2008-06-25,11143.6699
2008-06-26,11163.7598
2008-06-27,11068.1602
2008-06-30,11134.1904
2008-07-01,11312.6797
2008-07-02,11268.7197
2008-07-03,10805.9404
2008-07-04,10922.5195
2008-07-07,10861.3799
2008-07-08,10745.1904
2008-07-09,10747.1504
2008-07-10,10666.1104
2008-07-11,10674.0195
2008-07-14,10606.9902
2008-07-15,10421.2803
2008-07-16,10306.9199
2008-07-17,10065.2803
2008-07-18,9939.6797
2008-07-21,10208.0498
2008-07-22,10293.0195
2008-07-23,10351.8896
2008-07-24,10496.0303
2008-07-25,10467.8301
2008-07-28,10575.8896
2008-07-29,10612.4297
2008-07-31,10788.2598
2008-08-01,10525.0596
2008-08-04,10392.8203
2008-08-05,10189.6602
2008-08-06,10184.5898
2008-08-07,10257.29
2008-08-08,10267.8799
2008-08-11,9957.5195
2008-08-12,9612.7197
2008-08-13,9623.2598
2008-08-14,9881.9697
2008-08-15,9742.0801
2008-08-19,9559.1396
2008-08-20,9720.8398
2008-08-21,9841.4697
2008-08-22,9985.4004
2008-08-25,10023.8398
2008-08-26,9936.1602
2008-08-27,10040.9697
2008-08-28,10102.0498
2008-08-29,10197.3799
2008-09-01,10217.75
2008-09-02,10198.7598
2008-09-03,9956.7598
2008-09-04,9751.9697
2008-09-05,9505.5596
2008-09-08,9555.6904
2008-09-09,9148.1396
2008-09-10,8768.2402
2008-09-11,8681.5596
2008-09-12,8365.7695
2008-09-15,7925.3301
2008-09-16,8067.6899
2008-09-17,8223.1396
2008-09-18,8356.6299
2008-09-19,8883.1201
2008-09-22,8912.2695
2008-09-23,8799.3896
2008-09-24,8838.5596
2008-09-25,8730.6904
2008-09-26,8664.9805
2008-09-29,8573.54
2008-10-06,7642.5
2008-10-07,7573.25
2008-10-08,6804.5298
2008-10-09,6804.5298
2008-10-10,6804.5298
2008-10-13,6885.9199
2008-10-14,7324.2002
2008-10-15,7144.8501
2008-10-16,6874.8901
2008-10-17,6544.2998
2008-10-20,6658.8198
2008-10-21,6721.1099
2008-10-22,6425.79
2008-10-23,6202.3599
2008-10-24,5801.8701
2008-10-27,5417.7798
2008-10-28,5165.9302
2008-10-29,5152.5498
2008-10-30,5432.5098
2008-10-31,5901.8398
2008-11-03,6440.5801
2008-11-04,6537.71
2008-11-05,6460.9502
2008-11-06,6213.1699
2008-11-07,6413.1201
2008-11-10,6432.29
2008-11-11,6431.4702
2008-11-12,6392.8398
2008-11-13,6066.8398
2008-11-14,6070.6401
2008-11-17,5951.0298
2008-11-18,5801.1201
2008-11-19,5737.1401
2008-11-20,5582.25
2008-11-21,5589.4902
2008-11-24,5545.2598
2008-11-25,5610.79
2008-11-26,5803.1201
2008-11-27,5888.9502
2008-11-28,6063.75
2008-12-01,5954.0801
2008-12-02,5795.3999
2008-12-03,5812.4502
2008-12-04,5909
2008-12-05,5893.9702
2008-12-09,6250.0298
2008-12-10,6546.9399
2008-12-11,6579.6099
2008-12-12,6261.0298
2008-12-15,6801.1699
2008-12-16,6726.7798
2008-12-17,6836.52
2008-12-18,6817.29
2008-12-19,6777.5498
2008-12-22,6746.0898
2008-12-23,6709.0601
2008-12-24,6672.1099
2008-12-26,6690.3301
2008-12-30,6745.96
2009-01-05,7206.7202
2009-01-06,7220.1401
2009-01-07,7153.9399
2009-01-08,7030.71
2009-01-09,7127.6802
2009-01-12,7096.2002
2009-01-13,7043.1401
2009-01-14,6959.4902
2009-01-15,6719.7402
2009-01-16,6828.0098
2009-01-19,6776.5
2009-01-20,6744.4902
2009-01-21,6616.4199
2009-01-22,6652.3301
2009-01-23,6580.5298
2009-01-27,6699.9199
2009-01-28,6627.52
2009-01-29,6660.5801
2009-01-30,6716.29
2009-02-02,6588.79
2009-02-03,6567.8599
2009-02-04,6606.3599
2009-02-05,6631.5601
2009-02-06,6760.8599
2009-02-09,6735.5698
2009-02-10,6735.5698
2009-02-11,6621.8501
2009-02-12,6638.3101
2009-02-13,6713.46
2009-02-16,6737.5
2009-02-17,6629.0098
2009-02-18,6701.79
2009-02-19,6670.23
2009-02-20,6560.3101
2009-02-23,6633.3301
2009-02-24,6545.1401
2009-02-25,6592.54
2009-02-26,6525.48
2009-02-27,6492.71
2009-03-02,6321.0498
2009-03-03,6367.71
2009-03-04,6515.5698
2009-03-05,6483.8101
2009-03-06,6475.9902
2009-03-10,6556.3501
2009-03-11,6637.6099
2009-03-12,6604.54
2009-03-13,6692.23
2009-03-16,6682.4102
2009-03-17,6624
2009-03-18,6697.98
2009-03-19,6794.1401
2009-03-20,6874.2002
2009-03-23,7154.46
2009-03-24,7308.23
2009-03-25,7201.4702
2009-03-27,7391.0098
2009-03-30,7128.8398
2009-03-31,7210.3
2009-04-01,7368.83
2009-04-02,7591.27
2009-04-03,7583.82
2009-04-06,7680.71
2009-04-07,7540.52
2009-04-08,7418.71
2009-04-13,7830.46
2009-04-14,8013.72
2009-04-15,8084.83
2009-04-16,8220.98
2009-04-17,8306.49
2009-04-20,8407.13
2009-04-21,8253.07
2009-04-22,8163.2
2009-04-23,8052.6
2009-04-24,8071.01
2009-04-27,7984.63
2009-04-28,8080.76
2009-04-29,8320.06
2009-04-30,8762.46
2009-05-01,8801.22
2009-05-04,9122.26
2009-05-05,9067.42
2009-05-06,9179.12
2009-05-07,9384.84
2009-05-08,9585.66
2009-05-11,9402.82
2009-05-12,9464.55
2009-05-13,9524.3
2009-05-14,9157.6
2009-05-15,9016.24
2009-05-18,9273.34
2009-05-19,9751.93
2009-05-20,9763.33
2009-05-22,9723.85
2009-05-25,9752.69
2009-05-26,9553.31
2009-05-27,9745.42
2009-05-28,9805.66
2009-05-29,9929.49
2009-06-01,10436.21
2009-06-02,10448.06
2009-06-03,10552.52
2009-06-04,10676.88
2009-06-05,10992.91
2009-06-08,10837.48
2009-06-09,11023.77
2009-06-10,11097.32
2009-06-11,10920.25
2009-06-12,10920.59
2009-06-15,10786.87
2009-06-16,10553.86
2009-06-17,10498.46
2009-06-18,10091.35
2009-06-19,10326.18
2009-06-22,10238.15
2009-06-23,9954
2009-06-24,10403.6
2009-06-25,10691.88
2009-06-26,10671.54
2009-06-29,10667.93
2009-06-30,10599.79
2009-07-01,10751.96
2009-07-02,10764.28
2009-07-03,10815.26
2009-07-06,10592.57
2009-07-07,10917.59
2009-07-09,10921.6
2009-07-10,10828.44
2009-07-13,10593.75
2009-07-14,10787.69
2009-07-15,11151.79
2009-07-16,11165.69
2009-07-17,11099.15
2009-07-21,11328.28
2009-07-22,11232.21
2009-07-23,11393.86
2009-07-24,11554.28
2009-07-27,11665.78
2009-07-28,11867.07
2009-07-29,11811.07
2009-07-30,12261.15
2009-07-31,12441.74
2009-08-03,12514.44
2009-08-04,12632.79
2009-08-05,12355.46
2009-08-06,12570.34
2009-08-07,12502.94
2009-08-10,12696.83
2009-08-11,12782.48
2009-08-12,12503.47
2009-08-13,12795.47
2009-08-14,12731.13
2009-08-18,12467.64
2009-08-19,12094.47
2009-08-20,12371.09
2009-08-21,12409.99
2009-08-24,12683.64
2009-08-25,12697.17
2009-08-26,12664.86
2009-08-27,12518.04
2009-08-28,12628.1
2009-08-31,12455.66
2009-09-01,12338.47
2009-09-02,12120.27
2009-09-03,12325.52
2009-09-04,12318.22
2009-09-07,12406.38
2009-09-08,12592.04
2009-09-09,12660.47
2009-09-10,12814.65
2009-09-11,12847.45
2009-09-14,12678.66
2009-09-15,12899.28
2009-09-16,13010.48
2009-09-17,13085.24
2009-09-24,13118.96
2009-09-25,13000.8
2009-09-28,12727.45
2009-09-29,13004.31
2009-09-30,13152.28
2009-10-01,13188.02
2009-10-02,13188.04
2009-10-05,13206.03
2009-10-06,13479.66
2009-10-07,13448.38
2009-10-08,13284.9
2009-10-09,13216.04
2009-10-12,13125.63
2009-10-13,13192.15
2009-10-14,13432.12
2009-10-15,13490.5
2009-10-16,13469.48
2009-10-19,13515.93
2009-10-20,13396.09
2009-10-21,13250.28
2009-10-22,13015.49
2009-10-23,13228.51
2009-10-26,13245.24
2009-10-27,13005.88
2009-10-28,12588.86
2009-10-29,12557.42
2009-10-30,12699.2
2009-11-02,12731.21
2009-11-03,12504.51
2009-11-04,12718.17
2009-11-05,12687.69
2009-11-06,12871.45
2009-11-09,12931.49
2009-11-10,12791.01
2009-11-11,12907.14
2009-11-12,12995.13
2009-11-13,13041.76
2009-11-16,13298.17
2009-11-17,13330.92
2009-11-18,13394.87
2009-11-19,13288.55
2009-11-20,13378.33
2009-11-23,13355.92
2009-11-24,13298.96
2009-11-25,13228.07
2009-11-26,12841.42
2009-11-30,12952.24
2009-12-01,13181.3
2009-12-02,13299.05
2009-12-03,13469
2009-12-04,13550.24
2009-12-07,13394.04
2009-12-08,13405.68
2009-12-09,13407.15
2009-12-10,13425.28
2009-12-11,13597.08
2009-12-14,13541.36
2009-12-15,13468.85
2009-12-16,13619.69
2009-12-17,13517.04
2009-12-21,13046.37
2009-12-22,13233.82
2009-12-23,13271.87
2009-12-28,13478.51
2009-12-29,13511.78
2009-12-30,13582.93
2010-01-04,13824.36
2010-01-05,13981.46
2010-01-06,13998.63
2010-01-07,13930.88
2010-01-08,14094.54
2010-01-11,14179.35
2010-01-12,14341.28
2010-01-13,14169.21
2010-01-14,14242.09
2010-01-15,14234.95
2010-01-18,14185.86
2010-01-19,14328.18
2010-01-20,14332.13
2010-01-21,14167.2
2010-01-22,14006.03
2010-01-25,13944.94
2010-01-26,13812.46
2010-01-27,13719.32
2010-01-28,14045.69
2010-01-29,13970.97
2010-02-01,13813.56
2010-02-02,13805.97
2010-02-03,13952.27
2010-02-04,13905.02
2010-02-05,13492.2
2010-02-08,13235.5
2010-02-09,13336.99
2010-02-10,13303.84
2010-02-11,13441.14
2010-02-12,13588.03
2010-02-15,13470.73
2010-02-16,13712.52
2010-02-17,13842.81
2010-02-18,13707.55
2010-02-19,13676.8
2010-02-22,13736.58
2010-02-23,13863.06
2010-02-24,13837.46
2010-02-25,13693.2
2010-03-01,13741.08
2010-03-02,13841.77
2010-03-03,13807.2
2010-03-04,13773.29
2010-03-05,13820.24
2010-03-08,14079.05
2010-03-09,14281.29
2010-03-10,14362.66
2010-03-11,14370.06
2010-03-12,14317.13
2010-03-15,14325.84
2010-03-17,14802.14
2010-03-18,14702.07
2010-03-19,14748.34
2010-03-22,14470.81
2010-03-23,14537.11
2010-03-24,14816.67
2010-03-25,14960.1
2010-03-26,15034.65
2010-03-29,14975.73
2010-03-30,14966.09
2010-03-31,14858.73
2010-04-01,15130.36
2010-04-05,15372.55
2010-04-06,15328.37
2010-04-07,15402.92
2010-04-08,15142.61
2010-04-09,15140.41
2010-04-12,15273.84
2010-04-13,15344.75
2010-04-14,15358.45
2010-04-15,15451.65
2010-04-16,15329.94
2010-04-19,15123.63
2010-04-20,15404.54
2010-04-21,15552.62
2010-04-22,15641.66
2010-04-23,15626.11
2010-04-26,15729.56
2010-04-27,15664.32
2010-04-28,15459.66
2010-04-29,15579.07
2010-04-30,15818.17
2010-05-03,15744.9
2010-05-04,15711.58
2010-05-05,15055.93
2010-05-06,14873.03
2010-05-07,14450.99
2010-05-10,15076.53
2010-05-11,14860.47
2010-05-12,15092.53
2010-05-14,15142.37
2010-05-17,14900.31
2010-05-18,14992.74
2010-05-19,14386.8
2010-05-20,14174.65
2010-05-21,13765.92
2010-05-24,13732.04
2010-05-25,13263.19
2010-05-26,14267.73
2010-05-27,14367.44
2010-05-31,14819.04
2010-06-01,14445.83
2010-06-02,14470.21
2010-06-03,14883.29
2010-06-04,14961.85
2010-06-07,14538.24
2010-06-08,14668.55
2010-06-09,14720.3
2010-06-10,14674.16
2010-06-11,14848.01
2010-06-14,14972.13
2010-06-15,14996.15
2010-06-16,15153.26
2010-06-17,15350.4
2010-06-18,15569.96
2010-06-21,15652.96
2010-06-22,15606.55
2010-06-23,15559.55
2010-06-24,15482.52
2010-06-25,15651.79
2010-06-28,15705.41
2010-06-29,15394.12
2010-06-30,15497.4
2010-07-01,15320.04
2010-07-02,15304.56
2010-07-05,15341.82
2010-07-06,15516.11
2010-07-07,15462.24
2010-07-08,15607.06
2010-07-09,15731.2
2010-07-12,15818.64
2010-07-13,15825.39
2010-07-14,15907.18
2010-07-15,15934.31
2010-07-16,15993.57
2010-07-19,15899.23
2010-07-20,16011.24
2010-07-21,16087.96
2010-07-22,16062.33
2010-07-23,16260.14
2010-07-26,16157.8
2010-07-27,16211.29
2010-07-28,16307.77
2010-07-29,16527.4
2010-07-30,16399.55
2010-08-02,16323.94
2010-08-03,15875.74
2010-08-04,15898.75
2010-08-05,16205.16
2010-08-06,16283.3
2010-08-09,16418.28
2010-08-10,16298.05
2010-08-11,16188.32
2010-08-12,16148.98
2010-08-13,16286.18
2010-08-16,16312.69
2010-08-18,16452.36
2010-08-19,16600.18
2010-08-20,16662.37
2010-08-23,16673.73
2010-08-24,16589.47
2010-08-25,16660.05
2010-08-26,16687.28
2010-08-27,16468.18
2010-08-30,16445.8
2010-08-31,16359.08
2010-09-01,16641.82
2010-09-02,16598.01
2010-09-03,16829.95
2010-09-06,17066.54
2010-09-07,17086.91
2010-09-15,17789.44
2010-09-16,17659.33
2010-09-17,17837.53
2010-09-20,17659.08
2010-09-21,17542.32
2010-09-22,17447.16
2010-09-23,17422.21
2010-09-24,17778.51
2010-09-27,18050.42
2010-09-28,18072.34
2010-09-29,18246.49
2010-09-30,18261.48
2010-10-01,18450.88
2010-10-04,18574.33
2010-10-05,18661
2010-10-06,18770.88
2010-10-07,18675.26
2010-10-08,18486.61
2010-10-11,18548.86
2010-10-12,18579.25
2010-10-13,18870.03
2010-10-14,18935.89
2010-10-15,18863.7
2010-10-18,18646.08
2010-10-19,18722.23
2010-10-20,18654.08
2010-10-21,18764.98
2010-10-22,18824
2010-10-25,19050.79
2010-10-26,19104.11
2010-10-27,18929.51
2010-10-28,18999.51
2010-10-29,18996.68
2010-11-01,19018.14
2010-11-02,18926.44
2010-11-03,18767.38
2010-11-04,18912.84
2010-11-05,19077.93
2010-11-08,19271.85
2010-11-09,19482.8
2010-11-10,19458.26
2010-11-11,19327.55
2010-11-12,18967.02
2010-11-15,18857.94
2010-11-16,18922.16
2010-11-18,18924.59
2010-11-19,19150.28
2010-11-22,19216.05
2010-11-23,18818.77
2010-11-24,18693
2010-11-25,18889.82
2010-11-26,18559.3
2010-11-29,18536.18
2010-11-30,18012.16
2010-12-01,18465.87
2010-12-02,18855.79
2010-12-03,18854.85
2010-12-06,18973.41
2010-12-08,19089.14
2010-12-09,19051.3
2010-12-10,18847.96
2010-12-13,18645.02
2010-12-14,18581.82
2010-12-15,18452.73
2010-12-16,17982.05
2010-12-17,18064.95
2010-12-20,18016.39
2010-12-21,18365.49
2010-12-22,18320.83
2010-12-23,18252.58
2010-12-27,18268.73
2010-12-28,18469.75
2010-12-29,18712.56
2010-12-30,18747.4
2011-01-03,18964.57
2011-01-04,19130.21
2011-01-05,19199.02
2011-01-06,18913.95
2011-01-07,18332.5
2011-01-10,17503.53
2011-01-11,17385.07
2011-01-12,17964.36
2011-01-13,18021.58
2011-01-14,17978.93
2011-01-17,17769.25
2011-01-18,17833.98
2011-01-19,17785.09
2011-01-20,17315.76
2011-01-21,16923.36
2011-01-24,16747.49
2011-01-25,17212.57
2011-01-26,17528.8
2011-01-27,17608.57
2011-01-28,17404.25
2011-01-31,16967.19
2011-02-01,17176.69
2011-02-02,17363.63
2011-02-04,17424.04
2011-02-07,17381.05
2011-02-08,17284.69
2011-02-09,16990.28
2011-02-10,16782.74
2011-02-11,16882.34
2011-02-14,16997.28
2011-02-16,16988.17
2011-02-17,17067.41
2011-02-18,17456.33
2011-02-21,17466.2
2011-02-22,17198.88
2011-02-23,17344.19
2011-02-24,17099.57
2011-02-25,17079.2
2011-02-28,17221.75
2011-03-01,17454.09
2011-03-02,17334.13
2011-03-03,17385.97
2011-03-04,17663.75
2011-03-07,17776.59
2011-03-08,17914.17
2011-03-09,17964.71
2011-03-10,17887.84
2011-03-11,17606.19
2011-03-14,17750.08
2011-03-15,17543.94
2011-03-16,17581.55
2011-03-17,17335.9
2011-03-18,17431.98
2011-03-21,17578.94
2011-03-22,17568.81
2011-03-23,17776.41
2011-03-24,18068.23
2011-03-25,18019.11
2011-03-28,17973.2
2011-03-29,17912.56
2011-03-30,18159.69
2011-03-31,18291.35
2011-04-01,18392.35
2011-04-04,18385.8
2011-04-05,18306.83
2011-04-06,18517.66
2011-04-07,18544.96
2011-04-08,18589.32
2011-04-11,18593.03
2011-04-12,18440.99
2011-04-13,18538.78
2011-04-14,18398.64
2011-04-15,18544.22
2011-04-18,18495.31
2011-04-19,18464.01
2011-04-20,18786.04
2011-04-21,18846.21
2011-04-25,18803.14
2011-04-26,18734.24
2011-04-27,18872.09
2011-04-28,18880.49
2011-04-29,18895.75
2011-05-02,19006.42
2011-05-03,18883.26
2011-05-04,18911.96
2011-05-05,18940.07
2011-05-06,18847.79
2011-05-09,18756.73
2011-05-10,18826.06
2011-05-11,19077.94
2011-05-12,18948.55
2011-05-13,19074.33
2011-05-16,18858.42
2011-05-18,19073.66
2011-05-19,19183.76
2011-05-20,19233.54
2011-05-23,18740.69
2011-05-24,18773.4
2011-05-25,18744.29
2011-05-26,18934.25
2011-05-27,18995.16
2011-05-30,18985.29
2011-05-31,19039.88
2011-06-01,19006.82
2011-06-03,19053.95
2011-06-06,18972
2011-06-07,19030.32
2011-06-08,18924.99
2011-06-09,18823.23
2011-06-10,18742.15
2011-06-13,18560.26
2011-06-14,18729.34
2011-06-15,18818.4
2011-06-16,18581.07
2011-06-17,18501.42
2011-06-20,18514.5
2011-06-21,18828.49
2011-06-22,18959.61
2011-06-23,18939.34
2011-06-24,19075.46
2011-06-27,18904.85
2011-06-28,18978.54
2011-06-30,19288.35
2011-07-01,19511.17
2011-07-04,19671.46
2011-07-05,19520.92
2011-07-06,19419.31
2011-07-07,19573.32
2011-07-08,19927.75
2011-07-11,19881.27
2011-07-12,19593.23
2011-07-13,19799.04
2011-07-14,19863.37
2011-07-15,19986.74
2011-07-18,20016
2011-07-19,19951.58
2011-07-20,20127.3
2011-07-21,20178.73
2011-07-22,20355.01
2011-07-25,20269.26
2011-07-26,20505.56
2011-07-27,20789.65
2011-07-28,20687.82
2011-07-29,20599.46
2011-08-01,20893.03
2011-08-02,20774.17
2011-08-03,20587.17
2011-08-04,20480.43
2011-08-05,19601.5
2011-08-08,19323.08
2011-08-09,18795.56
2011-08-10,19426.02
2011-08-11,19475.35
2011-08-12,19600.52
2011-08-15,19919.57
2011-08-16,19923.05
2011-08-18,20220.9
2011-08-19,19331.68
2011-08-22,19350.84
2011-08-23,19539.1
2011-08-24,19374.19
2011-08-25,19344.96
2011-08-26,19329.99
2011-09-05,19429.11
2011-09-06,19523.5
2011-09-07,20073.11
2011-09-08,20107.54
2011-09-09,20054.48
2011-09-12,19518.43
2011-09-13,19421.83
2011-09-14,19028.38
2011-09-15,18907.13
2011-09-16,19218.88
2011-09-19,18780.52
2011-09-20,18735.16
2011-09-21,18454.34
2011-09-22,16726.01
2011-09-23,16983.94
2011-09-26,16369.21
2011-09-27,17256.72
2011-09-28,17502.51
2011-09-29,17675.08
2011-09-30,17724.63
2011-10-03,16714.21
2011-10-04,16314.94
2011-10-05,16448.96
2011-10-06,17197.27
2011-10-07,17075.72
2011-10-10,17228.39
2011-10-11,17650.53
2011-10-12,18214.3
2011-10-13,18436.1
2011-10-14,18418.28
2011-10-17,18768.26
2011-10-18,18194.45
2011-10-19,18533.82
2011-10-20,18205.29
2011-10-21,18169.7
2011-10-24,18649.01
2011-10-25,18677.95
2011-10-26,18843.75
2011-10-27,19230.23
2011-10-28,19374.43
2011-10-31,19146.56
2011-11-01,18576.59
2011-11-02,19039.64
2011-11-03,18713.79
2011-11-04,19121.64
2011-11-07,19103.01
2011-11-08,19172.75
2011-11-09,19476.19
2011-11-10,19067.77
2011-11-11,19021.16
2011-11-14,19324.45
2011-11-15,19207.15
2011-11-16,19188.49
2011-11-17,19060.14
2011-11-18,18837.23
2011-11-21,18408.59
2011-11-22,18708.42
2011-11-23,18450.59
2011-11-24,18493.86
2011-11-25,18185.61
2011-11-28,18256.85
2011-11-29,18481.6
2011-11-30,18528.58
2011-12-01,18857.42
2011-12-02,18901.12
2011-12-05,18885.89
2011-12-06,18770.04
2011-12-07,18978.52
2011-12-08,18906.83
2011-12-09,18789.66
2011-12-12,18982.91
2011-12-13,18848.01
2011-12-14,18811.98
2011-12-15,18561.73
2011-12-16,18964.7
2011-12-19,18962.75
2011-12-20,18887.79
2011-12-21,19099.52
2011-12-22,19069.96
2011-12-23,19078.53
2011-12-27,19013.01
2011-12-28,18906
2011-12-29,19108.86
2011-12-30,19154.28
2012-01-02,19091.77
2012-01-03,19368.69
2012-01-04,19664.97
2012-01-05,19635.42
2012-01-06,19418.75
2012-01-09,19484.3
2012-01-10,19761.87
2012-01-11,19624.5
2012-01-12,19580.02
2012-01-13,19710.51
2012-01-16,19548.1
2012-01-17,19773.62
2012-01-18,19913.89
2012-01-19,20038.07
2012-01-20,19928.71
2012-01-24,19940.04
2012-01-25,19789.97
2012-01-26,19853.1
2012-01-27,19902.48
2012-01-30,19550.01
2012-01-31,19708.47
2012-02-01,19858.12
2012-02-02,20135.51
2012-02-03,20096.48
2012-02-06,19837.01
2012-02-07,19746.22
2012-02-08,20003.32
2012-02-09,19946.34
2012-02-10,19596.28
2012-02-13,19848.32
2012-02-14,19819.6
2012-02-15,19827.35
2012-02-16,19718.43
2012-02-17,19998.51
2012-02-20,20025.94
2012-02-21,20094.31
2012-02-22,20047.94
2012-02-23,19870.56
2012-02-24,19532.29
2012-02-27,19359.67
2012-02-28,19626.07
2012-02-29,20045.06
2012-03-01,20075.35
2012-03-02,20140.79
2012-03-05,19993.78
2012-03-06,19909.83
2012-03-07,19773.97
2012-03-08,19920.06
2012-03-09,20056.87
2012-03-12,20028.58
2012-03-13,20149.34
2012-03-14,20378.4
2012-03-15,20363.93
2012-03-16,20272.93
2012-03-19,20222.6
2012-03-20,20168.1
2012-03-21,20279
2012-03-22,20292.32
2012-03-26,20231.9
2012-03-27,20478.65
2012-03-28,20567.2
2012-03-29,20630.82
2012-03-30,20739.79
2012-04-02,20940.31
2012-04-03,21149.65
2012-04-04,20659.45
2012-04-05,20815.59
2012-04-09,20719.6
2012-04-10,20703.73
2012-04-11,20630.56
2012-04-12,20754.37
2012-04-13,20868.78
2012-04-16,20783.2
2012-04-17,20888.62
2012-04-18,20921.21
2012-04-19,20907.85
2012-04-20,21034.42
2012-04-23,20848.78
2012-04-24,20903.93
2012-04-25,20965.64
2012-04-26,21040.43
2012-04-27,20925.47
2012-04-30,20994.13
2012-05-01,21036.45
2012-05-02,21160.92
2012-05-03,21165.56
2012-05-04,21121.56
2012-05-07,20787.49
2012-05-08,20893.64
2012-05-09,20657.29
2012-05-10,20673.84
2012-05-11,20534.96
2012-05-14,20241.48
2012-05-15,20191.45
2012-05-16,19857.96
2012-05-21,19712.81
2012-05-22,20121.55
2012-05-23,19927.04
2012-05-24,19966.82
2012-05-25,19535.47
2012-05-28,19633.65
2012-05-29,19592.77
2012-05-30,19569.23
2012-05-31,19163.36
2012-06-01,18996.68
2012-06-04,18282.01
2012-06-05,18582.04
2012-06-06,19285.44
2012-06-07,19247.24
2012-06-08,19186.16
2012-06-11,19439
2012-06-12,19350.87
2012-06-13,19399.31
2012-06-14,19045.67
2012-06-15,19210.22
2012-06-18,19418.33
2012-06-19,19480.68
2012-06-20,19811.27
2012-06-21,19582.41
2012-06-22,19511.85
2012-06-25,19320.73
2012-06-26,19450.27
2012-06-27,19702.31
2012-06-28,19434.3
2012-06-29,19836.58
2012-07-02,20058.64
2012-07-03,20364.16
2012-07-04,20521.48
2012-07-05,20459.03
2012-07-06,20397.85
2012-07-09,20000.13
2012-07-10,20102.76
2012-07-11,20135.23
2012-07-12,19927.15
2012-07-13,20077.08
2012-07-16,20212.29
2012-07-17,20371.05
2012-07-18,20401.98
2012-07-19,20501.43
2012-07-20,20413.64
2012-07-23,19981.21
2012-07-24,19900.69
2012-07-25,19944.73
2012-07-26,19915.19
2012-07-27,20274.38
2012-07-30,20336.11
2012-07-31,20598.37
2012-08-01,20529.42
2012-08-02,20312.77
2012-08-03,20371.12
2012-08-06,20412.69
2012-08-07,20293.21
2012-08-08,20304.91
2012-08-09,20469.55
2012-08-10,20589.91
2012-08-13,20375.88
2012-08-14,20461.11
2012-08-15,20534.86
2012-08-16,20582.42
2012-08-23,20558.52
2012-08-24,20439.13
2012-08-27,20462.7
2012-08-28,20374.08
2012-08-29,20071.14
2012-08-30,19677.57
2012-08-31,19882.92
2012-09-03,20170.82
2012-09-04,20137.22
2012-09-05,20004.32
2012-09-06,20102.99
2012-09-07,20336.87
2012-09-10,20375.3
2012-09-11,20338.57
2012-09-12,20444.82
2012-09-13,20394
2012-09-14,20830.98
2012-09-17,20866.82
2012-09-18,20759.72
2012-09-19,20814.36
2012-09-20,20667.1
2012-09-21,20747.05
2012-09-24,20564.73
2012-09-25,20738.79
2012-09-26,20494.54
2012-09-27,20698.56
2012-09-28,20910.04
2012-10-01,20768.5
2012-10-02,20864.33
2012-10-03,20854.17
2012-10-04,20966.92
2012-10-05,21130.01
2012-10-08,20879.91
2012-10-09,20909.54
2012-10-10,20909.82
2012-10-11,20908.37
2012-10-12,21020.32
2012-10-15,21069.2
2012-10-16,21148.34
2012-10-17,21161.31
2012-10-18,21281.47
2012-10-19,21162.41
2012-10-22,21229.3
2012-10-23,21130.04
2012-10-24,21158.54
2012-10-25,21178.6
2012-10-29,21178.88
2012-10-30,21360.77
2012-10-31,21295.07
2012-11-01,21266.49
2012-11-02,21270.8
2012-11-05,21107.78
2012-11-06,21180.26
2012-11-07,21393.19
2012-11-08,21290.88
2012-11-09,21321.1
2012-11-12,21239.11
2012-11-13,21348.14
2012-11-14,21402.94
2012-11-19,21195.48
2012-11-20,21178.09
2012-11-21,21198.64
2012-11-22,21296.19
2012-11-23,21355.19
2012-11-26,21469.65
2012-11-27,21347.78
2012-11-28,21166.43
2012-11-29,21235.94
2012-11-30,21060.02
2012-12-03,21217.07
2012-12-04,21057.87
2012-12-05,21127.32
2012-12-06,21122.55
2012-12-07,21098.15
2012-12-10,21166.63
2012-12-11,21246.27
2012-12-12,21386.96
2012-12-13,21399.57
2012-12-14,21301.68
2012-12-17,21333.64
2012-12-18,21275.06
2012-12-19,21162.05
2012-12-20,21053.03
2012-12-21,21052.72
2012-12-26,21191.91
2012-12-27,21213.13
2012-12-28,21313.88
2013-01-02,21451.99
2013-01-03,21703.71
2013-01-04,21717.49
2013-01-07,21646.89
2013-01-08,21661.9
2013-01-09,21482.69
2013-01-10,21219.82
2013-01-11,21136.57
2013-01-14,21546.81
2013-01-15,21688.08
2013-01-16,21776.1
2013-01-17,21695.82
2013-01-18,22019.19
2013-01-21,21806.8
2013-01-22,21694.93
2013-01-23,21701.51
2013-01-25,21852.75
2013-01-28,21740.06
2013-01-29,21881.38
2013-01-30,21987.57
2013-01-31,21981.41
2013-02-01,22093.72
2013-02-04,22053.61
2013-02-05,21965.49
2013-02-06,22029.94
2013-02-07,22050.7
2013-02-08,21994.33
2013-02-11,22009.89
2013-02-12,22233.39
2013-02-13,22355.11
2013-02-14,22392.57
2013-02-15,22515.16
2013-02-18,22522.59
2013-02-19,22448.37
2013-02-20,22632.23
2013-02-21,22632.66
2013-02-22,22749.39
2013-02-25,23018.42
2013-02-26,22863.45
2013-02-27,23168.89
2013-02-28,23634.23
2013-03-01,23764.31
2013-03-04,23441.79
2013-03-05,23437.75
2013-03-06,23809.08
2013-03-07,23914.44
2013-03-08,24048.81
2013-03-11,23911.19
2013-03-13,23834.43
2013-03-14,23624.05
2013-03-15,23844.21
2013-03-18,23724.34
2013-03-19,23856.44
2013-03-20,23863.11
2013-03-21,23670.44
2013-03-22,23216.95
2013-03-25,23530.23
2013-03-26,23809.69
2013-03-27,24310.53
2013-03-28,24447
2013-04-01,24305.83
2013-04-02,24375.77
2013-04-03,24447.48
2013-04-04,24090.74
2013-04-05,24132.13
2013-04-08,23977.11
2013-04-09,24021.22
2013-04-10,23887.99
2013-04-11,24177.28
2013-04-12,24198.43
2013-04-15,24001.53
2013-04-16,24289.09
2013-04-17,24642.01
2013-04-18,24757.75
2013-04-19,24701.08
2013-04-22,24686.1
2013-04-23,24557.46
2013-04-24,24714.68
2013-04-25,24605.61
2013-04-26,24562.93
2013-04-29,24723.76
2013-04-30,24926.14
2013-05-01,25152.86
2013-05-02,24803.04
2013-05-03,24439.82
2013-05-06,24678.92
2013-05-07,24941.02
2013-05-08,25078.71
2013-05-10,25159.06
2013-05-13,24949.25
2013-05-14,25085.13
2013-05-15,25132.85
2013-05-16,25029.65
2013-05-17,25340.38
2013-05-20,25752.71
2013-05-21,25622.9
2013-05-22,25750.91
2013-05-23,25320.28
2013-05-24,25459.8
2013-05-27,25030.7
2013-05-28,25492.21
2013-05-29,25677.98
2013-05-30,25306.86
2013-05-31,25045.77
2013-06-03,24464.07
2013-06-04,24716.35
2013-06-05,24625.75
2013-06-07,23884.48
2013-06-10,23468.97
2013-06-11,22600.49
2013-06-12,23108.15
2013-06-13,22728.14
2013-06-14,23508.61
2013-06-17,23574.55
2013-06-18,23885.28
2013-06-19,23695.69
2013-06-20,22696.6
2013-06-21,22027.55
2013-06-24,21517.74
2013-06-25,21464.18
2013-06-26,22284.94
2013-06-27,22738.92
2013-06-28,23545.02
2013-07-01,23341.32
2013-07-02,23018.17
2013-07-03,22293.82
2013-07-04,22266.55
2013-07-05,22388.99
2013-07-08,21421.46
2013-07-09,21238.83
2013-07-10,21701.3
2013-07-11,22324.46
2013-07-12,22444.81
2013-07-15,22415.36
2013-07-16,22444.45
2013-07-17,22622.17
2013-07-18,22894.45
2013-07-19,22924.87
2013-07-22,22695.88
2013-07-23,23148.38
2013-07-24,22856.24
2013-07-25,22645.76
2013-07-26,22589.94
2013-07-29,22205.17
2013-07-30,22263.13
2013-07-31,22343.97
2013-08-01,22487.95
2013-08-02,22552.23
2013-08-12,22275.12
2013-08-13,22548.53
2013-08-14,22787.39
2013-08-15,22760.98
2013-08-16,22115.31
2013-08-19,20731.42
2013-08-20,20069.16
2013-08-21,20305.45
2013-08-22,19995.49
2013-08-23,20014.06
2013-08-26,19717.88
2013-08-27,18928.85
2013-08-28,19251.17
2013-08-29,19668.75
2013-08-30,20081.27
2013-09-02,19597.62
2013-09-03,19912.26
2013-09-04,19428.9
2013-09-05,19278.74
2013-09-06,19321.59
2013-09-09,19941.13
2013-09-10,20867.43
2013-09-11,20829.65
2013-09-12,20898.01
2013-09-13,20988.58
2013-09-16,21721.05
2013-09-17,21667.04
2013-09-18,21315.32
2013-09-19,22494.31
2013-09-20,22060.48
2013-09-23,21918.02
2013-09-24,21377.68
2013-09-25,21066.38
2013-09-26,21033.19
2013-09-27,21125.75
2013-09-30,20512.54
2013-10-01,20719.5
2013-10-02,20981.92
2013-10-03,21106.98
2013-10-04,20947.22
2013-10-07,20828.32
2013-10-08,21095.47
2013-10-09,21213.89
2013-10-10,21409.99
2013-10-11,21564.04
2013-10-16,21387.57
2013-10-17,21562.92
2013-10-18,21726.56
2013-10-21,21916.99
2013-10-22,21599.03
2013-10-23,21798.61
2013-10-24,22065.29
2013-10-25,22043.96
2013-10-28,22101.11
2013-10-29,21933.33
2013-10-30,21958.54
2013-10-31,21651.51
2013-11-01,21239.82
2013-11-04,21222.81
2013-11-06,21268.35
2013-11-07,21430.57
2013-11-08,21392.83
2013-11-11,21146.51
2013-11-12,20846.55
2013-11-13,20456.79
2013-11-14,20816.55
2013-11-15,20653.49
2013-11-18,20883.98
2013-11-19,20875.66
2013-11-20,20601.38
2013-11-21,20475.29
2013-11-22,20418.01
2013-11-25,20485.23
2013-11-26,20003.86
2013-11-27,20106.61
2013-11-28,20066.07
2013-11-29,20186.03
2013-12-02,20564.29
2013-12-03,20409.61
2013-12-04,20145
2013-12-05,20043.52
2013-12-06,19836.97
2013-12-09,19954.79
2013-12-10,20258.11
2013-12-11,20234.56
2013-12-12,19892.01
2013-12-13,19725.51
2013-12-16,19473.9
2013-12-17,19742.35
2013-12-18,19809.49
2013-12-19,20027.9
2013-12-20,19851.76
2013-12-23,19817.94
2013-12-24,19862.1
2013-12-27,19839.58
2013-12-30,20113.36
2014-01-02,20456.07
2014-01-03,20078.24
2014-01-06,19829.72
2014-01-07,19660
2014-01-08,19821.25
2014-01-09,19848.57
2014-01-10,20199.83
2014-01-13,20909.38
2014-01-15,21175.42
2014-01-16,20986.08
2014-01-17,21007.01
2014-01-20,21131.99
2014-01-21,21258.5
2014-01-22,21384.88
2014-01-23,21461.19
2014-01-24,21193.66
2014-01-27,20567
2014-01-28,20675.6
2014-01-29,21068.39
2014-01-30,21092.21
2014-02-03,20939.2
2014-02-04,20773.09
2014-02-05,20951.52
2014-02-06,21174.64
2014-02-07,21398.89
2014-02-10,21346.53
2014-02-11,21427.32
2014-02-12,21563.35
2014-02-13,21537.07
2014-02-14,21624.67
2014-02-17,21871.83
2014-02-18,21882.44
2014-02-19,22031.06
2014-02-20,22090.55
2014-02-21,22339.52
2014-02-24,22226.01
2014-02-25,21957.6
2014-02-26,21739.63
2014-02-27,21899.12
2014-02-28,22160.61
2014-03-03,22001.63
2014-03-04,22097.84
2014-03-05,22351.01
2014-03-06,22510.32
2014-03-07,22502.52
2014-03-10,22466.03
2014-03-11,22555.19
2014-03-12,22446.3
2014-03-13,22642.52
2014-03-14,23552.29
2014-03-17,23573.8
2014-03-18,23146.87
2014-03-19,23197.43
2014-03-20,22518.49
2014-03-21,22544.42
2014-03-24,22649.89
2014-03-25,22555.39
2014-03-26,22686.18
2014-03-27,22669.12
2014-03-28,22871.98
2014-04-01,23480.81
2014-04-02,23478.24
2014-04-03,23594.35
2014-04-04,23388.52
2014-04-07,23701.86
2014-04-08,23678.77
2014-04-10,22769.39
2014-04-11,23039.53
2014-04-14,23314.74
2014-04-15,23349.08
2014-04-16,23381.43
2014-04-17,23502.19
2014-04-21,23455.88
2014-04-22,23487.55
2014-04-23,23455.56
2014-04-24,23432.68
2014-04-25,23483.2
2014-04-28,23065.72
2014-04-29,23182
2014-04-30,23253.48
2014-05-02,23258.27
2014-05-05,23277.94
2014-05-06,23272.57
2014-05-07,23400.76
2014-05-08,23470.37
2014-05-09,23648.61
2014-05-12,23757.75
2014-05-13,23762.23
2014-05-14,24168.07
2014-05-16,24382.56
2014-05-19,24274
2014-05-20,23634.91
2014-05-21,23752.09
2014-05-22,24087.37
2014-05-23,24100.31
2014-05-26,24016.54
2014-05-28,24106.79
2014-05-30,23590.9
2014-06-02,23640.29
2014-06-03,23782.38
2014-06-04,23708.64
2014-06-05,23712.28
2014-06-06,23751.4
2014-06-09,23461.33
2014-06-10,23773.4
2014-06-11,23864.21
2014-06-12,23698.36
2014-06-13,23681.37
2014-06-16,23508.4
2014-06-17,23647.13
2014-06-18,23542.66
2014-06-19,23385.78
2014-06-20,23362.89
2014-06-23,23317.21
2014-06-24,23402.85
2014-06-25,23266.09
2014-06-26,23406.9
2014-06-27,23274.98
2014-06-30,23468.41
2014-07-01,23510.22
2014-07-02,23623.66
2014-07-03,23533.69
2014-07-04,23681.65
2014-07-07,24170.7
2014-07-08,24376.29
2014-07-10,24896.19
2014-07-11,24494.2
2014-07-14,24409.37
2014-07-15,24743.66
2014-07-16,25070.01
2014-07-17,24820.11
2014-07-18,24948.7
2014-07-21,25205.29
2014-07-22,24931.74
2014-07-23,24974.77
2014-07-24,24900.22
2014-07-25,24817.59
2014-08-04,24928.66
2014-08-05,24895.37
2014-08-06,24590.87
2014-08-07,24644.49
2014-08-08,24576.86
2014-08-11,24881.15
2014-08-12,24971.64
2014-08-13,25160.51
2014-08-14,25063.99
2014-08-15,24976.9
2014-08-18,25022.85
2014-08-19,25024.42
2014-08-20,25195.65
2014-08-21,25312.34
2014-08-22,25256.81
2014-08-25,25162.47
2014-08-26,24924.58
2014-08-27,25026.11
2014-08-28,25115.42
2014-08-29,24845.19
2014-09-01,25033.24
2014-09-02,25168.65
2014-09-03,25292.86
2014-09-04,25173.33
2014-09-05,25197.12
2014-09-08,25303.27
2014-09-09,25065.38
2014-09-10,24794.86
2014-09-11,24753.79
2014-09-12,24761.21
2014-09-15,24776.33
2014-09-16,24662.43
2014-09-17,24934.41
2014-09-18,25080.83
2014-09-19,25159.3
2014-09-22,25131.38
2014-09-23,24966.18
2014-09-24,24898.49
2014-09-25,25017.03
2014-09-26,24628.07
2014-09-29,24725.33
2014-09-30,24690.37
2014-10-01,24681.33
2014-10-02,24001.17
2014-10-03,23779.31
2014-10-06,24081.2
2014-10-07,24241.04
2014-10-08,23850.11
2014-10-09,24054.26
2014-10-10,23920.75
2014-10-13,23722.53
2014-10-14,23794.17
2014-10-15,24040.97
2014-10-16,24010.96
2014-10-17,24426.08
2014-10-20,24462.72
2014-10-21,24407.18
2014-10-22,24617
2014-10-23,24733.09
2014-10-24,24602.96
2014-10-27,24332.46
2014-10-28,24224.05
2014-10-29,24600.42
2014-10-30,24528.31
2014-10-31,24699.87
2014-11-03,24668.72
2014-11-04,24553.44
2014-11-05,24542.05
2014-11-06,24403.98
2014-11-07,24146.15
2014-11-10,24039.94
2014-11-11,24441.51
2014-11-12,24573.09
2014-11-13,24624.17
2014-11-14,24689.07
2014-11-17,24761.98
2014-11-18,24992.32
2014-11-19,25122
2014-11-20,24960.72
2014-11-21,25055.48
2014-11-24,25240.86
2014-11-25,25143.55
2014-11-26,25201.52
2014-11-27,25245.35
2014-11-28,25227.46
2014-12-01,25431.31
2014-12-02,25506.25
2014-12-03,25453.32
2014-12-04,25480
2014-12-05,25486.83
2014-12-08,25262.18
2014-12-09,25174.85
2014-12-10,25431.26
2014-12-11,25368.24
2014-12-12,25387.3
2014-12-15,25124.62
2014-12-16,24709.78
2014-12-17,24770.07
2014-12-18,25161.82
2014-12-19,25286.5
2014-12-22,25226.82
2014-12-23,25297
2014-12-24,25409.15
2014-12-29,25469.51
2014-12-30,25623.1
2015-01-02,25707.55
2015-01-05,25624.91
2015-01-06,25387.92
2015-01-07,25632.9
2015-01-08,25679.59
2015-01-09,25674.42
2015-01-12,25496.29
2015-01-13,25581.9
2015-01-14,25291.59
2015-01-15,25470.88
2015-01-16,25254.26
2015-01-19,25197.88
2015-01-20,25260.47
2015-01-21,25483.64
2015-01-22,25736.73
2015-01-23,26110.56
2015-01-26,25677.07
2015-01-27,25771.4
2015-01-28,25701
2015-01-29,25615.71
2015-01-30,25758.39
2015-02-02,25683.05
2015-02-03,25830.73
2015-02-04,25914.84
2015-02-05,25713.12
2015-02-06,26061.55
2015-02-09,26087.02
2015-02-10,25899.86
2015-02-11,25981.92
2015-02-12,25980.68
2015-02-13,26152.62
2015-02-16,25885.39
2015-02-17,25954.15
2015-02-18,26242.67
2015-02-20,26291.95
2015-02-23,26300.22
2015-02-24,26362.89
2015-02-25,26479.59
2015-02-26,26485.7
2015-02-27,26394.8
2015-03-02,26508.54
2015-03-03,26468.34
2015-03-04,26319.79
2015-03-05,26325.85
2015-03-06,26610.45
2015-03-09,26235.14
2015-03-10,26323.23
2015-03-11,26098.51
2015-03-12,26174.75
2015-03-13,26084.89
2015-03-16,26135.7
2015-03-17,26147.8
2015-03-18,26081.22
2015-03-19,26325.61
2015-03-20,26298.08
2015-03-23,26267.04
2015-03-24,26292.62
2015-03-25,26110.55
2015-03-26,25983.63
2015-03-27,26154.87
2015-03-30,26368.25
2015-03-31,26730.47
2015-04-01,26514.04
2015-04-02,26402.77
2015-04-06,26471.35
2015-04-07,26757.58
2015-04-08,26557.14
2015-04-09,26616.39
2015-04-10,26552.53
2015-04-13,26389.55
2015-04-14,26158.05
2015-04-15,26185.89
2015-04-16,26215.42
2015-04-17,26170.51
2015-04-20,26116.75
2015-04-21,26425.27
2015-04-22,26315.93
2015-04-23,26315.71
2015-04-24,26357.03
2015-04-27,25380.45
2015-04-28,25291.08
2015-04-29,24637.48
2015-04-30,24502.81
2015-05-04,24798.22
2015-05-05,24900.4
2015-05-06,25027.24
2015-05-07,24928.26
2015-05-08,25098.18
2015-05-11,25033.68
2015-05-12,25187.46
2015-05-13,25354.19
2015-05-15,25194.69
2015-05-18,25303.23
2015-05-19,25501.76
2015-05-20,25662.95
2015-05-21,25783.83
2015-05-22,25837.65
2015-05-25,25676.3
2015-05-26,25828.58
2015-05-27,25465.23
2015-05-28,25368.36
2015-05-29,25265.67
2015-06-01,25285.81
2015-06-03,24808.38
2015-06-04,24656.37
2015-06-05,24697.73
2015-06-08,24281.56
2015-06-09,23663.36
2015-06-10,23776.47
2015-06-11,23740.15
2015-06-12,23798.02
2015-06-15,23266.36
2015-06-16,23487.78
2015-06-17,23885.93
2015-06-18,23897.81
2015-06-19,24123.01
2015-06-22,23993.27
2015-06-23,23880.81
2015-06-24,23858.44
2015-06-25,23669.17
2015-06-26,23673.01
2015-06-29,23497.74
2015-06-30,23618.57
2015-07-01,23586.34
2015-07-02,23965
2015-07-03,24196.98
2015-07-06,23836.53
2015-07-07,23841.27
2015-07-08,23720.97
2015-07-09,23552.95
2015-07-10,23667.69
2015-07-13,23901.67
2015-07-14,23938.96
2015-07-15,23747.87
2015-07-22,24044.72
2015-07-23,23964.04
2015-07-24,23660.21
2015-07-27,23145.95
2015-07-28,22827.41
2015-07-29,22808.91
2015-07-30,22718.72
2015-07-31,23222.46
2015-08-03,23303.74
2015-08-04,23177.41
2015-08-05,23582.34
2015-08-06,23359.49
2015-08-07,23189.63
2015-08-10,23127.3
2015-08-11,22503.58
2015-08-12,21827.15
2015-08-13,22385.61
2015-08-14,22417.35
2015-08-18,22043.98
2015-08-19,21934.31
2015-08-20,21683.52
2015-08-21,21087.91
2015-08-24,20181.22
2015-08-25,20514.32
2015-08-26,20572.32
2015-08-27,21593.32
2015-08-28,21605.18
2015-08-31,21917.49
2015-09-01,21400.09
2015-09-02,21367.3
2015-09-03,21531.21
2015-09-04,21391.39
2015-09-07,20819.13
2015-09-08,20901.04
2015-09-09,21067.72
2015-09-10,21037.69
2015-09-11,21133.76
2015-09-14,21233.36
2015-09-15,21008.47
2015-09-16,20941.76
2015-09-17,21266.12
2015-09-18,21276.71
2015-09-21,21197.9
2015-09-22,20987
2015-09-23,20463.6
2015-09-25,20293.86
2015-09-28,19835.14
2015-09-29,20193.24
2015-09-30,20379.03
2015-10-01,20548.21
2015-10-02,20362.86
2015-10-05,21106.81
2015-10-06,21609.28
2015-10-07,21763.68
2015-10-08,21796.72
2015-10-09,22265.05
2015-10-12,22437.56
2015-10-13,21684.24
2015-10-15,21855.63
2015-10-16,21996.95
2015-10-19,22256.3
2015-10-20,22328.84
2015-10-21,22465.47
2015-10-22,22343.27
2015-10-23,22714.51
2015-10-26,23151.47
2015-10-27,22983.3
2015-10-28,22805.79
2015-10-29,22106.27
2015-10-30,22081.32
2015-11-02,22108.02
2015-11-03,22427.5
2015-11-04,22919.45
2015-11-05,22724.76
2015-11-06,22669.64
2015-11-09,22341.9
2015-11-10,22167.99
2015-11-11,22126.72
2015-11-12,22180.26
2015-11-13,22268.27
2015-11-16,22097.96
2015-11-17,22434.91
2015-11-18,22429.69
2015-11-19,22544.81
2015-11-20,22776.91
2015-11-23,22685.15
2015-11-24,22751.95
2015-11-25,22972.51
2015-11-26,23110
2015-11-27,22841.65
2015-11-30,22282.97
2015-12-01,22889.41
2015-12-02,22827.57
2015-12-03,22821.94
2015-12-04,22674.43
2015-12-07,22773.09
2015-12-08,22448.69
2015-12-10,22479.79
2015-12-11,22106.66
2015-12-14,21947.63
2015-12-15,22132.64
2015-12-16,22570.64
2015-12-17,22968.43
2015-12-18,22443.52
2015-12-21,22570.87
2015-12-22,22752.76
2015-12-23,22738.33
2015-12-28,22935.86
2015-12-29,22958.76
2015-12-30,23029.82
2016-01-04,22717.15
2016-01-05,22971.19
2016-01-06,23296.63
2016-01-07,22907.32
2016-01-08,22999.92
2016-01-11,22588.56
2016-01-12,22882.74
2016-01-13,23052.39
2016-01-14,22896.83
2016-01-15,22936.42
2016-01-18,22666.25
2016-01-19,22753.39
2016-01-20,22383.28
2016-01-21,22299.19
2016-01-22,22546.77
2016-01-25,22809.22
2016-01-26,22854.51
2016-01-27,23219.21
2016-01-28,23288.28
2016-01-29,23298.36
2016-02-01,23308.34
2016-02-02,23069.59
2016-02-03,23147.17
2016-02-04,23562.35
2016-02-05,24294.12
2016-02-09,24106.24
2016-02-10,23916.75
2016-02-11,24171.35
2016-02-12,23853.55
2016-02-15,24015.35
2016-02-16,24035.57
2016-02-17,24125.99
2016-02-18,24169.99
2016-02-19,23641.52
2016-02-22,23670.34
2016-02-23,23351.78
2016-02-24,23422.41
2016-02-25,23382.57
2016-02-26,23770.05
2016-02-29,23968.46
2016-03-01,23971.54
2016-03-02,24286.52
2016-03-03,24363.09
2016-03-04,24401.56
2016-03-07,24264.1
2016-03-08,24118.08
2016-03-10,24049.76
2016-03-11,24183.56
2016-03-14,24502.33
2016-03-15,24399.45
2016-03-16,24486.62
2016-03-17,24591.05
2016-03-18,24608.83
2016-03-21,24619.39
2016-03-22,24473.86
2016-03-23,24411.98
2016-03-24,24290.41
2016-03-28,24038.87
2016-03-29,24067.01
2016-03-30,24256.13
2016-03-31,24396.48
2016-04-01,24412.51
2016-04-04,24480.11
2016-04-05,24524.83
2016-04-06,24545.57
2016-04-07,24486.24
2016-04-08,24345.47
2016-04-11,24012.73
2016-04-12,24235.89
2016-04-13,24290.86
2016-04-14,24094.28
2016-04-15,24124.93
2016-04-18,24397.53
2016-04-19,24478.57
2016-04-20,24490.31
2016-04-21,24562.87
2016-04-22,24661.25
2016-04-25,24518.28
2016-04-26,24201.52
2016-04-27,24276.98
2016-04-28,24281.81
2016-04-29,24198.17
2016-05-02,24077.12
2016-05-03,24165.63
2016-05-04,24231.45
2016-05-09,23923.24
2016-05-10,24011.01
2016-05-11,24236.68
2016-05-12,24203.6
2016-05-13,24020.88
2016-05-16,23841.16
2016-05-17,23795.8
2016-05-18,23844.85
2016-05-19,23656.37
2016-05-20,23708.69
2016-05-23,23903.43
2016-05-24,23750.2
2016-05-25,24087.76
2016-05-26,24113.81
2016-05-27,24242.85
2016-05-30,24302.43
2016-05-31,24092.2
2016-06-01,24255.35
2016-06-02,24195.62
2016-06-03,24334.94
2016-06-06,24600.08
2016-06-07,24759.1
2016-06-08,24618.88
2016-06-09,24352.49
2016-06-10,24215.24
2016-06-13,24022.48
2016-06-14,24130.21
2016-06-15,24136.95
2016-06-16,24115.59
2016-06-17,24281.07
2016-06-20,24400.65
2016-06-21,24505.82
2016-06-22,24593.7
2016-06-23,24458.25
2016-06-24,24289.69
2016-06-27,24310.11
2016-06-28,24547.51
2016-06-29,25032.91
2016-06-30,25141.57
2016-07-01,24824.39
2016-07-11,25385.15
2016-07-12,25509.23
2016-07-13,25670.91
2016-07-14,25355.45
2016-07-15,25497.64
2016-07-18,25541.1
2016-07-19,25814.68
2016-07-20,26158.64
2016-07-21,25976.45
2016-07-22,25842.21
2016-07-25,26004.28
2016-07-26,26116.39
2016-07-27,26422.94
2016-07-28,26491.56
2016-07-29,26025.55
2016-08-01,26794.58
2016-08-02,26750.13
2016-08-03,26567.5
2016-08-04,26711.63
2016-08-05,26966.9
2016-08-08,27307.28
2016-08-09,27214.55
2016-08-10,27106.29
2016-08-11,27050.13
2016-08-12,26819.46
2016-08-15,26514.51
2016-08-16,26849.94
2016-08-18,27284.66
2016-08-19,27032.17
2016-08-22,27057.47
2016-08-23,27041.24
2016-08-24,26887.55
2016-08-25,27167.19
2016-08-26,27040.42
2016-08-29,26602.7
2016-08-30,26525.45
2016-08-31,26705.18
2016-09-01,26463.21
2016-09-02,26530.67
2016-09-05,26585.12
2016-09-06,26666.05
2016-09-07,26753.58
2016-09-08,26618.88
2016-09-09,26131.62
2016-09-13,25844.92
2016-09-14,25451.38
2016-09-15,26122.33
2016-09-16,26053.66
2016-09-19,26365.01
2016-09-20,26281.47
2016-09-21,26534.43
2016-09-22,26699.63
2016-09-23,26680.53
2016-09-26,26443.35
2016-09-27,26869.38
2016-09-28,26855.43
2016-09-29,26926.1
2016-09-30,26443.67
2016-10-03,27015.34
2016-10-04,27035.2
2016-10-05,26732.93
2016-10-06,26695.13
2016-10-07,26409.51
2016-10-10,26282.25
2016-10-11,26400.77
2016-10-12,26376.64
2016-10-13,26221.96
2016-10-14,26619.45
2016-10-17,26617.06
2016-10-18,26751.8
2016-10-19,26612.36
2016-10-20,26601.61
2016-10-21,26579.76
2016-10-24,26582.51
2016-10-25,26433.05
2016-10-26,26361.23
2016-10-27,26524.16
2016-10-28,26484.92
2016-10-31,26536.65
2016-11-01,26449.96
2016-11-02,26325.03
2016-11-03,25885.71
2016-11-04,26028.42
2016-11-07,26192.17
2016-11-08,26626.5
2016-11-09,26267.66
2016-11-10,26499.45
2016-11-11,25212.92
2016-11-14,24481.7
2016-11-15,24307.34
2016-11-16,24911.67
2016-11-17,24940.1
2016-11-18,24781.05
2016-11-21,24630.87
2016-11-22,24826.55
2016-11-23,24925.09
2016-11-24,24326.13
2016-11-25,24363.59
2016-11-28,24238.07
2016-11-29,24407.08
2016-11-30,24512.55
2016-12-01,24777.57
2016-12-02,25037.99
2016-12-05,25135.58
2016-12-06,25160.38
2016-12-07,25132.26
2016-12-08,25379.4
2016-12-09,25348.14
2016-12-13,25264.27
2016-12-14,25092.7
2016-12-15,25025.14
2016-12-16,24894.33
2016-12-19,24700.32
2016-12-20,24535.92
2016-12-21,24310.4
2016-12-22,24001.14
2016-12-23,23902.59
2016-12-27,24308.29
2016-12-28,24858.79
2016-12-29,25363.26
2016-12-30,25397.12
2017-01-03,25293.22
2017-01-04,25469.39
2017-01-05,25553.02
2017-01-06,25673.34
2017-01-09,25482.08
2017-01-10,25521.85
2017-01-11,25420.59
2017-01-12,25395.41
2017-01-13,25334.97
2017-01-16,25257.34
2017-01-17,25223.18
2017-01-18,25346.09
2017-01-19,25384.39
2017-01-20,25153.78
2017-01-23,25093.73
2017-01-24,25326.83
2017-01-25,25333.58
2017-01-26,25435.92
2017-01-27,25394.38
2017-01-30,25327.89
2017-01-31,25286.52
2017-02-01,25483.39
2017-02-02,25607.32
2017-02-03,25686.6
2017-02-06,25868.16
2017-02-07,25768.39
2017-02-08,25741.76
2017-02-09,25769.82
2017-02-10,25779.49
2017-02-13,25964.84
2017-02-14,25873.06
2017-02-16,25866.77
2017-02-17,25673.61
2017-02-20,25719.46
2017-02-21,25655
2017-02-22,25794.76
2017-02-23,25884.04
2017-02-24,25929.68
2017-02-27,25827.31
2017-02-28,25829.48
2017-03-01,25609.38
2017-03-02,25821.79
2017-03-03,25703.38
2017-03-06,25796.9
2017-03-07,25753.58
2017-03-08,25710.39
2017-03-09,25794.86
2017-03-10,25733.79
2017-03-13,25770.87
2017-03-14,25914.92
2017-03-15,25830.21
2017-03-16,26339.62
2017-03-17,26516.39
2017-03-20,26387.08
2017-03-21,26441.14
2017-03-22,26444.16
2017-03-23,26639.41
2017-03-24,26666.62
2017-03-27,26479.73
2017-03-29,26653.65
2017-03-30,26651.3
2017-03-31,26507.42
2017-04-03,26726.87
2017-04-04,26910.95
2017-04-05,26932.34
2017-04-06,26957.09
2017-04-07,26738.26
2017-04-10,26683.68
2017-04-11,26591.44
2017-04-12,26739.54
2017-04-13,26511.31
2017-04-17,26273.84
2017-04-18,26458.43
2017-04-20,26420.05
2017-04-21,26828.8
2017-04-25,26905.33
2017-04-26,27137.13
2017-04-27,27061.29
2017-04-28,26934.82
2017-05-02,26928.4
2017-05-03,26839.44
2017-05-04,27037.71
2017-05-05,27153.31
2017-05-08,27270.46
2017-05-09,27243.49
2017-05-10,27047.73
2017-05-12,27139.79
2017-05-15,27238.08
2017-05-16,26934.95
2017-05-17,26798.11
2017-05-18,26928.69
2017-05-19,27726.05
2017-05-22,27465.66
2017-05-23,27227.85
2017-05-24,27080.69
2017-05-26,27125.5
2017-05-29,27103.7
2017-05-30,27012.48
2017-05-31,27224.93
2017-06-02,27333.39
2017-06-05,27375.91
2017-06-06,27193.16
2017-06-07,27270.55
2017-06-08,27169.84
2017-06-09,27068.01
2017-06-12,27236.24
2017-06-13,27312.85
2017-06-14,27702.41
2017-06-15,27618.38
2017-06-16,27329.74
2017-06-19,27413.06
2017-06-20,27653.78
2017-06-21,27767.31
2017-06-22,27767.16
2017-07-03,28204.97
2017-07-04,27978.15
2017-07-05,27691.43
2017-07-06,27762.56
2017-07-07,27574.24
2017-07-10,27373.88
2017-07-11,27350.59
2017-07-12,27580.53
2017-07-13,27622
2017-07-14,27627.74
2017-07-17,27634.28
2017-07-18,27530.85
2017-07-19,27440.16
2017-07-20,27487.27
2017-07-21,27195.39
2017-07-24,27420.87
2017-07-25,27497.5
2017-07-26,27372.28
2017-07-27,27419.41
2017-07-28,27425.09
2017-07-31,27495.53
2017-08-01,27329.72
2017-08-02,27398.77
2017-08-03,27217.26
2017-08-04,27184.56
2017-08-07,27026.79
2017-08-08,27352.05
2017-08-09,27439.97
2017-08-10,27439.71
2017-08-11,27163.34
2017-08-14,27302.41
2017-08-15,27405.08
2017-08-16,27674.76
2017-08-18,27714.26
2017-08-21,27577.45
2017-08-22,27654.74
2017-08-23,27812.92
2017-08-24,27709.04
2017-08-25,27883.22
2017-08-28,27823.35
2017-08-29,27732.29
2017-08-30,27678.3
2017-08-31,27584.35
2017-09-04,27349.16
2017-09-05,27384.11
2017-09-06,27373.64
2017-09-07,27438.43
2017-09-08,27475.04
2017-09-11,27454.79
2017-09-12,27458.9
2017-09-13,27452.19
2017-09-14,27509.38
2017-09-15,27579.39
2017-09-18,27601
2017-09-19,27674.92
2017-09-20,27699.11
2017-09-22,27689.89
2017-09-25,27605.11
2017-09-26,27516.85
2017-09-27,27465.81
2017-09-28,27278.31
2017-09-29,27539.06
2017-10-02,27619.48
2017-10-03,27724.08
2017-10-04,27784.42
2017-10-05,27526.89
2017-10-06,27583.21
2017-10-09,27615.88
2017-10-10,27585.09
2017-10-11,27475.68
2017-10-12,27689.58
2017-10-13,27674.04
2017-10-16,27729.26
2017-10-17,27707.09
2017-10-18,27584.03
2017-10-19,27394.43
2017-10-20,27418.45
2017-10-23,27481.65
2017-10-24,27343.96
2017-10-25,27669.39
2017-10-26,27614.99
2017-10-27,27442.95
2017-10-30,27460.19
2017-10-31,27598.23
2017-11-01,27876.39
2017-11-02,27884.18
2017-11-03,27963.68
2017-11-06,27996.29
2017-11-07,28034
2017-11-08,27960.43
2017-11-09,27887.96
2017-11-10,27784.65
2017-11-13,27781.76
2017-11-14,27599.06
2017-11-15,27529.11
2017-11-16,27872.94
2017-11-17,27992.53
2017-11-20,27986.53
2017-11-21,27828.09
2017-11-22,28006.88
2017-11-23,28010.8
2017-11-24,27992.9
2017-11-27,28052.04
2017-11-28,28188.18
2017-11-29,28102.32
2017-11-30,27532.87
2017-12-04,27787.12
2017-12-05,27878.61
2017-12-06,28009.88
2017-12-07,27880.06
2017-12-08,27970.72
2017-12-11,27963.87
2017-12-12,27957.44
2017-12-13,28076.92
2017-12-14,28280.39
2017-12-15,28279.62
2017-12-18,28307.98
2017-12-19,28476.19
2017-12-20,28118.59
2017-12-21,28463.65
2017-12-22,28661.8
2017-12-27,28905.8
2017-12-28,28995.18
2017-12-29,29156.9
2018-01-02,29053.49
2018-01-03,28648.51
2018-01-04,28897.03
2018-01-05,29160.43
2018-01-08,29326.1
2018-01-09,29240.22
2018-01-10,29210.51
2018-01-11,29314.81
2018-01-12,29241.5
2018-01-15,29247.8
2018-01-16,29530.47
2018-01-17,29740.3
2018-01-18,29807.61
2018-01-19,29808.52
2018-01-22,29840.62
2018-01-23,30540.3
2018-01-24,30547.45
2018-01-25,30339.34
2018-01-26,30517.65
2018-01-29,30463.73
2018-01-30,29844.63
2018-01-31,29994.38
2018-02-01,29948.69
2018-02-02,30116.99
2018-02-05,29964.59
2018-02-06,29582.08
2018-02-07,29909.65
2018-02-08,29938.57
2018-02-09,29658.92
2018-02-12,29684.42
2018-02-13,29948.79
2018-02-14,30080.42
2018-02-15,30033.96
2018-02-19,30486.55
2018-02-20,30353.24
2018-02-21,30264.73
2018-02-22,29984.5
2018-02-23,30093.45
2018-02-26,29731.27
2018-02-27,29969.41
2018-02-28,29916.13
2018-03-01,30019.26
2018-03-02,29906.04
2018-03-05,29720.5
2018-03-06,29442.18
2018-03-07,28828.15
2018-03-08,29290.96
2018-03-09,29194.54
2018-03-12,29500.51
2018-03-13,29020.3
2018-03-14,28873.88
2018-03-15,28507.9
2018-03-16,28416.53
2018-03-19,28395.71
2018-03-20,28164.73
2018-03-21,28494.84
2018-03-22,28221.79
2018-03-23,28011
2018-03-26,27955.66
2018-03-27,27922.12
2018-03-28,27659.56
2018-03-29,27893.87
2018-04-02,28235.99
2018-04-03,28191.72
2018-04-04,27865.62
2018-04-05,27971.41
2018-04-06,27905.57
2018-04-09,28264.24
2018-04-10,28663.55
2018-04-11,28850.34
2018-04-12,28592.98
2018-04-13,28382.77
2018-04-16,28451.06
2018-04-17,28407.64
2018-04-18,28558.77
2018-04-19,28711.86
2018-04-20,28671.18
2018-04-23,28483.16
2018-04-24,28089.9
2018-04-25,27342.43
2018-04-26,26485.78
2018-04-27,26524.09
2018-04-30,26868.59
2018-05-02,26951.48
2018-05-03,26236.43
2018-05-04,25901.54
2018-05-07,26257.88
2018-05-08,25793.36
2018-05-09,26449.47
2018-05-11,26744.47
2018-05-14,26666.62
2018-05-15,26139.22
2018-05-16,26146.42
2018-05-17,26037.48
2018-05-18,25886.38
2018-05-21,25578.06
2018-05-22,25707.09
2018-05-23,26063.15
2018-05-24,26924.5
2018-05-25,27078.28
2018-05-28,27527.71
2018-05-30,27212.2
2018-05-31,27041.62
2018-06-04,27398.66
2018-06-05,27803.84
2018-06-06,27700.71
2018-06-07,27874.02
2018-06-08,27289.26
2018-06-20,26726.25
2018-06-21,26390.79
2018-06-22,26399.73
2018-06-25,26600.71
2018-06-26,26370.49
2018-06-27,26125.14
2018-06-28,25498.71
2018-06-29,26159.46
2018-07-02,25951.12
2018-07-03,25430.42
2018-07-04,25877.4
2018-07-05,25864.59
2018-07-06,25636.25
2018-07-09,26152.48
2018-07-10,26478.84
2018-07-11,26478.37
2018-07-12,26493.72
2018-07-13,26727.44
2018-07-16,26523.8
2018-07-17,26365.69
2018-07-18,26593.5
2018-07-19,26496.47
2018-07-20,26528.87
2018-07-23,26760.7
2018-07-24,26810.02
2018-07-25,26815.23
2018-07-26,26877.46
2018-07-27,27144.88
2018-07-30,27320.88
2018-07-31,26858.33
2018-08-01,27334.52
2018-08-02,27165.9
2018-08-03,27140.78
2018-08-06,27667.68
2018-08-07,27613.14
2018-08-08,27648.91
2018-08-09,27580.43
2018-08-10,27612.63
2018-08-13,26498.15
2018-08-14,26033.56
2018-08-15,26248.14
2018-08-16,25996.72
2018-08-20,26551.3
2018-08-21,26824.02
2018-08-23,27084.4
2018-08-24,26955.6
2018-08-27,27241.89
2018-08-28,27205.78
2018-08-29,27361.57
2018-08-30,27118.87
2018-08-31,27052.86
2018-09-03,26769.74
2018-09-04,26476.14
2018-09-05,25401.58
2018-09-06,25798.78
2018-09-07,26134.66
2018-09-10,26028.63
2018-09-12,25862.21
2018-09-13,26155.04
2018-09-14,26494.02
2018-09-17,25934.96
2018-09-18,25868.5
2018-09-19,26128.21
2018-09-20,26447
2018-09-21,26590.12
2018-09-24,26132.42
2018-09-25,26103.76
2018-09-26,26076.12
2018-09-27,26330.31
2018-09-28,26558.68
2018-10-01,26406.67
2018-10-02,26071.43
2018-10-03,26039.77
2018-10-04,25558.16
2018-10-05,25468.71
2018-10-08,25543.82
2018-10-09,25702.5
2018-10-10,25780.34
2018-10-11,25254
2018-10-12,25497.82
2018-10-15,25426.71
2018-10-16,25770.19
2018-10-17,26087.24
2018-10-18,25999.96
2018-10-19,25898.54
2018-10-22,25937.99
2018-10-23,25737.8
2018-10-24,25290.61
2018-10-25,25510.25
2018-10-26,25634.87
2018-10-29,25444.11
2018-10-30,25659.97
2018-10-31,25960.02
2018-11-01,25986.28
2018-11-02,26414.39
2018-11-05,26413.52
2018-11-06,26437.9
2018-11-07,26540.41
2018-11-08,26785.72
2018-11-09,26325.8
2018-11-12,25740.6
2018-11-13,26015.73
2018-11-14,26155.32
2018-11-15,26682.83
2018-11-16,27049.44
2018-11-19,26938.43
2018-11-21,26621.39
2018-11-22,26898.34
2018-11-23,26923.55
2018-11-26,26963.84
2018-11-27,26906.55
2018-11-28,26706.54
2018-11-29,27358.93
2018-11-30,27051.96
2018-12-03,27342.72
2018-12-04,27509.54
2018-12-05,27349.4
2018-12-06,27194.06
2018-12-07,27283.34
2018-12-10,27165.6
2018-12-11,26986.43
2018-12-12,27139.78
2018-12-13,27489.99
2018-12-14,27446.24
2018-12-17,27069.32
2018-12-18,27059.08
2018-12-19,27477.11
2018-12-20,27380.15
2018-12-21,27385.51
2018-12-26,27123.67
2018-12-27,27376.62
2018-12-28,27329.27
2019-01-02,27260.36
2019-01-03,27454.5
2019-01-04,27697.15
2019-01-07,27747.35
2019-01-08,27654.42
2019-01-09,27701.98
2019-01-10,27975.26
2019-01-11,28055.63
2019-01-14,27849.5
2019-01-15,28192.75
2019-01-16,28323.31
2019-01-17,28388.82
2019-01-18,28505.15
2019-01-21,28499.33
2019-01-22,28610.5
2019-01-23,28506.48
2019-01-24,28603.71
2019-01-25,28707.98
2019-01-28,28511.99
2019-01-29,28346.61
2019-01-30,28433.44
2019-01-31,28802.03
2019-02-01,28904.52
2019-02-04,28532.49
2019-02-06,28883.56
2019-02-07,28812.1
2019-02-08,28704.36
2019-02-11,28582.39
2019-02-12,28244.38
2019-02-13,28192.53
2019-02-14,28205.92
2019-02-15,28093.02
2019-02-18,28640.76
2019-02-19,28575.33
2019-02-20,28629.69
2019-02-21,28714.35
2019-02-22,28533.98
2019-02-25,28619.29
2019-02-26,28723.15
2019-02-27,28580.41
2019-02-28,28219.04
2019-03-01,28578.58
2019-03-04,28592.37
2019-03-05,28294.76
2019-03-06,28340.23
2019-03-08,27953.54
2019-03-11,27940.81
2019-03-12,27936.15
2019-03-13,28048.76
2019-03-14,28166.41
2019-03-15,28390.43
2019-03-18,28613.87
2019-03-19,28481.72
2019-03-20,28498.47
2019-03-21,28615.85
2019-03-22,28645.85
2019-03-25,27928.83
2019-03-26,28292.59
2019-03-27,28134.42
2019-03-28,28331.63
2019-03-29,28377.71
2019-04-01,28366.26
2019-04-02,28435.72
2019-04-04,28648.47
2019-04-05,28531.43
2019-04-08,28304.47
2019-04-09,28573.02
2019-04-10,28540.01
2019-04-11,28160.86
2019-04-12,28152.33
2019-04-15,28280.98
2019-04-16,28554.32
2019-04-18,28738.37
2019-04-22,28205.45
2019-04-23,28510.11
2019-04-24,28450.95
2019-04-25,28086.57
2019-04-26,28278.17
2019-04-29,28404.64
2019-04-30,28537.1
2019-05-02,28131.22
2019-05-03,27887.31
2019-05-06,27567.4
2019-05-07,27848.45
2019-05-08,27670.47
2019-05-09,27304.76
2019-05-10,27343.66
2019-05-13,26962.26
2019-05-14,26784.17
2019-05-15,26367.14
2019-05-16,25925.29
2019-05-17,25524.54
2019-05-20,25936.06
2019-05-21,26144.27
2019-05-22,26082.27
2019-05-23,26561.63
2019-05-24,26736.02
2019-05-27,27083.48
2019-05-28,26624.07
2019-05-29,27012.14
2019-05-31,27574.37
2019-06-10,28089.16
2019-06-11,28135.97
2019-06-12,28033.58
2019-06-13,27969.57
2019-06-14,27841.42
2019-06-17,27597.79
2019-06-18,27962.56
2019-06-19,28436.12
2019-06-20,28388.4
2019-06-21,28240.58
2019-06-24,28034.66
2019-06-25,28112.61
2019-06-26,28078.2
2019-06-27,28333.08
2019-06-28,28410.16
2019-07-01,28626.36
2019-07-02,28613.95
2019-07-03,28458.88
2019-07-04,28518.06
2019-07-05,28488.14
2019-07-08,28304.33
2019-07-09,28508.24
2019-07-10,28612.41
2019-07-11,28664.18
2019-07-12,28392.21
2019-07-15,28639.08
2019-07-16,28615.61
2019-07-17,28600.38
2019-07-18,28595.23
2019-07-19,28737.46
2019-07-22,28550.23
2019-07-23,28500.46
2019-07-24,28386.91
2019-07-25,28497.38
2019-07-26,28115.6
2019-07-29,28133.33
2019-07-30,28445.63
2019-07-31,28510.71
2019-08-01,28375.14
2019-08-02,28163.94
2019-08-05,27386.76
2019-08-06,27162.47
2019-08-07,27546.34
2019-08-08,27863.29
2019-08-09,27865.52
2019-08-12,27755.07
2019-08-13,27596.56
2019-08-14,27867.06
2019-08-15,27779.86
2019-08-16,27818.93
2019-08-19,27848.09
2019-08-20,27821.99
2019-08-21,27646.98
2019-08-22,27671.11
2019-08-23,27692.58
2019-08-26,27530.11
2019-08-27,27648.25
2019-08-28,27679.33
2019-08-29,27672.54
2019-08-30,27914.29
2019-09-02,27670.61
2019-09-03,27458.91
2019-09-04,27467.48
2019-09-05,27564.32
2019-09-06,27557.31
2019-09-09,27637.4
2019-09-10,27652.89
2019-09-11,27844.06
2019-09-12,27624.25
2019-09-13,27642.67
2019-09-16,27038.43
2019-09-17,27147.53
2019-09-18,27317.72
2019-09-19,27133.49
2019-09-20,27115.68
2019-09-23,26998.06
2019-09-24,26595.76
2019-09-25,26614.61
2019-09-26,26990.11
2019-09-27,26835.7
2019-09-30,26718.44
2019-10-01,26553.83
2019-10-02,26134.25
2019-10-03,26083.75
2019-10-04,26169.27
2019-10-07,25925.41
2019-10-08,26161.79
2019-10-09,26113.18
2019-10-10,26068.3
2019-10-11,26415.39
2019-10-14,26577.06
2019-10-15,26714.24
2019-10-16,26777.94
2019-10-17,26828.49
2019-10-18,26777.86
2019-10-21,26838.48
2019-10-22,26918.62
2019-10-23,27085.92
2019-10-24,27531.79
2019-10-25,27109.46
2019-10-28,27167.4
2019-10-29,27275.89
2019-10-30,27354.28
2019-10-31,27016.82
2019-11-01,26798.52
2019-11-04,26638.42
2019-11-05,27049.94
2019-11-06,26839.65
2019-11-07,26493.91
2019-11-08,26553.67
2019-11-11,26451.84
2019-11-12,26578.35
2019-11-13,26360.09
2019-11-14,26190.37
2019-11-15,26310.82
2019-11-18,26227.74
2019-11-19,26418.91
2019-11-20,26437.64
2019-11-21,26288.43
2019-11-22,26205.28
2019-11-25,25993.31
2019-11-26,25767.91
2019-11-27,25692.36
2019-11-28,25371.62
2019-11-29,25655.65
2019-12-02,26173.04
2019-12-03,26162.53
2019-12-04,26067.74
2019-12-05,26307.97
2019-12-06,26482.64
2019-12-09,26498.19
2019-12-10,26421.39
2019-12-11,26338.54
2019-12-12,26222.24
2019-12-13,26552.5
2019-12-16,26662.39
2019-12-17,26774.26
2019-12-18,26926.45
2019-12-19,26745.46
2019-12-20,26894.42
2019-12-23,27007.71
2019-12-26,27040.53
2019-12-27,27071.73
2019-12-30,26898.27
2020-01-02,26878.73
2020-01-03,27072.66
2020-01-06,26878.32
2020-01-07,26964.1
2020-01-08,26757.52
2020-01-09,27019.91
2020-01-10,27047.16
2020-01-13,27193.54
2020-01-14,27298.8
2020-01-15,26985.04
2020-01-16,27065.17
2020-01-17,27178.72
2020-01-20,26952.95
2020-01-21,26882.25
2020-01-22,26872.98
2020-01-23,26923.12
2020-01-24,26904.61
2020-01-27,26387.94
2020-01-28,26397.47
2020-01-29,26367.82
2020-01-30,26049.11
2020-01-31,25477.81
2020-02-03,25281.15
2020-02-04,25531.65
2020-02-05,25831.09
2020-02-06,25894.03
2020-02-07,25906.62
2020-02-10,25658.16
2020-02-11,25643.45
2020-02-12,25369.36
2020-02-13,25178.6
2020-02-14,25224.58
2020-02-17,25266.75
2020-02-18,25339.68
2020-02-19,25519.63
2020-02-20,25639.58
2020-02-21,25315.25
2020-02-24,24925.92
2020-02-25,24933.22
2020-02-26,24475.03
2020-02-27,23910.86
2020-02-28,23614.6
2020-03-02,23146.51
2020-03-03,23828.31
2020-03-04,24428.26
2020-03-05,24338.03
2020-03-06,23624.85
2020-03-09,21739.23
2020-03-10,22127.71
2020-03-11,21822.45
2020-03-12,20557.04
2020-03-13,20632.48
2020-03-16,19536.97
2020-03-17,18399.44
2020-03-18,17728.02
2020-03-19,16677.47
2020-03-20,17064.64
2020-03-23,16060.01
2020-03-24,15697
2020-03-26,17644.36
2020-03-27,18702.97
2020-03-30,17958.47
2020-03-31,18485.9
2020-04-01,18188.49
2020-04-02,18466
2020-04-03,18810.51
2020-04-06,19784.75
2020-04-07,19641.38
2020-04-08,18905.68
2020-04-09,19040.03
2020-04-13,18955.12
2020-04-14,19305.31
2020-04-15,18887.87
2020-04-16,18097.69
2020-04-17,18841.18
2020-04-20,18595.72
2020-04-21,18205.95
2020-04-22,18506.64
2020-04-23,18557.61
2020-04-24,18123.21
2020-04-27,18251.01
2020-04-28,18309.49
2020-04-29,18516.93
2020-04-30,19219.12
2020-05-04,18620.52
2020-05-05,18758.76
2020-05-06,18738.84
2020-05-08,18808.35
2020-05-11,19035.86
2020-05-12,18688.22
2020-05-13,18586.69
2020-05-14,18418.08
2020-05-15,18374.27
2020-05-18,18524.53
2020-05-19,18655.52
2020-05-20,18592.76
2020-05-26,18979
2020-05-27,19072.68
2020-05-28,19345.03
2020-05-29,19591.31
2020-06-02,20201.85
2020-06-03,20681.72
2020-06-04,20601.15
2020-06-05,20810.12
2020-06-08,21430.63
2020-06-09,21197.59
2020-06-10,20612.63
2020-06-11,20294.64
2020-06-12,20432.39
2020-06-15,20146.88
2020-06-16,20969.11
2020-06-17,20997.21
2020-06-18,20744.57
2020-06-19,20840.39
2020-06-22,20716.46
2020-06-23,20583.64
2020-06-24,20930.84
2020-06-25,20615.87
2020-06-26,20675.76
2020-06-29,20645.53
2020-06-30,20620.92
2020-07-01,20624.95
2020-07-02,20822.11
2020-07-03,20810.17
2020-07-06,20955.7
2020-07-07,20909.49
2020-07-08,21362.03
2020-07-09,21213.44
2020-07-10,21018.93
2020-07-13,21229.31
2020-07-14,21275.32
2020-07-15,21246.21
2020-07-16,21384.95
2020-07-17,21300.73
2020-07-20,21141.91
2020-07-21,21510.39
2020-07-22,21508.39
2020-07-23,21647.29
2020-07-24,21288.23
2020-07-27,21581.83
2020-07-28,21548.57
2020-07-29,21507.31
2020-07-30,21602.86
2020-08-03,20933.87
2020-08-04,21299.95
2020-08-05,21617.84
2020-08-06,21899.69
2020-08-07,21763.39
2020-08-10,21828.54
2020-08-11,21927.42
2020-08-12,22147.3
2020-08-13,22198.95
2020-08-14,22208.66
2020-08-18,22442.03
2020-08-19,22361.59
2020-08-24,22339.1
2020-08-25,22657.68
2020-08-26,22623.05
2020-08-27,22679.51
2020-08-28,22574.12
2020-08-31,22109.04
2020-09-01,22451.42
2020-09-02,22501.98
2020-09-03,22314.74
2020-09-04,22131.11
2020-09-07,22103.3
2020-09-08,22101.11
2020-09-09,21606.27
2020-09-10,20525.75
2020-09-11,21028.74
2020-09-14,21634.33
2020-09-15,21317.83
2020-09-16,21103.38
2020-09-17,20883.29
2020-09-18,20991.79
2020-09-21,20726.16
2020-09-22,20463.25
2020-09-23,20379.89
2020-09-24,20029.95
2020-09-25,20462.88
2020-09-28,20273.1
2020-09-29,20133.83
2020-09-30,20067.04
2020-10-01,20555.43
2020-10-02,20301.9
2020-10-05,20394.81
2020-10-06,20610.5
2020-10-07,20612.73
2020-10-08,20786.45
2020-10-09,20845.4
2020-10-12,21009.27
2020-10-13,21146.57
2020-10-14,21476.03
2020-10-15,21122.3
2020-10-16,21177.05
2020-10-19,21296.36
2020-10-20,21196.31
2020-10-21,21249.33
2020-10-22,21224.22
2020-10-23,21248.18
2020-10-26,21324.39
2020-10-27,21215.78
2020-11-02,21142.97
2020-11-03,21303.94
2020-11-04,20969.86
2020-11-05,21752.18
2020-11-06,22202.42
2020-11-09,22352.14
2020-11-10,22928.16
2020-11-11,23234.02
2020-11-12,22950.18
2020-11-13,22977.17
2020-11-16,23157.9
2020-11-17,23354.91
2020-11-18,23462.51
2020-11-19,23534.07
2020-11-20,23458.46
2020-11-23,23907.03
2020-11-24,24058.5
2020-11-25,23950.09
2020-11-26,24375.66
2020-11-27,24506.84
2020-11-30,23609.59
2020-12-01,24072.6
2020-12-02,24500.15
2020-12-03,24462.28
2020-12-04,24403.97
2020-12-07,24933.47
2020-12-08,24866.39
2020-12-10,24918.18
2020-12-11,24905.68
2020-12-14,25223.53
2020-12-15,25249.93
2020-12-16,25863.03
2020-12-17,25864.24
2020-12-18,25848.91
2020-12-21,26226.77
2020-12-22,25360.36
2020-12-23,25369.06
2020-12-28,25821.52
2020-12-29,25494.97
2020-12-30,25130.72
2021-01-04,25844.14
2021-01-05,25879.87
2021-01-06,25426.88
2021-01-07,25922.01
2021-01-08,26343.46
2021-01-11,26644.65
2021-01-12,26612.47
2021-01-13,26882.59
2021-01-14,26896.06
2021-01-15,26668.61
2021-01-18,26614.38
2021-01-19,26285.8
2021-01-20,27111.81
2021-01-21,26995.97
2021-01-22,26200.81
2021-01-25,26162.09
2021-01-26,25632.88
2021-01-27,25631.65
2021-01-28,25005.79
2021-01-29,24510.8
2021-02-01,25612.16
2021-02-02,25273.95
2021-02-03,25237.76
2021-02-04,25486.21
2021-02-05,25618.34
2021-02-08,25790.98
2021-02-09,25544.07
2021-02-10,25676.53
2021-02-11,25654.15
2021-02-15,25854.76
2021-02-16,25911.62
2021-02-17,25494.88
2021-02-18,25409.03
2021-02-19,25586.63
2021-02-22,25682.31
2021-02-23,25793.4
2021-02-24,25563.54
2021-02-25,25645.69
2021-02-26,25421.03
2021-03-01,25953.17
2021-03-02,25878.17
2021-03-03,25854.96
2021-03-04,25375.04
2021-03-05,25155.44
2021-03-08,25136.14
2021-03-09,24898.75
2021-03-10,25135.29
2021-03-12,25461.33
2021-03-15,25247.05
2021-03-16,25219.44
2021-03-17,25145.96
2021-03-18,25547.99
2021-03-19,25487.86
2021-03-22,25217.88
2021-03-23,25050.38
2021-03-24,24779.67
2021-03-25,24795.04
2021-03-26,25083.17
2021-03-29,24957.64
2021-03-30,24538.96
2021-03-31,24239.46
2021-04-01,24246.75
2021-04-05,24128.11
2021-04-06,24338.87
2021-04-07,24444.31
2021-04-08,24523.25
2021-04-09,24499.25
2021-04-12,23974.67
2021-04-13,24070.27
2021-04-14,24640.11
2021-04-15,24684.51
2021-04-16,24718.02
2021-04-19,24594
2021-04-20,24663.56
2021-04-21,24471.66
2021-04-22,24448.93
2021-04-23,24591.69
2021-04-26,24428.13
2021-04-27,24428.74
2021-04-28,24464.05
2021-04-29,24651.63
2021-04-30,24562.05
2021-05-03,24327.36
2021-05-04,24411.71
2021-05-05,24465.95
2021-05-06,24446.26
2021-05-07,24221.68
2021-05-10,24499.35
2021-05-11,24394.95
2021-05-17,24026.55
2021-05-18,24120.9
2021-05-19,23794.92
2021-05-20,23962.86
2021-05-21,23840.36
2021-05-24,23840.16
2021-05-25,24018.52
2021-05-27,23983.22
2021-05-28,23962.06
2021-05-31,24427.99
2021-06-02,24919.06
2021-06-03,25318.37
2021-06-04,25006.09
2021-06-07,25030.04
2021-06-08,24752.12
2021-06-09,25019.22
2021-06-10,25189.95
2021-06-11,25120.17
2021-06-14,24969.57
2021-06-15,24904.27
2021-06-16,24732.92
2021-06-17,24515.95
2021-06-18,24241.44
2021-06-21,24262.12
2021-06-22,24506.14
2021-06-23,24269
2021-06-24,24133.51
2021-06-25,24035.8
2021-06-28,23635.64
2021-06-29,23738.71
2021-06-30,23911.65
2021-07-01,23878.71
2021-07-02,23923.38
2021-07-05,24000.89
2021-07-06,24300.74
2021-07-07,24182.49
2021-07-08,24086.34
2021-07-09,24202.95
2021-07-12,24330.84
2021-07-13,23864.97
2021-07-14,23731.53
2021-07-15,24010.52
2021-07-16,24181.48
2021-07-19,23915.01
2021-07-21,23967.71
2021-07-22,24276.01
2021-07-23,24050.79
2021-07-26,24162.28
2021-07-27,24034.48
2021-07-28,24040.73
2021-07-29,24113.51
2021-07-30,23910.89
2021-08-02,23975.55
2021-08-03,24129.5
2021-08-04,24278.35
2021-08-05,24230.37
2021-08-06,24277.67
2021-08-09,23950.71
2021-08-10,23846.89
2021-08-12,24158.27
2021-08-13,24164.64
2021-08-16,24045.44
2021-08-18,24289.82
2021-08-19,23792.9
2021-08-20,24014.05
2021-08-23,24360.12
2021-08-24,24147.5
2021-08-25,24189.99
2021-08-26,23952.67
2021-08-27,23918.76
2021-08-30,24442.28
2021-08-31,24515.04
2021-09-01,24270.32
2021-09-02,24254.77
2021-09-03,24488.67
2021-09-06,24550.75
2021-09-07,24520.5
2021-09-08,24166.07
2021-09-09,24448.33
2021-09-10,24495.62
2021-09-13,24436.73
2021-09-14,24621.85
2021-09-15,24625.13
2021-09-16,24566.61
2021-09-17,24683.32
2021-09-20,24469.38
2021-09-21,24485.35
2021-09-22,24682.5
2021-09-23,24758.07
2021-09-24,24667.69
2021-09-27,24596.99
2021-09-28,24449.63
2021-09-29,24523.67
2021-09-30,25004.55
2021-10-01,24714.75
2021-10-04,25172.94
2021-10-05,24883.08
2021-10-06,25248.81
2021-10-07,25122.54
2021-10-08,25380.59
2021-10-11,25296.24
2021-10-12,25376.2
2021-10-13,25508.82
2021-10-14,25932.76
2021-10-15,25955.17
2021-10-18,26009.21
2021-10-19,25980.91
2021-10-21,26042.57
2021-10-22,26095.3
2021-10-25,25922.69
2021-10-26,25986.77
2021-10-27,25767.76
2021-10-28,25563.77
2021-10-29,25804.58
2021-11-01,25564.33
2021-11-02,25300.87
2021-11-03,25599.52
2021-11-04,25706.34
2021-11-05,25669.95
2021-11-08,25792.81
2021-11-09,25881.36
2021-11-10,25945.66
2021-11-11,25875.23
2021-11-12,25712.35
2021-11-15,25568.31
2021-11-16,25684.6
2021-11-17,25816.87
2021-11-18,25661.64
2021-11-19,25981.47
2021-11-22,25973.34
2021-11-23,25741.48
2021-11-24,25750.91
2021-11-25,25787.86
2021-11-26,25151.41
2021-11-29,25350.23
2021-11-30,25066.9
2021-12-01,25098.55
2021-12-02,25455.1
2021-12-03,25254.36
2021-12-06,25288.3
2021-12-07,25472.7
2021-12-08,25420.91
2021-12-09,25602.5
2021-12-10,25557.13
2021-12-13,25481.17
2021-12-14,25383.64
2021-12-15,25430.23
2021-12-16,25283.96
2021-12-17,25287.61
2021-12-20,25155.91
2021-12-21,25240.57
2021-12-22,25049.15
2021-12-23,25158.31
2021-12-24,25118.99
2021-12-27,25121.17
2021-12-28,25210.37
2021-12-29,25206.72
2021-12-30,25068.74
2022-01-03,25383.17
2022-01-04,25465.97
2022-01-05,25182.11
2022-01-06,25113.37
2022-01-07,25299.55
2022-01-10,25204.69
2022-01-11,24928.14
2022-01-12,24985.74
2022-01-13,25071.91
2022-01-14,25193.52
2022-01-17,25027.07
2022-01-18,24875.75
2022-01-19,24778.37
2022-01-20,24894.82
2022-01-21,25211.34
2022-01-24,24889.38
2022-01-25,24493.77
2022-01-26,24645.52
2022-01-27,24633.89
2022-01-28,24847.23
2022-01-31,24666.26
2022-02-02,24941.53
2022-02-03,24833.25
2022-02-04,24906.51
2022-02-07,25108.83
2022-02-08,25027.01
2022-02-09,25157.48
2022-02-10,25099.46
2022-02-11,25061.57
2022-02-14,24805.63
2022-02-15,25104.62
2022-02-16,25258.83
2022-02-17,25209.31
2022-02-18,25432.3
2022-02-21,25410.41
2022-02-22,25207.76
2022-02-23,25423.93
2022-02-24,25092.09
2022-02-25,25400.12
2022-03-01,25409.53
2022-03-02,25258.1
2022-03-04,25691.94
2022-03-07,25547.7
2022-03-08,25418.1
2022-03-09,25585.44
2022-03-10,25637.21
2022-03-11,25704.15
2022-03-14,25700.91
2022-03-15,25571.91
2022-03-16,25943.67
2022-03-17,25834.83
2022-03-18,25823.37
2022-03-21,25933.87
2022-03-22,26139.43
2022-03-23,26269.67
2022-03-24,26672.72
2022-03-25,26433.17
2022-03-28,26702.12
2022-03-29,26391.61
2022-03-30,26401.9
2022-03-31,26445.95
2022-04-01,26496.4
2022-04-04,26734.87
2022-04-05,26871.17
2022-04-06,26666.01
2022-04-07,26743.59
2022-04-08,27267.49
2022-04-11,27102.15
2022-04-12,27184.91
2022-04-13,27632.24
2022-04-14,27551.22
2022-04-18,27842.76
2022-04-19,27604.82
2022-04-20,27826.67
2022-04-21,27957.88
2022-04-22,27628.14
2022-04-25,27562.32
2022-04-26,27644.09
2022-04-27,27660.6
2022-04-28,27940.92
2022-05-09,26597.78
2022-05-10,26205.83
2022-05-11,26198.48
2022-05-12,25391.77
2022-05-13,25489.04
2022-05-17,25754.06
2022-05-18,26121.14
2022-05-19,26017.42
2022-05-20,26289.4
2022-05-23,25962.55
2022-05-24,26232.07
2022-05-25,25967.14
2022-05-27,26468.6
2022-05-30,26397.61
2022-05-31,26882.78
2022-06-02,26500.38
2022-06-03,26663.76
2022-06-06,26501.62
2022-06-07,26604.23
2022-06-08,26758.52
2022-06-09,26618.71
2022-06-10,26037.29
2022-06-13,25657.25
2022-06-14,25801.69
2022-06-15,25588.33
2022-06-16,25760.55
2022-06-17,25356.54
2022-06-20,25499.1
2022-06-21,25723.44
2022-06-22,25520.06
2022-06-23,25638.56
2022-06-24,25773.19
2022-06-27,25602.02
2022-06-28,25522.46
2022-06-29,25331.36
2022-06-30,25260.41
2022-07-01,24783.23
2022-07-04,24306.42
2022-07-05,24536.77
2022-07-06,24389.19
2022-07-07,24329.43
2022-07-08,24542.49
2022-07-11,24471.59
2022-07-12,24425.46
2022-07-13,24129.23
2022-07-14,24302.53
2022-07-15,24188.24
2022-07-18,24333.53
2022-07-19,24563.72
2022-07-20,25097.08
2022-07-21,25055.5
2022-07-22,25062.29
2022-07-25,24978.02
2022-07-26,25052.93
2022-07-27,25156.73
2022-07-28,25213.26
2022-07-29,25252.28
2022-08-01,25306.81
2022-08-02,25512.32
2022-08-03,25735.55
2022-08-04,25795.79
2022-08-05,25877.43
2022-08-08,25916.55
2022-08-09,25906.41
2022-08-10,25825.32
2022-08-11,26084.5
2022-08-12,26034.73
2022-08-15,25938.75
2022-08-16,25959.96
2022-08-18,26139.78
2022-08-19,26091.38
2022-08-22,25862.65
2022-08-23,26031.48
2022-08-24,26124.12
2022-08-25,26018.94
2022-08-26,25940.55
2022-08-29,25893.99
2022-08-30,25990.69
2022-08-31,26043.7
2022-09-01,26056.4
2022-09-02,26111.28
2022-09-05,26284.79
2022-09-06,26268.35
2022-09-07,26032.14
2022-09-08,26188.74
2022-09-09,26240.39
2022-09-12,26310.9
2022-09-13,26551.22
2022-09-14,26428.54
2022-09-15,26642.85
2022-09-16,26178.79
2022-09-19,26366.63
2022-09-20,26313.81
2022-09-21,26270.84
2022-09-22,26408.29
2022-09-23,26233.16
2022-09-26,26074.56
2022-09-27,26091.17
2022-09-28,25902.57
2022-09-29,25834.24
2022-09-30,25899.16
2022-10-03,25835.74
2022-10-04,26008.47
2022-10-05,25969
2022-10-06,25974.13
2022-10-07,25780.42
2022-10-10,25706.8
2022-10-11,25661.03
2022-10-12,25657.53
2022-10-13,25575.43
2022-10-14,25408.58
2022-10-17,25445.9
2022-10-18,25436.65
2022-10-19,25486.4
2022-10-20,25997.44
2022-10-21,26117.42
2022-10-24,26303.81
2022-10-25,26274.71
2022-10-26,26289.61
2022-10-27,26494.02
2022-10-28,26441.51
2022-10-31,26628.75
2022-11-01,26450.26
2022-11-02,26246.24
2022-11-03,26267.9
2022-11-04,26353
2022-11-07,26564.33
2022-11-08,26367.73
2022-11-09,26403.52
2022-11-10,26119.98
2022-11-11,26453.53
2022-11-14,26217.36
2022-11-15,26253.08
2022-11-16,26065.01
2022-11-17,26088.71
2022-11-18,26144.45
2022-11-21,26153.16
2022-11-22,26157.12
2022-11-23,26307.78
2022-11-24,26460.66
2022-11-25,26372.35
2022-11-28,26301.65
2022-11-29,26450.62
2022-11-30,26834.57
2022-12-01,26733.59
2022-12-02,26710.04
2022-12-05,26516.52
2022-12-06,26167.83
2022-12-07,25929.69
2022-12-08,25941.6
2022-12-09,25720.29
2022-12-12,25900.45
2022-12-13,26055.98
2022-12-14,26091.48
2022-12-15,25872.62
2022-12-16,25955.59
2022-12-19,25909.26
2022-12-20,25808.55
2022-12-21,25777.49
2022-12-22,25847.8
2022-12-23,25689.19
2022-12-26,25704.69
2022-12-27,25738.27
2022-12-28,25608.44
2022-12-29,25726.28
2022-12-30,25728.18
2023-01-02,25667.21
2023-01-03,25860.44
2023-01-04,25578.77
2023-01-05,25091.36
2023-01-06,25108.45
2023-01-09,25197.09
2023-01-10,24936.8
2023-01-11,24836.29
2023-01-12,25048.83
2023-01-13,25010.29
2023-01-16,25144.17
2023-01-17,25473.61
2023-01-18,25464.19
2023-01-19,25738.1
2023-01-20,25845.81
2023-01-24,25789.2
2023-01-25,25635.11
2023-01-26,25817.38
2023-01-27,25919.41
2023-01-30,25836.4
2023-01-31,25690.2
2023-02-01,25824.32
2023-02-02,25857.79
2023-02-03,26080.94
2023-02-06,25909.98
2023-02-07,26092.85
2023-02-08,26134.28
2023-02-09,26013.1
2023-02-10,26042.29
2023-02-13,26097.14
2023-02-14,26204.62
2023-02-15,26130.24
2023-02-16,26086.43
2023-02-17,26078.09
2023-02-20,26117.32
2023-02-21,26065.61
2023-02-22,25779.59
2023-02-23,25981.41
2023-02-24,26037.94
2023-02-27,26003
2023-02-28,25904.96
2023-03-01,25928.99
2023-03-02,26006.36
2023-03-03,25816.25
2023-03-06,25803.16
2023-03-07,25751.79
2023-03-08,25783.68
2023-03-09,25908.17
2023-03-10,25714.82
2023-03-13,25693.71
2023-03-14,25166.75
2023-03-15,25104.71
2023-03-16,24974.51
2023-03-17,25322.03
2023-03-20,25070.53
2023-03-21,25385.04
2023-03-24,25800.14
2023-03-27,25668.13
2023-03-28,25881.82
2023-03-29,26176.03
2023-03-30,26008.14
2023-03-31,25986.58
2023-04-03,26078.45
2023-04-04,26067.61
2023-04-05,26031.83
2023-04-06,25936.82
2023-04-10,25913.1
2023-04-11,26070.78
2023-04-12,26087.17
2023-04-13,26102.09
2023-04-14,26247.35
2023-04-17,26089.8
2023-04-18,26258.51
2023-04-26,26475.76
2023-04-27,26513.31
2023-04-28,26641.65
2023-05-02,26510.46
2023-05-03,26414.73
2023-05-04,26537.07
2023-05-05,26446.35
2023-05-08,26381.45
2023-05-09,26454.35
2023-05-10,26523.59
2023-05-11,26424.02
2023-05-12,26314.74
2023-05-15,26347.47
2023-05-16,26200.82
2023-05-17,26218.98
2023-05-19,26481.59
2023-05-22,26574.37
2023-05-23,26632.65
2023-05-24,26719.18
2023-05-25,26642.55
2023-05-26,26646.65
2023-05-29,26702.61
2023-05-30,26617.72
2023-05-31,26679.94
2023-06-05,26793.2
2023-06-06,26820.88
2023-06-07,26926.86
2023-06-08,27087.06
2023-06-09,27138
2023-06-12,27171.3
2023-06-13,27153.39
2023-06-14,27105.69
2023-06-15,27225.48
2023-06-16,27233.08
2023-06-19,27106.41
2023-06-20,27050
2023-06-21,27256.9
2023-06-22,27100.91
2023-06-23,27010.62
2023-06-26,27077.05
2023-06-27,27061.29
2023-07-03,27223.63
2023-07-04,27168.62
2023-07-05,27278.87
2023-07-06,27298.15
2023-07-07,27187.38
2023-07-10,27159.74
2023-07-11,27336.4
2023-07-12,27388.4
2023-07-13,27352.45
2023-07-14,27509.3
2023-07-17,27431.77
2023-07-18,27289.32
2023-07-20,27511.7
2023-07-21,27584.97
2023-07-24,27520.32
2023-07-25,27474.29
2023-07-26,27613.83
2023-07-27,27405.87
2023-07-28,27424.97
2023-07-31,27554.8
2023-08-01,27401.03
2023-08-02,27380.36
2023-08-03,27552.68
2023-08-04,27422.79
2023-08-07,27566.95
2023-08-08,27551.82
2023-08-09,27697.15
2023-08-10,27693.72
2023-08-11,27646.07
2023-08-14,27693.25
2023-08-15,27662.43
2023-08-16,27649.2
2023-08-18,27482.26
2023-08-21,27343.75
2023-08-22,27548.21
2023-08-23,27556.48
2023-08-24,27422.16
2023-08-25,27408.24
2023-08-28,27400.04
2023-08-29,27449.79
2023-08-30,27523.93
2023-08-31,27416.58
2023-09-01,27408.72
2023-09-04,27531.29
2023-09-05,27526.4
2023-09-06,27470.64
2023-09-07,27250.73
2023-09-08,27113.58
2023-09-11,27320.85
2023-09-12,27227.69
2023-09-13,27245.3
2023-09-14,27207.06
2023-09-15,27197.83
2023-09-18,27023.12
2023-09-19,27181.83
2023-09-20,27282.11
2023-09-21,27218.08
2023-09-22,27321.79
2023-09-25,27180.73
2023-09-26,26961.31
2023-09-27,27019.61
2023-09-29,27019.04
2023-10-02,27076.4
2023-10-03,27027.04
2023-10-04,26840.41
2023-10-05,26802.84
2023-10-06,26811.61
2023-10-09,26696
2023-10-10,26845.48
2023-10-11,26841.64
2023-10-12,26898.95
2023-10-13,26819.13
2023-10-16,26681.41
2023-10-17,26667.08
2023-10-18,26487.46
2023-10-19,26135.52
2023-10-20,26162.38
2023-10-23,25781.68
2023-10-24,26042.76
2023-10-25,26083.21
2023-10-26,25571.12
2023-10-27,25716.65
2023-10-30,25562.56
2023-10-31,25617.95
2023-11-01,25266.46
2023-11-02,25687.53
2023-11-03,25816.18
2023-11-06,26095.32
2023-11-07,25935.21
2023-11-08,25830.91
2023-11-09,25889.7
2023-11-10,25664.02
2023-11-13,25682.73
2023-11-14,25690.58
2023-11-15,26096.52
2023-11-16,26035.92
2023-11-17,25995.57
2023-11-20,26006.54
2023-11-21,26007.19
2023-11-22,25923.62
2023-11-23,26171.14
2023-11-24,26187.81
2023-11-27,26232.35
2023-11-28,26269.76
2023-11-29,26256.39
2023-11-30,26437.38
2023-12-01,26422.76
2023-12-04,26453.34
2023-12-05,26394.13
2023-12-06,26290.55
2023-12-07,26148.04
2023-12-08,26092.46
2023-12-11,25933.84
2023-12-12,26038.3
2023-12-13,25843.93
2023-12-14,26382.15
2023-12-15,26387.67
2023-12-18,26192.06
2023-12-19,26360.73
2023-12-20,26427.39
2023-12-21,26382.08
2023-12-22,26535.36
2023-12-27,26539.25
2023-12-28,26787.98
2023-12-29,26792.78
2024-01-02,26904.2
2024-01-03,26767.49
2024-01-04,27105.34
2024-01-05,27061.3
2024-01-08,26938.88
2024-01-09,27035.01
2024-01-10,27140.96
2024-01-11,27205.21
2024-01-12,27340.47
2024-01-15,27374.25
2024-01-16,27355.99
2024-01-17,27208.61
2024-01-18,27184.37
2024-01-19,27191.96
2024-01-22,27149.25
2024-01-23,27007.46
2024-01-24,26908.97
2024-01-25,26747.27
2024-01-26,26634.04
2024-01-29,26849.68
2024-01-30,26974.48
2024-01-31,27043.93
2024-02-01,27054.41
2024-02-02,27171.53
2024-02-05,27004.31
2024-02-06,27106.96
2024-02-07,27171.6
2024-02-12,27458.16
2024-02-13,27274.18
2024-02-15,27647.22
2024-02-16,27612.73
2024-02-19,27301.67
2024-02-20,27599.42
2024-02-21,27694.31
2024-02-22,27697.09
2024-02-23,27598.4
2024-02-26,27513.94
2024-02-27,27558.8
2024-02-28,27712.44
2024-02-29,27603.96
2024-03-01,27622.51
2024-03-04,27481.11
2024-03-05,27362.2
2024-03-06,27508.3
2024-03-07,27529.53
2024-03-08,27529.41
2024-03-13,27598.6
2024-03-14,27812.45
2024-03-15,27583.04
2024-03-18,27485.58
2024-03-19,27569.93
2024-03-20,27610.68
2024-03-21,27637.17
2024-03-22,27679.25
2024-03-25,27815.92
2024-03-26,27809.6
2024-03-27,27723.24
2024-03-28,27684.82
2024-04-01,27372.48
2024-04-02,27339.79
2024-04-03,27024.04
2024-04-04,27387.88
2024-04-05,27275.6
2024-04-16,26504.68
2024-04-17,26298.85
2024-04-18,26475.11
2024-04-19,26134.24
2024-04-22,26169.49
2024-04-23,26395.27
2024-04-24,26477.54
2024-04-25,26400.18
2024-04-26,25878.58
2024-04-29,26183.2
2024-04-30,26398.55
2024-05-02,25813.25
2024-05-03,25937.31
2024-05-06,25997.21
2024-05-07,25919.57
2024-05-08,25824.81
2024-05-13,25776.68
2024-05-14,25829.69
2024-05-15,25896.65
2024-05-16,26074.97
2024-05-17,26234.93
2024-05-20,25997.22
2024-05-21,25592.83
2024-05-22,25713.76
2024-05-27,25357.87
2024-05-28,25545.24
2024-05-29,25290.09
2024-05-30,25119.98
2024-05-31,25011.1
2024-06-03,25408.66
2024-06-04,25474.37
2024-06-05,25326.62
2024-06-06,25648.01
2024-06-07,25610.63
2024-06-10,25563.2
2024-06-11,25246.22
2024-06-12,25021.75
2024-06-13,24959.98
2024-06-14,24593.09
2024-06-19,24489.15
2024-06-20,24831.95
2024-06-21,25262.54
2024-06-24,25172.43
2024-06-25,25107.56
2024-06-26,25087.36
2024-06-27,25381.15
2024-06-28,25696.21
2024-07-01,25749.38
2024-07-02,25667.35
2024-07-03,25740.48
2024-07-04,25754.54
2024-07-05,25925.01
2024-07-08,26068.49
2024-07-09,26203.62
2024-07-10,26258.08
2024-07-11,26331.63
2024-07-12,26504.13
2024-07-15,26390.58
2024-07-16,26277.93
2024-07-17,26421.18
2024-07-18,26644.8
2024-07-19,26551.61
2024-07-22,26662.32
2024-07-23,26589.74
2024-07-24,26393.71
2024-07-25,26398.82
2024-07-26,26477.2
2024-07-29,26440.64
2024-07-30,26286.23
2024-07-31,26386.34
2024-08-01,26648.06
2024-08-02,26544.82
2024-08-05,25849.44
2024-08-06,26084.13
2024-08-07,26305.21
2024-08-08,26387.71
2024-08-09,26483.22
2024-08-12,26601.78
2024-08-13,26850.56
2024-08-14,27045.37
2024-08-15,26932.77
2024-08-16,27067.62
2024-08-19,27033.38
2024-08-20,27376.26
2024-08-21,27434.21
2024-08-22,27083.73
2024-08-23,27268.8
2024-08-26,27434.19
2024-08-27,27318.31
2024-08-28,27480.23
2024-08-29,27269.17
2024-08-30,27272.72
2024-09-02,27386.03
2024-09-03,27159.49
2024-09-04,27179.59
2024-09-05,27301.85
2024-09-06,27387.44
2024-09-09,27314.32
2024-09-10,27558.44
2024-09-11,27593.33
2024-09-12,27692.77
2024-09-13,27671
2024-09-17,27860.66
2024-09-18,27939.46
2024-09-19,28162.16
2024-09-20,28093.73
2024-09-23,28334.37
2024-09-24,28351.15
2024-09-25,28140.78
2024-09-26,28126.01
2024-09-27,28090.13
2024-09-30,27713.74
2024-10-01,27974.81
2024-10-02,27663
2024-10-03,27657.74
2024-10-04,27520.19
2024-10-07,27476.53
2024-10-08,27664.47
2024-10-09,27444.78
2024-10-10,27422.06
2024-10-11,27531.82
2024-10-14,27511.03
2024-10-15,27689.77
2024-10-16,27733.45
2024-10-17,27879.45
2024-10-18,27908.59
2024-10-21,27910.69
2024-10-22,27771.05
2024-10-23,27799.67
2024-10-24,27665.84
2024-10-25,27510.04
2024-10-28,27259.27
2024-10-29,27258.77
2024-10-30,27132.2
2024-10-31,27203.26
2024-11-01,26953.8
2024-11-04,26889.27
2024-11-05,27011.34
2024-11-06,26474.3
2024-11-07,26323.69
2024-11-08,26195.72
2024-11-11,26003.1
2024-11-12,26052.67
2024-11-13,26058.46
2024-11-14,25869.14
2024-11-15,25785.63
2024-11-18,25686.59
2024-11-19,25918.53
2024-11-20,25883.82
2024-11-21,25742.17
2024-11-22,25902.71
2024-11-25,26174.2
2024-11-26,25934.63
2024-11-28,25928.2
2024-11-29,25782.08
2024-12-02,25404.47
2024-12-03,25900.22
2024-12-04,26212.54
2024-12-05,26015.87
2024-12-06,25990.85
2024-12-09,26228.1
2024-12-10,26200.93
2024-12-11,26229.33
2024-12-12,25914.44
2024-12-13,25753.88
2024-12-16,25594.75
2024-12-17,25210.3
2024-12-18,25004.49
2024-12-19,24584.75
2024-12-20,24545.22
2024-12-23,24971.16
2024-12-24,24903.69
2024-12-27,25005.5
2024-12-30,25197.32
2025-01-02,25197.62
2025-01-03,25168.65
2025-01-06,24875.62
2025-01-07,24671.04
2025-01-08,24737.98
2025-01-09,24695.3
2025-01-10,24638.54
2025-01-13,24376.71
2025-01-14,24185.42
2025-01-15,24760.84
2025-01-16,24722.4
2025-01-17,24727.66
2025-01-20,24737.48
2025-01-21,24823.8
2025-01-22,24971.67
2025-01-23,24998.99
2025-01-24,24795.99
2025-01-30,24510.9
2025-01-31,24637.09
2025-02-03,24299.99
2025-02-04,24296.98
2025-02-05,24022.28
2025-02-06,23592.09
2025-02-07,23828
2025-02-10,23468.12
2025-02-11,23106.91
2025-02-12,23381.95
2025-02-13,23373.56
2025-02-14,23387.09
2025-02-17,23896.14
2025-02-18,24061.2
2025-02-19,23637.08
2025-02-20,23563.64
2025-02-21,23550.93
2025-02-24,23474.82
2025-02-25,22940.06
2025-02-26,22871.07
2025-02-27,22445.4
2025-02-28,21813.52
2025-03-03,22566.54
2025-03-04,22323.7
2025-03-05,22704.59
2025-03-06,22852.23
2025-03-07,22866.89
2025-03-10,22643.56
2025-03-11,22396.05
2025-03-12,22740.37
2025-03-13,22510.29
2025-03-14,22300.52
2025-03-17,22317.11
2025-03-18,21834.78
2025-03-19,21898.46
2025-03-20,21726.96
2025-03-21,21302.75
2025-03-24,21201.33
2025-03-25,21651.1
2025-03-26,22405.9
2025-03-27,22413.61
2025-04-08,20745.88
2025-04-09,20813.22
2025-04-10,21756.57
2025-04-11,21810.38
2025-04-14,22424.42
2025-04-15,22465.91
2025-04-16,22327.08
2025-04-17,22509.27
2025-04-21,22471.95
2025-04-22,22664.65
2025-04-23,23046.61
2025-04-24,23075.78
2025-04-25,23342.86
2025-04-28,23452.25
2025-04-29,23588.96
2025-04-30,23657.43
2025-05-02,23795.69
2025-05-05,23943.6
2025-05-06,24090.15
2025-05-07,24174.87
2025-05-08,23902.96
2025-05-09,23928.74
2025-05-14,24417.61
2025-05-15,24620.01
2025-05-16,24781.05
2025-05-19,24904.71
2025-05-20,24691.81
2025-05-21,24995.08
2025-05-22,25089.44
2025-05-23,25107.62
2025-05-26,25036.25
2025-05-27,25037.82
2025-05-28,24984.84
2025-06-02,24514.86
2025-06-03,24448.13
2025-06-04,24503.73
2025-06-05,24441.76
2025-06-10,24679.8
2025-06-11,24781.92
2025-06-12,24715.2
2025-06-13,24526.54
2025-06-16,24396.73
2025-06-17,24484.51
2025-06-18,24340.71
2025-06-19,23879.48
2025-06-20,23679.7
2025-06-23,23319.3
2025-06-24,23629.34
2025-06-25,23442.33
2025-06-26,23702.45
2025-06-30,23822.03
2025-07-01,23795.71
2025-07-02,23793.39
2025-07-03,23790.33
2025-07-04,23761.1
2025-07-07,23797.49
2025-07-08,23669.28
2025-07-09,23765.64
2025-07-10,24005.19
2025-07-11,24176.28
2025-07-14,23917.85
2025-07-15,24076.03
2025-07-16,24074.99
2025-07-17,24227.99
2025-07-18,24159.92
2025-07-21,24315.27
2025-07-22,24164.77
2025-07-23,24337.68
2025-07-24,24430.67
2025-07-25,24301.02
2025-07-28,24504.75
2025-07-29,24524.07
2025-07-30,24359.93
2025-07-31,24142.7
2025-08-01,24335.03
2025-08-04,24350.13
2025-08-05,24507.07
2025-08-06,24447.81
2025-08-07,24497.94
2025-08-08,24429.4
2025-08-11,24696.96
2025-08-12,25123.55
2025-08-13,25246.79
2025-08-14,25211.8
2025-08-15,25065.92
2025-08-19,24971.77
2025-08-20,25194.98
2025-08-21,25218.67
2025-08-22,25051.93
2025-08-25,25228.86
2025-08-26,25014.79
2025-08-27,24876.27
2025-08-28,24865.25
2025-08-29,24403.75
2025-09-01,24124.69
2025-09-02,24282.2
2025-09-03,24441.96
2025-09-04,24439.79
2025-09-08,24065.44
2025-09-09,23826.32
2025-09-10,24009.76
2025-09-11,24193.37
2025-09-12,24449.82
2025-09-15,24583.05
2025-09-16,24578.4
2025-09-17,24755.51
2025-09-18,24455.32
2025-09-19,24539.48
2025-09-22,24417.67
2025-09-23,24519.07
2025-09-24,24307.15
2025-09-25,24100.8
2025-09-26,24177.55
2025-09-29,24197.73
2025-09-30,24012.07
2025-10-01,23874.32
2025-10-02,23857.32
2025-10-03,23863.74
2025-10-06,23823.04
2025-10-07,23802.7
2025-10-08,23832.39
2025-10-09,24110.47
2025-10-10,23908.02
2025-10-13,23852.7
2025-10-14,23580.13
2025-10-15,23717.16
2025-10-16,23918.18
2025-10-17,23709.35
2025-10-20,24268.86
2025-10-21,24742
2025-10-22,24360.82
2025-10-23,24827.86
2025-10-24,24761.4
2025-10-27,24863.64
2025-10-28,24941.15
2025-10-29,25302.11
2025-10-30,25247.76
2025-10-31,25054.52
2025-11-03,25295.87
2025-11-04,25182.87
2025-11-05,25338.14
2025-11-06,25254.96
2025-11-07,25340.92
2025-11-10,25389.42
2025-11-11,25356.19
2025-11-12,25388.65
2025-11-13,25207.23
2025-11-14,25122.3
2025-11-17,25159.29
2025-11-18,25000.95
2025-11-19,25127.73
2025-11-20,25108.19
2025-11-21,24962.01
2025-11-24,25229
2025-11-25,25166.3
2025-11-26,25339.8
2025-11-27,25063.83
2025-11-28,24970.61
2025-12-01,25106.04
2025-12-02,25079.66
2025-12-03,25045.21
2025-12-04,25140.54
2025-12-05,25196.32
2025-12-08,25395.43
2025-12-09,25103.53
2025-12-10,25252.44
2025-12-11,24932.21
2025-12-12,25192.5
2025-12-15,25442.84
2025-12-16,25273.48
2025-12-17,25400.78
2025-12-18,25462.31
2025-12-19,25450.85
2025-12-22,25607.09
2025-12-23,25487.64
2025-12-24,25473.12
2025-12-29,25662.98
2025-12-30,25620.22
2026-01-02,25758.98
2026-01-05,26047.21
2026-01-06,26103.26
2026-01-07,26213.97
2026-01-08,25916.84
2026-01-09,26000.53
2026-01-12,26159.1
2026-01-13,26527.8
2026-01-14,26687.36
2026-01-15,26787.67
2026-01-19,26848.31
2026-01-20,26943.93
2026-01-21,26654.92
2026-01-22,26853.1
2026-01-23,26971.25
2026-01-26,27264.54
2026-01-27,26870.77
2026-01-28,25437.02
2026-01-29,25308.83
2026-01-30,25712.29
2026-02-02,24930.13
2026-02-03,25535.3
2026-02-04,25755.53
2026-02-05,25617.34
2026-02-06,25280.12
2026-02-09,25453.11
2026-02-10,25712.28
2026-02-11,25993.84
2026-02-12,26118.49
2026-02-13,25848.32
2026-02-18,26121.81
2026-02-19,26210.61
2026-02-20,26260.46
2026-02-23,26701.15
2026-02-24,26465.83
2026-02-25,26778.01
2026-02-26,26441.93
2026-02-27,26576.84
2026-03-02,26140.53
2026-03-03,25801.13
2026-03-04,24703.31
2026-03-05,25125.51
2026-03-06,24650.51
2026-03-09,23786.8
2026-03-10,24341.04
2026-03-11,24138.22
2026-03-12,24106.93
2026-03-13,23535.76
2026-03-16,23350.75
2026-03-17,23668.46
2026-03-25,24197.52
2026-03-26,23755.36
2026-03-27,23455.75
2026-03-30,23407.85
2026-03-31,23488.99
2026-04-01,23923.65
2026-04-02,23629.46
2026-04-06,23587.41
2026-04-07,23324.53
2026-04-08,24333.43
2026-04-09,23960.83
2026-04-10,24225.74
2026-04-13,24106.95
2026-04-14,24465.68
2026-04-15,24436.43
2026-04-16,24488.64
2026-04-17,24552.95
2026-04-20,24421.93
2026-04-21,24557.42
2026-04-22,24620.37
2026-04-23,24292.48
2026-04-24,23817.28
2026-04-27,23838.39
2026-04-28,23687.76
2026-04-29,23701.79
2026-04-30,23285.16
2026-05-04,23496.98
2026-05-05,23363.73
2026-05-06,23551.21
2026-05-07,24010.93
2026-05-08,23328.92
2026-05-11,23379.31
2026-05-12,23337.98
2026-05-13,23052.07
2026-05-18,22631.38
2026-05-19,22102.04
2026-05-20,22056.08
2026-05-21,21600.7
2026-05-22,21958.85
2026-05-25,22260.17
2026-05-26,21796.56
2026-05-29,21477.8
2026-06-02,21602.18
2026-06-03,20658.09
2026-06-04,20515.19
2026-06-05,19971.84
2026-06-08,18955.67
2026-06-09,20104.65
2026-06-10,20537.69
2026-06-11,20433.86
2026-06-12,20844.82
2026-06-15,21719.79
2026-06-17,21753.07
2026-06-18,21641.13
2026-06-19,21593.98
2026-06-22,21400.27
2026-06-23,21286.99
2026-06-24,20606.26
2026-06-25,20955.93
2026-06-26,20840.99
2026-06-29,20516.53
2026-06-30,20053.27
2026-07-01,20221.25
2026-07-02,20282.8
2026-07-03,20735.22
2026-07-06,20749.61
2026-07-07,21031.85
2026-07-08,20670.25
2026-07-09,20810.64
2026-07-10,20905.69
2026-07-13,21149.35
2026-07-14,21101.74
2026-07-15,21238.99
2026-07-16,21408
2026-07-17,21603.03
2026-07-20,21680.74
2026-07-21,21882.79
2026-07-22,21881.7
2026-07-23,21728.8
2026-07-24,21353.43
2026-07-27,21199
2026-07-28,21075.84
2026-07-29,20953.43
2026-07-30,21184.01
2026-07-31,21480.26
2026-08-03,21568.09
2026-08-04,21898.6
2026-08-05,22057.26
2026-08-06,21918.02
2026-08-07,22149.83
2026-08-10,21962.98
2026-08-11,21667.39
2026-08-12,21905.09
2026-08-13,21809.66
2026-08-14,22044.37
2026-08-18,22172.83
2026-08-19,21902.97
2026-08-20,22234.71
2026-08-21,22376.96
2026-08-24,22258.66
2026-08-26,22008.25
2026-08-27,22299.21
2026-08-28,22312.11
2026-08-31,22247.88
2026-09-01,22479.47
2026-09-02,22341.42
2026-09-03,22665.47
2026-09-04,22519.26
2026-09-07,22611.79
2026-09-08,22831.39
2026-09-09,22864.7
2026-09-10,22598.72
2026-09-11,22354.3
2026-09-14,22533.33
2026-09-15,22245.66
2026-09-16,22163.5
2026-09-17,22197.06
2026-09-18,22131.08
2026-09-21,22058.32
2026-09-22,21915.93
2026-09-23,22175.14
2026-09-24,21859.69
2026-09-25,21758.75
2026-09-28,21448.79
2026-09-29,21348.78
2026-09-30,21299.1
2026-10-01,21021.89
2026-10-02,21156.99
2026-10-05,21327.45
2026-10-06,21486.53
2026-10-07,21388.39
2026-10-08,21105.77
2026-10-09,21216.19
