date,nav
2004-02-10,1000
2004-02-11,1000.02
2004-02-12,1000.25
2004-02-13,1000.46
2004-02-16,1001.06
2004-02-17,1001.27
2004-02-18,1001.48
2004-02-19,1001.7
2004-02-20,1003.15
2004-02-24,1003.85
2004-02-25,1004.05
2004-02-26,1004.05
2004-02-27,1004.05
2004-03-01,1005.41
2004-03-02,1005.66
2004-03-03,1005.91
2004-03-04,1005.91
2004-03-05,1006.72
2004-03-08,1008.22
2004-03-09,1008.5
2004-03-10,1008.76
2004-03-11,1009.02
2004-03-12,1009.27
2004-03-15,1010.06
2004-03-16,1010.32
2004-03-17,1010.62
2004-03-18,1010.9
2004-03-19,1011.28
2004-03-23,1012.36
2004-03-24,1012.62
2004-03-25,1012.93
2004-03-26,1013.23
2004-03-29,1014.26
2004-03-30,1015.16
2004-03-31,1015.12
2004-04-01,1015.35
2004-04-02,1015.55
2004-04-06,1015.55
2004-04-07,1017.49
2004-04-08,1017.73
2004-04-12,1018.75
2004-04-13,1019.63
2004-04-14,1020.52
2004-04-15,1020.78
2004-04-16,1021.04
2004-04-19,1021.78
2004-04-20,1022.01
2004-04-21,1022.01
2004-04-22,1022.46
2004-04-23,1022.7
2004-04-26,1023.49
2004-04-27,1023.79
2004-04-28,1024.0601
2004-04-29,1024.36
2004-04-30,1026.15
2004-05-04,1027.36
2004-05-05,1027.66
2004-05-06,1027.66
2004-05-07,1027.66
2004-05-10,1029.62
2004-05-11,1029.9
2004-05-12,1030.1801
2004-05-13,1030.4301
2004-05-14,1030.67
2004-05-17,1031.4301
2004-05-18,1031.6899
2004-05-19,1031.9301
2004-05-21,1032.4
2004-05-24,1033.1899
2004-05-25,1035.4
2004-05-26,1035.5
2004-05-27,1035.6
2004-05-28,1035.7
2004-05-31,1035.78
2004-06-01,1035.78
2004-06-02,1036.04
2004-06-04,1036.04
2004-06-07,1036.65
2004-06-08,1037.62
2004-06-09,1037.89
2004-06-10,1038.16
2004-06-11,1038.51
2004-06-14,1039.61
2004-06-15,1039.96
2004-06-16,1040.3101
2004-06-17,1040.66
2004-06-18,1041.09
2004-06-21,1041.98
2004-06-22,1042.33
2004-06-23,1042.79
2004-06-24,1043.25
2004-06-25,1043.55
2004-06-28,1044.33
2004-06-29,1044.52
2004-06-30,1044.71
2004-07-01,1031.5
2004-07-02,1031.78
2004-07-05,1031.78
2004-07-06,1032.92
2004-07-07,1033.2
2004-07-08,1033.48
2004-07-09,1033.76
2004-07-12,1034.64
2004-07-13,1034.9399
2004-07-14,1035.23
2004-07-15,1035.52
2004-07-16,1035.8101
2004-07-19,1036.6801
2004-07-20,1036.97
2004-07-21,1037.29
2004-07-22,1037.59
2004-07-23,1037.9
2004-07-26,1038.8199
2004-07-27,1039.13
2004-07-28,1039.4301
2004-07-29,1039.75
2004-07-30,1040.0699
2004-08-02,1040.67
2004-08-03,1040.99
2004-08-04,1041.3
2004-08-05,1041.61
2004-08-06,1041.91
2004-08-09,1042.84
2004-08-10,1043.15
2004-08-11,1043.47
2004-08-12,1043.78
2004-08-13,1044.1
2004-08-16,1045.04
2004-08-18,1045.67
2004-08-19,1045.98
2004-08-20,1046.29
2004-08-23,1047.22
2004-08-24,1047.52
2004-08-25,1047.83
2004-08-26,1048.13
2004-08-27,1048.4399
2004-08-30,1049.35
2004-08-31,1049.38
2004-09-01,1049.38
2004-09-02,1049.98
2004-09-03,1050.28
2004-09-06,1051.16
2004-09-07,1051.45
2004-09-08,1051.74
2004-09-09,1052.03
2004-09-10,1052.3199
2004-09-14,1053.48
2004-09-15,1053.77
2004-09-16,1054.11
2004-09-17,1054.48
2004-09-20,1054.48
2004-09-21,1055.86
2004-09-22,1056.2
2004-09-23,1056.54
2004-09-24,1056.88
2004-09-27,1057.92
2004-09-28,1058.25
2004-09-29,1058.58
2004-09-30,1058.91
2004-10-01,1058.91
2004-10-04,1049.6801
2004-10-05,1048.87
2004-10-06,1049.2
2004-10-07,1049.53
2004-10-08,1049.85
2004-10-11,1050.83
2004-10-12,1051.1801
2004-10-13,1051.53
2004-10-14,1051.53
2004-10-15,1052.17
2004-10-18,1053.16
2004-10-19,1053.48
2004-10-20,1053.8101
2004-10-21,1054.12
2004-10-22,1054.41
2004-10-25,1055.37
2004-10-26,1055.6899
2004-10-27,1056.01
2004-10-28,1056.3101
2004-10-29,1056.63
2004-11-01,1057.5699
2004-11-02,1057.9301
2004-11-03,1058.29
2004-11-04,1058.64
2004-11-05,1058.99
2004-11-08,1060.01
2004-11-09,1060.35
2004-11-10,1060.7
2004-11-11,1061.0699
2004-11-12,1061.41
2004-11-19,1061.41
2004-11-22,1065
2004-11-23,1065.37
2004-11-24,1065.72
2004-11-25,1066.08
2004-11-26,1066.4301
2004-11-29,1067.51
2004-11-30,1067.87
2004-12-01,1068.28
2004-12-02,1068.6899
2004-12-03,1069.11
2004-12-06,1070.15
2004-12-07,1070.15
2004-12-08,1070.91
2004-12-09,1071.17
2004-12-10,1071.41
2004-12-13,1071.41
2004-12-14,1072.46
2004-12-15,1072.84
2004-12-16,1072.84
2004-12-17,1073.52
2004-12-20,1074.42
2004-12-21,1074.72
2004-12-22,1075.02
2004-12-23,1075.3199
2004-12-27,1076.5
2004-12-28,1076.79
2004-12-29,1077.34
2004-12-30,1077.79
2005-01-03,1074.66
2005-01-04,1074.95
2005-01-05,1075.92
2005-01-06,1076.17
2005-01-07,1076.71
2005-01-10,1080.34
2005-01-11,1080.78
2005-01-12,1081.1
2005-01-13,1081.68
2005-01-14,1082.25
2005-01-17,1084.61
2005-01-18,1084.76
2005-01-19,1085.09
2005-01-20,1085.66
2005-01-24,1087.71
2005-01-25,1088.09
2005-01-26,1088.44
2005-01-27,1088.78
2005-01-28,1089.2
2005-01-31,1089.83
2005-02-01,1090.15
2005-02-02,1090.22
2005-02-03,1090.48
2005-02-04,1090.75
2005-02-07,1091.63
2005-02-08,1091.24
2005-02-11,1092.52
2005-02-14,1093.4
2005-02-15,1093.7
2005-02-16,1093.74
2005-02-17,1093.74
2005-02-18,1093.75
2005-02-21,1094.77
2005-02-22,1095.21
2005-02-23,1095.49
2005-02-24,1095.63
2005-02-25,1096.08
2005-02-28,1097.07
2005-03-01,1097.98
2005-03-02,1098.28
2005-03-03,1098.56
2005-03-04,1098.59
2005-03-07,1099.44
2005-03-08,1099.47
2005-03-09,1100.68
2005-03-10,1100.7
2005-03-14,1101.85
2005-03-15,1102.07
2005-03-16,1102.11
2005-03-17,1102.26
2005-03-18,1102.56
2005-03-21,1103.44
2005-03-22,1103.48
2005-03-23,1103.62
2005-03-24,1103.62
2005-03-28,1103.97
2005-03-29,1104.03
2005-03-30,1104.06
2005-03-31,1104.36
2005-04-01,1104.44
2005-04-04,1104.65
2005-04-05,1104.67
2005-04-06,1104.79
2005-04-07,1104.95
2005-04-08,1105.12
2005-04-11,1105.97
2005-04-12,1106.2
2005-04-13,1106.35
2005-04-14,1106.48
2005-04-15,1106.66
2005-04-18,1107.16
2005-04-19,1107.39
2005-04-20,1107.61
2005-04-21,1107.87
2005-04-25,1108.86
2005-04-26,1109.15
2005-04-27,1109.42
2005-04-28,1109.69
2005-04-29,1110.12
2005-05-02,1110.72
2005-05-03,1118.13
2005-05-04,1118.39
2005-05-06,1119.12
2005-05-09,1120.1
2005-05-10,1120.43
2005-05-11,1120.58
2005-05-12,1120.75
2005-05-13,1121.16
2005-05-16,1121.82
2005-05-17,1122.12
2005-05-18,1122.31
2005-05-19,1122.68
2005-05-20,1122.89
2005-05-23,1123.62
2005-05-25,1124.18
2005-05-26,1124.28
2005-05-27,1124.64
2005-05-30,1125.44
2005-05-31,1125.48
2005-06-01,1125.59
2005-06-02,1125.96
2005-06-03,1126.33
2005-06-06,1127
2005-06-07,1127.22
2005-06-08,1127.46
2005-06-09,1127.78
2005-06-10,1128
2005-06-13,1128.5
2005-06-14,1128.59
2005-06-15,1128.89
2005-06-16,1129.07
2005-06-17,1129.31
2005-06-20,1129.92
2005-06-21,1130.11
2005-06-22,1130.17
2005-06-23,1130.15
2005-06-24,1130.45
2005-06-27,1130.86
2005-06-28,1130.86
2005-06-29,1131.21
2005-06-30,1131.47
2005-07-01,1131.87
2005-07-04,1132.5
2005-07-05,1132.78
2005-07-06,1132.31
2005-07-07,1131.99
2005-07-08,1131.89
2005-07-11,1132.88
2005-07-12,1132.38
2005-07-13,1132.06
2005-07-14,1132.11
2005-07-15,1132.56
2005-07-18,1133.19
2005-07-19,1133.63
2005-07-20,1133.74
2005-07-21,1133.84
2005-07-22,1133.93
2005-07-25,1134.82
2005-07-26,1135.17
2005-07-27,1135.26
2005-07-28,1135.54
2005-07-29,1135.64
2005-08-01,1135.93
2005-08-02,1136.2
2005-08-03,1136.4
2005-08-04,1136.65
2005-08-05,1136.84
2005-08-08,1137.64
2005-08-09,1138.14
2005-08-10,1138.67
2005-08-11,1139.59
2005-08-12,1140.35
2005-08-15,1142.06
2005-08-16,1142.48
2005-08-18,1143.34
2005-08-19,1143.85
2005-08-22,1145.15
2005-08-23,1145.65
2005-08-24,1146.06
2005-08-25,1146.46
2005-08-26,1147.4
2005-08-29,1148.44
2005-08-30,1148.84
2005-08-31,1148.89
2005-09-01,1149.08
2005-09-05,1149.09
2005-09-06,1138.41
2005-09-07,1138.48
2005-09-08,1138.48
2005-09-09,956.5
2005-09-12,921.69
2005-09-13,890.54
2005-09-14,891.27
2005-09-15,910.65
2005-09-16,924.39
2005-09-19,931.39
2005-09-20,931.39
2005-09-21,930.03
2005-09-22,930.26
2005-09-23,929.31
2005-09-26,911.94
2005-09-27,912.38
2005-09-28,912.45
2005-09-29,912.08
2005-09-30,912.77
2005-10-03,914.27
2005-10-04,913.76
2005-10-05,913.75
2005-10-06,913.41
2005-10-07,914.74
2005-10-10,916.38
2005-10-11,916.71
2005-10-12,916.46
2005-10-13,914.2
2005-10-14,914.25
2005-10-17,915.44
2005-10-18,916.2
2005-10-19,916.74
2005-10-20,917.73
2005-10-21,917.74
2005-10-24,919.15
2005-10-25,919.54
2005-10-26,919.55
2005-10-27,920.23
2005-10-28,921.86
2005-10-31,922.59
2005-11-01,922.7
2005-11-09,924.34
2005-11-10,926.54
2005-11-11,922.92
2005-11-14,922.54
2005-11-15,922.51
2005-11-16,924.88
2005-11-17,924.34
2005-11-18,924.89
2005-11-21,925
2005-11-22,920.7
2005-11-23,920.85
2005-11-24,921.12
2005-11-25,921.87
2005-11-28,922.24
2005-11-29,922.52
2005-11-30,894.44
2005-12-01,894.93
2005-12-02,895.76
2005-12-05,896.04
2005-12-06,896.03
2005-12-07,896.02
2005-12-08,896.02
2005-12-09,896
2005-12-12,895.98
2005-12-13,895.94
2005-12-14,895.9
2005-12-15,895.86
2005-12-16,895.83
2005-12-19,897.34
2005-12-20,897.85
2005-12-21,898.35
2005-12-22,898.86
2005-12-23,899.36
2005-12-27,900.27
2005-12-28,900.84
2005-12-29,901.49
2006-01-02,902.63
2006-01-03,903.13
2006-01-04,903.18
2006-01-05,903.39
2006-01-06,903.68
2006-01-09,904.14
2006-01-11,904.6
2006-01-12,904.26
2006-01-13,904.52
2006-01-16,905.26
2006-01-17,905.94
2006-01-18,906.15
2006-01-19,905.77
2006-01-20,905.98
2006-01-23,906.49
2006-01-24,907.33
2006-01-25,907.49
2006-01-26,907.65
2006-01-27,907.75
2006-01-30,908.31
2006-02-01,908.43
2006-02-02,908.65
2006-02-03,908.7
2006-02-06,909.31
2006-02-07,909.59
2006-02-08,909.68
2006-02-09,909.95
2006-02-10,910
2006-02-13,910.59
2006-02-14,910.61
2006-02-15,910.85
2006-02-16,911.09
2006-02-17,911.26
2006-02-20,912.11
2006-02-21,912.28
2006-02-22,911.73
2006-02-23,912.51
2006-02-24,912.56
2006-02-26,913.07
2006-02-27,913.3
2006-02-28,913.91
2006-03-01,913.91
2006-03-02,909.56
2006-03-03,909.72
2006-03-06,910.13
2006-03-07,910.75
2006-03-08,910.83
2006-03-09,910.86
2006-03-10,911.29
2006-03-13,912.91
2006-03-14,915.08
2006-03-15,913.2
2006-03-16,913.04
2006-03-17,914.43
2006-03-20,915.64
2006-03-21,916.23
2006-03-22,918.05
2006-03-23,918.71
2006-03-24,918.11
2006-03-27,918.38
2006-03-28,918.9
2006-03-29,915.84
2006-04-03,919.64
2006-04-04,920.04
2006-04-05,920.72
2006-04-06,921.21
2006-04-07,922.26
2006-04-11,922.26
2006-04-12,924.08
2006-04-13,927.16
2006-04-17,928.26
2006-04-18,937.06
2006-04-19,936.87
2006-04-20,937.12
2006-04-21,936.54
2006-04-24,937.24
2006-04-25,937.06
2006-04-26,937.86
2006-04-27,931.17
2006-04-28,933.14
2006-05-01,929.88
2006-05-02,929.35
2006-05-03,929.35
2006-05-04,934.37
2006-05-05,938.85
2006-05-08,942
2006-05-09,943.67
2006-05-10,944.23
2006-05-11,944.04
2006-05-12,943.6
2006-05-15,940.38
2006-05-16,929
2006-05-17,936.75
2006-05-18,935.05
2006-05-19,933.8
2006-05-22,933.32
2006-05-23,932.7
2006-05-24,929.75
2006-05-29,932.22
2006-05-30,928.55
2006-05-31,929.57
2006-06-01,925
2006-06-02,917.37
2006-06-05,921.1
2006-06-06,919.82
2006-06-07,924.23
2006-06-08,923.53
2006-06-09,910.69
2006-06-12,916.62
2006-06-13,916.21
2006-06-14,913.21
2006-06-15,913.21
2006-06-16,925.64
2006-06-19,926.55
2006-06-20,922.38
2006-06-21,924.39
2006-06-22,929.51
2006-06-23,929.56
2006-06-26,926.7
2006-06-27,924.41
2006-06-28,928.74
2006-06-29,941.96
2006-06-30,947.62
2006-07-03,949.8
2006-07-04,951.23
2006-07-05,957.17
2006-07-06,964.3
2006-07-07,964.3
2006-07-10,964.19
2006-07-11,964.17
2006-07-12,964.16
2006-07-13,964.17
2006-07-14,964.1
2006-07-17,964.58
2006-07-18,964.73
2006-07-19,964.87
2006-07-20,964.96
2006-07-21,964.96
2006-07-24,964.97
2006-07-25,964.97
2006-07-26,969.24
2006-07-27,969.36
2006-07-28,969.47
2006-07-31,970.56
2006-08-01,970.51
2006-08-02,970.89
2006-08-03,970.65
2006-08-04,970.5
2006-08-07,971.54
2006-08-08,971.94
2006-08-09,972.75
2006-08-10,972.49
2006-08-11,972.77
2006-08-14,972.47
2006-08-15,971.9
2006-08-16,972.87
2006-08-22,974.58
2006-08-23,975.63
2006-08-24,976.47
2006-08-25,976.29
2006-08-28,977.68
2006-08-29,977.28
2006-08-30,978.29
2006-08-31,980.99
2006-09-01,982.52
2006-09-04,984.43
2006-09-05,984.84
2006-09-06,985.47
2006-09-07,985.72
2006-09-08,986.27
2006-09-11,988.4
2006-09-12,989.88
2006-09-13,990.06
2006-09-14,993.3
2006-09-15,996.83
2006-09-18,1001.34
2006-09-19,1002.66
2006-09-20,1002.79
2006-09-21,1003.32
2006-09-22,1002.3
2006-09-25,999.58
2006-09-26,999.63
2006-09-27,1000.96
2006-09-28,1003.23
2006-09-29,1004.52
2006-10-02,1004.93
2006-10-03,1005.63
2006-10-04,1007.51
2006-10-05,1010.46
2006-10-06,1014.89
2006-10-09,1014.73
2006-10-10,1015.48
2006-10-11,1016.93
2006-10-12,1016.86
2006-10-13,1016.04
2006-10-16,1015.42
2006-10-17,1015.9
2006-10-18,1016.4
2006-10-19,1016.95
2006-10-20,1017.97
2006-10-30,1020.79
2006-10-31,1020.18
2006-11-01,1020.5
2006-11-02,1019.36
2006-11-03,1019.29
2006-11-06,1018.52
2006-11-07,1018.37
2006-11-08,1017.55
2006-11-09,1016.93
2006-11-10,1016.08
2006-11-13,1016.21
2006-11-14,1015.49
2006-11-15,1014.52
2006-11-16,1014.39
2006-11-17,1014.26
2006-11-20,1013.42
2006-11-21,1014.06
2006-11-22,1014.04
2006-11-23,1014.61
2006-11-24,1015.17
2006-11-27,1015.11
2006-11-28,1014.15
2006-11-29,1013.39
2006-11-30,1012.36
2006-12-01,1014.59
2006-12-04,1014.62
2006-12-05,1013.79
2006-12-06,1014.37
2006-12-07,1015.16
2006-12-08,1018.03
2006-12-11,1020.47
2006-12-12,1023.92
2006-12-13,1025.71
2006-12-14,1029.92
2006-12-15,1031.09
2006-12-18,1033.48
2006-12-19,1036.2
2006-12-20,1038.22
2006-12-21,1038.52
2006-12-22,1037.58
2006-12-26,1042.23
2006-12-27,1043.99
2006-12-28,1044.57
2007-01-02,1059
2007-01-03,1059.33
2007-01-04,1059.42
2007-01-05,1059.3199
2007-01-08,1059.1899
2007-01-09,1059.1899
2007-01-10,1054.51
2007-01-11,1053.47
2007-01-12,1044.67
2007-01-15,1045.01
2007-01-16,1051.5
2007-01-17,1050.1
2007-01-18,1052.17
2007-01-19,1053.9399
2007-01-22,1056.2
2007-01-23,1057.6
2007-01-24,1058.04
2007-01-25,1058.54
2007-01-26,1057.9
2007-01-29,1057.49
2007-01-30,1059.79
2007-01-31,1060.05
2007-02-01,1060.7
2007-02-02,1060.76
2007-02-05,1061.63
2007-02-06,1060.1899
2007-02-07,1058.4301
2007-02-08,1051.45
2007-02-09,1051.67
2007-02-12,1053.9399
2007-02-13,1053.51
2007-02-14,1051.9301
2007-02-15,1053.05
2007-02-16,1053.11
2007-02-19,1052.4399
2007-02-20,1052.6899
2007-02-21,1052.62
2007-02-22,1051.96
2007-02-23,1052.8199
2007-02-26,1055.62
2007-02-27,1056.51
2007-02-28,1054.83
2007-03-01,1055.65
2007-03-02,1056.58
2007-03-05,1055.62
2007-03-06,1056.4301
2007-03-07,1057.65
2007-03-08,1059.62
2007-03-09,1061.48
2007-03-12,1067.64
2007-03-13,1067.45
2007-03-14,1066.6801
2007-03-15,1068.12
2007-03-16,1068.14
2007-03-20,1071.35
2007-03-21,1071.97
2007-03-22,1072.21
2007-03-23,1072.85
2007-03-26,1072.85
2007-03-27,1073.65
2007-03-28,1073.9
2007-03-29,1073.96
2007-03-30,1074.1
2007-04-02,1074.88
2007-04-03,1075.7
2007-04-04,1076.92
2007-04-05,1077.86
2007-04-09,1080.13
2007-04-10,1080.9301
2007-04-11,1081.92
2007-04-12,1082.1801
2007-04-13,1082.28
2007-04-16,1083.28
2007-04-17,1084
2007-04-18,1084.5
2007-04-19,1085.4399
2007-04-20,1085.99
2007-04-23,1088.04
2007-04-24,1091.33
2007-04-25,1092.04
2007-04-26,1092.5699
2007-04-27,1092.3101
2007-04-30,1095.37
2007-05-01,1093.89
2007-05-02,1094.55
2007-05-03,1094.98
2007-05-04,1098.6
2007-05-07,1102.72
2007-05-08,1102.09
2007-05-09,1102.1899
2007-05-10,1102.99
2007-05-11,1102.35
2007-05-14,1102.54
2007-05-15,1103.49
2007-05-16,1105.33
2007-05-21,1115.84
2007-05-22,1118.08
2007-05-23,1120.36
2007-05-24,1117.7
2007-05-25,1116.5601
2007-05-28,1119.36
2007-05-29,1121.54
2007-05-30,1121.62
2007-05-31,1120.9399
2007-06-04,1123.76
2007-06-05,1125.1899
2007-06-06,1125.02
2007-06-07,1123.79
2007-06-08,1111.15
2007-06-11,1115.3
2007-06-12,1117.14
2007-06-13,1116.1
2007-06-14,1117.01
2007-06-15,1118.64
2007-06-18,1123.75
2007-06-19,1126.99
2007-06-20,1128.3199
2007-06-21,1126.0601
2007-06-22,1123.48
2007-06-25,1124.29
2007-06-26,1123.91
2007-06-27,1119.05
2007-06-28,1121.3101
2007-06-29,1121.37
2007-07-02,1121.62
2007-07-03,1122.62
2007-07-04,1121.86
2007-07-05,1119.47
2007-07-06,1119.54
2007-07-09,1120.1801
2007-07-10,1120.74
2007-07-11,1118.89
2007-07-12,1119.09
2007-07-13,1119.73
2007-07-16,1120.55
2007-07-17,1123.16
2007-07-18,1120.9
2007-07-19,1120.03
2007-07-20,1120.84
2007-07-23,1121.73
2007-07-24,1123.47
2007-07-25,1123.6899
2007-07-26,1123.7
2007-07-27,1120.63
2007-07-30,1119.65
2007-07-31,1120.6899
2007-08-01,1116.88
2007-08-02,1116.64
2007-08-03,1117.21
2007-08-06,1114.79
2007-08-07,1115.04
2007-08-08,1114.15
2007-08-09,1115.41
2007-08-10,1113.8101
2007-08-13,1113.89
2007-08-14,1112.75
2007-08-15,1107.8101
2007-08-16,1104.4301
2007-08-20,1093.89
2007-08-21,1076.3101
2007-08-22,1074.8199
2007-08-23,1085.95
2007-08-24,1086.92
2007-08-27,1101.01
2007-08-28,1103.5601
2007-08-29,1101.77
2007-08-30,1103.87
2007-08-31,1103.25
2007-09-03,1104.71
2007-09-04,1105.17
2007-09-05,1106.37
2007-09-06,1105.13
2007-09-07,1105.87
2007-09-10,1105.41
2007-09-11,1106.41
2007-09-12,1106.91
2007-09-13,1107.89
2007-09-14,1108.45
2007-09-17,1111.4301
2007-09-18,1111.95
2007-09-19,1115.03
2007-09-20,1123.3101
2007-09-21,1124.8101
2007-09-24,1127.87
2007-09-25,1129.14
2007-09-26,1128.9
2007-09-27,1129.91
2007-09-28,1128.38
2007-10-01,1129.08
2007-10-02,1129.85
2007-10-03,1130.7
2007-10-04,1131.3199
2007-10-05,1131.6899
2007-10-08,1133.6899
2007-10-09,1133.97
2007-10-10,1134.0601
2007-10-11,1135.5
2007-10-17,1136.9301
2007-10-18,1139.84
2007-10-19,1139.36
2007-10-22,1138.5699
2007-10-23,1138.03
2007-10-24,1134.24
2007-10-25,1132.87
2007-10-26,1135.13
2007-10-29,1137.7
2007-10-30,1137.99
2007-10-31,1139.45
2007-11-01,1142.74
2007-11-02,1141.33
2007-11-05,1139.39
2007-11-06,1134.6801
2007-11-07,1134.1801
2007-11-08,1120.54
2007-11-09,1119.62
2007-11-12,1118.75
2007-11-13,1117.34
2007-11-14,1116.58
2007-11-15,1114.35
2007-11-16,1103.85
2007-11-19,1102.61
2007-11-20,1089.7
2007-11-21,1084.28
2007-11-22,1078.48
2007-11-23,1076.6801
2007-11-26,1081.46
2007-11-27,1081.52
2007-11-28,1082.42
2007-11-29,1086.73
2007-11-30,1101.26
2007-12-03,1110.83
2007-12-04,1116.87
2007-12-05,1115.01
2007-12-06,1121.66
2007-12-07,1126.42
2007-12-10,1129.52
2007-12-11,1131.23
2007-12-12,1130.16
2007-12-13,1131.67
2007-12-14,1130.99
2007-12-17,1126.5601
2007-12-18,1119.5699
2007-12-19,1117.66
2007-12-26,1119.2
2007-12-27,1120.6899
2007-12-28,1120.97
2008-01-02,1122.92
2008-01-03,1121.11
2008-01-04,1123.2
2008-01-07,1124.12
2008-01-08,1126.59
2008-01-09,1128.1801
2008-01-14,1131.47
2008-01-15,1131.97
2008-01-16,1132.04
2008-01-17,1132.71
2008-01-18,1133.92
2008-01-21,1134.67
2008-01-22,1131.26
2008-01-23,1132.42
2008-01-24,1133.9
2008-01-25,1132.8101
2008-01-28,1133.92
2008-01-29,1135.34
2008-01-30,1135.48
2008-01-31,1135.41
2008-02-01,1134.36
2008-02-04,1134.78
2008-02-05,1138.02
2008-02-06,1137.61
2008-02-11,1137.8
2008-02-12,1137.15
2008-02-13,1137.62
2008-02-14,1139.02
2008-02-15,1139.6801
2008-02-18,1141.64
2008-02-19,1142.01
2008-02-20,1141.3199
2008-02-21,1139.0699
2008-02-22,1139.53
2008-02-25,1139.89
2008-02-26,1140.71
2008-02-27,1140.4301
2008-02-28,1138.51
2008-02-29,1139.51
2008-03-03,1139.09
2008-03-04,1139.71
2008-03-05,1140.73
2008-03-06,1140.61
2008-03-10,1140.26
2008-03-11,1138.65
2008-03-12,1136.67
2008-03-13,1134.16
2008-03-14,1129.91
2008-03-17,1126.03
2008-03-18,1120.8199
2008-03-19,1122.03
2008-03-24,1125.5601
2008-03-25,1121.79
2008-03-26,1119.72
2008-03-27,1113.16
2008-03-28,1107.51
2008-03-31,1099.0699
2008-04-01,1098.42
2008-04-02,1079.7
2008-04-03,1068.8101
2008-04-04,1065.23
2008-04-07,1056.5
2008-04-08,1060.0601
2008-04-09,1068.85
2008-04-10,1076.63
2008-04-11,1086.11
2008-04-14,1084.12
2008-04-15,1077.76
2008-04-16,1076.54
2008-04-17,1075.45
2008-04-18,1073.05
2008-04-21,1063.49
2008-04-22,1054.09
2008-04-23,1042.21
2008-04-24,1035.84
2008-04-25,1040.59
2008-04-28,1041.8
2008-04-29,1042.1899
2008-04-30,1042.54
2008-05-02,1041.12
2008-05-05,1041.66
2008-05-06,1041.49
2008-05-07,1043.53
2008-05-08,1043.36
2008-05-09,1044.3
2008-05-12,1045.41
2008-05-13,1049.79
2008-05-14,1050.7
2008-05-15,1051.4301
2008-05-16,1056.65
2008-05-19,1060.3199
2008-05-21,1062.61
2008-05-22,1062.34
2008-05-23,1053.64
2008-05-26,1048.46
2008-05-27,1045.12
2008-05-28,1051.45
2008-05-29,1050.21
2008-05-30,1049.5601
2008-06-02,1047.78
2008-06-03,1043.97
2008-06-04,1042.89
2008-06-05,1040.34
2008-06-06,1038.8
2008-06-09,1034.59
2008-06-10,1027.97
2008-06-11,1025.7
2008-06-12,1023.92
2008-06-13,1025.29
2008-06-16,1026.1801
2008-06-17,1028.0699
2008-06-18,1045.9399
2008-06-19,1036.8101
2008-06-20,1037.66
2008-06-23,1039.74
2008-06-24,1038.4301
2008-06-25,1037.99
2008-06-26,1038.22
2008-06-27,1038.41
2008-06-30,1037.51
2008-07-01,1039.11
2008-07-02,1042.76
2008-07-03,1042.91
2008-07-04,1043.3101
2008-07-07,1046.45
2008-07-08,1052.1
2008-07-09,1059.86
2008-07-10,1071.4399
2008-07-11,1077.23
2008-07-14,1076.7
2008-07-15,1075.27
2008-07-16,1073.5
2008-07-17,1076.09
2008-07-18,1079.36
2008-07-21,1081.65
2008-07-22,1085.5601
2008-07-23,1088.96
2008-07-24,1096.59
2008-07-25,1103.36
2008-07-28,1101.61
2008-07-29,1102.3
2008-07-31,1102.04
2008-08-01,1104.17
2008-08-04,1112.47
2008-08-05,1117.34
2008-08-06,1122.13
2008-08-07,1120.8
2008-08-08,1114.53
2008-08-11,1105.95
2008-08-12,1104.72
2008-08-13,1110.5601
2008-08-14,1109.5699
2008-08-15,1108.7878
2008-08-19,1105.71
2008-08-20,1104.83
2008-08-21,1103.46
2008-08-22,1100.96
2008-08-25,1100.36
2008-08-26,1101.0601
2008-08-27,1099.5601
2008-08-28,1099.38
2008-08-29,1099.38
2008-09-01,1102.5699
2008-09-02,1107.03
2008-09-03,1109.4301
2008-09-04,1108.66
2008-09-05,1104.74
2008-09-08,1101.03
2008-09-09,1100.02
2008-09-10,1096.14
2008-09-11,1073.2
2008-09-12,1073.72
2008-09-15,1073.72
2008-09-16,1071.64
2008-09-17,1072.3
2008-09-18,1069.77
2008-09-19,1080.71
2008-09-22,1091.51
2008-09-23,1090.1899
2008-09-24,1084.83
2008-09-25,1081.545
2008-09-26,1080.27
2008-09-29,1079.84
2008-10-06,1056.0699
2008-10-07,1037.54
2008-10-08,1024.63
2008-10-09,1016.18
2008-10-10,1018.11
2008-10-13,999.19
2008-10-14,1009.35
2008-10-15,1047.1899
2008-10-16,1015.49
2008-10-17,1005.76
2008-10-20,1007.05
2008-10-21,1010.5
2008-10-22,1010.58
2008-10-23,1002.11
2008-10-24,966.12
2008-10-27,933.56
2008-10-28,881.04
2008-10-29,905.02
2008-10-30,959.37
2008-10-31,964.11
2008-11-03,972.46
2008-11-04,981.9
2008-11-05,996.05
2008-11-06,1015.18
2008-11-07,1006.23
2008-11-10,1017.96
2008-11-11,1033.39
2008-11-12,1031.6801
2008-11-13,1023.91
2008-11-14,1013.42
2008-11-17,998.77
2008-11-18,996.81
2008-11-19,996.81
2008-11-20,987.37
2008-11-21,973.91
2008-11-24,961.24
2008-11-25,981.93
2008-11-26,997.2
2008-11-27,1020.93
2008-11-28,1023.46
2008-12-01,1027.7
2008-12-02,1033.8101
2008-12-03,1023.89
2008-12-04,1052.98
2008-12-05,1066.1899
2008-12-09,1103.47
2008-12-10,1097.4301
2008-12-11,1099.79
2008-12-12,1100.49
2008-12-15,1103.03
2008-12-16,1102.67
2008-12-17,1117.15
2008-12-18,1151.42
2008-12-19,1152.52
2008-12-22,1153.84
2008-12-23,1141.99
2008-12-24,1141.83
2008-12-26,1143.0601
2008-12-30,1144.54
2009-01-05,1152.14
2009-01-06,1152.14
2009-01-07,1174.0601
2009-01-08,1169.48
2009-01-09,1149.88
2009-01-12,1151.54
2009-01-13,1151.63
2009-01-14,1146.96
2009-01-15,1146.52
2009-01-16,1146.23
2009-01-19,1148.77
2009-01-20,1149.1899
2009-01-21,1146.89
2009-01-22,1156.01
2009-01-23,1161.35
2009-01-27,1163.14
2009-01-28,1167.71
2009-01-29,1174.12
2009-01-30,1175.17
2009-02-02,1174.59
2009-02-03,1175.58
2009-02-04,1176.47
2009-02-05,1169.79
2009-02-06,1168.99
2009-02-09,1169.34
2009-02-10,1167.67
2009-02-11,1163.17
2009-02-12,1157.59
2009-02-13,1154.89
2009-02-16,1151.23
2009-02-17,1149.67
2009-02-18,1132.47
2009-02-19,1121.96
2009-02-20,1119.78
2009-02-23,1124.27
2009-02-24,1135.46
2009-02-25,1137.92
2009-02-26,1137.4
2009-02-27,1133.67
2009-03-02,1123.37
2009-03-03,1124.09
2009-03-04,1127.87
2009-03-05,1133.38
2009-03-06,1135.88
2009-03-10,1140.6899
2009-03-11,1145.79
2009-03-12,1145.54
2009-03-13,1146.35
2009-03-16,1149.59
2009-03-17,1164.79
2009-03-18,1171.21
2009-03-19,1181.99
2009-03-20,1190.76
2009-03-23,1193.39
2009-03-24,1197.42
2009-03-25,1192.4399
2009-03-27,1191.05
2009-03-30,1182.3
2009-03-31,1181.52
2009-04-01,1188.13
2009-04-02,1193.97
2009-04-03,1198.22
2009-04-06,1202.7
2009-04-07,1203.1
2009-04-08,1203.11
2009-04-13,1206.95
2009-04-14,1211.15
2009-04-15,1208.98
2009-04-16,1211.53
2009-04-17,1214.53
2009-04-20,1214.73
2009-04-21,1213.7
2009-04-22,1212.7
2009-04-23,1212.7
2009-04-24,1211.89
2009-04-27,1212.21
2009-04-28,1212.92
2009-04-29,1211.98
2009-04-30,1214.04
2009-05-01,1216.98
2009-05-04,1222.83
2009-05-05,1227.06
2009-05-06,1228.27
2009-05-07,1231.48
2009-05-08,1232.64
2009-05-11,1236.23
2009-05-12,1237.23
2009-05-13,1239.99
2009-05-14,1237.96
2009-05-15,1240.37
2009-05-18,1240.37
2009-05-19,1241.86
2009-05-20,1245.15
2009-05-22,1252.55
2009-05-25,1254.72
2009-05-26,1255.56
2009-05-27,1260.83
2009-05-28,1261.84
2009-05-29,1267.95
2009-06-01,1276.23
2009-06-02,1278.14
2009-06-03,1276.58
2009-06-04,1278.38
2009-06-05,1282.3
2009-06-08,1281.9
2009-06-09,1278.99
2009-06-10,1277.32
2009-06-11,1273.24
2009-06-12,1269.67
2009-06-15,1265.61
2009-06-16,1257.18
2009-06-17,1259.15
2009-06-18,1256.82
2009-06-19,1253.29
2009-06-22,1257.6
2009-06-23,1257.78
2009-06-24,1261.39
2009-06-25,1266.34
2009-06-26,1268.65
2009-06-29,1269.8
2009-06-30,1270.72
2009-07-01,1272.45
2009-07-02,1278.38
2009-07-03,1279.84
2009-07-06,1282.32
2009-07-07,1284.02
2009-07-09,1290.65
2009-07-10,1292.14
2009-07-13,1293.61
2009-07-14,1293.21
2009-07-15,1296.78
2009-07-16,1297.59
2009-07-17,1295.66
2009-07-21,1298.74
2009-07-22,1300.32
2009-07-23,1301.09
2009-07-24,1303.54
2009-07-27,1308.02
2009-07-28,1308.64
2009-07-29,1308.37
2009-07-30,1307.28
2009-07-31,1308.72
2009-08-03,1309.68
2009-08-04,1310.8
2009-08-05,1307.45
2009-08-06,1306.17
2009-08-07,1297.21
2009-08-10,1295.98
2009-08-11,1289.58
2009-08-12,1285.88
2009-08-13,1289.11
2009-08-14,1289.47
2009-08-18,1290.49
2009-08-19,1288.55
2009-08-20,1286.02
2009-08-21,1290.44
2009-08-24,1296.63
2009-08-25,1298.31
2009-08-26,1297.23
2009-08-27,1296.72
2009-08-28,1296.42
2009-08-31,1297.53
2009-09-01,1298.09
2009-09-02,1295.09
2009-09-03,1295.73
2009-09-04,1295.45
2009-09-07,1298.3
2009-09-08,1299.34
2009-09-09,1301.08
2009-09-10,1301.43
2009-09-11,1301.83
2009-09-14,1303.21
2009-09-15,1304.1
2009-09-16,1306.58
2009-09-17,1313.08
2009-09-24,1318.15
2009-09-25,1321.12
2009-09-28,1322.92
2009-09-29,1324.33
2009-09-30,1325.91
2009-10-01,1327.31
2009-10-02,1326.44
2009-10-05,1327.27
2009-10-06,1328.59
2009-10-07,1328.95
2009-10-08,1330.22
2009-10-09,1328.79
2009-10-12,1330.09
2009-10-13,1329.01
2009-10-14,1329.64
2009-10-15,1330.1367
2009-10-16,1332.32
2009-10-19,1330.6
2009-10-20,1332.64
2009-10-21,1333.3
2009-10-22,1332.95
2009-10-23,1329.36
2009-10-26,1329.75
2009-10-27,1327.54
2009-10-28,1325.26
2009-10-29,1320.75
2009-10-30,1325.71
2009-11-02,1324.51
2009-11-03,1326.39
2009-11-04,1325.46
2009-11-05,1325.93
2009-11-06,1326.24
2009-11-09,1327.48
2009-11-10,1330.28
2009-11-11,1331.26
2009-11-12,1332.48
2009-11-13,1333.18
2009-11-16,1334.5
2009-11-17,1335.12
2009-11-18,1336.1
2009-11-19,1337
2009-11-20,1337.45
2009-11-23,1338.37
2009-11-24,1338.51
2009-11-25,1342.63
2009-11-26,1345.16
2009-11-30,1345.84
2009-12-01,1346.09
2009-12-02,1347.04
2009-12-03,1348.04
2009-12-04,1351.66
2009-12-07,1357.58
2009-12-08,1357.67
2009-12-09,1356.49
2009-12-10,1357
2009-12-11,1357.59
2009-12-14,1359.87
2009-12-15,1360.17
2009-12-16,1360.77
2009-12-17,1360.78
2009-12-21,1362.15
2009-12-22,1361.46
2009-12-23,1362.81
2009-12-28,1362.42
2009-12-29,1361.47
2009-12-30,1362.73
2010-01-04,1364.24
2010-01-05,1369.38
2010-01-06,1380.09
2010-01-07,1387.72
2010-01-08,1388
2010-01-11,1392.64
2010-01-12,1398.45
2010-01-13,1396.89
2010-01-14,1397.33
2010-01-15,1392.8
2010-01-18,1393.37
2010-01-19,1393.49
2010-01-20,1392.89
2010-01-21,1392.19
2010-01-22,1388.79
2010-01-25,1390.1
2010-01-26,1386.94
2010-01-27,1386.48
2010-01-28,1388.41
2010-01-29,1389.01
2010-02-01,1389.89
2010-02-02,1389.59
2010-02-03,1391.27
2010-02-04,1392.79
2010-02-05,1392.13
2010-02-08,1391.48
2010-02-09,1390.93
2010-02-10,1392.51
2010-02-11,1392.47
2010-02-12,1392.73
2010-02-15,1394.69
2010-02-16,1395.48
2010-02-17,1394.84
2010-02-18,1395.95
2010-02-19,1395.23
2010-02-22,1396.4
2010-02-23,1395.37
2010-02-24,1396.13
2010-02-25,1396.63
2010-03-01,1399.91
2010-03-02,1401.77
2010-03-03,1402.85
2010-03-04,1403.12
2010-03-05,1403.78
2010-03-08,1406.64
2010-03-09,1408.04
2010-03-10,1408.92
2010-03-11,1408.43
2010-03-12,1408.89
2010-03-15,1410.9
2010-03-17,1413.37
2010-03-18,1415.11
2010-03-19,1416.56
2010-03-22,1417.75
2010-03-23,1418.14
2010-03-24,1418.47
2010-03-25,1417.2
2010-03-26,1417.91
2010-03-29,1419.45
2010-03-30,1421.17
2010-03-31,1420.92
2010-04-01,1421.4
2010-04-05,1423
2010-04-06,1424.13
2010-04-07,1425.16
2010-04-08,1426.64
2010-04-09,1428.17
2010-04-12,1431.39
2010-04-13,1436.31
2010-04-14,1441.01
2010-04-15,1440.36
2010-04-16,1439.74
2010-04-19,1438.29
2010-04-20,1437.83
2010-04-21,1443.05
2010-04-22,1444.12
2010-04-23,1443.81
2010-04-26,1446.12
2010-04-27,1446.79
2010-04-28,1446.42
2010-04-29,1444.56
2010-04-30,1445.07
2010-05-03,1447.62
2010-05-04,1447.54
2010-05-05,1442.6
2010-05-06,1439.17
2010-05-07,1435.71
2010-05-10,1437.15
2010-05-11,1442.07
2010-05-12,1441.75
2010-05-14,1442.2314
2010-05-17,1441.7
2010-05-18,1440.81
2010-05-19,1439.02
2010-05-20,1436.84
2010-05-21,1436.34
2010-05-24,1435.14
2010-05-25,1430.52
2010-05-26,1427.42
2010-05-27,1433.09
2010-05-31,1436.22
2010-06-01,1438.52
2010-06-02,1438.4
2010-06-03,1438.27
2010-06-04,1438.94
2010-06-07,1440.11
2010-06-08,1440.65
2010-06-09,1442.84
2010-06-10,1444.53
2010-06-11,1447.66
2010-06-14,1448.72
2010-06-15,1448.65
2010-06-16,1450.09
2010-06-17,1455.39
2010-06-18,1460.45
2010-06-21,1475.11
2010-06-22,1479.93
2010-06-23,1480.79
2010-06-24,1478.97
2010-06-25,1476.89
2010-06-28,1476.6
2010-06-29,1475.46
2010-06-30,1469.96
2010-07-01,1466.23
2010-07-02,1468.34
2010-07-05,1469.92
2010-07-06,1469.18
2010-07-07,1471.37
2010-07-08,1474.44
2010-07-09,1476.43
2010-07-12,1477.64
2010-07-13,1478.51
2010-07-14,1482.03
2010-07-15,1483.16
2010-07-16,1483.28
2010-07-19,1483.27
2010-07-20,1482.04
2010-07-21,1482.56
2010-07-22,1483.46
2010-07-23,1482.89
2010-07-26,1483.54
2010-07-27,1485.55
2010-07-28,1485.5
2010-07-29,1487.32
2010-07-30,1487.66
2010-08-02,1489.02
2010-08-03,1490.12
2010-08-04,1493.67
2010-08-05,1497.65
2010-08-06,1500.15
2010-08-09,1500.54
2010-08-10,1500.7
2010-08-11,1499.95
2010-08-12,1496.13
2010-08-13,1495.96
2010-08-16,1495.43
2010-08-18,1494.83
2010-08-19,1497.01
2010-08-20,1499.33
2010-08-23,1500.64
2010-08-24,1501.27
2010-08-25,1502.63
2010-08-26,1501.92
2010-08-27,1502.07
2010-08-30,1498.71
2010-08-31,1495.13
2010-09-01,1496.57
2010-09-02,1497
2010-09-03,1497.4
2010-09-06,1496.38
2010-09-07,1496.07
2010-09-15,1506.52
2010-09-16,1507.64
2010-09-17,1509.14
2010-09-20,1508.56
2010-09-21,1509.58
2010-09-22,1515.01
2010-09-23,1513.7
2010-09-24,1514.93
2010-09-27,1516.58
2010-09-28,1517.79
2010-09-29,1520.01
2010-09-30,1522.4
2010-10-01,1526.91
2010-10-04,1531.67
2010-10-05,1531.66
2010-10-06,1543.45
2010-10-07,1543.19
2010-10-08,1544.89
2010-10-11,1553.18
2010-10-12,1554.51
2010-10-13,1556.28
2010-10-14,1561.67
2010-10-15,1561.21
2010-10-18,1561.65
2010-10-19,1562.74
2010-10-20,1561.95
2010-10-21,1560.63
2010-10-22,1560.65
2010-10-25,1560.57
2010-10-26,1560.22
2010-10-27,1556.74
2010-10-28,1550.04
2010-10-29,1555.32
2010-11-01,1564.35
2010-11-02,1564.81
2010-11-03,1564.41
2010-11-04,1564.29
2010-11-05,1565.85
2010-11-08,1565.96
2010-11-09,1566.78
2010-11-10,1567.54
2010-11-11,1562.84
2010-11-12,1562.48
2010-11-15,1552.59
2010-11-16,1551.5656
2010-11-18,1553.28
2010-11-19,1562.3591
2010-11-22,1564.92
2010-11-23,1562
2010-11-24,1559.56
2010-11-25,1560.78
2010-11-26,1558.6992
2010-11-29,1561.85
2010-11-30,1561.31
2010-12-01,1558.54
2010-12-02,1558.83
2010-12-03,1559.6936
2010-12-06,1562.44
2010-12-08,1569.96
2010-12-09,1560.56
2010-12-10,1562.074
2010-12-13,1561.51
2010-12-14,1558.63
2010-12-15,1550.76
2010-12-16,1549.01
2010-12-17,1544.3692
2010-12-20,1542.61
2010-12-21,1544.13
2010-12-22,1542.84
2010-12-23,1545.67
2010-12-27,1547.65
2010-12-28,1545.84
2010-12-29,1547.57
2010-12-30,1553.24
2011-01-03,1567.99
2011-01-04,1580.52
2011-01-05,1573.61
2011-01-06,1567.15
2011-01-07,1561.4922
2011-01-10,1562.22
2011-01-11,1544.3126
2011-01-12,1545.78
2011-01-13,1542.51
2011-01-14,1531.2035
2011-01-17,1524.07
2011-01-18,1512.82
2011-01-19,1511.53
2011-01-20,1497.21
2011-01-21,1485.5525
2011-01-24,1497.42
2011-01-25,1502.73
2011-01-26,1500.24
2011-01-27,1502.02
2011-01-28,1502.4034
2011-01-31,1500.04
2011-02-01,1500.09
2011-02-02,1497.85
2011-02-04,1501.1751
2011-02-07,1506.69
2011-02-08,1505.6
2011-02-09,1503.79
2011-02-10,1502.19
2011-02-11,1499.8938
2011-02-14,1501.39
2011-02-16,1502.74
2011-02-17,1503.04
2011-02-18,1505.0253
2011-02-21,1507.5
2011-02-22,1507.88
2011-02-23,1510.71
2011-02-24,1510.11
2011-02-25,1507.34
2011-02-28,1508.52
2011-03-01,1510.4
2011-03-02,1511.44
2011-03-03,1516.82
2011-03-04,1522.7124
2011-03-07,1525.99
2011-03-08,1527.72
2011-03-09,1531.34
2011-03-10,1535.38
2011-03-11,1535.0972
2011-03-14,1536.12
2011-03-15,1535.42
2011-03-16,1537.54
2011-03-17,1537.37
2011-03-18,1537.4447
2011-03-21,1539.11
2011-03-22,1542.19
2011-03-23,1545.37
2011-03-24,1546.71
2011-03-25,1547.2657
2011-03-28,1548.27
2011-03-29,1550.28
2011-03-30,1551.77
2011-03-31,1554.27
2011-04-01,1559.6136
2011-04-04,1567.9
2011-04-05,1570.15
2011-04-06,1575.79
2011-04-07,1575.0984
2011-04-08,1576.457
2011-04-11,1579.98
2011-04-12,1582.08
2011-04-13,1595.61
2011-04-14,1590.35
2011-04-15,1583.225
2011-04-18,1579.58
2011-04-19,1579.02
2011-04-20,1583.64
2011-04-21,1583.4703
2011-04-25,1585.53
2011-04-26,1585.57
2011-04-27,1585.39
2011-04-28,1586.56
2011-04-29,1589.6596
2011-05-02,1590.54
2011-05-03,1590.5
2011-05-04,1588.52
2011-05-05,1589.85
2011-05-06,1589.9462
2011-05-09,1591.79
2011-05-10,1591.5
2011-05-11,1592.42
2011-05-12,1594.56
2011-05-13,1595.2861
2011-05-16,1596.252
2011-05-18,1598.11
2011-05-19,1601.23
2011-05-20,1604.6486
2011-05-23,1605.78
2011-05-24,1604.76
2011-05-25,1604.66
2011-05-26,1605.34
2011-05-27,1606.3398
2011-05-30,1607.2
2011-05-31,1607.92
2011-06-01,1610.1401
2011-06-03,1611.0579
2011-06-06,1612.58
2011-06-07,1613.86
2011-06-08,1614.87
2011-06-09,1615.05
2011-06-10,1616.2285
2011-06-13,1616.47
2011-06-14,1616.04
2011-06-15,1616.16
2011-06-16,1613.55
2011-06-17,1609.3801
2011-06-20,1608.14
2011-06-21,1607.73
2011-06-22,1611.84
2011-06-23,1614.61
2011-06-24,1616.0909
2011-06-27,1616.5
2011-06-28,1616.67
2011-06-30,1616.86
2011-07-01,1618.51
2011-07-04,1621.29
2011-07-05,1622.62
2011-07-06,1625.25
2011-07-07,1629.8
2011-07-08,1635.4955
2011-07-11,1636.04
2011-07-12,1634.04
2011-07-13,1635.32
2011-07-14,1636.51
2011-07-15,1636.1219
2011-07-18,1635.93
2011-07-19,1637.51
2011-07-20,1638.84
2011-07-21,1640.37
2011-07-22,1641.6996
2011-07-25,1642.5
2011-07-26,1645.24
2011-07-27,1651.75
2011-07-28,1652.5614
2011-07-29,1655.87
2011-08-01,1660.85
2011-08-02,1665.48
2011-08-03,1665.63
2011-08-04,1669.24
2011-08-05,1667.4983
2011-08-08,1663.99
2011-08-09,1657.93
2011-08-10,1660.68
2011-08-11,1661.26
2011-08-12,1665.1369
2011-08-15,1671.66
2011-08-16,1671.3132
2011-08-18,1671.61
2011-08-19,1674.5592
2011-08-22,1677.95
2011-08-23,1682.22
2011-08-24,1681.42
2011-08-25,1679.86
2011-08-26,1679.9082
2011-09-05,1683.455
2011-09-06,1685.47
2011-09-07,1692.9
2011-09-08,1705.89
2011-09-09,1730.6369
2011-09-12,1713.9
2011-09-13,1710.42
2011-09-14,1699.36
2011-09-15,1678.49
2011-09-16,1678.1026
2011-09-19,1676.36
2011-09-20,1667.37
2011-09-21,1653.54
2011-09-22,1643.05
2011-09-23,1647.332
2011-09-26,1663.2
2011-09-27,1665.21
2011-09-28,1672.89
2011-09-29,1683.89
2011-09-30,1690.6471
2011-10-03,1696.8
2011-10-04,1689.19
2011-10-05,1678.52
2011-10-06,1681.56
2011-10-07,1703.7463
2011-10-10,1725.41
2011-10-11,1732.83
2011-10-12,1731.97
2011-10-13,1738.29
2011-10-14,1744.0445
2011-10-17,1750.73
2011-10-18,1748.49
2011-10-19,1751.01
2011-10-20,1751.59
2011-10-21,1748.3395
2011-10-24,1748.8
2011-10-25,1747.03
2011-10-26,1746.71
2011-10-27,1747.17
2011-10-28,1749.53
2011-10-31,1750.92
2011-11-01,1748.55
2011-11-02,1746.13
2011-11-03,1750.13
2011-11-04,1755.44
2011-11-07,1756.75
2011-11-08,1758.38
2011-11-09,1759.64
2011-11-10,1758.59
2011-11-11,1758.89
2011-11-14,1762
2011-11-15,1758.82
2011-11-16,1755.99
2011-11-17,1755.57
2011-11-18,1752.6505
2011-11-21,1753.13
2011-11-22,1750.04
2011-11-23,1740.84
2011-11-24,1727.99
2011-11-25,1717.32
2011-11-28,1716.88
2011-11-29,1718.44
2011-11-30,1723.05
2011-12-01,1731.86
2011-12-02,1764.52
2011-12-05,1767.86
2011-12-06,1775.59
2011-12-07,1771.57
2011-12-08,1767.85
2011-12-09,1762.86
2011-12-12,1763.3
2011-12-13,1763.39
2011-12-14,1757.4
2011-12-15,1754.64
2011-12-16,1764.7
2011-12-19,1768.24
2011-12-20,1770.97
2011-12-21,1775.29
2011-12-22,1780.06
2011-12-23,1780.48
2011-12-27,1782.72
2011-12-28,1782.99
2011-12-29,1784.42
2011-12-30,1787.69
2012-01-02,1786.27
2012-01-03,1787.39
2012-01-04,1788.13
2012-01-05,1784.84
2012-01-06,1783.74
2012-01-09,1782.52
2012-01-10,1782.78
2012-01-11,1785.07
2012-01-12,1786.64
2012-01-13,1789.52
2012-01-16,1791.91
2012-01-17,1794.81
2012-01-18,1811.35
2012-01-19,1833
2012-01-20,1840.25
2012-01-24,1840.54
2012-01-25,1840.12
2012-01-26,1844.94
2012-01-27,1852.51
2012-01-30,1861.86
2012-01-31,1871.65
2012-02-01,1878.18
2012-02-02,1881.93
2012-02-03,1883.99
2012-02-06,1888.23
2012-02-07,1892.31
2012-02-08,1904.65
2012-02-09,1924
2012-02-10,1914.04
2012-02-13,1911.23
2012-02-14,1910.93
2012-02-15,1911.12
2012-02-16,1902.65
2012-02-17,1900.0669
2012-02-20,1903.75
2012-02-21,1903.44
2012-02-22,1901.84
2012-02-23,1889.14
2012-02-24,1871.8717
2012-02-27,1848.02
2012-02-28,1852.87
2012-02-29,1854.09
2012-03-01,1859.8
2012-03-02,1852.2183
2012-03-05,1845.82
2012-03-06,1835.56
2012-03-07,1825.77
2012-03-08,1817.95
2012-03-09,1827.4947
2012-03-12,1821.66
2012-03-13,1820.04
2012-03-14,1815.42
2012-03-15,1812.38
2012-03-16,1814.9546
2012-03-19,1823.44
2012-03-20,1821.51
2012-03-21,1822.84
2012-03-22,1826.1734
2012-03-26,1825.03
2012-03-27,1824.64
2012-03-28,1826.1599
2012-03-29,1825.66
2012-03-30,1824.2591
2012-04-02,1831.13
2012-04-03,1832.82
2012-04-04,1832.69
2012-04-05,1831.9963
2012-04-09,1830.45
2012-04-10,1831.03
2012-04-11,1830.53
2012-04-12,1828.34
2012-04-13,1827.3072
2012-04-16,1824.71
2012-04-17,1830.93
2012-04-18,1827.6
2012-04-19,1831.8494
2012-04-20,1836.5252
2012-04-23,1837.24
2012-04-24,1836.87
2012-04-25,1837.17
2012-04-26,1837.65
2012-04-27,1836.1537
2012-04-30,1834.232
2012-05-01,1832.5451
2012-05-02,1831.75
2012-05-03,1833.44
2012-05-04,1831.741
2012-05-07,1830.34
2012-05-08,1828.14
2012-05-09,1822.45
2012-05-10,1820.33
2012-05-11,1817.9605
2012-05-14,1814.93
2012-05-15,1805.37
2012-05-16,1792.8412
2012-05-21,1791.59
2012-05-22,1795.85
2012-05-23,1798.41
2012-05-24,1795.54
2012-05-25,1789.32
2012-05-28,1787.26
2012-05-29,1785.59
2012-05-30,1786.54
2012-05-31,1787.69
2012-06-01,1789.5369
2012-06-04,1789.24
2012-06-05,1788.78
2012-06-06,1789.32
2012-06-07,1794.68
2012-06-08,1795.5853
2012-06-11,1798.31
2012-06-12,1797.42
2012-06-13,1799.157
2012-06-14,1800.439
2012-06-15,1803.7214
2012-06-18,1806.36
2012-06-19,1806.14
2012-06-20,1810.35
2012-06-21,1821.56
2012-06-22,1822.812
2012-06-25,1821.37
2012-06-26,1818.24
2012-06-27,1817.74
2012-06-28,1821.02
2012-06-29,1826.2916
2012-07-02,1833.53
2012-07-03,1835.36
2012-07-04,1838.41
2012-07-05,1840.3
2012-07-06,1840.87
2012-07-09,1839.37
2012-07-10,1838.53
2012-07-11,1840.38
2012-07-12,1841.41
2012-07-13,1842.54
2012-07-16,1845.98
2012-07-17,1848.33
2012-07-18,1860.18
2012-07-19,1867.48
2012-07-20,1873.27
2012-07-23,1868.48
2012-07-24,1869.26
2012-07-25,1868.21
2012-07-26,1869.97
2012-07-27,1873.4
2012-07-30,1876.9
2012-07-31,1877.86
2012-08-01,1878.38
2012-08-02,1878.82
2012-08-03,1878.95
2012-08-06,1881.34
2012-08-07,1879.88
2012-08-08,1880.32
2012-08-09,1880.8
2012-08-10,1880.15
2012-08-13,1869.31
2012-08-14,1866.65
2012-08-15,1865.8
2012-08-16,1864.61
2012-08-23,1860.63
2012-08-24,1858.1
2012-08-27,1852.77
2012-08-28,1849.04
2012-08-29,1839.29
2012-08-30,1834.06
2012-08-31,1835.6606
2012-09-03,1850.51
2012-09-04,1857.81
2012-09-05,1856.74
2012-09-06,1860.26
2012-09-07,1864.54
2012-09-10,1866.69
2012-09-11,1867.89
2012-09-12,1870.68
2012-09-13,1873.5
2012-09-14,1878.17
2012-09-17,1881.87
2012-09-18,1879.85
2012-09-19,1878.7
2012-09-20,1875.46
2012-09-21,1874.8
2012-09-24,1873.92
2012-09-25,1873.41
2012-09-26,1869.03
2012-09-27,1869.4
2012-09-28,1872.01
2012-10-01,1878.89
2012-10-02,1881.87
2012-10-03,1882.06
2012-10-04,1884.15
2012-10-05,1887.28
2012-10-08,1886.29
2012-10-09,1885.31
2012-10-10,1884.07
2012-10-11,1884.34
2012-10-12,1886.52
2012-10-15,1888.75
2012-10-16,1894.05
2012-10-17,1896.29
2012-10-18,1897.2
2012-10-19,1897.6
2012-10-22,1898.74
2012-10-23,1900.1
2012-10-24,1900.6
2012-10-25,1901.46
2012-10-29,1904.18
2012-10-30,1905.25
2012-10-31,1907.92
2012-11-01,1912.59
2012-11-02,1915.34
2012-11-05,1921.04
2012-11-06,1919.26
2012-11-07,1918.53
2012-11-08,1918.89
2012-11-09,1923.85
2012-11-12,1932.66
2012-11-13,1941.61
2012-11-14,1945.01
2012-11-19,1947.62
2012-11-20,1946.59
2012-11-21,1946.06
2012-11-22,1947.14
2012-11-23,1949.37
2012-11-26,1951.36
2012-11-27,1950.24
2012-11-28,1951.45
2012-11-29,1953.91
2012-11-30,1955.85
2012-12-03,1959.8
2012-12-04,1959.79
2012-12-05,1958.51
2012-12-06,1957.71
2012-12-07,1956.5
2012-12-10,1954.06
2012-12-11,1956.48
2012-12-12,1960.5
2012-12-13,1964.79
2012-12-14,1965.12
2012-12-17,1966.26
2012-12-18,1965.98
2012-12-19,1968.1
2012-12-20,1969.42
2012-12-21,1970.15
2012-12-26,1970.83
2012-12-27,1971.61
2012-12-28,1971.63
2013-01-02,1979.26
2013-01-03,1979.78
2013-01-04,1980.24
2013-01-07,1978.9
2013-01-08,1983.95
2013-01-09,1977.72
2013-01-10,1969.11
2013-01-11,1966.25
2013-01-14,1963.31
2013-01-15,1961.19
2013-01-16,1962.33
2013-01-17,1954.35
2013-01-18,1954.92
2013-01-21,1961.56
2013-01-22,1962.85
2013-01-23,1965.93
2013-01-25,1969.3
2013-01-28,1971.04
2013-01-29,1971.4
2013-01-30,1965.78
2013-01-31,1964.44
2013-02-01,1960.58
2013-02-04,1965.88
2013-02-05,1965.24
2013-02-06,1968.08
2013-02-07,1966.28
2013-02-08,1968.6869
2013-02-11,1969.8
2013-02-12,1970.95
2013-02-13,1970.68
2013-02-14,1971.68
2013-02-15,1973.4
2013-02-18,1975.99
2013-02-19,1975.53
2013-02-20,1976.5
2013-02-21,1977.38
2013-02-22,1977.26
2013-02-25,1979.98
2013-02-26,1979.84
2013-02-27,1979.06
2013-02-28,1978.29
2013-03-01,1975.69
2013-03-04,1975.35
2013-03-05,1979.97
2013-03-06,1984.13
2013-03-07,1983.95
2013-03-08,1984.47
2013-03-11,1985.34
2013-03-13,1983.33
2013-03-14,1982.06
2013-03-15,1979.32
2013-03-18,1979.06
2013-03-19,1980.21
2013-03-20,1979.59
2013-03-21,1979.24
2013-03-22,1976.38
2013-03-25,1975.56
2013-03-26,1971.47
2013-03-27,1957.32
2013-03-28,1959.71
2013-04-01,1962.42
2013-04-02,1962.7
2013-04-03,1964.39
2013-04-04,1965.31
2013-04-05,1962.45
2013-04-08,1958.1
2013-04-09,1953.94
2013-04-10,1960.67
2013-04-11,1962.24
2013-04-12,1972.06
2013-04-15,1972.16
2013-04-16,1971.14
2013-04-17,1973.8
2013-04-18,1974.69
2013-04-19,1976.68
2013-04-22,1978.29
2013-04-23,1978.19
2013-04-24,1979.91
2013-04-25,1980.57
2013-04-26,1980.74
2013-04-29,1982.36
2013-04-30,1981.51
2013-05-01,1980.8
2013-05-02,1980.04
2013-05-03,1975.75
2013-05-06,1972.65
2013-05-07,1972.9
2013-05-08,1978.89
2013-05-10,1985.58
2013-05-13,1986.4
2013-05-14,1986.47
2013-05-15,1984.75
2013-05-16,1982.38
2013-05-17,1978.51
2013-05-20,1978.79
2013-05-21,1976.75
2013-05-22,1973.48
2013-05-23,1966.85
2013-05-24,1960.77
2013-05-27,1953.1
2013-05-28,1947.19
2013-05-29,1942.03
2013-05-30,1940.91
2013-05-31,1943.29
2013-06-03,1938.95
2013-06-04,1939.62
2013-06-05,1930.1
2013-06-07,1920.18
2013-06-10,1904.8
2013-06-11,1889.57
2013-06-12,1881.75
2013-06-13,1883.67
2013-06-14,1892.48
2013-06-17,1890.71
2013-06-18,1887.31
2013-06-19,1870.8
2013-06-20,1857.49
2013-06-21,1839.2
2013-06-24,1823.81
2013-06-25,1823.09
2013-06-26,1820.54
2013-06-27,1809.73
2013-06-28,1822.61
2013-07-01,1822.82
2013-07-02,1819.09
2013-07-03,1813.43
2013-07-04,1807.85
2013-07-05,1803.49
2013-07-08,1789.01
2013-07-09,1761.73
2013-07-10,1755.49
2013-07-11,1755.46
2013-07-12,1739.09
2013-07-15,1727.62
2013-07-16,1726.27
2013-07-17,1724.06
2013-07-18,1734.16
2013-07-19,1749.45
2013-07-22,1762.89
2013-07-23,1800.8706
2013-07-24,1785.0611
2013-07-25,1764.1449
2013-07-26,1758.58
2013-07-29,1756.8914
2013-07-30,1753.8035
2013-07-31,1761.3439
2013-08-01,1772.0867
2013-08-02,1784.1811
2013-08-12,1783.666
2013-08-13,1779.1347
2013-08-14,1773.2759
2013-08-15,1761.5504
2013-08-16,1749.7482
2013-08-19,1730.9231
2013-08-20,1719.8067
2013-08-21,1709.128
2013-08-22,1711.5776
2013-08-23,1713.76
2013-08-26,1708.04
2013-08-27,1699.39
2013-08-28,1688.32
2013-08-29,1695.31
2013-08-30,1710.91
2013-09-02,1719.28
2013-09-03,1712.58
2013-09-04,1697.92
2013-09-05,1692.75
2013-09-06,1684.14
2013-09-09,1684.6236
2013-09-10,1684.2468
2013-09-11,1696.4877
2013-09-12,1699.2519
2013-09-13,1723.0833
2013-09-16,1762.1768
2013-09-17,1745.8122
2013-09-18,1739.7675
2013-09-19,1770.3936
2013-09-20,1777.6526
2013-09-23,1781.7
2013-09-24,1774.59
2013-09-25,1773.15
2013-09-26,1765.38
2013-09-27,1751.47
2013-09-30,1729.8392
2013-10-01,1741.33
2013-10-02,1755.84
2013-10-03,1765.41
2013-10-04,1766.76
2013-10-07,1764.16
2013-10-08,1766.4
2013-10-09,1766.33
2013-10-10,1766.3334
2013-10-11,1772.97
2013-10-16,1792.55
2013-10-17,1806.13
2013-10-18,1815.45
2013-10-21,1832.82
2013-10-22,1832.61
2013-10-23,1856.42
2013-10-24,1861.35
2013-10-25,1873.4
2013-10-28,1884.68
2013-10-29,1874.56
2013-10-30,1860.89
2013-10-31,1841.08
2013-11-01,1823.66
2013-11-04,1810.36
2013-11-06,1793.38
2013-11-07,1801.69
2013-11-08,1789.38
2013-11-11,1770.54
2013-11-12,1755.6777
2013-11-13,1744.1297
2013-11-14,1752.4631
2013-11-15,1747.2116
2013-11-18,1744.87
2013-11-19,1744.8406
2013-11-20,1744.6303
2013-11-21,1733.968
2013-11-22,1728.4568
2013-11-25,1730.1766
2013-11-26,1729.8294
2013-11-27,1731.5017
2013-11-28,1728.3841
2013-11-29,1723.14
2013-12-02,1725.5308
2013-12-03,1729.925
2013-12-04,1728.7306
2013-12-05,1721.0839
2013-12-06,1717.8153
2013-12-09,1718.9918
2013-12-10,1720.8779
2013-12-11,1723.5641
2013-12-12,1726.2018
2013-12-13,1733.9705
2013-12-16,1742.3276
2013-12-17,1746.4468
2013-12-18,1749.389
2013-12-19,1749.599
2013-12-20,1751.0639
2013-12-23,1750.7113
2013-12-24,1748.4714
2013-12-27,1749.7988
2013-12-30,1752.6687
2014-01-02,1756.3163
2014-01-03,1737.1204
2014-01-06,1711.8195
2014-01-07,1705.4674
2014-01-08,1710.55
2014-01-09,1714.1368
2014-01-10,1721.1686
2014-01-13,1743.49
2014-01-15,1747.7912
2014-01-16,1752.0335
2014-01-17,1754.1883
2014-01-20,1758.9265
2014-01-21,1756.1642
2014-01-22,1754.9229
2014-01-23,1748.5355
2014-01-24,1746.3484
2014-01-27,1722.13
2014-01-28,1725.8283
2014-01-29,1732.2827
2014-01-30,1727.5387
2014-02-03,1726.8408
2014-02-04,1722.8485
2014-02-05,1722.2756
2014-02-06,1724.04
2014-02-07,1721.8068
2014-02-10,1725.4637
2014-02-11,1727.5362
2014-02-12,1735.4693
2014-02-13,1741.5333
2014-02-14,1746.497
2014-02-17,1757.4485
2014-02-18,1762.8942
2014-02-19,1769.6194
2014-02-20,1771.8219
2014-02-21,1772.2118
2014-02-24,1768.98
2014-02-25,1764.3054
2014-02-26,1765.3756
2014-02-27,1767.13
2014-02-28,1773.3438
2014-03-03,1785.2716
2014-03-04,1788.7982
2014-03-05,1796.8962
2014-03-06,1797.3722
2014-03-07,1798.3292
2014-03-10,1800.6065
2014-03-11,1803.91
2014-03-12,1803.28
2014-03-13,1805.64
2014-03-14,1806.61
2014-03-17,1811.73
2014-03-18,1816.72
2014-03-19,1816.34
2014-03-20,1806.8484
2014-03-21,1807
2014-03-24,1806.13
2014-03-25,1804.07
2014-03-26,1802.08
2014-03-27,1805.13
2014-03-28,1813.44
2014-04-01,1823.69
2014-04-02,1828.14
2014-04-03,1828.71
2014-04-04,1829.19
2014-04-07,1829.79
2014-04-08,1832.49
2014-04-10,1833.51
2014-04-11,1833.16
2014-04-14,1833.59
2014-04-15,1833.73
2014-04-16,1833.15
2014-04-17,1833.71
2014-04-21,1835.16
2014-04-22,1831.11
2014-04-23,1827.55
2014-04-24,1827.13
2014-04-25,1829.43
2014-04-28,1834.52
2014-04-29,1832.9
2014-04-30,1829.85
2014-05-02,1829.75
2014-05-05,1831.23
2014-05-06,1830.67
2014-05-07,1828.1
2014-05-08,1826.7
2014-05-09,1828.77
2014-05-12,1829.81
2014-05-13,1827.22
2014-05-14,1833.21
2014-05-16,1838.67
2014-05-19,1840.94
2014-05-20,1838.25
2014-05-21,1834.99
2014-05-22,1833.42
2014-05-23,1831.97
2014-05-26,1830.74
2014-05-28,1829.47
2014-05-30,1831.88
2014-06-02,1830.24
2014-06-03,1832.4
2014-06-04,1833.57
2014-06-05,1833.45
2014-06-06,1834.75
2014-06-09,1837.23
2014-06-10,1836.17
2014-06-11,1837.12
2014-06-12,1837.58
2014-06-13,1838.95
2014-06-16,1839.59
2014-06-17,1840.22
2014-06-18,1836.78
2014-06-19,1837.18
2014-06-20,1837.84
2014-06-23,1837.41
2014-06-24,1835.08
2014-06-25,1830.09
2014-06-26,1825.6
2014-06-27,1820.23
2014-06-30,1823.7
2014-07-01,1827.41
2014-07-02,1833.17
2014-07-03,1833.27
2014-07-04,1832.84
2014-07-07,1835.2
2014-07-08,1834.93
2014-07-10,1840.52
2014-07-11,1838.66
2014-07-14,1836.78
2014-07-15,1834.7
2014-07-16,1837.14
2014-07-17,1840.18
2014-07-18,1844.52
2014-07-21,1847.61
2014-07-22,1848.53
2014-07-23,1846.23
2014-07-24,1847.39
2014-07-25,1848.11
2014-08-04,1848.15
2014-08-05,1844.71
2014-08-06,1842.05
2014-08-07,1838.85
2014-08-08,1834.6
2014-08-11,1834.49
2014-08-12,1834.3
2014-08-13,1835.15
2014-08-14,1837.8
2014-08-15,1838.37
2014-08-18,1838.69
2014-08-19,1835.28
2014-08-20,1834.51
2014-08-21,1834.91
2014-08-22,1838.02
2014-08-25,1841.03
2014-08-26,1841.52
2014-08-27,1841.7
2014-08-28,1844.27
2014-08-29,1849.65
2014-09-01,1854.18
2014-09-02,1853.25
2014-09-03,1856.9
2014-09-04,1867.38
2014-09-05,1875.03
2014-09-08,1876.7
2014-09-09,1874.6
2014-09-10,1869.97
2014-09-11,1864.51
2014-09-12,1860.68
2014-09-15,1855.46
2014-09-16,1852.85
2014-09-17,1855.14
2014-09-18,1850.74
2014-09-19,1856.55
2014-09-22,1859.6
2014-09-23,1859.52
2014-09-24,1862.06
2014-09-25,1862.65
2014-09-26,1857.78
2014-09-29,1849.41
2014-09-30,1840.1
2014-10-01,1833.25
2014-10-02,1837.17
2014-10-03,1834.67
2014-10-06,1833.45
2014-10-07,1837.26
2014-10-08,1837.88
2014-10-09,1840.77
2014-10-10,1843.88
2014-10-13,1846.68
2014-10-14,1850.73
2014-10-15,1857.6
2014-10-16,1860.9
2014-10-17,1860.92
2014-10-20,1872.16
2014-10-21,1883.03
2014-10-22,1886.66
2014-10-23,1887.31
2014-10-24,1888.79
2014-10-27,1890.98
2014-10-28,1889.36
2014-10-29,1884.4
2014-10-30,1883.33
2014-10-31,1889.77
2014-11-03,1896.07
2014-11-04,1901.79
2014-11-05,1905.32
2014-11-06,1900.16
2014-11-07,1897.31
2014-11-10,1899.84
2014-11-11,1899.12
2014-11-12,1898.16
2014-11-13,1898.29
2014-11-14,1903.25
2014-11-17,1905.59
2014-11-18,1909.44
2014-11-19,1912.38
2014-11-20,1917.78
2014-11-21,1923.07
2014-11-24,1930.52
2014-11-25,1931.66
2014-11-26,1932.72
2014-11-27,1934.52
2014-11-28,1935.5
2014-12-01,1937.45
2014-12-02,1938.92
2014-12-03,1933.42
2014-12-04,1927.22
2014-12-05,1928.79
2014-12-08,1927.19
2014-12-09,1923.58
2014-12-10,1917.63
2014-12-11,1915.34
2014-12-12,1903.84
2014-12-15,1879.17
2014-12-16,1864.84
2014-12-17,1868.85
2014-12-18,1903.36
2014-12-19,1904.54
2014-12-22,1911.21
2014-12-23,1918.78
2014-12-24,1923.75
2014-12-29,1926.06
2014-12-30,1927.17
2015-01-02,1940.39
2015-01-05,1929.48
2015-01-06,1924.97
2015-01-07,1929.55
2015-01-08,1936.74
2015-01-09,1947.95
2015-01-12,1953.77
2015-01-13,1955.94
2015-01-14,1961.8
2015-01-15,1964.54
2015-01-16,1968.49
2015-01-19,1969.73
2015-01-20,1980.54
2015-01-21,2016.39
2015-01-22,2024.42
2015-01-23,2035.48
2015-01-26,2032.88
2015-01-27,2036.39
2015-01-28,2042.03
2015-01-29,2042.97
2015-01-30,2046.59
2015-02-02,2056.03
2015-02-03,2066.56
2015-02-04,2067.29
2015-02-05,2060.62
2015-02-06,2059.56
2015-02-09,2050.63
2015-02-10,2048.76
2015-02-11,2039.85
2015-02-12,2014.5
2015-02-13,2010.27
2015-02-16,2015.99
2015-02-17,2030.96
2015-02-18,2059.78
2015-02-20,2050.13
2015-02-23,2053.06
2015-02-24,2054.25
2015-02-25,2060.37
2015-02-26,2069.36
2015-02-27,2073.77
2015-03-02,2072.32
2015-03-03,2069.97
2015-03-04,2051.68
2015-03-05,2033.59
2015-03-06,2027.14
2015-03-09,2010.97
2015-03-10,2007.25
2015-03-11,1978.36
2015-03-12,1997.83
2015-03-13,2010.04
2015-03-16,2018.43
2015-03-17,2011.58
2015-03-18,2019.84
2015-03-19,2027.13
2015-03-20,2022.3
2015-03-23,2027.34
2015-03-24,2037.01
2015-03-25,2042.47
2015-03-26,2036.53
2015-03-27,2033.54
2015-03-30,2028.81
2015-03-31,2022.6
2015-04-01,2022.76
2015-04-02,2024.8
2015-04-06,2033.98
2015-04-07,2034.48
2015-04-08,2035.62
2015-04-09,2038.02
2015-04-10,2039.95
2015-04-13,2042.15
2015-04-14,2036.96
2015-04-15,2033.04
2015-04-16,2029.05
2015-04-17,2016.34
2015-04-20,2016.75
2015-04-21,2015.08
2015-04-22,2018.18
2015-04-23,2015.75
2015-04-24,2012.94
2015-04-27,2003.67
2015-04-28,1991.07
2015-04-29,1988.93
2015-04-30,1990.04
2015-05-04,1989.58
2015-05-05,1976.62
2015-05-06,1965.68
2015-05-07,1950.92
2015-05-08,1938.06
2015-05-11,1941.29
2015-05-12,1935.53
2015-05-13,1947.08
2015-05-15,1967.64
2015-05-18,1966.57
2015-05-19,1962.1
2015-05-20,1961.26
2015-05-21,1958.61
2015-05-22,1960.64
2015-05-25,1958.61
2015-05-26,1954.45
2015-05-27,1955.98
2015-05-28,1957.26
2015-05-29,1955.67
2015-06-01,1953.23
2015-06-03,1951.46
2015-06-04,1937.72
2015-06-05,1918.94
2015-06-08,1903.01
2015-06-09,1898.56
2015-06-10,1905.75
2015-06-11,1901.47
2015-06-12,1898.41
2015-06-15,1903.46
2015-06-16,1903.11
2015-06-17,1905.45
2015-06-18,1916.36
2015-06-19,1922.09
2015-06-22,1932.29
2015-06-23,1943.31
2015-06-24,1963.16
2015-06-25,1957.15
2015-06-26,1955.12
2015-06-29,1947.18
2015-06-30,1951.17
2015-07-01,1958.69
2015-07-02,1958.87
2015-07-03,1963.83
2015-07-06,1966.52
2015-07-07,1969.89
2015-07-08,1946.94
2015-07-09,1945.04
2015-07-10,1949.24
2015-07-13,1960.94
2015-07-14,1958.44
2015-07-15,1957.86
2015-07-22,1959.6
2015-07-23,1962.5
2015-07-24,1963.83
2015-07-27,1961.9
2015-07-28,1947.46
2015-07-29,1932.52
2015-07-30,1928.83
2015-07-31,1929.84
2015-08-03,1927.4
2015-08-04,1926.63
2015-08-05,1928.33
2015-08-06,1933.35
2015-08-07,1932.95
2015-08-10,1934.22
2015-08-11,1926.15
2015-08-12,1902.65
2015-08-13,1908.74
2015-08-14,1909.08
2015-08-18,1912.53
2015-08-19,1915.68
2015-08-20,1912.21
2015-08-21,1898.3
2015-08-24,1886.17
2015-08-25,1886.37
2015-08-26,1885.65
2015-08-27,1890.49
2015-08-28,1898.68
2015-08-31,1901.5
2015-09-01,1903.04
2015-09-02,1903.21
2015-09-03,1899.47
2015-09-04,1896.67
2015-09-07,1888.52
2015-09-08,1877.32
2015-09-09,1877.47
2015-09-10,1872.71
2015-09-11,1869.03
2015-09-14,1866.35
2015-09-15,1860.57
2015-09-16,1850.44
2015-09-17,1858.21
2015-09-18,1872.95
2015-09-21,1887.59
2015-09-22,1881.64
2015-09-23,1864.12
2015-09-25,1848.06
2015-09-28,1840.65
2015-09-29,1821.2
2015-09-30,1821.33
2015-10-01,1853.95
2015-10-02,1858.27
2015-10-05,1890.51
2015-10-06,1932.7
2015-10-07,1941.73
2015-10-08,1925.14
2015-10-09,1941.39
2015-10-12,1951.98
2015-10-13,1953.29
2015-10-15,1942.15
2015-10-16,1938.77
2015-10-19,1943.47
2015-10-20,1936.67
2015-10-21,1927.52
2015-10-22,1924.4
2015-10-23,1938.25
2015-10-26,1944.05
2015-10-27,1944.47
2015-10-28,1946.43
2015-10-29,1941.5
2015-10-30,1928.7
2015-11-02,1927.02
2015-11-03,1929.6
2015-11-04,1937.88
2015-11-05,1940.23
2015-11-06,1948.65
2015-11-09,1944.98
2015-11-10,1943.57
2015-11-11,1955.08
2015-11-12,1955.19
2015-11-13,1955.81
2015-11-16,1957.99
2015-11-17,1957.92
2015-11-18,1962.16
2015-11-19,1962.28
2015-11-20,1963.02
2015-11-23,1962.82
2015-11-24,1964.42
2015-11-25,1965.26
2015-11-26,1970.66
2015-11-27,1971.4
2015-11-30,1972.07
2015-12-01,1976.59
2015-12-02,1984.38
2015-12-03,1984.56
2015-12-04,1981.65
2015-12-07,1979.33
2015-12-08,1978.76
2015-12-10,1977.7
2015-12-11,1970.24
2015-12-14,1943.44
2015-12-15,1927.97
2015-12-16,1935.28
2015-12-17,1954.3
2015-12-18,1961.26
2015-12-21,1960.7
2015-12-22,1960.32
2015-12-23,1959.62
2015-12-28,1959.98
2015-12-29,1958.31
2015-12-30,1956.15
2016-01-04,1958.35
2016-01-05,1954.55
2016-01-06,1953.23
2016-01-07,1954.3
2016-01-08,1958.07
2016-01-11,1958.6
2016-01-12,1966.96
2016-01-13,1972.99
2016-01-14,1989.94
2016-01-15,1990.22
2016-01-18,1987.15
2016-01-19,1983.05
2016-01-20,1985.63
2016-01-21,1989.13
2016-01-22,1999.68
2016-01-25,2005.11
2016-01-26,2002.04
2016-01-27,2000.65
2016-01-28,2001.01
2016-01-29,2020.07
2016-02-01,2038.73
2016-02-02,2045.45
2016-02-03,2040.35
2016-02-04,2039.29
2016-02-05,2050.05
2016-02-09,2054.71
2016-02-10,2054.49
2016-02-11,2058.44
2016-02-12,2060.86
2016-02-15,2063.17
2016-02-16,2063.88
2016-02-17,2059.06
2016-02-18,2055.22
2016-02-19,2052.13
2016-02-22,2045.93
2016-02-23,2044.86
2016-02-24,2033.66
2016-02-25,2030.15
2016-02-26,2029.89
2016-02-29,2029.53
2016-03-01,2029.43
2016-03-02,2040.31
2016-03-03,2060.08
2016-03-04,2068.97
2016-03-07,2089.65
2016-03-08,2082.5
2016-03-10,2085.85
2016-03-11,2094.68
2016-03-14,2101.24
2016-03-15,2098.84
2016-03-16,2096.68
2016-03-17,2105.58
2016-03-18,2111.45
2016-03-21,2111.03
2016-03-22,2107.01
2016-03-23,2103.8
2016-03-24,2103.45
2016-03-28,2103.84
2016-03-29,2099.06
2016-03-30,2111.1
2016-03-31,2116.79
2016-04-01,2132.02
2016-04-04,2135.32
2016-04-05,2131.98
2016-04-06,2137.72
2016-04-07,2145.64
2016-04-08,2152.32
2016-04-11,2159.33
2016-04-12,2166.05
2016-04-13,2183.5
2016-04-14,2176.44
2016-04-15,2179.36
2016-04-18,2183.77
2016-04-19,2183.14
2016-04-20,2184.8
2016-04-21,2185.61
2016-04-22,2179.73
2016-04-25,2171.38
2016-04-26,2169.65
2016-04-27,2170.09
2016-04-28,2168.1
2016-04-29,2162.69
2016-05-02,2157.76
2016-05-03,2157.8
2016-05-04,2159.3
2016-05-09,2155.51
2016-05-10,2152.13
2016-05-11,2152.07
2016-05-12,2151
2016-05-13,2154.05
2016-05-16,2160.55
2016-05-17,2169.64
2016-05-18,2168.49
2016-05-19,2158.52
2016-05-20,2147.27
2016-05-23,2143.72
2016-05-24,2138.59
2016-05-25,2140.49
2016-05-26,2148.45
2016-05-27,2152.1
2016-05-30,2152.65
2016-05-31,2152.96
2016-06-01,2154.4
2016-06-02,2153.01
2016-06-03,2157.68
2016-06-06,2165.21
2016-06-07,2173.61
2016-06-08,2180.97
2016-06-09,2186.22
2016-06-10,2186.11
2016-06-13,2185.49
2016-06-14,2186.12
2016-06-15,2183.24
2016-06-16,2184.75
2016-06-17,2183.28
2016-06-20,2183.82
2016-06-21,2183.42
2016-06-22,2184.69
2016-06-23,2186.81
2016-06-24,2172.76
2016-06-27,2181.25
2016-06-28,2189.94
2016-06-29,2199.89
2016-06-30,2206.04
2016-07-01,2223.13
2016-07-11,2253.61
2016-07-12,2263.88
2016-07-13,2258.79
2016-07-14,2257
2016-07-15,2257.69
2016-07-18,2258.79
2016-07-19,2264.39
2016-07-20,2272.07
2016-07-21,2271.66
2016-07-22,2268.15
2016-07-25,2265.51
2016-07-26,2265.5
2016-07-27,2272.36
2016-07-28,2279.21
2016-07-29,2286.06
2016-08-01,2306.62
2016-08-02,2313.47
2016-08-03,2320.33
2016-08-04,2327.19
2016-08-05,2327.21
2016-08-08,2327.23
2016-08-09,2327.23
2016-08-10,2327.46
2016-08-11,2327.83
2016-08-12,2327.94
2016-08-15,2328.37
2016-08-16,2328.93
2016-08-18,2327.18
2016-08-19,2330.62
2016-08-22,2329.11
2016-08-23,2324.45
2016-08-24,2325.8
2016-08-25,2325.79
2016-08-26,2324.61
2016-08-29,2324.81
2016-08-30,2323.64
2016-08-31,2323.03
2016-09-01,2324.38
2016-09-02,2328.24
2016-09-05,2333.1
2016-09-06,2334.83
2016-09-07,2335.6
2016-09-08,2335.98
2016-09-09,2334.22
2016-09-13,2334.26
2016-09-14,2330.2
2016-09-15,2330.4
2016-09-16,2334.08
2016-09-19,2334.32
2016-09-20,2333.74
2016-09-21,2351.84
2016-09-22,2354.17
2016-09-23,2355.14
2016-09-26,2355.77
2016-09-27,2356.92
2016-09-28,2354.79
2016-09-29,2354.41
2016-09-30,2354.41
2016-10-03,2353.87
2016-10-04,2353.68
2016-10-05,2354.27
2016-10-06,2354.08
2016-10-07,2353.5
2016-10-10,2353.93
2016-10-11,2353.93
2016-10-12,2351.4
2016-10-13,2351.2
2016-10-14,2352.16
2016-10-17,2353.74
2016-10-18,2355.09
2016-10-19,2352.37
2016-10-20,2352.17
2016-10-21,2354.3
2016-10-24,2356.27
2016-10-25,2360.13
2016-10-26,2358.19
2016-10-27,2358.38
2016-10-28,2358.95
2016-10-31,2357.24
2016-11-01,2357.43
2016-11-02,2358.39
2016-11-03,2357.61
2016-11-04,2357.01
2016-11-07,2359.18
2016-11-08,2360.14
2016-11-09,2359.17
2016-11-10,2360.13
2016-11-11,2359.35
2016-11-14,2353.61
2016-11-15,2346.25
2016-11-16,2344.51
2016-11-17,2340.11
2016-11-18,2338.26
2016-11-21,2332.88
2016-11-22,2321.13
2016-11-23,2310.56
2016-11-24,2302.01
2016-11-25,2291.19
2016-11-28,2298.2
2016-11-29,2316
2016-11-30,2322.64
2016-12-01,2321.78
2016-12-02,2323.8
2016-12-05,2326.43
2016-12-06,2340.24
2016-12-07,2372.42
2016-12-08,2385.67
2016-12-09,2376.77
2016-12-13,2372
2016-12-14,2362.92
2016-12-15,2344.79
2016-12-16,2338.17
2016-12-19,2346.96
2016-12-20,2355.65
2016-12-21,2356.79
2016-12-22,2363.07
2016-12-23,2352.2
2016-12-27,2357.29
2016-12-28,2355.01
2016-12-29,2349.95
2016-12-30,2349.13
2017-01-03,2349.93
2017-01-04,2363.25
2017-01-05,2376.01
2017-01-06,2368.84
2017-01-09,2367.41
2017-01-10,2373.6
2017-01-11,2372.04
2017-01-12,2386.94
2017-01-13,2393.41
2017-01-16,2392.87
2017-01-17,2393.73
2017-01-18,2393.23
2017-01-19,2392.4
2017-01-20,2391.99
2017-01-23,2396.6
2017-01-24,2399.67
2017-01-25,2394.73
2017-01-26,2384.54
2017-01-27,2379.21
2017-01-30,2379.51
2017-01-31,2376.11
2017-02-01,2377.38
2017-02-02,2377.55
2017-02-03,2378.51
2017-02-06,2387.55
2017-02-07,2393.69
2017-02-08,2394.28
2017-02-09,2405.89
2017-02-10,2402.25
2017-02-13,2401.94
2017-02-14,2403.33
2017-02-16,2401.79
2017-02-17,2404.87
2017-02-20,2402.4
2017-02-21,2399.66
2017-02-22,2399.41
2017-02-23,2400.25
2017-02-24,2402.75
2017-02-27,2404.26
2017-02-28,2403.71
2017-03-01,2407.9
2017-03-02,2409.7
2017-03-03,2413.06
2017-03-06,2414.07
2017-03-07,2415.71
2017-03-08,2430.85
2017-03-09,2423.71
2017-03-10,2417.94
2017-03-13,2420.06
2017-03-14,2422.84
2017-03-15,2429.6
2017-03-16,2440.52
2017-03-17,2443.21
2017-03-20,2447.29
2017-03-21,2454.85
2017-03-22,2454.94
2017-03-23,2454.29
2017-03-24,2455.95
2017-03-27,2458.96
2017-03-29,2463.63
2017-03-30,2478.86
2017-03-31,2476.84
2017-04-03,2478.68
2017-04-04,2479.89
2017-04-05,2479.7
2017-04-06,2478.54
2017-04-07,2469.98
2017-04-10,2468.13
2017-04-11,2471.89
2017-04-12,2472.66
2017-04-13,2477.29
2017-04-17,2480
2017-04-18,2479.42
2017-04-20,2475.07
2017-04-21,2473.83
2017-04-25,2480.01
2017-04-26,2482.92
2017-04-27,2484.96
2017-04-28,2484.23
2017-05-02,2486.25
2017-05-03,2487.41
2017-05-04,2485.99
2017-05-05,2469.65
2017-05-08,2471.51
2017-05-09,2469.5
2017-05-10,2460.5
2017-05-12,2459.53
2017-05-15,2474.98
2017-05-16,2478.85
2017-05-17,2478.66
2017-05-18,2477.16
2017-05-19,2487.5
2017-05-22,2493.99
2017-05-23,2500.75
2017-05-24,2497.72
2017-05-26,2497.6
2017-05-29,2498.27
2017-05-30,2498.1
2017-05-31,2498.55
2017-06-02,2500.23
2017-06-05,2502.8
2017-06-06,2503.41
2017-06-07,2502.91
2017-06-08,2503.9
2017-06-09,2509.33
2017-06-12,2508.08
2017-06-13,2510.4
2017-06-14,2514.48
2017-06-15,2515.38
2017-06-16,2518.59
2017-06-19,2524.38
2017-06-20,2522.7
2017-06-21,2521.19
2017-06-22,2520.9
2017-07-03,2517.45
2017-07-04,2513.54
2017-07-05,2513.43
2017-07-06,2496.48
2017-07-07,2471.41
2017-07-10,2468.48
2017-07-11,2473.72
2017-07-12,2492.85
2017-07-13,2509.29
2017-07-14,2506.6
2017-07-17,2512.45
2017-07-18,2513.02
2017-07-19,2520.53
2017-07-20,2522.05
2017-07-21,2530.88
2017-07-24,2533.39
2017-07-25,2531.77
2017-07-26,2527.25
2017-07-27,2527.63
2017-07-28,2525.45
2017-07-31,2527.32
2017-08-01,2532.87
2017-08-02,2531.1
2017-08-03,2531.82
2017-08-04,2533.94
2017-08-07,2535.71
2017-08-08,2538.32
2017-08-09,2546.78
2017-08-10,2542.7
2017-08-11,2541.05
2017-08-14,2545.48
2017-08-15,2546.71
2017-08-16,2547.32
2017-08-18,2552.28
2017-08-21,2551.91
2017-08-22,2556.61
2017-08-23,2561.24
2017-08-24,2562.15
2017-08-25,2567.6
2017-08-28,2575.47
2017-08-29,2578.11
2017-08-30,2590.35
2017-08-31,2603.94
2017-09-04,2604.4
2017-09-05,2616.99
2017-09-06,2626.2
2017-09-07,2624.07
2017-09-08,2642.78
2017-09-11,2656.4
2017-09-12,2636.2
2017-09-13,2634.82
2017-09-14,2626.45
2017-09-15,2620.32
2017-09-18,2631.54
2017-09-19,2631.17
2017-09-20,2633.58
2017-09-22,2644.39
2017-09-25,2671.12
2017-09-26,2647.06
2017-09-27,2633.73
2017-09-28,2623.6
2017-09-29,2648.79
2017-10-02,2639.53
2017-10-03,2627.86
2017-10-04,2629.72
2017-10-05,2627.52
2017-10-06,2620.58
2017-10-09,2615.2
2017-10-10,2610.93
2017-10-11,2610.04
2017-10-12,2613.14
2017-10-13,2618.63
2017-10-16,2624.13
2017-10-17,2620.02
2017-10-18,2619.13
2017-10-19,2618.03
2017-10-20,2613.89
2017-10-23,2601.16
2017-10-24,2597.96
2017-10-25,2576.7
2017-10-26,2571.14
2017-10-27,2579.62
2017-10-30,2579.96
2017-10-31,2582.76
2017-11-01,2597.3
2017-11-02,2609.72
2017-11-03,2626.19
2017-11-06,2624.33
2017-11-07,2632.75
2017-11-08,2631.83
2017-11-09,2631.37
2017-11-10,2631.94
2017-11-13,2626.75
2017-11-14,2627.27
2017-11-15,2628.03
2017-11-16,2628.53
2017-11-17,2635.65
2017-11-20,2637.83
2017-11-21,2641.73
2017-11-22,2644.67
2017-11-23,2647.41
2017-11-24,2648.38
2017-11-27,2646.16
2017-11-28,2644.13
2017-11-29,2655.58
2017-11-30,2655.63
2017-12-04,2654.36
2017-12-05,2658.54
2017-12-06,2658.28
2017-12-07,2655.15
2017-12-08,2654.83
2017-12-11,2659.05
2017-12-12,2661.96
2017-12-13,2660.72
2017-12-14,2661.85
2017-12-15,2664.16
2017-12-18,2665.23
2017-12-19,2666.04
2017-12-20,2667.7
2017-12-21,2681.33
2017-12-22,2683.22
2017-12-27,2685.67
2017-12-28,2692.75
2017-12-29,2698.75
2018-01-02,2703
2018-01-03,2710.96
2018-01-04,2726.27
2018-01-05,2729.54
2018-01-08,2743.18
2018-01-09,2739.76
2018-01-10,2722.3
2018-01-11,2722.35
2018-01-12,2735.54
2018-01-15,2733.9
2018-01-16,2744.4
2018-01-17,2739.57
2018-01-18,2740.4
2018-01-19,2737.86
2018-01-22,2733.74
2018-01-23,2727.65
2018-01-24,2721.53
2018-01-25,2724.01
2018-01-26,2719.82
2018-01-29,2697.59
2018-01-30,2690.48
2018-01-31,2708.74
2018-02-01,2718.72
2018-02-02,2715.39
2018-02-05,2701.09
2018-02-06,2694.67
2018-02-07,2694.76
2018-02-08,2694.53
2018-02-09,2693.34
2018-02-12,2688.82
2018-02-13,2684.28
2018-02-14,2682.26
2018-02-15,2677.77
2018-02-19,2672.25
2018-02-20,2675.62
2018-02-21,2677.36
2018-02-22,2654.89
2018-02-23,2661.37
2018-02-26,2671.74
2018-02-27,2667.41
2018-02-28,2647.09
2018-03-01,2649.78
2018-03-02,2652.79
2018-03-05,2657.07
2018-03-06,2643.43
2018-03-07,2639.65
2018-03-08,2634.56
2018-03-09,2627.2
2018-03-12,2623.86
2018-03-13,2642.96
2018-03-14,2658.36
2018-03-15,2658.85
2018-03-16,2652
2018-03-19,2656.31
2018-03-20,2653.51
2018-03-21,2650.74
2018-03-22,2648.89
2018-03-23,2634.81
2018-03-26,2639.76
2018-03-27,2643.29
2018-03-28,2653.65
2018-03-29,2671.9
2018-04-02,2680.17
2018-04-03,2683.81
2018-04-04,2687.54
2018-04-05,2694.11
2018-04-06,2687.11
2018-04-09,2685.66
2018-04-10,2692.83
2018-04-11,2697.35
2018-04-12,2692.2
2018-04-13,2696.89
2018-04-16,2689.72
2018-04-17,2685.7
2018-04-18,2684.48
2018-04-19,2675.73
2018-04-20,2662.69
2018-04-23,2653.95
2018-04-24,2639.57
2018-04-25,2628.3
2018-04-26,2611.65
2018-04-27,2625.4
2018-04-30,2642.81
2018-05-02,2627.4
2018-05-03,2634.83
2018-05-04,2636.09
2018-05-07,2618.78
2018-05-08,2589.57
2018-05-09,2573.51
2018-05-11,2591.23
2018-05-14,2604.48
2018-05-15,2606.07
2018-05-16,2589.95
2018-05-17,2584.38
2018-05-18,2564.66
2018-05-21,2534.47
2018-05-22,2529.59
2018-05-23,2514.41
2018-05-24,2521.16
2018-05-25,2539.74
2018-05-28,2583.62
2018-05-30,2587.08
2018-05-31,2622.2
2018-06-04,2628.67
2018-06-05,2620.09
2018-06-06,2603.94
2018-06-07,2615.88
2018-06-08,2593.97
2018-06-20,2599.28
2018-06-21,2557.78
2018-06-22,2547.17
2018-06-25,2538.86
2018-06-26,2516.94
2018-06-27,2517.38
2018-06-28,2482.4
2018-06-29,2503.71
2018-07-02,2502.32
2018-07-03,2492.27
2018-07-04,2504.48
2018-07-05,2510.28
2018-07-06,2524.55
2018-07-09,2549.75
2018-07-10,2570.93
2018-07-11,2558.83
2018-07-12,2548.71
2018-07-13,2553.69
2018-07-16,2551.84
2018-07-17,2547.5
2018-07-18,2540.87
2018-07-19,2523.84
2018-07-20,2511.72
2018-07-23,2516.28
2018-07-24,2513.43
2018-07-25,2517.75
2018-07-26,2520.28
2018-07-27,2521.9
2018-07-30,2522.62
2018-07-31,2525.36
2018-08-01,2531.12
2018-08-02,2529.5
2018-08-03,2524.32
2018-08-06,2522.94
2018-08-07,2526.92
2018-08-08,2541.71
2018-08-09,2555.65
2018-08-10,2550.43
2018-08-13,2524.33
2018-08-14,2505.65
2018-08-15,2505.07
2018-08-16,2505.71
2018-08-20,2518.85
2018-08-21,2525.92
2018-08-23,2521.18
2018-08-24,2519.16
2018-08-27,2521.04
2018-08-28,2522.63
2018-08-29,2522.49
2018-08-30,2514.7
2018-08-31,2492.98
2018-09-03,2468.85
2018-09-04,2455.85
2018-09-05,2428.38
2018-09-06,2424.25
2018-09-07,2430.68
2018-09-10,2423.66
2018-09-12,2415.26
2018-09-13,2419.89
2018-09-14,2438.75
2018-09-17,2437.05
2018-09-18,2440.37
2018-09-19,2459.64
2018-09-20,2466.16
2018-09-21,2478.97
2018-09-24,2479.2
2018-09-25,2475.54
2018-09-26,2478.58
2018-09-27,2485.44
2018-09-28,2495.86
2018-10-01,2511.17
2018-10-02,2499.28
2018-10-03,2490.72
2018-10-04,2472.6
2018-10-05,2476.41
2018-10-08,2463.52
2018-10-09,2453.19
2018-10-10,2452.65
2018-10-11,2440.32
2018-10-12,2424.43
2018-10-15,2413.73
2018-10-16,2409.77
2018-10-17,2434.22
2018-10-18,2438.01
2018-10-19,2434.3
2018-10-22,2435.32
2018-10-23,2434.82
2018-10-24,2445.95
2018-10-25,2440.14
2018-10-26,2439.89
2018-10-29,2441.95
2018-10-30,2444.22
2018-10-31,2450.47
2018-11-01,2457.53
2018-11-02,2478.28
2018-11-05,2486.71
2018-11-06,2496.1
2018-11-07,2507.64
2018-11-08,2529.2
2018-11-09,2520.6
2018-11-12,2514.91
2018-11-13,2509.93
2018-11-14,2520.88
2018-11-15,2522.72
2018-11-16,2530
2018-11-19,2532.6
2018-11-21,2537.38
2018-11-22,2537.43
2018-11-23,2547.51
2018-11-26,2549.24
2018-11-27,2559.56
2018-11-28,2556.25
2018-11-29,2561.43
2018-11-30,2571.8
2018-12-03,2574.25
2018-12-04,2570.64
2018-12-05,2560.29
2018-12-06,2555.58
2018-12-07,2553.7
2018-12-10,2532.15
2018-12-11,2520.42
2018-12-12,2529.44
2018-12-13,2545.12
2018-12-14,2543.26
2018-12-17,2535.32
2018-12-18,2538.35
2018-12-19,2555.55
2018-12-20,2556.78
2018-12-21,2564.35
2018-12-26,2566.23
2018-12-27,2568.38
2018-12-28,2568.07
2019-01-02,2565.59
2019-01-03,2557.58
2019-01-04,2563
2019-01-07,2578.34
2019-01-08,2575.85
2019-01-09,2568.89
2019-01-10,2571.65
2019-01-11,2566.4
2019-01-14,2565.09
2019-01-15,2562.64
2019-01-16,2552.02
2019-01-17,2547.99
2019-01-18,2544.52
2019-01-21,2551.64
2019-01-22,2550.61
2019-01-23,2554.16
2019-01-24,2554.26
2019-01-25,2557.88
2019-01-28,2558.08
2019-01-29,2555.94
2019-01-30,2553
2019-01-31,2574.67
2019-02-01,2597.47
2019-02-04,2601.45
2019-02-06,2631.42
2019-02-07,2621.91
2019-02-08,2614.43
2019-02-11,2603.59
2019-02-12,2608.33
2019-02-13,2606.23
2019-02-14,2596.87
2019-02-15,2589.47
2019-02-18,2592.5
2019-02-19,2594.3
2019-02-20,2606.23
2019-02-21,2604.75
2019-02-22,2608.35
2019-02-25,2615.13
2019-02-26,2621.91
2019-02-27,2627.51
2019-02-28,2625.79
2019-03-01,2623
2019-03-04,2621.78
2019-03-05,2619.37
2019-03-06,2617.17
2019-03-08,2610.72
2019-03-11,2612.38
2019-03-12,2623.07
2019-03-13,2625.82
2019-03-14,2633.37
2019-03-15,2641.94
2019-03-18,2652.18
2019-03-19,2651.4
2019-03-20,2658.97
2019-03-21,2682.78
2019-03-22,2674.36
2019-03-25,2667.64
2019-03-26,2674.2
2019-03-27,2670.3
2019-03-28,2661.97
2019-03-29,2669.1
2019-04-01,2674.69
2019-04-02,2673.71
2019-04-04,2678.19
2019-04-05,2681.96
2019-04-08,2674.14
2019-04-09,2667.92
2019-04-10,2666.84
2019-04-11,2665.77
2019-04-12,2664.27
2019-04-15,2671.5
2019-04-16,2680.71
2019-04-18,2687.29
2019-04-22,2678.4
2019-04-23,2675.84
2019-04-24,2669.47
2019-04-25,2661.48
2019-04-26,2659.1
2019-04-29,2658.02
2019-04-30,2603.95
2019-05-02,2600.06
2019-05-03,2594.11
2019-05-06,2581.29
2019-05-07,2577.48
2019-05-08,2569.69
2019-05-09,2567.14
2019-05-10,2574.57
2019-05-13,2571.11
2019-05-14,2564.12
2019-05-15,2576.84
2019-05-16,2577.2
2019-05-17,2571.89
2019-05-20,2566.92
2019-05-21,2565.51
2019-05-22,2565.57
2019-05-23,2588.17
2019-05-24,2597.36
2019-05-27,2604.12
2019-05-28,2591.15
2019-05-29,2578.73
2019-05-31,2602.15
2019-06-10,2635.13
2019-06-11,2645.76
2019-06-12,2645.38
2019-06-13,2659.19
2019-06-14,2654.45
2019-06-17,2660.33
2019-06-18,2664.64
2019-06-19,2681.25
2019-06-20,2704.4
2019-06-21,2698.94
2019-06-24,2696.32
2019-06-25,2707.1
2019-06-26,2707.37
2019-06-27,2713.47
2019-06-28,2720.94
2019-07-01,2720.57
2019-07-02,2721.58
2019-07-03,2740.73
2019-07-04,2751.8
2019-07-05,2755.67
2019-07-08,2752.7
2019-07-09,2747.06
2019-07-10,2740.62
2019-07-11,2756.48
2019-07-12,2754.56
2019-07-15,2776.64
2019-07-16,2777.15
2019-07-17,2773.67
2019-07-18,2774.4
2019-07-19,2777.77
2019-07-22,2786.55
2019-07-23,2789.59
2019-07-24,2789.25
2019-07-25,2805.05
2019-07-26,2801.86
2019-07-29,2793.76
2019-07-30,2786.02
2019-07-31,2776.24
2019-08-01,2758.37
2019-08-02,2738.31
2019-08-05,2725.2
2019-08-06,2728.6
2019-08-07,2753.65
2019-08-08,2788.33
2019-08-09,2790.34
2019-08-12,2787.15
2019-08-13,2766.67
2019-08-14,2776.52
2019-08-15,2771.89
2019-08-16,2785.01
2019-08-19,2798.83
2019-08-20,2792.67
2019-08-21,2804.97
2019-08-22,2813.82
2019-08-23,2811.49
2019-08-26,2807.22
2019-08-27,2802.69
2019-08-28,2794.33
2019-08-29,2787.52
2019-08-30,2795.87
2019-09-02,2799.54
2019-09-03,2797.15
2019-09-04,2801.01
2019-09-05,2805.85
2019-09-06,2803.73
2019-09-09,2815.85
2019-09-10,2818.29
2019-09-11,2812.99
2019-09-12,2820.76
2019-09-13,2836.33
2019-09-16,2821.7
2019-09-17,2822.85
2019-09-18,2826.43
2019-09-19,2824.68
2019-09-20,2826.08
2019-09-23,2824.73
2019-09-24,2815.08
2019-09-25,2810.65
2019-09-26,2813.6
2019-09-27,2815.73
2019-09-30,2820.84
2019-10-01,2821.29
2019-10-02,2824.45
2019-10-03,2824.99
2019-10-04,2829.54
2019-10-07,2828.61
2019-10-08,2827.77
2019-10-09,2824.81
2019-10-10,2822.34
2019-10-11,2828.64
2019-10-14,2839.54
2019-10-15,2842.34
2019-10-16,2845.87
2019-10-17,2849.76
2019-10-18,2850.86
2019-10-21,2857.59
2019-10-22,2801.35
2019-10-23,2805.95
2019-10-24,2806.65
2019-10-25,2809.65
2019-10-28,2816.86
2019-10-29,2818.04
2019-10-30,2820.04
2019-10-31,2824.5
2019-11-01,2821.03
2019-11-04,2827.49
2019-11-05,2829.56
2019-11-06,2827.56
2019-11-07,2833.5
2019-11-08,2846.86
2019-11-11,2840.39
2019-11-12,2833.88
2019-11-13,2827.36
2019-11-14,2827.86
2019-11-15,2837.01
2019-11-18,2834.8
2019-11-19,2835.99
2019-11-20,2834.24
2019-11-21,2826.48
2019-11-22,2829.13
2019-11-25,2832
2019-11-26,2830.55
2019-11-27,2827.56
2019-11-28,2786.84
2019-11-29,2784.96
2019-12-02,2775.47
2019-12-03,2771.48
2019-12-04,2770.97
2019-12-05,2781.25
2019-12-06,2783.98
2019-12-09,2784.24
2019-12-10,2786.38
2019-12-11,2780.57
2019-12-12,2762.59
2019-12-13,2764.34
2019-12-16,2753.71
2019-12-17,2741.79
2019-12-18,2748.56
2019-12-19,2762.55
2019-12-20,2776.88
2019-12-23,2786.19
2019-12-26,2789.97
2019-12-27,2793.67
2019-12-30,2788.5
2020-01-02,2800.83
2020-01-03,2797.55
2020-01-06,2791.84
2020-01-07,2797.98
2020-01-08,2799.75
2020-01-09,2808.24
2020-01-10,2818.3
2020-01-13,2824.98
2020-01-14,2822.95
2020-01-15,2823.39
2020-01-16,2826.77
2020-01-17,2827.95
2020-01-20,2833.04
2020-01-21,2840.01
2020-01-22,2852.4
2020-01-23,2860.14
2020-01-24,2869.49
2020-01-27,2862.12
2020-01-28,2852.96
2020-01-29,2858.76
2020-01-30,2858.21
2020-01-31,2850.19
2020-02-03,2897.23
2020-02-04,2897.15
2020-02-05,2937.48
2020-02-06,2937.31
2020-02-07,2936.97
2020-02-10,2888.48
2020-02-11,2888.12
2020-02-12,2887.77
2020-02-13,2886.09
2020-02-14,2887.09
2020-02-17,2886.06
2020-02-18,2885.72
2020-02-19,2885.38
2020-02-20,2856.89
2020-02-21,2856.91
2020-02-24,2855.04
2020-02-25,2854.88
2020-02-26,2846.48
2020-02-27,2829.1
2020-02-28,2799.23
2020-03-02,2795.05
2020-03-03,2817.17
2020-03-04,2879.71
2020-03-05,2878.83
2020-03-06,2842.01
2020-03-09,2796.02
2020-03-10,2810.71
2020-03-11,2815.81
2020-03-12,2777.56
2020-03-13,2746.07
2020-03-16,2758.88
2020-03-17,2745.18
2020-03-18,2730.18
2020-03-19,2649.94
2020-03-20,2645.86
2020-03-23,2632.22
2020-03-24,2617.91
2020-03-26,2656.88
2020-03-27,2684.29
2020-03-30,2653.48
2020-03-31,2653.69
2020-04-01,2642.93
2020-04-02,2630.04
2020-04-03,2634.66
2020-04-06,2628.73
2020-04-07,2623.23
2020-04-08,2628.23
2020-04-09,2645.46
2020-04-13,2651.06
2020-04-14,2650.03
2020-04-15,2674.39
2020-04-16,2655.81
2020-04-17,2670.05
2020-04-20,2689.89
2020-04-21,2690.56
2020-04-22,2687.07
2020-04-23,2689.5
2020-04-24,2687.7
2020-04-27,2670.68
2020-04-28,2662.95
2020-04-29,2664.98
2020-04-30,2689.83
2020-05-04,2668.79
2020-05-05,2664.25
2020-05-06,2655.81
2020-05-08,2659.32
2020-05-11,2663.7
2020-05-12,2673.54
2020-05-13,2687.23
2020-05-14,2693.91
2020-05-15,2702.5
2020-05-18,2717.2
2020-05-19,2728.51
2020-05-20,2746.05
2020-05-26,2759.27
2020-05-27,2779.74
2020-05-28,2763.76
2020-05-29,2766.29
2020-06-02,2792.45
2020-06-03,2825.39
2020-06-04,2810.27
2020-06-05,2802
2020-06-08,2785.14
2020-06-09,2786.46
2020-06-10,2783.77
2020-06-11,2797.29
2020-06-12,2788.53
2020-06-15,2788.6
2020-06-16,2802.2
2020-06-17,2800.56
2020-06-18,2800.15
2020-06-19,2798.68
2020-06-22,2802.64
2020-06-23,2802.9
2020-06-24,2817.09
2020-06-25,2808.82
2020-06-26,2809
2020-06-29,2803.72
2020-06-30,2807.93
2020-07-01,2805.69
2020-07-02,2806.38
2020-07-03,2806.38
2020-07-06,2806.75
2020-07-07,2820.28
2020-07-08,2824.41
2020-07-09,2828.31
2020-07-10,2831.44
2020-07-13,2833.4
2020-07-14,2832.78
2020-07-15,2837.09
2020-07-16,2844.83
2020-07-17,2839.5
2020-07-20,2839.84
2020-07-21,2847.52
2020-07-22,2867.19
2020-07-23,2885.39
2020-07-24,2881.35
2020-07-27,2881.99
2020-07-28,2891.57
2020-07-29,2891.39
2020-07-30,2896.16
2020-08-03,2892.29
2020-08-04,2894.51
2020-08-05,2902.52
2020-08-06,2905.15
2020-08-07,2902.96
2020-08-10,2905.31
2020-08-11,2911.8
2020-08-12,2917.28
2020-08-13,2912.24
2020-08-14,2913.13
2020-08-18,2921.04
2020-08-19,2926.61
2020-08-24,2928.52
2020-08-25,2929.4
2020-08-26,2919.67
2020-08-27,2914.75
2020-08-28,2902.56
2020-08-31,2905.99
2020-09-01,2907.67
2020-09-02,2897.5
2020-09-03,2895.72
2020-09-04,2896.68
2020-09-07,2901.14
2020-09-08,2905.23
2020-09-09,2901.93
2020-09-10,2894.92
2020-09-11,2894.87
2020-09-14,2899.2
2020-09-15,2901.54
2020-09-16,2900.75
2020-09-17,2899.84
2020-09-18,2905.21
2020-09-21,2907.86
2020-09-22,2901.88
2020-09-23,2901.57
2020-09-24,2900.71
2020-09-25,2900.64
2020-09-28,2903.19
2020-09-29,2901.03
2020-09-30,2878.44
2020-10-01,2885.92
2020-10-02,2884.66
2020-10-05,2888.27
2020-10-06,2892.81
2020-10-07,2887.79
2020-10-08,2890.47
2020-10-09,2888.46
2020-10-12,2892.69
2020-10-13,2895.18
2020-10-14,2899.43
2020-10-15,2910.59
2020-10-16,2918.87
2020-10-19,2926.27
2020-10-20,2932.85
2020-10-21,2942.86
2020-10-22,2939.18
2020-10-23,2920.68
2020-10-26,2923.88
2020-10-27,2924.21
2020-11-02,2924.69
2020-11-03,2928.07
2020-11-04,2923.87
2020-11-05,2948.66
2020-11-06,2975.97
2020-11-09,2994.63
2020-11-10,2980.7
2020-11-11,2978.45
2020-11-12,2974.73
2020-11-13,2983.38
2020-11-16,2995.17
2020-11-17,3013.25
2020-11-18,3010.23
2020-11-19,3011.26
2020-11-20,3005.75
2020-11-23,3007.3
2020-11-24,3011.55
2020-11-25,3017.96
2020-11-26,3024.17
2020-11-27,2926.52
2020-11-30,2949.69
2020-12-01,2955.29
2020-12-02,2956.11
2020-12-03,2951.53
2020-12-04,2956.36
2020-12-07,2960.59
2020-12-08,2961.05
2020-12-10,2964.89
2020-12-11,2974.65
2020-12-14,2980.42
2020-12-15,2987.03
2020-12-16,3012.19
2020-12-17,3032.05
2020-12-18,3027.89
2020-12-21,3008.2
2020-12-22,2998.97
2020-12-23,3009.47
2020-12-28,3020.71
2020-12-29,2903
2020-12-30,2893.67
2021-01-04,2891.77
2021-01-05,2882.24
2021-01-06,2873.96
2021-01-07,2867.83
2021-01-08,2847.49
2021-01-11,2836.24
2021-01-12,2829.46
2021-01-13,2828.49
2021-01-14,2826.63
2021-01-15,2827.61
2021-01-18,2826.78
2021-01-19,2820.13
2021-01-20,2811.16
2021-01-21,2811.15
2021-01-22,2812.73
2021-01-25,2813.42
2021-01-26,2815.28
2021-01-27,2818.86
2021-01-28,2821.73
2021-01-29,2827.74
2021-02-01,2839.06
2021-02-02,2849.04
2021-02-03,2853.16
2021-02-04,2849.74
2021-02-05,2848.3
2021-02-08,2844.51
2021-02-09,2840.18
2021-02-10,2838
2021-02-11,2842.63
2021-02-15,2839.25
2021-02-16,2835.05
2021-02-17,2817.88
2021-02-18,2804.44
2021-02-19,2788.34
2021-02-22,2772.4
2021-02-23,2773.13
2021-02-24,2791.57
2021-02-25,2765.34
2021-02-26,2740.25
2021-03-01,2746.31
2021-03-02,2747.7
2021-03-03,2755.5
2021-03-04,2750.11
2021-03-05,2734.8
2021-03-08,2717.27
2021-03-09,2708.41
2021-03-10,2713.89
2021-03-12,2722.19
2021-03-15,2716.81
2021-03-16,2719.04
2021-03-17,2723.26
2021-03-18,2725.59
2021-03-19,2718.86
2021-03-22,2723.85
2021-03-23,2731.53
2021-03-24,2744.84
2021-03-25,2730.25
2021-03-26,2730.63
2021-03-29,2728.95
2021-03-30,2721.03
2021-03-31,2720.35
2021-04-01,2731.26
2021-04-05,2741.19
2021-04-06,2750.59
2021-04-07,2766.14
2021-04-08,2766.3
2021-04-09,2768.53
2021-04-12,2758.5
2021-04-13,2752.17
2021-04-14,2747.88
2021-04-15,2746.03
2021-04-16,2759.15
2021-04-19,2765.34
2021-04-20,2771.5
2021-04-21,2769.99
2021-04-22,2773.58
2021-04-23,2771.57
2021-04-26,2772.92
2021-04-27,2771.14
2021-04-28,2764.08
2021-04-29,2762.42
2021-04-30,2764.94
2021-05-03,2765.5
2021-05-04,2769.92
2021-05-05,2770.35
2021-05-06,2774.09
2021-05-07,2776
2021-05-10,2780.08
2021-05-11,2778.77
2021-05-17,2775.86
2021-05-18,2774.87
2021-05-19,2775.2
2021-05-20,2770.94
2021-05-21,2776.16
2021-05-24,2780.4
2021-05-25,2779.56
2021-05-27,2780.95
2021-05-28,2775.77
2021-05-31,2780.28
2021-06-02,2785.6
2021-06-03,2792.78
2021-06-04,2788.85
2021-06-07,2793.16
2021-06-08,2794.3
2021-06-09,2799.33
2021-06-10,2805.46
2021-06-11,2812.87
2021-06-14,2809.15
2021-06-15,2806.39
2021-06-16,2804.87
2021-06-17,2797.36
2021-06-18,2787.61
2021-06-21,2776.33
2021-06-22,2778.27
2021-06-23,2774.55
2021-06-24,2781.68
2021-06-25,2786.4
2021-06-28,2678.49
2021-06-29,2672.91
2021-06-30,2671.37
2021-07-01,2672.75
2021-07-02,2672.21
2021-07-05,2675.37
2021-07-06,2676.91
2021-07-07,2680.92
2021-07-08,2681.67
2021-07-09,2678.24
2021-07-12,2679.12
2021-07-13,2684.07
2021-07-14,2690.52
2021-07-15,2699.72
2021-07-16,2701.71
2021-07-19,2707.44
2021-07-21,2710.56
2021-07-22,2710.97
2021-07-23,2709.58
2021-07-26,2709.61
2021-07-27,2710.47
2021-07-28,2712.08
2021-07-29,2715.32
2021-07-30,2716.61
2021-08-02,2720.02
2021-08-03,2723.93
2021-08-04,2727
2021-08-05,2725.8
2021-08-06,2722.43
2021-08-09,2720.14
2021-08-10,2715.85
2021-08-12,2713.49
2021-08-13,2711.13
2021-08-16,2713
2021-08-18,2717.35
2021-08-19,2717.63
2021-08-20,2714.31
2021-08-23,2715.46
2021-08-24,2726.78
2021-08-25,2742.23
2021-08-26,2746.17
2021-08-27,2743.02
2021-08-30,2748.63
2021-08-31,2753.55
2021-09-01,2752.58
2021-09-02,2749.33
2021-09-03,2750.48
2021-09-06,2752.69
2021-09-07,2752.26
2021-09-08,2747.41
2021-09-09,2746.05
2021-09-10,2750.54
2021-09-13,2751.66
2021-09-14,2753.1
2021-09-15,2758.09
2021-09-16,2755.93
2021-09-17,2755
2021-09-20,2754.38
2021-09-21,2746.35
2021-09-22,2745.22
2021-09-23,2749.4
2021-09-24,2743.83
2021-09-27,2744.47
2021-09-28,2742.02
2021-09-29,2737.69
2021-09-30,2733.33
2021-10-01,2734.63
2021-10-04,2734.94
2021-10-05,2737.9
2021-10-06,2736.67
2021-10-07,2732.7
2021-10-08,2729.1
2021-10-11,2727.95
2021-10-12,2729.41
2021-10-13,2730.56
2021-10-14,2740.27
2021-10-15,2747.72
2021-10-18,2745.55
2021-10-19,2749.61
2021-10-21,2747.33
2021-10-22,2750.62
2021-10-25,2752.91
2021-10-26,2757.53
2021-10-27,2756.86
2021-10-28,2755.12
2021-10-29,2754.62
2021-11-01,2751.78
2021-11-02,2747.65
2021-11-03,2750.28
2021-11-04,2750.24
2021-11-05,2754.68
2021-11-08,2762.29
2021-11-09,2764.94
2021-11-10,2764.51
2021-11-11,2762.06
2021-11-12,2761.31
2021-11-15,2763.7
2021-11-16,2766.39
2021-11-17,2765.38
2021-11-18,2766.21
2021-11-19,2766.78
2021-11-22,2767.41
2021-11-23,2767.06
2021-11-24,2767.13
2021-11-25,2767.83
2021-11-26,2763.26
2021-11-29,2756.07
2021-11-30,2756.36
2021-12-01,2746.47
2021-12-02,2739.36
2021-12-03,2732.22
2021-12-06,2727.47
2021-12-07,2731.41
2021-12-08,2739.98
2021-12-09,2747.7
2021-12-10,2745.11
2021-12-13,2744.73
2021-12-14,2738.02
2021-12-15,2734.55
2021-12-16,2730.76
2021-12-17,2731.28
2021-12-20,2697.16
2021-12-21,2700.21
2021-12-22,2706.02
2021-12-23,2706.9
2021-12-24,2709.02
2021-12-27,2710.36
2021-12-28,2709.84
2021-12-29,2708.96
2021-12-30,2710.12
2022-01-03,2705.89
2022-01-04,2705.45
2022-01-05,2703.38
2022-01-06,2695.77
2022-01-07,2689.04
2022-01-10,2688.61
2022-01-11,2690.4
2022-01-12,2694.62
2022-01-13,2693.23
2022-01-14,2697.47
2022-01-17,2699.96
2022-01-18,2699.08
2022-01-19,2696.72
2022-01-20,2698.28
2022-01-21,2695.56
2022-01-24,2697.61
2022-01-25,2697.74
2022-01-26,2696.72
2022-01-27,2691.18
2022-01-28,2695.36
2022-01-31,2700.78
2022-02-02,2701.78
2022-02-03,2702.93
2022-02-04,2700.5
2022-02-07,2698.24
2022-02-08,2698.58
2022-02-09,2701.7
2022-02-10,2702.8
2022-02-11,2701.12
2022-02-14,2701.32
2022-02-15,2703.54
2022-02-16,2704.77
2022-02-17,2707.34
2022-02-18,2707.74
2022-02-21,2709.18
2022-02-22,2710.55
2022-02-23,2711
2022-02-24,2710.65
2022-02-25,2710.69
2022-03-01,2711.82
2022-03-02,2707.3
2022-03-04,2699.33
2022-03-07,2685.74
2022-03-08,2680.31
2022-03-09,2666.8
2022-03-10,2675.98
2022-03-11,2680.46
2022-03-14,2683.34
2022-03-15,2678.82
2022-03-16,2678.21
2022-03-17,2681.42
2022-03-18,2678.91
2022-03-21,2682.24
2022-03-22,2680.05
2022-03-23,2682.01
2022-03-24,2684.32
2022-03-25,2687.33
2022-03-28,2684.98
2022-03-29,2679.98
2022-03-30,2681.75
2022-03-31,2683.49
2022-04-01,2682.17
2022-04-04,2683
2022-04-05,2686.81
2022-04-06,2684.3
2022-04-07,2685.73
2022-04-08,2685.57
2022-04-11,2678.79
2022-04-12,2675.81
2022-04-13,2674.64
2022-04-14,2672
2022-04-18,2670.92
2022-04-19,2667.88
2022-04-20,2664.01
2022-04-21,2664.47
2022-04-22,2660.02
2022-04-25,2653.93
2022-04-26,2654.01
2022-04-27,2655.84
2022-04-28,2653.35
2022-05-09,2629.3
2022-05-10,2599.2
2022-05-11,2587.99
2022-05-12,2589.16
2022-05-13,2590.09
2022-05-17,2592.57
2022-05-18,2595.7
2022-05-19,2599.5
2022-05-20,2615.47
2022-05-23,2623.52
2022-05-24,2624.67
2022-05-25,2630.33
2022-05-27,2647.7
2022-05-30,2646.78
2022-05-31,2643.98
2022-06-02,2650.08
2022-06-03,2663.6
2022-06-06,2665.98
2022-06-07,2663.55
2022-06-08,2659.95
2022-06-09,2649.23
2022-06-10,2646.36
2022-06-13,2638.83
2022-06-14,2616.06
2022-06-15,2615.41
2022-06-16,2626.06
2022-06-17,2620.68
2022-06-20,2619.41
2022-06-21,2617.9
2022-06-22,2622.56
2022-06-23,2630.58
2022-06-24,2637.91
2022-06-27,2618.23
2022-06-28,2620.79
2022-06-29,2621.8
2022-06-30,2625.48
2022-07-01,2623.12
2022-07-04,2623.85
2022-07-05,2621.08
2022-07-06,2622.77
2022-07-07,2626.74
2022-07-08,2624.1
2022-07-11,2624.85
2022-07-12,2625.3
2022-07-13,2629.11
2022-07-14,2622.54
2022-07-15,2616.18
2022-07-18,2613.97
2022-07-19,2606.71
2022-07-20,2601.27
2022-07-21,2601.48
2022-07-22,2600.78
2022-07-25,2604.26
2022-07-26,2608.93
2022-07-27,2614.66
2022-07-28,2626.03
2022-07-29,2643.19
2022-08-01,2645.88
2022-08-02,2645.03
2022-08-03,2640.5
2022-08-04,2643.53
2022-08-05,2650.41
2022-08-08,2648.35
2022-08-09,2659.11
2022-08-10,2658
2022-08-11,2668.2
2022-08-12,2673.19
2022-08-15,2670.37
2022-08-16,2670.59
2022-08-18,2672.21
2022-08-19,2670.52
2022-08-22,2666.82
2022-08-23,2662.03
2022-08-24,2669.73
2022-08-25,2673.79
2022-08-26,2673.82
2022-08-29,2667.88
2022-08-30,2670.77
2022-08-31,2671.52
2022-09-01,2669.7
2022-09-02,2666.61
2022-09-05,2663.92
2022-09-06,2662.5
2022-09-07,2657.42
2022-09-08,2659.04
2022-09-09,2661.96
2022-09-12,2666.68
2022-09-13,2668.6
2022-09-14,2666.31
2022-09-15,2663.13
2022-09-16,2658.85
2022-09-19,2658.17
2022-09-20,2658.92
2022-09-21,2656.17
2022-09-22,2652.91
2022-09-23,2644.5
2022-09-26,2638.29
2022-09-27,2633.94
2022-09-28,2629
2022-09-29,2632.5
2022-09-30,2630.11
2022-10-03,2634.45
2022-10-04,2640.31
2022-10-05,2649.63
2022-10-06,2646.3
2022-10-07,2643.23
2022-10-10,2641.6
2022-10-11,2638.5
2022-10-12,2637.55
2022-10-13,2637.75
2022-10-14,2637.13
2022-10-17,2631.36
2022-10-18,2631.27
2022-10-19,2627.87
2022-10-20,2623.35
2022-10-21,2612.58
2022-10-24,2612.68
2022-10-25,2609.91
2022-10-26,2607.24
2022-10-27,2611.02
2022-10-28,2614.37
2022-10-31,2614.84
2022-11-01,2622.72
2022-11-02,2633.51
2022-11-03,2631.17
2022-11-04,2626.83
2022-11-07,2629.97
2022-11-08,2631.32
2022-11-09,2637.63
2022-11-10,2641.74
2022-11-11,2654.83
2022-11-14,2664.35
2022-11-15,2672.77
2022-11-16,2675.65
2022-11-17,2675.05
2022-11-18,2675.35
2022-11-21,2673.68
2022-11-22,2676.32
2022-11-23,2686.8
2022-11-24,2698.12
2022-11-25,2701.18
2022-11-28,2702.84
2022-11-29,2705.66
2022-11-30,2713.29
2022-12-01,2725.32
2022-12-02,2728.25
2022-12-05,2724.09
2022-12-06,2720.36
2022-12-07,2717.62
2022-12-08,2718.05
2022-12-09,2721.52
2022-12-12,2722.9
2022-12-13,2722.54
2022-12-14,2725.5
2022-12-15,2728.01
2022-12-16,2728.72
2022-12-19,2730.89
2022-12-20,2731
2022-12-21,2730.27
2022-12-22,2732.02
2022-12-23,2732.55
2022-12-26,2733.77
2022-12-27,2734.98
2022-12-28,2735.29
2022-12-29,2735.58
2022-12-30,2735.1
2023-01-02,2736.04
2023-01-03,2730.73
2023-01-04,2731.48
2023-01-05,2735.16
2023-01-06,2736.86
2023-01-09,2742.08
2023-01-10,2750.55
2023-01-11,2758.16
2023-01-12,2769.31
2023-01-13,2772.86
2023-01-16,2771.18
2023-01-17,2769.69
2023-01-18,2772.36
2023-01-19,2780.04
2023-01-20,2777.44
2023-01-24,2713.94
2023-01-25,2709.82
2023-01-26,2709.18
2023-01-27,2708.41
2023-01-30,2709.08
2023-01-31,2713.16
2023-02-01,2714.41
2023-02-02,2721.55
2023-02-03,2724.88
2023-02-06,2718.33
2023-02-07,2713.47
2023-02-08,2717.7
2023-02-09,2722.37
2023-02-10,2719.35
2023-02-13,2715.74
2023-02-14,2715.08
2023-02-15,2714.32
2023-02-16,2715.21
2023-02-17,2715.75
2023-02-20,2716.66
2023-02-21,2714.01
2023-02-22,2711.01
2023-02-23,2708.26
2023-02-24,2700.61
2023-02-27,2696.87
2023-02-28,2696.12
2023-03-01,2696.4
2023-03-02,2689.09
2023-03-03,2686.9
2023-03-06,2689.05
2023-03-07,2686.49
2023-03-08,2680.02
2023-03-09,2681.3
2023-03-10,2685.02
2023-03-13,2695.46
2023-03-14,2707.99
2023-03-15,2705.46
2023-03-16,2702.43
2023-03-17,2697.56
2023-03-20,2697.28
2023-03-21,2698.22
2023-03-24,2701
2023-03-27,2707.33
2023-03-28,2707.58
2023-03-29,2705.72
2023-03-30,2705.23
2023-03-31,2708.33
2023-04-03,2715.92
2023-04-04,2721.07
2023-04-05,2717.86
2023-04-06,2720.1
2023-04-10,2720.09
2023-04-11,2722.53
2023-04-12,2721.35
2023-04-13,2724.2
2023-04-14,2724.57
2023-04-17,2723.23
2023-04-18,2723.68
2023-04-26,2738.17
2023-04-27,2734.64
2023-04-28,2732.92
2023-05-02,2735.39
2023-05-03,2743.52
2023-05-04,2750.14
2023-05-05,2749.04
2023-05-08,2748.97
2023-05-09,2750.9
2023-05-10,2753.28
2023-05-11,2759.33
2023-05-12,2761.37
2023-05-15,2762.77
2023-05-16,2768.67
2023-05-17,2770.07
2023-05-19,2764.76
2023-05-22,2765.41
2023-05-23,2766.69
2023-05-24,2767.2
2023-05-25,2759.59
2023-05-26,2758.91
2023-05-29,2765.38
2023-05-30,2770.09
2023-05-31,2775.65
2023-06-05,2776.67
2023-06-06,2779.49
2023-06-07,2783.22
2023-06-08,2781.18
2023-06-09,2785.18
2023-06-12,2791.05
2023-06-13,2801.57
2023-06-14,2804.88
2023-06-15,2801.32
2023-06-16,2801.25
2023-06-19,2797.84
2023-06-20,2793.3
2023-06-21,2796.5
2023-06-22,2797.73
2023-06-23,2796.61
2023-06-26,2798.1
2023-06-27,2801.77
2023-07-03,2805.19
2023-07-04,2814.28
2023-07-05,2817.01
2023-07-06,2815.12
2023-07-07,2807.84
2023-07-10,2807.4
2023-07-11,2811.6
2023-07-12,2816.24
2023-07-13,2819.96
2023-07-14,2819.35
2023-07-17,2817.54
2023-07-18,2819
2023-07-20,2819.15
2023-07-21,2817.44
2023-07-24,2817.47
2023-07-25,2818.57
2023-07-26,2815.61
2023-07-27,2818.79
2023-07-28,2813.15
2023-07-31,2816.39
2023-08-01,2818.51
2023-08-02,2816.98
2023-08-03,2814.07
2023-08-04,2810.75
2023-08-07,2810.29
2023-08-08,2811.79
2023-08-09,2812.83
2023-08-10,2815.01
2023-08-11,2813.63
2023-08-14,2810.54
2023-08-15,2807.65
2023-08-16,2804.04
2023-08-18,2794.41
2023-08-21,2784.37
2023-08-22,2771.93
2023-08-23,2776.04
2023-08-24,2782.39
2023-08-25,2784.14
2023-08-28,2793.64
2023-08-29,2803.95
2023-08-30,2808.44
2023-08-31,2810.77
2023-09-01,2813.02
2023-09-04,2815.57
2023-09-05,2809.13
2023-09-06,2799.99
2023-09-07,2796.2
2023-09-08,2797.98
2023-09-11,2793.93
2023-09-12,2786.59
2023-09-13,2784.1
2023-09-14,2782.91
2023-09-15,2776.51
2023-09-18,2771.62
2023-09-19,2767.56
2023-09-20,2758.43
2023-09-21,2760.07
2023-09-22,2765.8
2023-09-25,2766.11
2023-09-26,2753.86
2023-09-27,2755.43
2023-09-29,2751.41
2023-10-02,2743.01
2023-10-03,2731.57
2023-10-04,2716.45
2023-10-05,2721.44
2023-10-06,2721.33
2023-10-09,2720.86
2023-10-10,2727.55
2023-10-11,2738.78
2023-10-12,2748.54
2023-10-13,2750.55
2023-10-16,2756.32
2023-10-17,2749.9
2023-10-18,2743.51
2023-10-19,2731.85
2023-10-20,2710.57
2023-10-23,2696.18
2023-10-24,2694.92
2023-10-25,2701.11
2023-10-26,2693.91
2023-10-27,2707.21
2023-10-30,2713.3
2023-10-31,2713.49
2023-11-01,2717.45
2023-11-02,2731.44
2023-11-03,2751.63
2023-11-06,2768.74
2023-11-07,2761.29
2023-11-08,2760.37
2023-11-09,2761.2
2023-11-10,2753.26
2023-11-13,2751.21
2023-11-14,2749.27
2023-11-15,2770.46
2023-11-16,2780.39
2023-11-17,2793.2
2023-11-20,2797.51
2023-11-21,2795.14
2023-11-22,2790.65
2023-11-23,2794.77
2023-11-24,2795.16
2023-11-27,2789.13
2023-11-28,2793.94
2023-11-29,2803.07
2023-11-30,2800.98
2023-12-01,2802
2023-12-04,2808.27
2023-12-05,2807.98
2023-12-06,2810.21
2023-12-07,2808.87
2023-12-08,2808.45
2023-12-11,2803.28
2023-12-12,2799.2
2023-12-13,2795.7
2023-12-14,2812.95
2023-12-15,2815.42
2023-12-18,2820.06
2023-12-19,2818.99
2023-12-20,2820.4
2023-12-21,2825.03
2023-12-22,2792.94
2023-12-27,2830.21
2023-12-28,2833.16
2023-12-29,2836.26
2024-01-02,2833.42
2024-01-03,2829.32
2024-01-04,2829.2
2024-01-05,2826.43
2024-01-08,2824.56
2024-01-09,2820.68
2024-01-10,2820.37
2024-01-11,2826.73
2024-01-12,2830.68
2024-01-15,2819.14
2024-01-16,2817.38
2024-01-17,2813.46
2024-01-18,2817.58
2024-01-19,2822.81
2024-01-22,2825.51
2024-01-23,2825.11
2024-01-24,2821.84
2024-01-25,2819.03
2024-01-26,2817.19
2024-01-29,2819.85
2024-01-30,2824.38
2024-01-31,2828.87
2024-02-01,2834.08
2024-02-02,2838.08
2024-02-05,2827.16
2024-02-06,2826.18
2024-02-07,2827.54
2024-02-12,2825.55
2024-02-13,2827.33
2024-02-15,2812.71
2024-02-16,2813.79
2024-02-19,2814.69
2024-02-20,2815.73
2024-02-21,2818.52
2024-02-22,2820.39
2024-02-23,2823.7
2024-02-26,2825.69
2024-02-27,2825.92
2024-02-28,2825.75
2024-02-29,2823.34
2024-03-01,2822.76
2024-03-04,2822.84
2024-03-05,2818.44
2024-03-06,2820.59
2024-03-07,2820.03
2024-03-08,2821.44
2024-03-13,2822
2024-03-14,2821.98
2024-03-15,2805.84
2024-03-18,2807.36
2024-03-19,2807.73
2024-03-20,2811.1
2024-03-21,2812.7
2024-03-22,2809.97
2024-03-25,2809.94
2024-03-26,2805.46
2024-03-27,2803.59
2024-03-28,2805.55
2024-04-01,2810.45
2024-04-02,2808.18
2024-04-03,2808.32
2024-04-04,2810.74
2024-04-05,2815.04
2024-04-16,2779.29
2024-04-17,2764.68
2024-04-18,2767.62
2024-04-19,2760.05
2024-04-22,2754.38
2024-04-23,2752.38
2024-04-24,2757.3
2024-04-25,2749.3
2024-04-26,2744.77
2024-04-29,2744.03
2024-04-30,2739.78
2024-05-02,2749.57
2024-05-03,2769.35
2024-05-06,2778.61
2024-05-07,2778.65
2024-05-08,2776.93
2024-05-13,2775.21
2024-05-14,2772.18
2024-05-15,2780.99
2024-05-16,2793.99
2024-05-17,2797.49
2024-05-20,2794.84
2024-05-21,2756.25
2024-05-22,2757.78
2024-05-27,2755.27
2024-05-28,2758.98
2024-05-29,2753.06
2024-05-30,2749.26
2024-05-31,2755.13
2024-06-03,2759.49
2024-06-04,2761.4
2024-06-05,2758.65
2024-06-06,2756.92
2024-06-07,2758.63
2024-06-10,2752
2024-06-11,2744.34
2024-06-12,2744.72
2024-06-13,2746.3
2024-06-14,2733.92
2024-06-19,2723.8
2024-06-20,2720.79
2024-06-21,2719.24
2024-06-24,2721.58
2024-06-25,2724.59
2024-06-26,2725.63
2024-06-27,2725.76
2024-06-28,2734.28
2024-07-01,2733.45
2024-07-02,2730.28
2024-07-03,2729.93
2024-07-04,2731.21
2024-07-05,2735.19
2024-07-08,2740.25
2024-07-09,2736.68
2024-07-10,2737.54
2024-07-11,2741.22
2024-07-12,2748.8
2024-07-15,2736.33
2024-07-16,2738.51
2024-07-17,2744.36
2024-07-18,2743.71
2024-07-19,2741.06
2024-07-22,2737.03
2024-07-23,2734.84
2024-07-24,2736.88
2024-07-25,2738.51
2024-07-26,2740.97
2024-07-29,2747.29
2024-07-30,2748.06
2024-07-31,2752.33
2024-08-01,2762.29
2024-08-02,2765.12
2024-08-05,2771.13
2024-08-06,2767.7
2024-08-07,2769.39
2024-08-08,2775.77
2024-08-09,2779.75
2024-08-12,2778.67
2024-08-13,2783.17
2024-08-14,2789.77
2024-08-15,2786.12
2024-08-16,2787.12
2024-08-19,2793.25
2024-08-20,2796.82
2024-08-21,2802.57
2024-08-22,2799.79
2024-08-23,2800.81
2024-08-26,2808.56
2024-08-27,2805.36
2024-08-28,2806.14
2024-08-29,2808.47
2024-08-30,2806.69
2024-09-02,2807.23
2024-09-03,2804.03
2024-09-04,2801.86
2024-09-05,2805.75
2024-09-06,2808.63
2024-09-09,2808.6
2024-09-10,2810.27
2024-09-11,2814.31
2024-09-12,2813.63
2024-09-13,2816.08
2024-09-17,2812.88
2024-09-18,2813.12
2024-09-19,2818.6
2024-09-20,2834.94
2024-09-23,2832.15
2024-09-24,2832.42
2024-09-25,2833.27
2024-09-26,2827.43
2024-09-27,2828.15
2024-09-30,2827.58
2024-10-01,2822.78
2024-10-02,2819.11
2024-10-03,2812.17
2024-10-04,2804.3
2024-10-07,2790.4
2024-10-08,2789.24
2024-10-09,2796.36
2024-10-10,2800.41
2024-10-11,2803.91
2024-10-14,2804.69
2024-10-15,2803.06
2024-10-16,2806.68
2024-10-17,2806.32
2024-10-18,2805.06
2024-10-21,2807.68
2024-10-22,2797.43
2024-10-23,2784.83
2024-10-24,2788.07
2024-10-25,2792.32
2024-10-28,2781.42
2024-10-29,2774.8
2024-10-30,2776.57
2024-10-31,2784.49
2024-11-01,2785.32
2024-11-04,2786.97
2024-11-05,2791.28
2024-11-06,2783.66
2024-11-07,2788.67
2024-11-08,2797.37
2024-11-11,2800.73
2024-11-12,2789.37
2024-11-13,2777.38
2024-11-14,2771.6
2024-11-15,2747.32
2024-11-18,2752.73
2024-11-19,2755.5
2024-11-20,2752.48
2024-11-21,2750.74
2024-11-22,2746.38
2024-11-25,2746.92
2024-11-26,2742.54
2024-11-28,2746.89
2024-11-29,2753.19
2024-12-02,2749.75
2024-12-03,2749.46
2024-12-04,2747.03
2024-12-05,2747.91
2024-12-06,2746.55
2024-12-09,2746.2
2024-12-10,2744.12
2024-12-11,2747.04
2024-12-12,2744.28
2024-12-13,2741.59
2024-12-16,2740.46
2024-12-17,2737.13
2024-12-18,2707.58
2024-12-19,2706
2024-12-20,2706.19
2024-12-23,2709.18
2024-12-24,2710.33
2024-12-27,2713.61
2024-12-30,2714.22
2025-01-02,2720.04
2025-01-03,2718.98
2025-01-06,2719.96
2025-01-07,2714.65
2025-01-08,2708.83
2025-01-09,2702.06
2025-01-10,2701.37
2025-01-13,2690.45
2025-01-14,2685.73
2025-01-15,2682.2
2025-01-16,2692.41
2025-01-17,2701
2025-01-20,2700.72
2025-01-21,2706.71
2025-01-22,2706.91
2025-01-23,2712.12
2025-01-24,2725.08
2025-01-30,2727.73
2025-01-31,2728.16
2025-02-03,2723.96
2025-02-04,2729.58
2025-02-05,2745.01
2025-02-06,2751.26
2025-02-07,2755.42
2025-02-10,2759.56
2025-02-11,2759.91
2025-02-12,2761.25
2025-02-13,2760.39
2025-02-14,2768.67
2025-02-17,2745.1
2025-02-18,2746.92
2025-02-19,2745.27
2025-02-20,2746.12
2025-02-21,2747.86
2025-02-24,2749.27
2025-02-25,2745.29
2025-02-26,2743.06
2025-02-27,2738.01
2025-02-28,2733.02
2025-03-03,2739.08
2025-03-04,2741.17
2025-03-05,2744.05
2025-03-06,2742.72
2025-03-07,2728.62
2025-03-10,2728.88
2025-03-11,2725.61
2025-03-12,2725.71
2025-03-13,2724.59
2025-03-14,2724.07
2025-03-17,2724.75
2025-03-18,2720.71
2025-03-19,2717.12
2025-03-20,2712
2025-03-21,2706.4
2025-03-24,2696.21
2025-03-25,2690.9
2025-03-26,2696.59
2025-03-27,2706.5
2025-04-08,2704.41
2025-04-09,2699.33
2025-04-10,2707.39
2025-04-11,2703.97
2025-04-14,2707.51
2025-04-15,2712.6
2025-04-16,2716.07
2025-04-17,2719.22
2025-04-21,2720.76
2025-04-22,2723.65
2025-04-23,2716.59
2025-04-24,2718
2025-04-25,2724.32
2025-04-28,2724.92
2025-04-29,2728.67
2025-04-30,2735.76
2025-05-02,2734.29
2025-05-05,2735.24
2025-05-06,2737.39
2025-05-07,2738.07
2025-05-08,2741.36
2025-05-09,2741.03
2025-05-14,2740.65
2025-05-15,2738.45
2025-05-16,2744.6
2025-05-19,2747.8
2025-05-20,2749.07
2025-05-21,2750.33
2025-05-22,2749.5
2025-05-23,2752.04
2025-05-26,2755.93
2025-05-27,2753.05
2025-05-28,2752.29
2025-06-02,2755.17
2025-06-03,2754.4
2025-06-04,2757.9
2025-06-05,2764.42
2025-06-10,2766.76
2025-06-11,2769.63
2025-06-12,2774.64
2025-06-13,2772.27
2025-06-16,2771.47
2025-06-17,2773.82
2025-06-18,2773.12
2025-06-19,2757.36
2025-06-20,2754.89
2025-06-23,2750.63
2025-06-24,2758.72
2025-06-25,2764.09
2025-06-26,2754.32
2025-06-30,2754.75
2025-07-01,2759.21
2025-07-02,2759.22
2025-07-03,2760.35
2025-07-04,2764.26
2025-07-07,2767.43
2025-07-08,2766.48
2025-07-09,2766.94
2025-07-10,2771.78
2025-07-11,2771.16
2025-07-14,2771.3
2025-07-15,2774.08
2025-07-16,2775
2025-07-17,2773.3
2025-07-18,2779.12
2025-07-21,2782.85
2025-07-22,2788.26
2025-07-23,2788.22
2025-07-24,2786.63
2025-07-25,2785.42
2025-07-28,2785.05
2025-07-29,2782.9
2025-07-30,2784.88
2025-07-31,2781.71
2025-08-01,2780.61
2025-08-04,2788.95
2025-08-05,2791.21
2025-08-06,2791.46
2025-08-07,2796.8
2025-08-08,2803.59
2025-08-11,2802.51
2025-08-12,2805.31
2025-08-13,2808.52
2025-08-14,2814.02
2025-08-15,2810.5
2025-08-19,2811.06
2025-08-20,2815.37
2025-08-21,2821.11
2025-08-22,2817.74
2025-08-25,2823.77
2025-08-26,2826.53
2025-08-27,2828.8
2025-08-28,2831.92
2025-08-29,2826.58
2025-09-01,2821.66
2025-09-02,2827.58
2025-09-03,2825.47
2025-09-04,2824.87
2025-09-08,2832.21
2025-09-09,2816.84
2025-09-10,2824.3
2025-09-11,2829.41
2025-09-12,2839.95
2025-09-15,2840.45
2025-09-16,2844.4
2025-09-17,2852.62
2025-09-18,2851.4
2025-09-19,2849.21
2025-09-22,2844.51
2025-09-23,2844.1
2025-09-24,2838.62
2025-09-25,2831.8
2025-09-26,2831.22
2025-09-29,2839.33
2025-09-30,2834.51
2025-10-01,2839.01
2025-10-02,2844.03
2025-10-03,2843.61
2025-10-06,2848.85
2025-10-07,2853.43
2025-10-08,2857.96
2025-10-09,2865.34
2025-10-10,2865.58
2025-10-13,2865.65
2025-10-14,2870.45
2025-10-15,2874.66
2025-10-16,2883.39
2025-10-17,2868.91
2025-10-20,2866.38
2025-10-21,2870.34
2025-10-22,2868.22
2025-10-23,2864.04
2025-10-24,2863.89
2025-10-27,2865.02
2025-10-28,2865.41
2025-10-29,2865.41
2025-10-30,2858.66
2025-10-31,2856.86
2025-11-03,2851.6
2025-11-04,2846.76
2025-11-05,2848.72
2025-11-06,2847.94
2025-11-07,2851.4
2025-11-10,2853
2025-11-11,2851.88
2025-11-12,2853.29
2025-11-13,2856.99
2025-11-14,2857.96
2025-11-17,2857.73
2025-11-18,2858.82
2025-11-19,2860.82
2025-11-20,2858.58
2025-11-21,2854.91
2025-11-24,2849.42
2025-11-25,2848.86
2025-11-26,2845.21
2025-11-27,2839.92
2025-11-28,2833.47
2025-12-01,2836.73
2025-12-02,2840.2
2025-12-03,2833.59
2025-12-04,2839.9
2025-12-05,2838.04
2025-12-08,2837.01
2025-12-09,2837.08
2025-12-10,2838.4
2025-12-11,2840.52
2025-12-12,2840.78
2025-12-15,2842.88
2025-12-16,2844.39
2025-12-17,2846.35
2025-12-18,2844.15
2025-12-19,2845.73
2025-12-22,2845.52
2025-12-23,2846.75
2025-12-24,2835.6
2025-12-29,2839.99
2025-12-30,2843.77
2026-01-02,2849.3
2026-01-05,2851.16
2026-01-06,2849.28
2026-01-07,2848.89
2026-01-08,2849.19
2026-01-09,2847.95
2026-01-12,2842.54
2026-01-13,2841.76
2026-01-14,2838.64
2026-01-15,2836.12
2026-01-19,2831.87
2026-01-20,2815.52
2026-01-21,2814.93
2026-01-22,2816.67
2026-01-23,2809.32
2026-01-26,2813.49
2026-01-27,2813.96
2026-01-28,2814.15
2026-01-29,2798.59
2026-01-30,2802.1
2026-02-02,2806.91
2026-02-03,2807.81
2026-02-04,2812.78
2026-02-05,2813.13
2026-02-06,2798.46
2026-02-09,2797.84
2026-02-10,2800.26
2026-02-11,2802.99
2026-02-12,2803.84
2026-02-13,2809.61
2026-02-18,2810.78
2026-02-19,2806.38
2026-02-20,2809.17
2026-02-23,2810.53
2026-02-24,2810.56
2026-02-25,2811.07
2026-02-26,2811.97
2026-02-27,2811.6
2026-03-02,2808.04
2026-03-03,2800.47
2026-03-04,2789.2
2026-03-05,2794.27
2026-03-06,2790.79
2026-03-09,2773.24
2026-03-10,2775.84
2026-03-11,2770.31
2026-03-12,2760.82
2026-03-13,2753.6
2026-03-16,2730.57
2026-03-17,2734.29
2026-03-25,2726.88
2026-03-26,2731.28
2026-03-27,2735.71
2026-03-30,2739.38
2026-03-31,2742.02
2026-04-01,2756.27
2026-04-02,2757.69
2026-04-06,2759.21
2026-04-07,2759.67
2026-04-08,2774.56
2026-04-09,2772.77
2026-04-10,2779.81
2026-04-13,2777.82
2026-04-14,2780.86
2026-04-15,2781.58
2026-04-16,2784.68
2026-04-17,2785.7
2026-04-20,2784.27
2026-04-21,2785.75
2026-04-22,2782.46
2026-04-23,2770.68
2026-04-24,2762.78
2026-04-27,2764.12
2026-04-28,2764.95
2026-04-29,2753.63
2026-04-30,2748.72
2026-05-04,2753.9
2026-05-05,2749.18
2026-05-06,2748.53
2026-05-07,2774.37
2026-05-08,2775.32
2026-05-11,2774.95
2026-05-12,2760.25
2026-05-13,2765.44
2026-05-18,2754.68
2026-05-19,2757.09
2026-05-20,2750.81
2026-05-21,2751.85
2026-05-22,2754.36
2026-05-25,2763.28
2026-05-26,2765.18
2026-05-29,2758.66
2026-06-02,2762.1
2026-06-03,2764.22
2026-06-04,2754.68
2026-06-05,2744.58
2026-06-08,2728.19
2026-06-09,2691.73
2026-06-10,2698.82
2026-06-11,2679.98
2026-06-12,2694.97
2026-06-15,2737.36
2026-06-17,2747.46
2026-06-18,2735.28
2026-06-19,2729.55
2026-06-22,2726.51
2026-06-23,2720.87
2026-06-24,2716.38
2026-06-25,2718.34
2026-06-26,2676.62
2026-06-29,2681.59
2026-06-30,2683.5
2026-07-01,2684.41
2026-07-02,2683.36
2026-07-03,2687.17
2026-07-06,2688.57
2026-07-07,2684.91
2026-07-08,2677.35
2026-07-09,2673.5
2026-07-10,2679.06
2026-07-13,2672.16
2026-07-14,2676.51
2026-07-15,2684.05
2026-07-16,2680.12
2026-07-17,2680.47
2026-07-20,2675.5
2026-07-21,2674.03
2026-07-22,2676.35
2026-07-23,2671.83
2026-07-24,2664.14
2026-07-27,2666.12
2026-07-28,2664.78
2026-07-29,2670.86
2026-07-30,2671.14
2026-07-31,2674.74
2026-08-03,2675.36
2026-08-04,2671.68
2026-08-05,2677.83
2026-08-06,2682
2026-08-07,2679.73
2026-08-10,2692.85
2026-08-11,2693.07
2026-08-12,2695.25
2026-08-13,2697.87
2026-08-14,2711.33
2026-08-18,2711.41
2026-08-19,2715.92
2026-08-20,2736.32
2026-08-21,2733.05
2026-08-24,2733.13
2026-08-26,2731.03
2026-08-27,2731.05
2026-08-28,2735.99
2026-08-31,2734.63
2026-09-01,2729.4
2026-09-02,2711.01
2026-09-03,2719.26
2026-09-04,2722.53
2026-09-07,2720.3
2026-09-08,2728.8
2026-09-09,2730.6
2026-09-10,2727.1
2026-09-11,2718.87
2026-09-14,2720.5
2026-09-15,2714.15
2026-09-16,2718.76
2026-09-17,2719.55
2026-09-18,2725.9
2026-09-21,2727.94
2026-09-22,2726.52
2026-09-23,2738.42
2026-09-24,2728.99
2026-09-25,2730.44
2026-09-28,2727
2026-09-29,2717.46
2026-09-30,2723.56
2026-10-01,2727.12
