date,nav
2004-05-13,1000
2004-05-14,1000.02
2004-05-17,1000.07
2004-05-18,1000.33
2004-05-19,1000.6
2004-05-21,1001.14
2004-05-24,1001.94
2004-05-25,1002.2
2004-05-26,1002.47
2004-05-27,1002.74
2004-05-28,1003
2004-05-31,1003.48
2004-06-01,1003.48
2004-06-02,1004.01
2004-06-04,1004.01
2004-06-07,1005.34
2004-06-08,1005.61
2004-06-09,1005.87
2004-06-10,1006.14
2004-06-11,1006.41
2004-06-14,1007.2
2004-06-15,1007.47
2004-06-16,1007.74
2004-06-17,1008
2004-06-18,1008.27
2004-06-21,1009.07
2004-06-22,1009.34
2004-06-23,1009.6
2004-06-24,1009.87
2004-06-25,1010.14
2004-06-28,1010.94
2004-06-29,1011.21
2004-06-30,1011.38
2004-07-01,1011.55
2004-07-02,1011.82
2004-07-05,1011.82
2004-07-06,1012.88
2004-07-07,1012.96
2004-07-08,1013.23
2004-07-09,1013.4
2004-07-12,1014.11
2004-07-13,1014.38
2004-07-14,1014.64
2004-07-15,1014.72
2004-07-16,1014.99
2004-07-19,1015.79
2004-07-20,1015.96
2004-07-21,1016.22
2004-07-22,1016.49
2004-07-23,1016.92
2004-07-26,1017.72
2004-07-27,1017.87
2004-07-28,1018.01
2004-07-29,1018.16
2004-07-30,1018.62
2004-08-02,1018.88
2004-08-03,1019.09
2004-08-04,1019.24
2004-08-05,1019.36
2004-08-06,1019.49
2004-08-09,1019.88
2004-08-10,1020.01
2004-08-11,1020.14
2004-08-12,1020.3
2004-08-13,1020.46
2004-08-16,1020.96
2004-08-18,1021.44
2004-08-19,1022.09
2004-08-20,1022.33
2004-08-23,1023.05
2004-08-24,1023.31
2004-08-25,1023.99
2004-08-26,1024.6801
2004-08-27,1024.9399
2004-08-30,1026.9301
2004-08-31,1026.92
2004-09-01,1026.92
2004-09-02,1027.4301
2004-09-03,1027.6899
2004-09-06,1028.47
2004-09-07,1028.73
2004-09-08,1028.98
2004-09-09,1029.24
2004-09-10,1029.5
2004-09-14,1030.54
2004-09-15,1030.79
2004-09-16,1031.05
2004-09-17,1031.3101
2004-09-20,1031.3101
2004-09-21,1032.34
2004-09-22,1032.6
2004-09-23,1032.86
2004-09-24,1033.12
2004-09-27,1033.91
2004-09-28,1034.16
2004-09-29,1034.42
2004-09-30,1034.6801
2004-10-01,1034.6801
2004-10-04,1027.1801
2004-10-05,1035.97
2004-10-06,1036.23
2004-10-07,1036.49
2004-10-08,1036.74
2004-10-11,1037.52
2004-10-12,1037.77
2004-10-13,1038.03
2004-10-14,1038.3
2004-10-15,1038.54
2004-10-18,1039.3101
2004-10-19,1039.5699
2004-10-20,1039.83
2004-10-21,1040.08
2004-10-22,1040.34
2004-10-25,1041.11
2004-10-26,1041.37
2004-10-27,1041.63
2004-10-28,1041.88
2004-10-29,1042.13
2004-11-01,1042.71
2004-11-02,1043.0601
2004-11-03,1043.46
2004-11-04,1043.84
2004-11-05,1044.75
2004-11-08,1045.78
2004-11-09,1046.47
2004-11-10,1047.02
2004-11-11,1047.39
2004-11-12,1048.4
2004-11-19,1048.4
2004-11-22,1052.42
2004-11-23,1053.54
2004-11-24,1054.54
2004-11-25,1055.38
2004-11-26,1055.84
2004-11-29,1057.11
2004-11-30,1058.13
2004-12-01,1059.48
2004-12-02,1059.4301
2004-12-03,1060
2004-12-06,1060.91
2004-12-07,1060.91
2004-12-08,1062.72
2004-12-09,1062.37
2004-12-10,1062.75
2004-12-13,1062.75
2004-12-14,1064.4301
2004-12-15,1064.85
2004-12-16,1064.85
2004-12-17,1065.35
2004-12-20,1066.8101
2004-12-21,1067.24
2004-12-22,1067.63
2004-12-23,1068.01
2004-12-27,1069.46
2004-12-28,1069.72
2004-12-29,1105.36
2004-12-30,1105.62
2005-01-03,1107.59
2005-01-04,1107.86
2005-01-05,1119.97
2005-01-06,1120.24
2005-01-07,1120.85
2005-01-10,1121.1
2005-01-11,1121.75
2005-01-12,1122.14
2005-01-13,1124.87
2005-01-14,1125.66
2005-01-17,1124.96
2005-01-18,1125.81
2005-01-19,1127.46
2005-01-20,1128.58
2005-01-24,1129.56
2005-01-25,1130.16
2005-01-26,1130.71
2005-01-27,1131.16
2005-01-28,1131.16
2005-01-31,1131.67
2005-02-01,1131.09
2005-02-02,1129.63
2005-02-03,1130.55
2005-02-04,1129.45
2005-02-07,1129.5
2005-02-08,1128.45
2005-02-11,1128.74
2005-02-14,1130.22
2005-02-15,1130.68
2005-02-16,1130.68
2005-02-17,1130.87
2005-02-18,1130.78
2005-02-21,1132.11
2005-02-22,1132.56
2005-02-23,1132.75
2005-02-24,1132.8
2005-02-25,1133.07
2005-02-28,1133.32
2005-03-01,1133.63
2005-03-02,1134.06
2005-03-03,1134
2005-03-04,1134.1
2005-03-07,1135.85
2005-03-08,1135.94
2005-03-09,1135.97
2005-03-10,1136.11
2005-03-14,1136.62
2005-03-15,1136.69
2005-03-16,1136.97
2005-03-17,1138.25
2005-03-18,1138.67
2005-03-21,1139.21
2005-03-22,1139.32
2005-03-23,1139.4
2005-03-24,1139.47
2005-03-28,1140.45
2005-03-29,1140.48
2005-03-30,1140.51
2005-03-31,1140.72
2005-04-01,1140.83
2005-04-04,1140.92
2005-04-05,1139.47
2005-04-06,1139.56
2005-04-07,1139.65
2005-04-08,1139.76
2005-04-11,1139.76
2005-04-12,1139.92
2005-04-13,1140.04
2005-04-14,1140.63
2005-04-15,1140.65
2005-04-18,1140.86
2005-04-19,1141.32
2005-04-20,1141.34
2005-04-21,1141.59
2005-04-25,1141.68
2005-04-26,1142.75
2005-04-27,1143.77
2005-04-28,1143.86
2005-04-29,1141.97
2005-05-02,1139.47
2005-05-03,1140.96
2005-05-04,1141.19
2005-05-06,1141.74
2005-05-09,1142.34
2005-05-10,1142.58
2005-05-11,1146.07
2005-05-12,1146.68
2005-05-13,1146.93
2005-05-16,1147.1
2005-05-17,1147.33
2005-05-18,1147.44
2005-05-19,1147.54
2005-05-20,1147.58
2005-05-23,1148.15
2005-05-25,1149.38
2005-05-26,1149.08
2005-05-27,1150.11
2005-05-30,1150.89
2005-05-31,1150.91
2005-06-01,1150.52
2005-06-02,1151.09
2005-06-03,1151.54
2005-06-06,1151.93
2005-06-07,1152.53
2005-06-08,1153
2005-06-09,1152.53
2005-06-10,1152.78
2005-06-13,1153.81
2005-06-14,1152.85
2005-06-15,1153.59
2005-06-16,1154.01
2005-06-17,1154.19
2005-06-20,1154.05
2005-06-21,1155.04
2005-06-22,1155.51
2005-06-23,1155.68
2005-06-24,1155.9
2005-06-27,1155.93
2005-06-28,1153.1
2005-06-29,1153.94
2005-06-30,1155.44
2005-07-01,1157.14
2005-07-04,1157.82
2005-07-05,1158.15
2005-07-06,1158.3
2005-07-07,1156.17
2005-07-08,1156.34
2005-07-11,1157.2
2005-07-12,1157.16
2005-07-13,1157.23
2005-07-14,1156.63
2005-07-15,1157.29
2005-07-18,1160.46
2005-07-19,1160.47
2005-07-20,1158.22
2005-07-21,1157.82
2005-07-22,1159.21
2005-07-25,1158.52
2005-07-26,1159.12
2005-07-27,1159.63
2005-07-28,1159.69
2005-07-29,1160.05
2005-08-01,1160.3
2005-08-02,1160.51
2005-08-03,1160.84
2005-08-04,1161.06
2005-08-05,1161.29
2005-08-08,1162.09
2005-08-09,1163.2
2005-08-10,1163.57
2005-08-11,1166.35
2005-08-12,1166.29
2005-08-15,1167.18
2005-08-16,1168.15
2005-08-18,1168.97
2005-08-19,1169.93
2005-08-22,1170.87
2005-08-23,1171.28
2005-08-24,1171.65
2005-08-25,1171.71
2005-08-26,1174.24
2005-08-29,1175.64
2005-08-30,1175.86
2005-08-31,1175.86
2005-09-01,1179.92
2005-09-05,1187.38
2005-09-06,1169
2005-09-07,1165.5
2005-09-08,1165.5
2005-09-09,1149.23
2005-09-12,1140.8
2005-09-13,1134.77
2005-09-14,1134.64
2005-09-15,1121.5
2005-09-16,1109.59
2005-09-19,1081.5
2005-09-20,1081.5
2005-09-21,1079.87
2005-09-22,1080.47
2005-09-23,1074.64
2005-09-26,1069.72
2005-09-27,1070.12
2005-09-28,1070.24
2005-09-29,1069.7
2005-09-30,1070.56
2005-10-03,1071.17
2005-10-04,1071.59
2005-10-05,1070.59
2005-10-06,1070.74
2005-10-07,1072.39
2005-10-10,1074.05
2005-10-11,1074.19
2005-10-12,1073.5
2005-10-13,1072.86
2005-10-14,1073.7
2005-10-17,1074.44
2005-10-18,1075.25
2005-10-19,1076.21
2005-10-20,1077.23
2005-10-21,1077.68
2005-10-24,1077.43
2005-10-25,1077.51
2005-10-26,1077.85
2005-10-27,1078.51
2005-10-28,1079.38
2005-10-31,1081.37
2005-11-01,1081.07
2005-11-09,1083.07
2005-11-10,1083.11
2005-11-11,1077.81
2005-11-14,1078.76
2005-11-15,1080.13
2005-11-16,1080.03
2005-11-17,1080.46
2005-11-18,1081.05
2005-11-21,1082.2
2005-11-22,1083.49
2005-11-23,1083.76
2005-11-24,1084.22
2005-11-25,1084.45
2005-11-28,1085.57
2005-11-29,1086.11
2005-11-30,1086.55
2005-12-01,1086.98
2005-12-02,1087.39
2005-12-05,1088.25
2005-12-06,1088.78
2005-12-07,1088.04
2005-12-08,1087.44
2005-12-09,1087.5
2005-12-12,1084.53
2005-12-13,1085.32
2005-12-14,1085.42
2005-12-15,1085.33
2005-12-16,1085.34
2005-12-19,1084.95
2005-12-20,1086.3
2005-12-21,1086.67
2005-12-22,1094.83
2005-12-23,1099.83
2005-12-27,1101.59
2005-12-28,1102.18
2005-12-29,1103.19
2006-01-02,1103.74
2006-01-03,1105.06
2006-01-04,1105.04
2006-01-05,1105.75
2006-01-06,1106.35
2006-01-09,1106.75
2006-01-11,1108.13
2006-01-12,1107.85
2006-01-13,1108.25
2006-01-16,1108.02
2006-01-17,1107.23
2006-01-18,1106.83
2006-01-19,1107.17
2006-01-20,1106.47
2006-01-23,1105.24
2006-01-24,1105.07
2006-01-25,1106.13
2006-01-26,1105.26
2006-01-27,1104.6
2006-01-30,1101.94
2006-02-01,1102.68
2006-02-02,1102.6
2006-02-03,1104.2
2006-02-06,1105.22
2006-02-07,1109.32
2006-02-08,1112.38
2006-02-09,1112.65
2006-02-10,1111.68
2006-02-13,1113.3
2006-02-14,1113.21
2006-02-15,1118.64
2006-02-16,1118.9
2006-02-17,1119.11
2006-02-20,1120.73
2006-02-21,1121.64
2006-02-22,1121
2006-02-23,1120.09
2006-02-24,1118.44
2006-02-26,1122.69
2006-02-27,1122.45
2006-02-28,1124.49
2006-03-01,1124.49
2006-03-02,1125.87
2006-03-03,1126.85
2006-03-06,1130.32
2006-03-07,1129.08
2006-03-08,1127.69
2006-03-09,1127.99
2006-03-10,1131.83
2006-03-13,1133.61
2006-03-14,1134.74
2006-03-15,1135.16
2006-03-16,1138.97
2006-03-17,1142.7
2006-03-20,1146.93
2006-03-21,1145.52
2006-03-22,1144.53
2006-03-23,1145
2006-03-24,1146.19
2006-03-27,1148.03
2006-03-28,1153.34
2006-03-29,1152.46
2006-04-03,1159.78
2006-04-04,1164.68
2006-04-05,1172.72
2006-04-06,1177.76
2006-04-07,1183.92
2006-04-11,1183.92
2006-04-12,1189.33
2006-04-13,1192.43
2006-04-17,1196.89
2006-04-18,1199.27
2006-04-19,1210.53
2006-04-20,1218.9
2006-04-21,1218.74
2006-04-24,1224.68
2006-04-25,1224.44
2006-04-26,1226.44
2006-04-27,1218.81
2006-04-28,1218.82
2006-05-01,1216.01
2006-05-02,1213.93
2006-05-03,1213.93
2006-05-04,1223.18
2006-05-05,1231.22
2006-05-08,1235.51
2006-05-09,1240.95
2006-05-10,1243.77
2006-05-11,1246.27
2006-05-12,1244.16
2006-05-15,1229.02
2006-05-16,1220.19
2006-05-17,1232.49
2006-05-18,1226.3
2006-05-19,1223.14
2006-05-22,1212.22
2006-05-23,1213.43
2006-05-24,1210.92
2006-05-29,1216.29
2006-05-30,1216.23
2006-05-31,1212.72
2006-06-01,1208
2006-06-02,1201.55
2006-06-05,1209.37
2006-06-06,1202.64
2006-06-07,1201.79
2006-06-08,1194.88
2006-06-09,1184.48
2006-06-12,1192.98
2006-06-13,1189.23
2006-06-14,1182.25
2006-06-15,1182.92
2006-06-16,1202.95
2006-06-19,1203.66
2006-06-20,1200.94
2006-06-21,1204.96
2006-06-22,1220.89
2006-06-23,1218.51
2006-06-26,1215.48
2006-06-27,1213.74
2006-06-28,1218.69
2006-06-29,1220.65
2006-06-30,1234.35
2006-07-03,1239.97
2006-07-04,1241.62
2006-07-05,1241.94
2006-07-06,1242.6
2006-07-07,1244.46
2006-07-10,1244.03
2006-07-11,1244.48
2006-07-12,1246.84
2006-07-13,1247.48
2006-07-14,1243.77
2006-07-17,1239.81
2006-07-18,1241.23
2006-07-19,1242.27
2006-07-20,1248.47
2006-07-21,1254.07
2006-07-24,1256.39
2006-07-25,1258.36
2006-07-26,1258.81
2006-07-27,1258.91
2006-07-28,1262.02
2006-07-31,1266.35
2006-08-01,1271.76
2006-08-02,1275.69
2006-08-03,1276.55
2006-08-04,1281.62
2006-08-07,1285.98
2006-08-08,1287.5
2006-08-09,1288.21
2006-08-10,1287.72
2006-08-11,1292.16
2006-08-14,1293
2006-08-15,1295.8
2006-08-16,1299.31
2006-08-22,1304.12
2006-08-23,1305.13
2006-08-24,1303.64
2006-08-25,1300.04
2006-08-28,1298.25
2006-08-29,1301.36
2006-08-30,1304.89
2006-08-31,1307.54
2006-09-01,1306.1
2006-09-04,1326.68
2006-09-05,1327.14
2006-09-06,1327.56
2006-09-07,1328.89
2006-09-08,1331.57
2006-09-11,1331.97
2006-09-12,1331.77
2006-09-13,1334.78
2006-09-14,1339.06
2006-09-15,1342.8
2006-09-18,1350.86
2006-09-19,1353.24
2006-09-20,1352.68
2006-09-21,1355.13
2006-09-22,1354.34
2006-09-25,1349.73
2006-09-26,1348.62
2006-09-27,1358.03
2006-09-28,1359.74
2006-09-29,1360.22
2006-10-02,1361.27
2006-10-03,1365.42
2006-10-04,1367.43
2006-10-05,1376.4
2006-10-06,1381.68
2006-10-09,1380.82
2006-10-10,1385.26
2006-10-11,1388.86
2006-10-12,1387.7
2006-10-13,1389.61
2006-10-16,1387.28
2006-10-17,1387.76
2006-10-18,1389.52
2006-10-19,1392.34
2006-10-20,1394.78
2006-10-30,1407.47
2006-10-31,1407.74
2006-11-01,1410.96
2006-11-02,1412.5
2006-11-03,1413.37
2006-11-06,1416.54
2006-11-07,1417.98
2006-11-08,1415.98
2006-11-09,1414.65
2006-11-10,1411.9
2006-11-13,1411.41
2006-11-14,1413.23
2006-11-15,1413.28
2006-11-16,1412.35
2006-11-17,1412.54
2006-11-20,1413.59
2006-11-21,1415.64
2006-11-22,1418.99
2006-11-23,1420.71
2006-11-24,1424.09
2006-11-27,1424.45
2006-11-28,1418.52
2006-11-29,1418.92
2006-11-30,1419.19
2006-12-01,1424.25
2006-12-04,1424.47
2006-12-05,1430.75
2006-12-06,1438.02
2006-12-07,1439.26
2006-12-08,1442.46
2006-12-11,1444.67
2006-12-12,1448.36
2006-12-13,1451.51
2006-12-14,1460.2
2006-12-15,1465.41
2006-12-18,1467.44
2006-12-19,1466.21
2006-12-20,1473.56
2006-12-21,1477.35
2006-12-22,1477.64
2006-12-26,1479.04
2006-12-27,1486.72
2006-12-28,1486.19
2007-01-02,1498.28
2007-01-03,1503.24
2007-01-04,1507.89
2007-01-05,1506.26
2007-01-08,1503.59
2007-01-09,1500.21
2007-01-10,1484.49
2007-01-11,1482.38
2007-01-12,1474.36
2007-01-15,1478.01
2007-01-16,1483.36
2007-01-17,1482.5
2007-01-18,1485.3
2007-01-19,1486.58
2007-01-22,1490.42
2007-01-23,1492.45
2007-01-24,1491.64
2007-01-25,1491.72
2007-01-26,1487.63
2007-01-29,1488.76
2007-01-30,1489.88
2007-01-31,1489.54
2007-02-01,1491.4301
2007-02-02,1493.1801
2007-02-05,1492.24
2007-02-06,1490.63
2007-02-07,1489.11
2007-02-08,1486.39
2007-02-09,1485.47
2007-02-12,1486.75
2007-02-13,1488.78
2007-02-14,1488.95
2007-02-15,1491.63
2007-02-16,1491.95
2007-02-19,1491.37
2007-02-20,1492.04
2007-02-21,1491.62
2007-02-22,1490.92
2007-02-23,1489.5601
2007-02-26,1492.65
2007-02-27,1492.61
2007-02-28,1489.52
2007-03-01,1491.47
2007-03-02,1492.64
2007-03-05,1490.28
2007-03-06,1494.26
2007-03-07,1497.3
2007-03-08,1501.97
2007-03-09,1504.72
2007-03-12,1510.0699
2007-03-13,1512.27
2007-03-14,1509.39
2007-03-15,1511.97
2007-03-16,1514.08
2007-03-20,1517.1899
2007-03-21,1517.87
2007-03-22,1521.17
2007-03-23,1520.89
2007-03-26,1507.6899
2007-03-27,1509.65
2007-03-28,1507.39
2007-03-29,1511.14
2007-03-30,1514.9
2007-04-02,1517.38
2007-04-03,1521.15
2007-04-04,1522.15
2007-04-05,1520.66
2007-04-09,1522.13
2007-04-10,1522.1801
2007-04-11,1523.42
2007-04-12,1523.48
2007-04-13,1524.75
2007-04-16,1530.1
2007-04-17,1527.3
2007-04-18,1527.53
2007-04-19,1527.9
2007-04-20,1532.78
2007-04-23,1535.66
2007-04-24,1535.84
2007-04-25,1537.97
2007-04-26,1538.76
2007-04-27,1538.66
2007-04-30,1540.1801
2007-05-01,1539.65
2007-05-02,1541.38
2007-05-03,1543.7
2007-05-04,1543.7
2007-05-07,1545.4301
2007-05-08,1546.4
2007-05-09,1548.42
2007-05-10,1548.6899
2007-05-11,1547.48
2007-05-14,1548.99
2007-05-15,1549.83
2007-05-16,1550.62
2007-05-21,1555.2
2007-05-22,1556.21
2007-05-23,1556.65
2007-05-24,1554.59
2007-05-25,1553.5
2007-05-28,1554.5
2007-05-29,1554.5601
2007-05-30,1553.17
2007-05-31,1554.6899
2007-06-04,1556.8
2007-06-05,1555.83
2007-06-06,1557.9301
2007-06-07,1557.8199
2007-06-08,1556.14
2007-06-11,1557.87
2007-06-12,1558.95
2007-06-13,1559.28
2007-06-14,1560.23
2007-06-15,1561.39
2007-06-18,1563.28
2007-06-19,1564.62
2007-06-20,1566.53
2007-06-21,1567.16
2007-06-22,1565.23
2007-06-25,1565.88
2007-06-26,1566.78
2007-06-27,1566.36
2007-06-28,1566.58
2007-06-29,1567.8199
2007-07-02,1569.14
2007-07-03,1569.88
2007-07-04,1569.21
2007-07-05,1570.99
2007-07-06,1572.5699
2007-07-09,1579.05
2007-07-10,1579.54
2007-07-11,1580.46
2007-07-12,1582.4301
2007-07-13,1585.79
2007-07-16,1585.74
2007-07-17,1585.86
2007-07-18,1586.35
2007-07-19,1589.26
2007-07-20,1589.58
2007-07-23,1590.65
2007-07-24,1591.4399
2007-07-25,1592.52
2007-07-26,1594.47
2007-07-27,1594.11
2007-07-30,1594.9301
2007-07-31,1596.55
2007-08-01,1595.33
2007-08-02,1593.88
2007-08-03,1594.85
2007-08-06,1594.33
2007-08-07,1593.67
2007-08-08,1596.0699
2007-08-09,1596.26
2007-08-10,1594.59
2007-08-13,1596.1
2007-08-14,1595.79
2007-08-15,1592.86
2007-08-16,1590.28
2007-08-20,1591.72
2007-08-21,1590.1801
2007-08-22,1594.1899
2007-08-23,1598.84
2007-08-24,1599.77
2007-08-27,1602.26
2007-08-28,1606.17
2007-08-29,1607.0601
2007-08-30,1607.42
2007-08-31,1608.51
2007-09-03,1611.47
2007-09-04,1611.39
2007-09-05,1612.05
2007-09-06,1612.72
2007-09-07,1613.48
2007-09-10,1613.23
2007-09-11,1613.66
2007-09-12,1613.51
2007-09-13,1613.91
2007-09-14,1615.4301
2007-09-17,1616.77
2007-09-18,1618.67
2007-09-19,1621.5699
2007-09-20,1622.0699
2007-09-21,1623.78
2007-09-24,1628.77
2007-09-25,1628.85
2007-09-26,1629.95
2007-09-27,1631.36
2007-09-28,1631.28
2007-10-01,1634.4301
2007-10-02,1636.49
2007-10-03,1635.3199
2007-10-04,1637.26
2007-10-05,1639.59
2007-10-08,1641.98
2007-10-09,1644.96
2007-10-10,1647.95
2007-10-11,1651.11
2007-10-17,1655.22
2007-10-18,1656.0601
2007-10-19,1653.17
2007-10-22,1648.76
2007-10-23,1654.86
2007-10-24,1652.72
2007-10-25,1658.01
2007-10-26,1659.71
2007-10-29,1664.01
2007-10-30,1664.29
2007-10-31,1665.55
2007-11-01,1668.1
2007-11-02,1668.36
2007-11-05,1665.58
2007-11-06,1668.58
2007-11-07,1672.36
2007-11-08,1672.26
2007-11-09,1666.8101
2007-11-12,1665.28
2007-11-13,1664.3
2007-11-14,1664.35
2007-11-15,1669.36
2007-11-16,1666.4
2007-11-19,1666.12
2007-11-20,1661.97
2007-11-21,1657.61
2007-11-22,1656.5
2007-11-23,1657.2
2007-11-26,1665.28
2007-11-27,1665.27
2007-11-28,1665.35
2007-11-29,1666.72
2007-11-30,1671.86
2007-12-03,1675.49
2007-12-04,1680.61
2007-12-05,1678.5699
2007-12-06,1679.9
2007-12-07,1681.0601
2007-12-10,1684.36
2007-12-11,1686.86
2007-12-12,1687.16
2007-12-13,1685.65
2007-12-14,1685.77
2007-12-17,1680.35
2007-12-18,1678.1
2007-12-19,1679.3101
2007-12-26,1686.4
2007-12-27,1688.16
2007-12-28,1688.52
2008-01-02,1689.37
2008-01-03,1689.86
2008-01-04,1692.45
2008-01-07,1693.4399
2008-01-08,1694.76
2008-01-09,1699.15
2008-01-14,1701.1899
2008-01-15,1697.49
2008-01-16,1688.52
2008-01-17,1690.5
2008-01-18,1688.35
2008-01-21,1682.51
2008-01-22,1667.3101
2008-01-23,1680.28
2008-01-24,1683.9
2008-01-25,1691.28
2008-01-28,1690.42
2008-01-29,1693.83
2008-01-30,1694.24
2008-01-31,1694.71
2008-02-01,1695.02
2008-02-04,1699.6801
2008-02-05,1699.91
2008-02-06,1695.45
2008-02-11,1694.03
2008-02-12,1694.65
2008-02-13,1695.64
2008-02-14,1700.7
2008-02-15,1703.03
2008-02-18,1703.4399
2008-02-19,1704.53
2008-02-20,1704.61
2008-02-21,1707.61
2008-02-22,1710.5699
2008-02-25,1713.51
2008-02-26,1715.3
2008-02-27,1714.88
2008-02-28,1713.6801
2008-02-29,1713.1899
2008-03-03,1709.54
2008-03-04,1707.72
2008-03-05,1706.55
2008-03-06,1707.9399
2008-03-10,1701.84
2008-03-11,1701.02
2008-03-12,1702.6801
2008-03-13,1696.1
2008-03-14,1691.95
2008-03-17,1685.9399
2008-03-18,1687.55
2008-03-19,1687.25
2008-03-24,1690.74
2008-03-25,1695.47
2008-03-26,1696.8199
2008-03-27,1681.15
2008-03-28,1681.3199
2008-03-31,1693.48
2008-04-01,1688.87
2008-04-02,1679.84
2008-04-03,1673.64
2008-04-04,1673.51
2008-04-07,1676.37
2008-04-08,1640.87
2008-04-09,1646.97
2008-04-10,1650.83
2008-04-11,1655.6801
2008-04-14,1652.29
2008-04-15,1654.2
2008-04-16,1660.17
2008-04-17,1659.6801
2008-04-18,1659.87
2008-04-21,1651.77
2008-04-22,1647.52
2008-04-23,1646.75
2008-04-24,1644.11
2008-04-25,1641.85
2008-04-28,1644.1
2008-04-29,1647.52
2008-04-30,1647.23
2008-05-02,1649.09
2008-05-05,1652.5699
2008-05-06,1654.08
2008-05-07,1657.6801
2008-05-08,1657.25
2008-05-09,1657.74
2008-05-12,1659.4
2008-05-13,1664.3101
2008-05-14,1667.79
2008-05-15,1667.77
2008-05-16,1670.11
2008-05-19,1674.84
2008-05-21,1675.47
2008-05-22,1674.65
2008-05-23,1671.21
2008-05-26,1669.14
2008-05-27,1668.33
2008-05-28,1671.15
2008-05-29,1673.22
2008-05-30,1672.28
2008-06-02,1670.79
2008-06-03,1669.03
2008-06-04,1667.61
2008-06-05,1668.86
2008-06-06,1670.33
2008-06-09,1671.71
2008-06-10,1667.5699
2008-06-11,1666.05
2008-06-12,1668.38
2008-06-13,1668.4301
2008-06-16,1668.36
2008-06-17,1667.84
2008-06-18,1646.12
2008-06-19,1626.6899
2008-06-20,1627.5601
2008-06-23,1558.08
2008-06-24,1557.53
2008-06-25,1556.64
2008-06-26,1557.4
2008-06-27,1556.9399
2008-06-30,1557.98
2008-07-01,1559.27
2008-07-02,1561.08
2008-07-03,1552.95
2008-07-04,1558.26
2008-07-07,1559.64
2008-07-08,1559.86
2008-07-09,1562.05
2008-07-10,1563.04
2008-07-11,1563.64
2008-07-14,1563.08
2008-07-15,1563.64
2008-07-16,1563.36
2008-07-17,1559.24
2008-07-18,1556.11
2008-07-21,1560.54
2008-07-22,1560.35
2008-07-23,1561.37
2008-07-24,1564.64
2008-07-25,1566.77
2008-07-28,1568.16
2008-07-29,1567.8101
2008-07-31,1569.5601
2008-08-01,1570.22
2008-08-04,1572.4
2008-08-05,1571.74
2008-08-06,1575.12
2008-08-07,1575.3199
2008-08-08,1573.8
2008-08-11,1571.23
2008-08-12,1566.85
2008-08-13,1569.62
2008-08-14,1571.8
2008-08-15,1570.0323
2008-08-19,1569.51
2008-08-20,1570.2
2008-08-21,1570.01
2008-08-22,1571.21
2008-08-25,1571.08
2008-08-26,1571.85
2008-08-27,1572.36
2008-08-28,1573.63
2008-08-29,1573.63
2008-09-01,1576.6801
2008-09-02,1577.87
2008-09-03,1577.22
2008-09-04,1575.9
2008-09-05,1572.71
2008-09-08,1572.61
2008-09-09,1568.91
2008-09-10,1565.5699
2008-09-11,1561.21
2008-09-12,1559.5699
2008-09-15,1559.5699
2008-09-16,1555.64
2008-09-17,1557.54
2008-09-18,1557.65
2008-09-19,1565.03
2008-09-22,1568.1801
2008-09-23,1561.3101
2008-09-24,1559.87
2008-09-25,1559.0072
2008-09-26,1557.77
2008-09-29,1558.01
2008-10-06,1545.63
2008-10-07,1532.72
2008-10-08,1531.26
2008-10-09,1493.4301
2008-10-10,1480.2
2008-10-13,1474.71
2008-10-14,1505.84
2008-10-15,1522.35
2008-10-16,1519.9399
2008-10-17,1517.09
2008-10-20,1519.37
2008-10-21,1519.6801
2008-10-22,1517.42
2008-10-23,1514.0601
2008-10-24,1504.79
2008-10-27,1488.79
2008-10-28,1481.73
2008-10-29,1443.6
2008-10-30,1487.66
2008-10-31,1491.51
2008-11-03,1500.0699
2008-11-04,1500.21
2008-11-05,1503.58
2008-11-06,1491.3199
2008-11-07,1502.88
2008-11-10,1506.5
2008-11-11,1509.48
2008-11-12,1509.35
2008-11-13,1507.34
2008-11-14,1504.88
2008-11-17,1501.9
2008-11-18,1506.88
2008-11-19,1506.88
2008-11-20,1497.64
2008-11-21,1500.16
2008-11-24,1494.9399
2008-11-25,1498.13
2008-11-26,1501.66
2008-11-27,1505.92
2008-11-28,1509.2
2008-12-01,1508.9399
2008-12-02,1510.02
2008-12-03,1507.53
2008-12-04,1513.54
2008-12-05,1516.1
2008-12-09,1523.9399
2008-12-10,1524.83
2008-12-11,1525.6899
2008-12-12,1520.9
2008-12-15,1525.9301
2008-12-16,1527.4399
2008-12-17,1532.34
2008-12-18,1538.47
2008-12-19,1539.55
2008-12-22,1539.97
2008-12-23,1538.6899
2008-12-24,1539.15
2008-12-26,1539.6
2008-12-30,1542.51
2009-01-05,1548.6801
2009-01-06,1548.6801
2009-01-07,1555.67
2009-01-08,1554.16
2009-01-09,1551.53
2009-01-12,1553.42
2009-01-13,1554.13
2009-01-14,1553.25
2009-01-15,1552.96
2009-01-16,1553.5601
2009-01-19,1554.1
2009-01-20,1554.8101
2009-01-21,1554.05
2009-01-22,1557.9399
2009-01-23,1559.4399
2009-01-27,1561.8101
2009-01-28,1562.49
2009-01-29,1566.6
2009-01-30,1566.91
2009-02-02,1566.86
2009-02-03,1567.8199
2009-02-04,1569.65
2009-02-05,1567.35
2009-02-06,1567.58
2009-02-09,1568.96
2009-02-10,1572.29
2009-02-11,1571.84
2009-02-12,1571.5699
2009-02-13,1571.48
2009-02-16,1572.3199
2009-02-17,1572.98
2009-02-18,1553.05
2009-02-19,1567.9
2009-02-20,1550.42
2009-02-23,1551.29
2009-02-24,1555.12
2009-02-25,1557.14
2009-02-26,1557.33
2009-02-27,1549.42
2009-03-02,1547.39
2009-03-03,1548.87
2009-03-04,1550.34
2009-03-05,1553.28
2009-03-06,1545.12
2009-03-10,1548.83
2009-03-11,1551.23
2009-03-12,1550.0699
2009-03-13,1548.5699
2009-03-16,1551.15
2009-03-17,1553.46
2009-03-18,1554.53
2009-03-19,1557.83
2009-03-20,1558.9399
2009-03-23,1563.16
2009-03-24,1564.4
2009-03-25,1565.79
2009-03-27,1565.39
2009-03-30,1563.71
2009-03-31,1562.79
2009-04-01,1564.77
2009-04-02,1567.54
2009-04-03,1569.16
2009-04-06,1571.09
2009-04-07,1572.24
2009-04-08,1572.86
2009-04-13,1576.82
2009-04-14,1579.4
2009-04-15,1578.59
2009-04-16,1579.68
2009-04-17,1580.78
2009-04-20,1581.92
2009-04-21,1581.4
2009-04-22,1582.19
2009-04-23,1583.77
2009-04-24,1584.42
2009-04-27,1584.84
2009-04-28,1584.22
2009-04-29,1585.11
2009-04-30,1586.95
2009-05-01,1587.98
2009-05-04,1591.11
2009-05-05,1593.25
2009-05-06,1594.59
2009-05-07,1598.52
2009-05-08,1601.96
2009-05-11,1602.67
2009-05-12,1605.92
2009-05-13,1598.4
2009-05-14,1603.84
2009-05-15,1603.44
2009-05-18,1607.53
2009-05-19,1612.94
2009-05-20,1618.29
2009-05-22,1625.31
2009-05-25,1627.41
2009-05-26,1627.73
2009-05-27,1637.81
2009-05-28,1638.79
2009-05-29,1647
2009-06-01,1658.05
2009-06-02,1659.38
2009-06-03,1662.9
2009-06-04,1665.5
2009-06-05,1670.08
2009-06-08,1668.07
2009-06-09,1664.4
2009-06-10,1663.91
2009-06-11,1654.82
2009-06-12,1652.15
2009-06-15,1647.47
2009-06-16,1638.3
2009-06-17,1641.91
2009-06-18,1636.75
2009-06-19,1633.94
2009-06-22,1638.2
2009-06-23,1638.32
2009-06-24,1642.26
2009-06-25,1647.03
2009-06-26,1649.6
2009-06-29,1651.87
2009-06-30,1652.54
2009-07-01,1654.39
2009-07-02,1661.3
2009-07-03,1663.02
2009-07-06,1665.17
2009-07-07,1668.8
2009-07-09,1675.98
2009-07-10,1675.89
2009-07-13,1677.85
2009-07-14,1677.59
2009-07-15,1679.92
2009-07-16,1681.58
2009-07-17,1679.57
2009-07-21,1682.6
2009-07-22,1683.25
2009-07-23,1683.86
2009-07-24,1686.88
2009-07-27,1691.16
2009-07-28,1699.87
2009-07-29,1700.67
2009-07-30,1701.71
2009-07-31,1705.55
2009-08-03,1705.68
2009-08-04,1706.71
2009-08-05,1704.72
2009-08-06,1703.87
2009-08-07,1685.93
2009-08-10,1687
2009-08-11,1682.27
2009-08-12,1680.3
2009-08-13,1682.99
2009-08-14,1683.87
2009-08-18,1683.55
2009-08-19,1683.06
2009-08-20,1682.53
2009-08-21,1684.11
2009-08-24,1689.12
2009-08-25,1690.73
2009-08-26,1691.41
2009-08-27,1690.57
2009-08-28,1691.72
2009-08-31,1691.69
2009-09-01,1691.51
2009-09-02,1689.34
2009-09-03,1690.07
2009-09-04,1689.72
2009-09-07,1691.87
2009-09-08,1693.39
2009-09-09,1694.71
2009-09-10,1695.65
2009-09-11,1696.88
2009-09-14,1698.15
2009-09-15,1699.01
2009-09-16,1701.57
2009-09-17,1708.21
2009-09-24,1713.36
2009-09-25,1716.1
2009-09-28,1717.59
2009-09-29,1719.36
2009-09-30,1720.52
2009-10-01,1721.54
2009-10-02,1720.2
2009-10-05,1721.49
2009-10-06,1723.06
2009-10-07,1723.04
2009-10-08,1724.89
2009-10-09,1723.09
2009-10-12,1723.99
2009-10-13,1722.33
2009-10-14,1722.68
2009-10-15,1724.5625
2009-10-16,1726.25
2009-10-19,1726.59
2009-10-20,1728.57
2009-10-21,1727.19
2009-10-22,1727.76
2009-10-23,1724.98
2009-10-26,1724.56
2009-10-27,1722.04
2009-10-28,1721.48
2009-10-29,1718.15
2009-10-30,1721.41
2009-11-02,1720.52
2009-11-03,1721.82
2009-11-04,1723
2009-11-05,1723.2
2009-11-06,1724.31
2009-11-09,1726.05
2009-11-10,1728.93
2009-11-11,1731.28
2009-11-12,1733.13
2009-11-13,1733.13
2009-11-16,1735.87
2009-11-17,1737.17
2009-11-18,1737.78
2009-11-19,1737.41
2009-11-20,1737.43
2009-11-23,1738.5
2009-11-24,1737.53
2009-11-25,1738.84
2009-11-26,1739.86
2009-11-30,1742.41
2009-12-01,1741
2009-12-02,1741.77
2009-12-03,1737.75
2009-12-04,1741.31
2009-12-07,1744.64
2009-12-08,1745.47
2009-12-09,1747.31
2009-12-10,1745.65
2009-12-11,1747.66
2009-12-14,1751.72
2009-12-15,1749.47
2009-12-16,1750.1
2009-12-17,1752.78
2009-12-21,1751.26
2009-12-22,1753.5
2009-12-23,1754.16
2009-12-28,1753.22
2009-12-29,1754.4
2009-12-30,1754.91
2010-01-04,1757.95
2010-01-05,1761.41
2010-01-06,1769.61
2010-01-07,1773.96
2010-01-08,1773.42
2010-01-11,1778.78
2010-01-12,1779.46
2010-01-13,1778.2
2010-01-14,1778.9
2010-01-15,1776.91
2010-01-18,1777.4
2010-01-19,1778.53
2010-01-20,1777.48
2010-01-21,1778.63
2010-01-22,1778.89
2010-01-25,1778.58
2010-01-26,1775.98
2010-01-27,1774.65
2010-01-28,1779.83
2010-01-29,1779.47
2010-02-01,1780.17
2010-02-02,1779.8
2010-02-03,1780.85
2010-02-04,1771.99
2010-02-05,1783.22
2010-02-08,1783.65
2010-02-09,1784
2010-02-10,1785.82
2010-02-11,1786.41
2010-02-12,1787.02
2010-02-15,1790.35
2010-02-16,1790.01
2010-02-17,1790.01
2010-02-18,1792.01
2010-02-19,1790.39
2010-02-22,1791.15
2010-02-23,1791.8
2010-02-24,1790.85
2010-02-25,1790.22
2010-03-01,1792.67
2010-03-02,1795.4
2010-03-03,1794.45
2010-03-04,1794.03
2010-03-05,1795.54
2010-03-08,1798.52
2010-03-09,1804.85
2010-03-10,1806.69
2010-03-11,1806.16
2010-03-12,1804.98
2010-03-15,1807.18
2010-03-17,1809.82
2010-03-18,1810.34
2010-03-19,1810.73
2010-03-22,1811.25
2010-03-23,1811.37
2010-03-24,1812.47
2010-03-25,1812.95
2010-03-26,1813.14
2010-03-29,1811.86
2010-03-30,1814.88
2010-03-31,1798.52
2010-04-01,1815.58
2010-04-05,1819.16
2010-04-06,1819.27
2010-04-07,1819.16
2010-04-08,1821.31
2010-04-09,1822.93
2010-04-12,1823.41
2010-04-13,1827.19
2010-04-14,1830.07
2010-04-15,1830.3
2010-04-16,1829.14
2010-04-19,1827.87
2010-04-20,1828.23
2010-04-21,1834.92
2010-04-22,1834.88
2010-04-23,1834.5
2010-04-26,1925.98
2010-04-27,1836.76
2010-04-28,1835.59
2010-04-29,1833.81
2010-04-30,1838.02
2010-05-03,1862.64
2010-05-04,1861.14
2010-05-05,1854.5
2010-05-06,1854.64
2010-05-07,1853.79
2010-05-10,1857.27
2010-05-11,1840.43
2010-05-12,1842.51
2010-05-14,1843.602
2010-05-17,1842.57
2010-05-18,1842.31
2010-05-19,1841.96
2010-05-20,1839.6
2010-05-21,1839.96
2010-05-24,1836.61
2010-05-25,1836.13
2010-05-26,1831.51
2010-05-27,1830.15
2010-05-31,1830.26
2010-06-01,1831.97
2010-06-02,1836.82
2010-06-03,1840.28
2010-06-04,1840.49
2010-06-07,1841.55
2010-06-08,1841.96
2010-06-09,1840.81
2010-06-10,1841.27
2010-06-11,1842.77
2010-06-14,1845.21
2010-06-15,1845.89
2010-06-16,1849.21
2010-06-17,1853.52
2010-06-18,1855.61
2010-06-21,1866.07
2010-06-22,1866.81
2010-06-23,1868.5
2010-06-24,1867.15
2010-06-25,1865.78
2010-06-28,1865.71
2010-06-29,1866.16
2010-06-30,1863.96
2010-07-01,1875.57
2010-07-02,1876.95
2010-07-05,1880.49
2010-07-06,1892.38
2010-07-07,1898.16
2010-07-08,1999.39
2010-07-09,2006.39
2010-07-12,2008.17
2010-07-13,2007.61
2010-07-14,2008.96
2010-07-15,2009.55
2010-07-16,2008.19
2010-07-19,2009.2
2010-07-20,2010.17
2010-07-21,2011.69
2010-07-22,2014.71
2010-07-23,2016.84
2010-07-26,2019.79
2010-07-27,2019.44
2010-07-28,2023.85
2010-07-29,2025.32
2010-07-30,2026.64
2010-08-02,2026.63
2010-08-03,2025.58
2010-08-04,2029.91
2010-08-05,2033.33
2010-08-06,2033.6
2010-08-09,2036.68
2010-08-10,2037.06
2010-08-11,2035.67
2010-08-12,2034.93
2010-08-13,2035.72
2010-08-16,2034.46
2010-08-18,2037.12
2010-08-19,2038.57
2010-08-20,2040.56
2010-08-23,2043.46
2010-08-24,2043.14
2010-08-25,2045.54
2010-08-26,2046.24
2010-08-27,2046.48
2010-08-30,2044.68
2010-08-31,2043.59
2010-09-01,2047.52
2010-09-02,2047.31
2010-09-03,2043.92
2010-09-06,2045.39
2010-09-07,2044.45
2010-09-15,2051.52
2010-09-16,2050.66
2010-09-17,2051.8
2010-09-20,2052.52
2010-09-21,2051.75
2010-09-22,2052.3
2010-09-23,2052.07
2010-09-24,2056.45
2010-09-27,2059.75
2010-09-28,2058.92
2010-09-29,2060.25
2010-09-30,2059.18
2010-10-01,2061.43
2010-10-04,2064.86
2010-10-05,2066.32
2010-10-06,2069.97
2010-10-07,2067.95
2010-10-08,2068.8
2010-10-11,2072.16
2010-10-12,2073.58
2010-10-13,2078.21
2010-10-14,2079.81
2010-10-15,2085.74
2010-10-18,2080.29
2010-10-19,2083.04
2010-10-20,2083.26
2010-10-21,2085.16
2010-10-22,2086.57
2010-10-25,2090.37
2010-10-26,2090.07
2010-10-27,2089.91
2010-10-28,2090.71
2010-10-29,2091.03
2010-11-01,2093.59
2010-11-02,2094.19
2010-11-03,2094.24
2010-11-04,2094.76
2010-11-05,2097.5
2010-11-08,2099.57
2010-11-09,2102.91
2010-11-10,2104.34
2010-11-11,2102.8
2010-11-12,2101.89
2010-11-15,2101.01
2010-11-16,2100.4156
2010-11-18,2102.26
2010-11-19,2101.3524
2010-11-22,2102.53
2010-11-23,2100.75
2010-11-24,2100.15
2010-11-25,2104.28
2010-11-26,2102.1094
2010-11-29,2104.9
2010-11-30,2099.24
2010-12-01,2104.12
2010-12-02,2105.07
2010-12-03,2104.067
2010-12-06,2108.35
2010-12-08,2108.27
2010-12-09,2105.82
2010-12-10,2103.4572
2010-12-13,2100.15
2010-12-14,2099.73
2010-12-15,2097.55
2010-12-16,2094.18
2010-12-17,2093.9218
2010-12-20,2096.41
2010-12-21,2095.83
2010-12-22,2094.94
2010-12-23,2095.71
2010-12-27,2098.88
2010-12-28,2098.07
2010-12-29,2098.66
2010-12-30,2100.39
2011-01-03,2110.36
2011-01-04,2116.05
2011-01-05,2115.99
2011-01-06,2115.47
2011-01-07,2118.2972
2011-01-10,2111.33
2011-01-11,2103.7512
2011-01-12,2109.01
2011-01-13,2107.53
2011-01-14,2104.5925
2011-01-17,2101.94
2011-01-18,2100.56
2011-01-19,2097.91
2011-01-20,2092.06
2011-01-21,2091.8506
2011-01-24,2089.02
2011-01-25,2090.61
2011-01-26,2095.7
2011-01-27,2093.91
2011-01-28,2093.2468
2011-01-31,2091.68
2011-02-01,2095.83
2011-02-02,2094.81
2011-02-04,2094.0019
2011-02-07,2096.23
2011-02-08,2095.99
2011-02-09,2093.41
2011-02-10,2092.45
2011-02-11,2091.0543
2011-02-14,2095.4
2011-02-16,2096.03
2011-02-17,2096.32
2011-02-18,2100.5589
2011-02-21,2103.78
2011-02-22,2103.2
2011-02-23,2101.99
2011-02-24,2098.16
2011-02-25,2103.44
2011-02-28,2105.88
2011-03-01,2108.54
2011-03-02,2106.27
2011-03-03,2109.59
2011-03-04,2113.6085
2011-03-07,2116.24
2011-03-08,2117.07
2011-03-09,2117.73
2011-03-10,2117.09
2011-03-11,2114.2321
2011-03-14,2116.9
2011-03-15,2115.76
2011-03-16,2118.38
2011-03-17,2118.26
2011-03-18,2119.4296
2011-03-21,2120.92
2011-03-22,2119.83
2011-03-23,2121.16
2011-03-24,2125.01
2011-03-25,2129.0459
2011-03-28,2131.77
2011-03-29,2133.8
2011-03-30,2135.68
2011-03-31,2139.79
2011-04-01,2141.3555
2011-04-04,2142.6
2011-04-05,2142.29
2011-04-06,2145.4
2011-04-07,2146.9783
2011-04-08,2149.1968
2011-04-11,2150.15
2011-04-12,2150.91
2011-04-13,2155.07
2011-04-14,2154.46
2011-04-15,2155.1699
2011-04-18,2153.53
2011-04-19,2153.38
2011-04-20,2156.3
2011-04-21,2158.3739
2011-04-25,2159.53
2011-04-26,2158.75
2011-04-27,2161.13
2011-04-28,2160.83
2011-04-29,2161.1785
2011-05-02,2163.62
2011-05-03,2162.61
2011-05-04,2161.62
2011-05-05,2163.23
2011-05-06,2161.3499
2011-05-09,2160.77
2011-05-10,2162.94
2011-05-11,2164.89
2011-05-12,2165.39
2011-05-13,2168.5386
2011-05-16,2167.9417
2011-05-18,2169.79
2011-05-19,2173.2
2011-05-20,2172.9317
2011-05-23,2170.89
2011-05-24,2170.75
2011-05-25,2169.61
2011-05-26,2168.73
2011-05-27,2170.6203
2011-05-30,2172.75
2011-05-31,2173.26
2011-06-01,2173.1441
2011-06-03,2174.8745
2011-06-06,2175.2
2011-06-07,2176.61
2011-06-08,2177.07
2011-06-09,2176.01
2011-06-10,2176.7253
2011-06-13,2177.03
2011-06-14,2178.84
2011-06-15,2179.22
2011-06-16,2178.24
2011-06-17,2177.3091
2011-06-20,2178.44
2011-06-21,2181.62
2011-06-22,2182.8
2011-06-23,2184.37
2011-06-24,2185.488
2011-06-27,2185.84
2011-06-28,2185.58
2011-06-30,2187.46
2011-07-01,2190.52
2011-07-04,2191.81
2011-07-05,2191.78
2011-07-06,2194.03
2011-07-07,2198.13
2011-07-08,2202.8032
2011-07-11,2203.94
2011-07-12,2199.7
2011-07-13,2205.76
2011-07-14,2206.2
2011-07-15,2206.3769
2011-07-18,2206.42
2011-07-19,2206.47
2011-07-20,2207.02
2011-07-21,2208.14
2011-07-22,2208.9679
2011-07-25,2209.57
2011-07-26,2213.3
2011-07-27,2218.62
2011-07-28,2217.7243
2011-07-29,2219.28
2011-08-01,2224.51
2011-08-02,2225.39
2011-08-03,2223.55
2011-08-04,2225.46
2011-08-05,2219.1293
2011-08-08,2216.49
2011-08-09,2206.87
2011-08-10,2215.86
2011-08-11,2216.45
2011-08-12,2217.0898
2011-08-15,2226.98
2011-08-16,2226.2557
2011-08-18,2227.84
2011-08-19,2223.1407
2011-08-22,2224.14
2011-08-23,2229.64
2011-08-24,2227.34
2011-08-25,2226.71
2011-08-26,2226.9767
2011-09-05,2229.5618
2011-09-06,2234.04
2011-09-07,2246.58
2011-09-08,2254.19
2011-09-09,2274.686
2011-09-12,2262.17
2011-09-13,2259.48
2011-09-14,2253.96
2011-09-15,2231.38
2011-09-16,2234.0916
2011-09-19,2229.98
2011-09-20,2218.38
2011-09-21,2205.82
2011-09-22,2186.81
2011-09-23,2186.9747
2011-09-26,2198.28
2011-09-27,2200.18
2011-09-28,2205.83
2011-09-29,2215.54
2011-09-30,2215.7475
2011-10-03,2229.42
2011-10-04,2224.04
2011-10-05,2219.64
2011-10-06,2221.15
2011-10-07,2232.9901
2011-10-10,2252.79
2011-10-11,2259.36
2011-10-12,2256.24
2011-10-13,2262.43
2011-10-14,2267.764
2011-10-17,2272.68
2011-10-18,2271.58
2011-10-19,2273.79
2011-10-20,2274.07
2011-10-21,2272.4923
2011-10-24,2271.74
2011-10-25,2270.04
2011-10-26,2270.48
2011-10-27,2271.69
2011-10-28,2272.01
2011-10-31,2273.41
2011-11-01,2271.58
2011-11-02,2268.62
2011-11-03,2272.15
2011-11-04,2277.32
2011-11-07,2278.73
2011-11-08,2280.87
2011-11-09,2282.33
2011-11-10,2280.93
2011-11-11,2281.94
2011-11-14,2284.82
2011-11-15,2280.94
2011-11-16,2278.56
2011-11-17,2277.59
2011-11-18,2275.2863
2011-11-21,2276.37
2011-11-22,2274.82
2011-11-23,2266.2
2011-11-24,2253.19
2011-11-25,2246.56
2011-11-28,2247.04
2011-11-29,2250.02
2011-11-30,2253.39
2011-12-01,2261.07
2011-12-02,2287.16
2011-12-05,2291.18
2011-12-06,2296.61
2011-12-07,2291.58
2011-12-08,2287.9
2011-12-09,2282.81
2011-12-12,2285.63
2011-12-13,2286.05
2011-12-14,2280.95
2011-12-15,2279.02
2011-12-16,2292.09
2011-12-19,2296.83
2011-12-20,2298.62
2011-12-21,2302.91
2011-12-22,2306.59
2011-12-23,2308.38
2011-12-27,2306.58
2011-12-28,2311.64
2011-12-29,2306.01
2011-12-30,2330.29
2012-01-02,2328.72
2012-01-03,2330.57
2012-01-04,2331.31
2012-01-05,2328.54
2012-01-06,2322.84
2012-01-09,2322.2
2012-01-10,2316.92
2012-01-11,2317.34
2012-01-12,2317
2012-01-13,2318.74
2012-01-16,2322.05
2012-01-17,2322.87
2012-01-18,2411.81
2012-01-19,2437.27
2012-01-20,2443.2
2012-01-24,2441.46
2012-01-25,2441.06
2012-01-26,2449.63
2012-01-27,2458.55
2012-01-30,2467.95
2012-01-31,2481.89
2012-02-01,2413.55
2012-02-02,2417.02
2012-02-03,2418.74
2012-02-06,2427.46
2012-02-07,2432.03
2012-02-08,2458.43
2012-02-09,2476.64
2012-02-10,2461.6
2012-02-13,2463.05
2012-02-14,2461.52
2012-02-15,2462.01
2012-02-16,2454.51
2012-02-17,2452.92
2012-02-20,2455.93
2012-02-21,2455.91
2012-02-22,2454.55
2012-02-23,2437.18
2012-02-24,2420.4244
2012-02-27,2397.73
2012-02-28,2406.94
2012-02-29,2408.39
2012-03-01,2414.6
2012-03-02,2407.3376
2012-03-05,2398.09
2012-03-06,2386.43
2012-03-07,2376.48
2012-03-08,2369.67
2012-03-09,2384.2118
2012-03-12,2380.46
2012-03-13,2378.48
2012-03-14,2375.52
2012-03-15,2370.85
2012-03-16,2373.0495
2012-03-19,2381.8
2012-03-20,2379.67
2012-03-21,2379.26
2012-03-22,2384.2955
2012-03-26,2380.52
2012-03-27,2380.48
2012-03-28,2382.3921
2012-03-29,2382.45
2012-03-30,2381.463
2012-04-02,2391.63
2012-04-03,2392.41
2012-04-04,2392.1
2012-04-05,2391.8087
2012-04-09,2390.34
2012-04-10,2389.52
2012-04-11,2388.94
2012-04-12,2387.31
2012-04-13,2388.515
2012-04-16,2381.77
2012-04-17,2380.33
2012-04-18,2385.2
2012-04-19,2390.6243
2012-04-20,2395.7691
2012-04-23,2395.86
2012-04-24,2395.43
2012-04-25,2395.97
2012-04-26,2396.49
2012-04-27,2394.9163
2012-04-30,2392.0182
2012-05-01,2390.0682
2012-05-02,2387.84
2012-05-03,2389.47
2012-05-04,2387.8106
2012-05-07,2387.19
2012-05-08,2384.91
2012-05-09,2377.49
2012-05-10,2374.78
2012-05-11,2373.5073
2012-05-14,2369.21
2012-05-15,2361.64
2012-05-16,2345.8326
2012-05-21,2345.69
2012-05-22,2351.31
2012-05-23,2353.2
2012-05-24,2349.9
2012-05-25,2344.1
2012-05-28,2343.14
2012-05-29,2341.51
2012-05-30,2342.64
2012-05-31,2341.35
2012-06-01,2344.5084
2012-06-04,2341.89
2012-06-05,2341.51
2012-06-06,2344.86
2012-06-07,2350.35
2012-06-08,2350.9135
2012-06-11,2357.08
2012-06-12,2354.93
2012-06-13,2356.3001
2012-06-14,2354.9637
2012-06-15,2359.8091
2012-06-18,2362.25
2012-06-19,2363.57
2012-06-20,2367.56
2012-06-21,2378.2
2012-06-22,2384.5138
2012-06-25,2379.26
2012-06-26,2376.32
2012-06-27,2376.48
2012-06-28,2380.54
2012-06-29,2388.2506
2012-07-02,2398.83
2012-07-03,2398.83
2012-07-04,2402.98
2012-07-05,2405.7
2012-07-06,2409.21
2012-07-09,2407.53
2012-07-10,2406.44
2012-07-11,2409.19
2012-07-12,2410.34
2012-07-13,2412.73
2012-07-16,2417.97
2012-07-17,2424.73
2012-07-18,2441.28
2012-07-19,2447.9
2012-07-20,2452.74
2012-07-23,2444.98
2012-07-24,2445.51
2012-07-25,2444.43
2012-07-26,2445.72
2012-07-27,2450.77
2012-07-30,2452.03
2012-07-31,2455.52
2012-08-01,2454.9
2012-08-02,2456.34
2012-08-03,2456.83
2012-08-06,2460.54
2012-08-07,2458.02
2012-08-08,2458.56
2012-08-09,2459.84
2012-08-10,2458.84
2012-08-13,2446.71
2012-08-14,2440.74
2012-08-15,2439.17
2012-08-16,2435.8
2012-08-23,2432.78
2012-08-24,2429.68
2012-08-27,2420.63
2012-08-28,2416.59
2012-08-29,2406.04
2012-08-30,2400.48
2012-08-31,2398.2921
2012-09-03,2416
2012-09-04,2428.96
2012-09-05,2425.83
2012-09-06,2429.89
2012-09-07,2437.05
2012-09-10,2442.54
2012-09-11,2442.32
2012-09-12,2447.55
2012-09-13,2447.45
2012-09-14,2456.25
2012-09-17,2460.57
2012-09-18,2452.58
2012-09-19,2455.01
2012-09-20,2451.93
2012-09-21,2451.57
2012-09-24,2450.41
2012-09-25,2449.03
2012-09-26,2442.9
2012-09-27,2443.03
2012-09-28,2447.81
2012-10-01,2455.44
2012-10-02,2458.62
2012-10-03,2459.05
2012-10-04,2459.83
2012-10-05,2466.58
2012-10-08,2462.91
2012-10-09,2462.68
2012-10-10,2462.97
2012-10-11,2464.85
2012-10-12,2469.17
2012-10-15,2472.75
2012-10-16,2477.99
2012-10-17,2480.9
2012-10-18,2479.12
2012-10-19,2481.7
2012-10-22,2483.66
2012-10-23,2484.98
2012-10-24,2484.77
2012-10-25,2486.36
2012-10-29,2490.43
2012-10-30,2490.66
2012-10-31,2494.21
2012-11-01,2499.43
2012-11-02,2502.16
2012-11-05,2505.24
2012-11-06,2504.74
2012-11-07,2506.44
2012-11-08,2505.6
2012-11-09,2511.37
2012-11-12,2529.34
2012-11-13,2543.47
2012-11-14,2548.18
2012-11-19,2546.31
2012-11-20,2544.46
2012-11-21,2546.91
2012-11-22,2550.7
2012-11-23,2561.24
2012-11-26,2564.24
2012-11-27,2563.12
2012-11-28,2560.99
2012-11-29,2571.05
2012-11-30,2572.12
2012-12-03,2576.38
2012-12-04,2578.14
2012-12-05,2577.59
2012-12-06,2578.67
2012-12-07,2579.02
2012-12-10,2581.14
2012-12-11,2580.4
2012-12-12,2584.49
2012-12-13,2585.8
2012-12-14,2584.45
2012-12-17,2586
2012-12-18,2583.44
2012-12-19,2585.27
2012-12-20,2585.49
2012-12-21,2583.5
2012-12-26,2584.09
2012-12-27,2581.23
2012-12-28,2584.19
2013-01-02,2591.65
2013-01-03,2596.87
2013-01-04,2597.36
2013-01-07,2593.75
2013-01-08,2597.61
2013-01-09,2589.72
2013-01-10,2579.76
2013-01-11,2579.26
2013-01-14,2580.26
2013-01-15,2581.14
2013-01-16,2580
2013-01-17,2573.29
2013-01-18,2577.44
2013-01-21,2585.38
2013-01-22,2587.04
2013-01-23,2592.98
2013-01-25,2604.8
2013-01-28,2603.41
2013-01-29,2607.19
2013-01-30,2602.42
2013-01-31,2599.96
2013-02-01,2597.97
2013-02-04,2605.44
2013-02-05,2604.21
2013-02-06,2608.09
2013-02-07,2605.94
2013-02-08,2606.96
2013-02-11,2608.86
2013-02-12,2610.09
2013-02-13,2611.68
2013-02-14,2615
2013-02-15,2618.31
2013-02-18,2625.77
2013-02-19,2623.22
2013-02-20,2626.9
2013-02-21,2626.68
2013-02-22,2627.76
2013-02-25,2627.13
2013-02-26,2624.03
2013-02-27,2628.63
2013-02-28,2632.66
2013-03-01,2632.65
2013-03-04,2631.73
2013-03-05,2636.04
2013-03-06,2647.1
2013-03-07,2645.35
2013-03-08,2647.25
2013-03-11,2647.32
2013-03-13,2645
2013-03-14,2639.68
2013-03-15,2641.1
2013-03-18,2639.11
2013-03-19,2646.05
2013-03-20,2647.45
2013-03-21,2644.48
2013-03-22,2634.72
2013-03-25,2633.16
2013-03-26,2634.7
2013-03-27,2623.2
2013-03-28,2620.55
2013-04-01,2620.49
2013-04-02,2621.59
2013-04-03,2620.26
2013-04-04,2617.43
2013-04-05,2613.69
2013-04-08,2601.69
2013-04-09,2599.53
2013-04-10,2605.51
2013-04-11,2614.2
2013-04-12,2626.8
2013-04-15,2624.58
2013-04-16,2625.56
2013-04-17,2635.95
2013-04-18,2638.77
2013-04-19,2640.47
2013-04-22,2642.05
2013-04-23,2642.85
2013-04-24,2644.68
2013-04-25,2639.33
2013-04-26,2640.46
2013-04-29,2643.26
2013-04-30,2642.33
2013-05-01,2644.56
2013-05-02,2638.38
2013-05-03,2628.47
2013-05-06,2628.07
2013-05-07,2634.05
2013-05-08,2644.19
2013-05-10,2653.01
2013-05-13,2653.39
2013-05-14,2652.84
2013-05-15,2651.32
2013-05-16,2643.45
2013-05-17,2636.57
2013-05-20,2642.46
2013-05-21,2637.89
2013-05-22,2639.65
2013-05-23,2626.66
2013-05-24,2622.28
2013-05-27,2611.48
2013-05-28,2614.52
2013-05-29,2614.82
2013-05-30,2611.24
2013-05-31,2612.13
2013-06-03,2595.87
2013-06-04,2596.82
2013-06-05,2585.9
2013-06-07,2573.46
2013-06-10,2552.72
2013-06-11,2534.81
2013-06-12,2523.48
2013-06-13,2524.75
2013-06-14,2539.16
2013-06-17,2542.82
2013-06-18,2534.83
2013-06-19,2518.53
2013-06-20,2500.01
2013-06-21,2481.48
2013-06-24,2463.53
2013-06-25,2459.1
2013-06-26,2466.3
2013-06-27,2483.59
2013-06-28,2503.04
2013-07-01,2501.31
2013-07-02,2494.04
2013-07-03,2479.79
2013-07-04,2472.06
2013-07-05,2470.62
2013-07-08,2446.01
2013-07-09,2423.36
2013-07-10,2419.37
2013-07-11,2422.9
2013-07-12,2412.72
2013-07-15,2399.06
2013-07-16,2401.93
2013-07-17,2400.21
2013-07-18,2410.46
2013-07-19,2429.18
2013-07-22,2437.95
2013-07-23,2479.5874
2013-07-24,2456.7318
2013-07-25,2439.9574
2013-07-26,2446.92
2013-07-29,2440.1036
2013-07-30,2439.5848
2013-07-31,2451.7652
2013-08-01,2469.4173
2013-08-02,2491.2334
2013-08-12,2490.3634
2013-08-13,2479.2284
2013-08-14,2481.5961
2013-08-15,2488.2129
2013-08-16,2472.6492
2013-08-19,2431.5779
2013-08-20,2406.171
2013-08-21,2403.0811
2013-08-22,2402.9839
2013-08-23,2407.08
2013-08-26,2399.53
2013-08-27,2377.52
2013-08-28,2367.61
2013-08-29,2377.38
2013-08-30,2397.35
2013-09-02,2402.49
2013-09-03,2393.65
2013-09-04,2372.22
2013-09-05,2366.58
2013-09-06,2359.05
2013-09-09,2368.6664
2013-09-10,2369.4268
2013-09-11,2380.2088
2013-09-12,2388.3107
2013-09-13,2407.4186
2013-09-16,2443.6882
2013-09-17,2430.6202
2013-09-18,2423.1329
2013-09-19,2458.3046
2013-09-20,2463.8227
2013-09-23,2461.42
2013-09-24,2453.31
2013-09-25,2451.53
2013-09-26,2448.07
2013-09-27,2431.71
2013-09-30,2412.357
2013-10-01,2417.76
2013-10-02,2437.47
2013-10-03,2449.39
2013-10-04,2449.18
2013-10-07,2457.44
2013-10-08,2460.16
2013-10-09,2462.66
2013-10-10,2466.1353
2013-10-11,2470.8
2013-10-16,2496.24
2013-10-17,2505.41
2013-10-18,2514.9
2013-10-21,2529.2
2013-10-22,2528.33
2013-10-23,2552.89
2013-10-24,2558.27
2013-10-25,2564.68
2013-10-28,2577.84
2013-10-29,2559.3
2013-10-30,2545.12
2013-10-31,2528.47
2013-11-01,2502.44
2013-11-04,2484.66
2013-11-06,2467.51
2013-11-07,2479.86
2013-11-08,2466.17
2013-11-11,2448.43
2013-11-12,2434.9175
2013-11-13,2422.2162
2013-11-14,2432.0628
2013-11-15,2428.3517
2013-11-18,2421.81
2013-11-19,2421.4345
2013-11-20,2415.961
2013-11-21,2403.6522
2013-11-22,2402.4024
2013-11-25,2402.4772
2013-11-26,2400.1007
2013-11-27,2393.7228
2013-11-28,2389.4742
2013-11-29,2388.21
2013-12-02,2389.9316
2013-12-03,2391.5454
2013-12-04,2395.7816
2013-12-05,2389.0165
2013-12-06,2384.2687
2013-12-09,2382.4442
2013-12-10,2384.7385
2013-12-11,2387.3891
2013-12-12,2386.1439
2013-12-13,2388.364
2013-12-16,2393.8122
2013-12-17,2400.3409
2013-12-18,2405.9194
2013-12-19,2406.8852
2013-12-20,2406.8645
2013-12-23,2407.2753
2013-12-24,2404.6017
2013-12-27,2409.0981
2013-12-30,2414.5327
2014-01-02,2413.1239
2014-01-03,2399.4622
2014-01-06,2376.6533
2014-01-07,2368.6818
2014-01-08,2374.58
2014-01-09,2380.7433
2014-01-10,2392.863
2014-01-13,2429.8904
2014-01-15,2437.3806
2014-01-16,2436.9912
2014-01-17,2442.4018
2014-01-20,2450.5724
2014-01-21,2455.5621
2014-01-22,2453.38
2014-01-23,2459.3842
2014-01-24,2457.0113
2014-01-27,2424.93
2014-01-28,2424.3986
2014-01-29,2430.4596
2014-01-30,2428.4956
2014-02-03,2428.6846
2014-02-04,2424.5076
2014-02-05,2420.8596
2014-02-06,2415.41
2014-02-07,2414.1911
2014-02-10,2419.3037
2014-02-11,2420.563
2014-02-12,2429.4604
2014-02-13,2434.4957
2014-02-14,2437.6676
2014-02-17,2450.0513
2014-02-18,2456.3517
2014-02-19,2466.7835
2014-02-20,2466.5728
2014-02-21,2463.8609
2014-02-24,2473.35
2014-02-25,2468.9013
2014-02-26,2467.8425
2014-02-27,2468.98
2014-02-28,2475.7773
2014-03-03,2481.2759
2014-03-04,2485.5743
2014-03-05,2494.4975
2014-03-06,2506.7595
2014-03-07,2513.3
2014-03-10,2518.3247
2014-03-11,2523.14
2014-03-12,2521.66
2014-03-13,2530.15
2014-03-14,2537.4
2014-03-17,2540.13
2014-03-18,2534.99
2014-03-19,2535.3
2014-03-20,2509.5116
2014-03-21,2495.15
2014-03-24,2489.76
2014-03-25,2483.74
2014-03-26,2491
2014-03-27,2506.08
2014-03-28,2506.12
2014-04-01,2518.99
2014-04-02,2519.79
2014-04-03,2521.52
2014-04-04,2519.91
2014-04-07,2521
2014-04-08,2522.62
2014-04-10,2510.35
2014-04-11,2510.93
2014-04-14,2515.57
2014-04-15,2514.66
2014-04-16,2518.8
2014-04-17,2517.84
2014-04-21,2519.41
2014-04-22,2518.89
2014-04-23,2513.81
2014-04-24,2508.35
2014-04-25,2510.77
2014-04-28,2511.01
2014-04-29,2510.51
2014-04-30,2506.6
2014-05-02,2514.78
2014-05-05,2519.58
2014-05-06,2518.07
2014-05-07,2516.51
2014-05-08,2516.19
2014-05-09,2518.6
2014-05-12,2517.72
2014-05-13,2513.42
2014-05-14,2518.93
2014-05-16,2529.16
2014-05-19,2528.67
2014-05-20,2521.78
2014-05-21,2518.32
2014-05-22,2516.56
2014-05-23,2513.4
2014-05-26,2511.68
2014-05-28,2515.37
2014-05-30,2518.81
2014-06-02,2514.88
2014-06-03,2521.64
2014-06-04,2519.42
2014-06-05,2519.15
2014-06-06,2518.19
2014-06-09,2517.41
2014-06-10,2517.17
2014-06-11,2520.93
2014-06-12,2520.89
2014-06-13,2519.34
2014-06-16,2520.04
2014-06-17,2519.2
2014-06-18,2515.98
2014-06-19,2512.27
2014-06-20,2511.54
2014-06-23,2507.03
2014-06-24,2506.65
2014-06-25,2504.88
2014-06-26,2498.24
2014-06-27,2492.61
2014-06-30,2496.17
2014-07-01,2498.48
2014-07-02,2504.63
2014-07-03,2512.6
2014-07-04,2517.6
2014-07-07,2525.65
2014-07-08,2525.43
2014-07-10,2533.25
2014-07-11,2531.52
2014-07-14,2530.84
2014-07-15,2530.65
2014-07-16,2532.16
2014-07-17,2533.64
2014-07-18,2532.13
2014-07-21,2534.34
2014-07-22,2530.04
2014-07-23,2528.27
2014-07-24,2526.11
2014-07-25,2527.62
2014-08-04,2530.92
2014-08-05,2533.13
2014-08-06,2530.95
2014-08-07,2527.9
2014-08-08,2523.53
2014-08-11,2524.96
2014-08-12,2529.38
2014-08-13,2527.83
2014-08-14,2528.07
2014-08-15,2527.06
2014-08-18,2523.12
2014-08-19,2519.94
2014-08-20,2519.93
2014-08-21,2520.38
2014-08-22,2522
2014-08-25,2524.04
2014-08-26,2523.63
2014-08-27,2523.01
2014-08-28,2527.17
2014-08-29,2530.51
2014-09-01,2538.36
2014-09-02,2543.95
2014-09-03,2547.04
2014-09-04,2551.51
2014-09-05,2553.46
2014-09-08,2557.28
2014-09-09,2555.19
2014-09-10,2546.77
2014-09-11,2541.33
2014-09-12,2536.09
2014-09-15,2532.78
2014-09-16,2532.34
2014-09-17,2532.02
2014-09-18,2525.31
2014-09-19,2530.37
2014-09-22,2532.4
2014-09-23,2530.96
2014-09-24,2535.18
2014-09-25,2540.38
2014-09-26,2533.92
2014-09-29,2524.57
2014-09-30,2515.52
2014-10-01,2511.67
2014-10-02,2511.1
2014-10-03,2508.73
2014-10-06,2507.15
2014-10-07,2511.02
2014-10-08,2511.9
2014-10-09,2512.51
2014-10-10,2514.95
2014-10-13,2520.59
2014-10-14,2523.85
2014-10-15,2529.94
2014-10-16,2533.35
2014-10-17,2532.57
2014-10-20,2541.99
2014-10-21,2552.52
2014-10-22,2560.52
2014-10-23,2566.05
2014-10-24,2572.49
2014-10-27,2578.21
2014-10-28,2584.01
2014-10-29,2579.1
2014-10-30,2575.69
2014-10-31,2583.72
2014-11-03,2590.3
2014-11-04,2594.03
2014-11-05,2601.6
2014-11-06,2596.29
2014-11-07,2588.25
2014-11-10,2592.12
2014-11-11,2590.64
2014-11-12,2588.44
2014-11-13,2581.14
2014-11-14,2587.11
2014-11-17,2592.39
2014-11-18,2593.33
2014-11-19,2597.02
2014-11-20,2599.42
2014-11-21,2605.57
2014-11-24,2611.1
2014-11-25,2614.45
2014-11-26,2619.85
2014-11-27,2626.57
2014-11-28,2624.74
2014-12-01,2624.19
2014-12-02,2624.44
2014-12-03,2620.52
2014-12-04,2615.18
2014-12-05,2615.71
2014-12-08,2613.06
2014-12-09,2610.87
2014-12-10,2606.28
2014-12-11,2605.87
2014-12-12,2592.16
2014-12-15,2575.03
2014-12-16,2560.81
2014-12-17,2560.11
2014-12-18,2593.76
2014-12-19,2593.79
2014-12-22,2597.51
2014-12-23,2604.94
2014-12-24,2608.7
2014-12-29,2609.94
2014-12-30,2610.55
2015-01-02,2621.19
2015-01-05,2615.07
2015-01-06,2609.02
2015-01-07,2612.04
2015-01-08,2617.81
2015-01-09,2627.23
2015-01-12,2631.39
2015-01-13,2636.19
2015-01-14,2641.47
2015-01-15,2643.46
2015-01-16,2648.18
2015-01-19,2648.6
2015-01-20,2653.31
2015-01-21,2689.53
2015-01-22,2700.65
2015-01-23,2711.06
2015-01-26,2702.94
2015-01-27,2711.11
2015-01-28,2716.11
2015-01-29,2716.15
2015-01-30,2723.33
2015-02-02,2734.52
2015-02-03,2742.72
2015-02-04,2745.41
2015-02-05,2736.32
2015-02-06,2734.1
2015-02-09,2729.11
2015-02-10,2728.95
2015-02-11,2720.69
2015-02-12,2695.16
2015-02-13,2689.96
2015-02-16,2696.89
2015-02-17,2713.82
2015-02-18,2741.4
2015-02-20,2731.72
2015-02-23,2736.33
2015-02-24,2736.55
2015-02-25,2738.7
2015-02-26,2748.64
2015-02-27,2747.71
2015-03-02,2747.33
2015-03-03,2741.89
2015-03-04,2718.73
2015-03-05,2710.8
2015-03-06,2709.03
2015-03-09,2696.76
2015-03-10,2690.86
2015-03-11,2664.44
2015-03-12,2709.11
2015-03-13,2722.65
2015-03-16,2722.51
2015-03-17,2712.68
2015-03-18,2724.79
2015-03-19,2736.6
2015-03-20,2726.73
2015-03-23,2749
2015-03-24,2775.68
2015-03-25,2778.46
2015-03-26,2761.38
2015-03-27,2755.35
2015-03-30,2739.34
2015-03-31,2736.66
2015-04-01,2748.53
2015-04-02,2753.46
2015-04-06,2766.5
2015-04-07,2763.6
2015-04-08,2771.25
2015-04-09,2778.69
2015-04-10,2781.12
2015-04-13,2784.47
2015-04-14,2777.1
2015-04-15,2767.72
2015-04-16,2765.99
2015-04-17,2753.45
2015-04-20,2755.28
2015-04-21,2754.69
2015-04-22,2763.71
2015-04-23,2756.35
2015-04-24,2756.35
2015-04-27,2733.35
2015-04-28,2724.05
2015-04-29,2725.09
2015-04-30,2730.26
2015-05-04,2741.39
2015-05-05,2724.13
2015-05-06,2718.09
2015-05-07,2697.42
2015-05-08,2689.05
2015-05-11,2696.11
2015-05-12,2696.01
2015-05-13,2728.08
2015-05-15,2739.77
2015-05-18,2746.06
2015-05-19,2740.15
2015-05-20,2740.29
2015-05-21,2738.96
2015-05-22,2742.57
2015-05-25,2740.65
2015-05-26,2738.13
2015-05-27,2734.8
2015-05-28,2736.68
2015-05-29,2736.91
2015-06-01,2726.08
2015-06-03,2721.85
2015-06-04,2694.77
2015-06-05,2690.24
2015-06-08,2671.94
2015-06-09,2671.44
2015-06-10,2665.03
2015-06-11,2657.63
2015-06-12,2659.49
2015-06-15,2648.45
2015-06-16,2661.62
2015-06-17,2673.95
2015-06-18,2687.06
2015-06-19,2690.4
2015-06-22,2705.74
2015-06-23,2719.32
2015-06-24,2731.99
2015-06-25,2717.04
2015-06-26,2724.18
2015-06-29,2703.33
2015-06-30,2709.04
2015-07-01,2720.37
2015-07-02,2724.84
2015-07-03,2755.4
2015-07-06,2757.72
2015-07-07,2772.76
2015-07-08,2745.13
2015-07-09,2764.73
2015-07-10,2765.02
2015-07-13,2769.24
2015-07-14,2757.91
2015-07-15,2728.96
2015-07-22,2753.76
2015-07-23,2776.12
2015-07-24,2778.04
2015-07-27,2784.16
2015-07-28,2759.27
2015-07-29,2748.64
2015-07-30,2742.67
2015-07-31,2755.54
2015-08-03,2758.96
2015-08-04,2751.79
2015-08-05,2736.15
2015-08-06,2748.35
2015-08-07,2744
2015-08-10,2738.9
2015-08-11,2699.9
2015-08-12,2660.98
2015-08-13,2706.49
2015-08-14,2704.78
2015-08-18,2688.33
2015-08-19,2699.28
2015-08-20,2694.72
2015-08-21,2665.31
2015-08-24,2641.74
2015-08-25,2651.05
2015-08-26,2647.23
2015-08-27,2667.36
2015-08-28,2678.25
2015-08-31,2685.87
2015-09-01,2686.73
2015-09-02,2688.97
2015-09-03,2688.38
2015-09-04,2679.82
2015-09-07,2661.26
2015-09-08,2654.52
2015-09-09,2654.85
2015-09-10,2648.97
2015-09-11,2645.47
2015-09-14,2644.73
2015-09-15,2637.23
2015-09-16,2623.99
2015-09-17,2639.82
2015-09-18,2666.64
2015-09-21,2665.87
2015-09-22,2667.23
2015-09-23,2633.66
2015-09-25,2628.86
2015-09-28,2619.27
2015-09-29,2598.61
2015-09-30,2594.53
2015-10-01,2629.18
2015-10-02,2636.49
2015-10-05,2685.86
2015-10-06,2728.27
2015-10-07,2735.72
2015-10-08,2709.64
2015-10-09,2740.23
2015-10-12,2747.44
2015-10-13,2735.37
2015-10-15,2720.37
2015-10-16,2722.1
2015-10-19,2727.8
2015-10-20,2720.41
2015-10-21,2706.64
2015-10-22,2704.87
2015-10-23,2728.24
2015-10-26,2735.27
2015-10-27,2736.87
2015-10-28,2737.61
2015-10-29,2726.4
2015-10-30,2712.72
2015-11-02,2712.68
2015-11-03,2717.39
2015-11-04,2730.32
2015-11-05,2727.44
2015-11-06,2734.37
2015-11-09,2723.07
2015-11-10,2717.83
2015-11-11,2731.96
2015-11-12,2735.44
2015-11-13,2731.7
2015-11-16,2731.49
2015-11-17,2735.26
2015-11-18,2740.47
2015-11-19,2740.07
2015-11-20,2747.75
2015-11-23,2752.57
2015-11-24,2755.87
2015-11-25,2755.83
2015-11-26,2758.57
2015-11-27,2753.94
2015-11-30,2751.08
2015-12-01,2763.38
2015-12-02,2768.12
2015-12-03,2764.6
2015-12-04,2760.31
2015-12-07,2759.73
2015-12-08,2758.41
2015-12-10,2756.33
2015-12-11,2747.88
2015-12-14,2731.11
2015-12-15,2706.2
2015-12-16,2719.61
2015-12-17,2739.87
2015-12-18,2744.97
2015-12-21,2741.42
2015-12-22,2740.97
2015-12-23,2738.46
2015-12-28,2739.38
2015-12-29,2742.13
2015-12-30,2741.96
2016-01-04,2744.62
2016-01-05,2740.45
2016-01-06,2737.02
2016-01-07,2733.51
2016-01-08,2742.09
2016-01-11,2740.89
2016-01-12,2743.77
2016-01-13,2747.08
2016-01-14,2767.68
2016-01-15,2767.23
2016-01-18,2762.22
2016-01-19,2752.85
2016-01-20,2752.16
2016-01-21,2750.74
2016-01-22,2760.25
2016-01-25,2774.64
2016-01-26,2767.73
2016-01-27,2766.66
2016-01-28,2760
2016-01-29,2779.07
2016-02-01,2791.38
2016-02-02,2799.27
2016-02-03,2788.82
2016-02-04,2794.52
2016-02-05,2807.26
2016-02-09,2805.2
2016-02-10,2805.89
2016-02-11,2813.67
2016-02-12,2811.88
2016-02-15,2816.56
2016-02-16,2818.87
2016-02-17,2817.3
2016-02-18,2813.73
2016-02-19,2801.35
2016-02-22,2790.87
2016-02-23,2789.66
2016-02-24,2779.12
2016-02-25,2779.98
2016-02-26,2779.84
2016-02-29,2782.76
2016-03-01,2785.88
2016-03-02,2805.61
2016-03-03,2826.66
2016-03-04,2836.76
2016-03-07,2852.48
2016-03-08,2840.67
2016-03-10,2843.24
2016-03-11,2855.45
2016-03-14,2862.21
2016-03-15,2856.37
2016-03-16,2856.4
2016-03-17,2872.7
2016-03-18,2877.99
2016-03-21,2872.66
2016-03-22,2869.26
2016-03-23,2864.91
2016-03-24,2869.21
2016-03-28,2864.65
2016-03-29,2855.91
2016-03-30,2883.34
2016-03-31,2891.18
2016-04-01,2911.21
2016-04-04,2912.01
2016-04-05,2911.33
2016-04-06,2918.19
2016-04-07,2926.8
2016-04-08,2932.64
2016-04-11,2937.8
2016-04-12,2949.19
2016-04-13,2972.71
2016-04-14,2959.98
2016-04-15,2961.38
2016-04-18,2964.54
2016-04-19,2963.77
2016-04-20,2966.72
2016-04-21,2967.99
2016-04-22,2961
2016-04-25,2945.41
2016-04-26,2953.2
2016-04-27,2955.94
2016-04-28,2952.34
2016-04-29,2935.67
2016-05-02,2937.32
2016-05-03,2940.62
2016-05-04,2935.42
2016-05-09,2926.94
2016-05-10,2920.92
2016-05-11,2920.71
2016-05-12,2919.37
2016-05-13,2927.88
2016-05-16,2929.59
2016-05-17,2943.37
2016-05-18,2935.53
2016-05-19,2926.28
2016-05-20,2913.04
2016-05-23,2907.88
2016-05-24,2895.92
2016-05-25,2909.91
2016-05-26,2915.03
2016-05-27,2918.76
2016-05-30,2920.37
2016-05-31,2920.62
2016-06-01,2926.62
2016-06-02,2923.38
2016-06-03,2937.28
2016-06-06,2954.47
2016-06-07,2972.23
2016-06-08,2974.09
2016-06-09,2975.92
2016-06-10,2970.24
2016-06-13,2966.66
2016-06-14,2964.24
2016-06-15,2961.16
2016-06-16,2963.69
2016-06-17,2963.89
2016-06-20,2964.43
2016-06-21,2957.78
2016-06-22,2956.51
2016-06-23,2961.8
2016-06-24,2931.57
2016-06-27,2946.31
2016-06-28,2970.51
2016-06-29,3001.29
2016-06-30,3009.76
2016-07-01,3037.12
2016-07-11,3086.62
2016-07-12,3085.25
2016-07-13,3071.21
2016-07-14,3070.64
2016-07-15,3072.87
2016-07-18,3079.17
2016-07-19,3096.48
2016-07-20,3096.04
2016-07-21,3096.5
2016-07-22,3081.05
2016-07-25,3071.3
2016-07-26,3075.92
2016-07-27,3091.21
2016-07-28,3103.87
2016-07-29,3114.97
2016-08-01,3126.96
2016-08-02,3136.85
2016-08-03,3122.84
2016-08-04,3120.19
2016-08-05,3126.3
2016-08-08,3122.66
2016-08-09,3125.78
2016-08-10,3133.35
2016-08-11,3133.6
2016-08-12,3127.75
2016-08-15,3131.1
2016-08-16,3127.28
2016-08-18,3131.7
2016-08-19,3125.25
2016-08-22,3119.05
2016-08-23,3092.82
2016-08-24,3089.83
2016-08-25,3097.14
2016-08-26,3101.85
2016-08-29,3088.75
2016-08-30,3082.66
2016-08-31,3088.26
2016-09-01,3101.4
2016-09-02,3115.92
2016-09-05,3125.64
2016-09-06,3130.55
2016-09-07,3130.62
2016-09-08,3127.74
2016-09-09,3121.4
2016-09-13,3107.55
2016-09-14,3095.81
2016-09-15,3099.42
2016-09-16,3103.54
2016-09-19,3113.65
2016-09-20,3113.4
2016-09-21,3125.07
2016-09-22,3141.43
2016-09-23,3136.99
2016-09-26,3135.1
2016-09-27,3133.48
2016-09-28,3134.92
2016-09-29,3134.81
2016-09-30,3120.92
2016-10-03,3135.61
2016-10-04,3144.27
2016-10-05,3139.43
2016-10-06,3140.57
2016-10-07,3132.6
2016-10-10,3125.22
2016-10-11,3114.99
2016-10-12,3114.14
2016-10-13,3115.41
2016-10-14,3121.21
2016-10-17,3123.86
2016-10-18,3119.16
2016-10-19,3102.7
2016-10-20,3098.69
2016-10-21,3102.33
2016-10-24,3109.17
2016-10-25,3107.12
2016-10-26,3102.14
2016-10-27,3092.14
2016-10-28,3077.83
2016-10-31,3068.54
2016-11-01,3077.84
2016-11-02,3070.99
2016-11-03,3054.9
2016-11-04,3053.97
2016-11-07,3053.74
2016-11-08,3074.25
2016-11-09,3049.03
2016-11-10,3038.94
2016-11-11,2965.84
2016-11-14,2945.95
2016-11-15,2936.31
2016-11-16,2962.72
2016-11-17,2973.2
2016-11-18,2962.55
2016-11-21,2955.95
2016-11-22,2947.34
2016-11-23,2939.16
2016-11-24,2928.12
2016-11-25,2932.71
2016-11-28,2935.8
2016-11-29,2965.8
2016-11-30,2971.63
2016-12-01,2975.02
2016-12-02,2981.69
2016-12-05,2986.6
2016-12-06,2993.88
2016-12-07,3034.5
2016-12-08,3053.07
2016-12-09,3041.19
2016-12-13,3032.13
2016-12-14,3024.22
2016-12-15,2980.59
2016-12-16,2984.51
2016-12-19,2978.08
2016-12-20,2992.55
2016-12-21,3002.51
2016-12-22,3005.59
2016-12-23,2999.84
2016-12-27,3007.11
2016-12-28,3004.89
2016-12-29,3006.61
2016-12-30,3004.57
2017-01-03,3004.47
2017-01-04,3023.82
2017-01-05,3038.29
2017-01-06,3035.47
2017-01-09,3034.3
2017-01-10,3038.56
2017-01-11,3037.7
2017-01-12,3049.84
2017-01-13,3056.53
2017-01-16,3049.36
2017-01-17,3049.21
2017-01-18,3051.57
2017-01-19,3042.79
2017-01-20,3040.44
2017-01-23,3043.36
2017-01-24,3051.33
2017-01-25,3043.95
2017-01-26,3035.3
2017-01-27,3030.56
2017-01-30,3027.21
2017-01-31,3027.64
2017-02-01,3028.57
2017-02-02,3032.5
2017-02-03,3040.03
2017-02-06,3042.76
2017-02-07,3045.66
2017-02-08,3046.52
2017-02-09,3058.39
2017-02-10,3055.18
2017-02-13,3057.8
2017-02-14,3054.32
2017-02-16,3054.05
2017-02-17,3058.67
2017-02-20,3062.4
2017-02-21,3056.16
2017-02-22,3060.75
2017-02-23,3062.51
2017-02-24,3067.75
2017-02-27,3071.47
2017-02-28,3068.14
2017-03-01,3065.03
2017-03-02,3079.14
2017-03-03,3075.49
2017-03-06,3080.92
2017-03-07,3085.56
2017-03-08,3106.88
2017-03-09,3097.67
2017-03-10,3084.26
2017-03-13,3089.04
2017-03-14,3091.05
2017-03-15,3099.68
2017-03-16,3127.29
2017-03-17,3135.12
2017-03-20,3140.84
2017-03-21,3155.32
2017-03-22,3149.48
2017-03-23,3154.24
2017-03-24,3153.84
2017-03-27,3152.16
2017-03-29,3162.31
2017-03-30,3180.44
2017-03-31,3174.25
2017-04-03,3186.67
2017-04-04,3191.5
2017-04-05,3192
2017-04-06,3189.68
2017-04-07,3177.63
2017-04-10,3172.38
2017-04-11,3187.76
2017-04-12,3193.26
2017-04-13,3194.42
2017-04-17,3192.6
2017-04-18,3193.19
2017-04-20,3182.69
2017-04-21,3181.16
2017-04-25,3188.93
2017-04-26,3195.37
2017-04-27,3199.49
2017-04-28,3197.32
2017-05-02,3196.24
2017-05-03,3194.56
2017-05-04,3189.41
2017-05-05,3184.66
2017-05-08,3185.4
2017-05-09,3177.92
2017-05-10,3160.68
2017-05-12,3162.67
2017-05-15,3186.27
2017-05-16,3193.32
2017-05-17,3190.81
2017-05-18,3186.22
2017-05-19,3209.02
2017-05-22,3218.94
2017-05-23,3225.75
2017-05-24,3221.13
2017-05-26,3218.91
2017-05-29,3218.57
2017-05-30,3218.86
2017-05-31,3223.28
2017-06-02,3222.37
2017-06-05,3222.87
2017-06-06,3221.18
2017-06-07,3218.11
2017-06-08,3221.3
2017-06-09,3227.82
2017-06-12,3224.25
2017-06-13,3228.13
2017-06-14,3234.9
2017-06-15,3235.5
2017-06-16,3238.4
2017-06-19,3243.65
2017-06-20,3240.24
2017-06-21,3238.75
2017-06-22,3238.23
2017-07-03,3230
2017-07-04,3226.45
2017-07-05,3226.96
2017-07-06,3204.3
2017-07-07,3161.12
2017-07-10,3163.07
2017-07-11,3172.68
2017-07-12,3193.44
2017-07-13,3214.73
2017-07-14,3212.08
2017-07-17,3219.6
2017-07-18,3218.06
2017-07-19,3225.85
2017-07-20,3230.51
2017-07-21,3241.8
2017-07-24,3243.16
2017-07-25,3241.8
2017-07-26,3236.86
2017-07-27,3235.13
2017-07-28,3237.11
2017-07-31,3240.57
2017-08-01,3244.43
2017-08-02,3239.46
2017-08-03,3240.26
2017-08-04,3243.82
2017-08-07,3243
2017-08-08,3247.39
2017-08-09,3261.32
2017-08-10,3256.7
2017-08-11,3252.07
2017-08-14,3260.57
2017-08-15,3262.82
2017-08-16,3264.98
2017-08-18,3269.39
2017-08-21,3268.53
2017-08-22,3273.47
2017-08-23,3278.6
2017-08-24,3279.59
2017-08-25,3284.76
2017-08-28,3289.85
2017-08-29,3291.52
2017-08-30,3299.76
2017-08-31,3316.14
2017-09-04,3315.64
2017-09-05,3324.9
2017-09-06,3333.08
2017-09-07,3330.26
2017-09-08,3343.17
2017-09-11,3364.02
2017-09-12,3339.37
2017-09-13,3331.03
2017-09-14,3317.07
2017-09-15,3314.09
2017-09-18,3326.19
2017-09-19,3329.6
2017-09-20,3331.56
2017-09-22,3338.36
2017-09-25,3358.99
2017-09-26,3332.72
2017-09-27,3314.07
2017-09-28,3306.91
2017-09-29,3335.27
2017-10-02,3326.97
2017-10-03,3321.9
2017-10-04,3328.06
2017-10-05,3326.36
2017-10-06,3314.69
2017-10-09,3311.88
2017-10-10,3310.09
2017-10-11,3310.21
2017-10-12,3315.61
2017-10-13,3322.27
2017-10-16,3333.97
2017-10-17,3327.48
2017-10-18,3325.35
2017-10-19,3328.44
2017-10-20,3323
2017-10-23,3308.7
2017-10-24,3303.48
2017-10-25,3290.59
2017-10-26,3280.1
2017-10-27,3295.14
2017-10-30,3296.44
2017-10-31,3303.32
2017-11-01,3319.08
2017-11-02,3334.25
2017-11-03,3351
2017-11-06,3348.22
2017-11-07,3356.42
2017-11-08,3353.73
2017-11-09,3349.01
2017-11-10,3347.58
2017-11-13,3340.88
2017-11-14,3340.26
2017-11-15,3339.99
2017-11-16,3342.26
2017-11-17,3349.25
2017-11-20,3348.89
2017-11-21,3348.92
2017-11-22,3354.37
2017-11-23,3354.39
2017-11-24,3354.32
2017-11-27,3352.53
2017-11-28,3349.78
2017-11-29,3364.42
2017-11-30,3362.77
2017-12-04,3360.27
2017-12-05,3355.18
2017-12-06,3351.61
2017-12-07,3350.3
2017-12-08,3350
2017-12-11,3351.01
2017-12-12,3352.06
2017-12-13,3352.03
2017-12-14,3358.76
2017-12-15,3363.01
2017-12-18,3364.6
2017-12-19,3365.93
2017-12-20,3364.16
2017-12-21,3381.32
2017-12-22,3383.21
2017-12-27,3387.19
2017-12-28,3395.78
2017-12-29,3406.95
2018-01-02,3409.3
2018-01-03,3414.12
2018-01-04,3433.63
2018-01-05,3440.7
2018-01-08,3465
2018-01-09,3464.51
2018-01-10,3444.1
2018-01-11,3444.3
2018-01-12,3457.27
2018-01-15,3457.95
2018-01-16,3475.22
2018-01-17,3473.47
2018-01-18,3472.5
2018-01-19,3468.49
2018-01-22,3462.23
2018-01-23,3459.02
2018-01-24,3460.72
2018-01-25,3463.06
2018-01-26,3457.26
2018-01-29,3434.52
2018-01-30,3423.68
2018-01-31,3446.5
2018-02-01,3457.7
2018-02-02,3455.24
2018-02-05,3439.58
2018-02-06,3428.96
2018-02-07,3429.35
2018-02-08,3430.78
2018-02-09,3425.5
2018-02-12,3422.1
2018-02-13,3419.88
2018-02-14,3419.32
2018-02-15,3415.13
2018-02-19,3412.76
2018-02-20,3414.08
2018-02-21,3409.65
2018-02-22,3397.39
2018-02-23,3402.5
2018-02-26,3414.91
2018-02-27,3412.03
2018-02-28,3393.17
2018-03-01,3396.17
2018-03-02,3397.59
2018-03-05,3399.82
2018-03-06,3380.79
2018-03-07,3375.63
2018-03-08,3370.02
2018-03-09,3365.46
2018-03-12,3364.19
2018-03-13,3379.29
2018-03-14,3391
2018-03-15,3390.73
2018-03-16,3377.24
2018-03-19,3381.18
2018-03-20,3376.34
2018-03-21,3378.21
2018-03-22,3374.5
2018-03-23,3356.45
2018-03-26,3361.75
2018-03-27,3365.97
2018-03-28,3373.83
2018-03-29,3397.69
2018-04-02,3415.8
2018-04-03,3418.23
2018-04-04,3417.45
2018-04-05,3426.53
2018-04-06,3418.9
2018-04-09,3423.92
2018-04-10,3435.51
2018-04-11,3445.43
2018-04-12,3433.39
2018-04-13,3437.62
2018-04-16,3427.97
2018-04-17,3424.25
2018-04-18,3422.73
2018-04-19,3415.81
2018-04-20,3394.12
2018-04-23,3385.48
2018-04-24,3366.57
2018-04-25,3342.44
2018-04-26,3321.93
2018-04-27,3338.98
2018-04-30,3360.59
2018-05-02,3341.47
2018-05-03,3336.62
2018-05-04,3335.93
2018-05-07,3317.98
2018-05-08,3279.66
2018-05-09,3268.18
2018-05-11,3293.9
2018-05-14,3310.76
2018-05-15,3308.03
2018-05-16,3291.4
2018-05-17,3283.74
2018-05-18,3254.73
2018-05-21,3229.7
2018-05-22,3225.94
2018-05-23,3209.27
2018-05-24,3227.77
2018-05-25,3255.92
2018-05-28,3309.17
2018-05-30,3303.47
2018-05-31,3336.91
2018-06-04,3341.94
2018-06-05,3333.67
2018-06-06,3313.47
2018-06-07,3325.2
2018-06-08,3299.39
2018-06-20,3296.58
2018-06-21,3238.89
2018-06-22,3234.6
2018-06-25,3223.4
2018-06-26,3200.38
2018-06-27,3195.23
2018-06-28,3149.66
2018-06-29,3184.15
2018-07-02,3176.76
2018-07-03,3154.96
2018-07-04,3177.39
2018-07-05,3182.1
2018-07-06,3198.65
2018-07-09,3237.46
2018-07-10,3261.78
2018-07-11,3242.75
2018-07-12,3233.04
2018-07-13,3243.17
2018-07-16,3235.75
2018-07-17,3228.33
2018-07-18,3220.88
2018-07-19,3196.48
2018-07-20,3182.85
2018-07-23,3196.14
2018-07-24,3193.66
2018-07-25,3205.12
2018-07-26,3207.39
2018-07-27,3211.86
2018-07-30,3215.69
2018-07-31,3211.8
2018-08-01,3223.36
2018-08-02,3218.71
2018-08-03,3211.25
2018-08-06,3218.33
2018-08-07,3220.01
2018-08-08,3237.95
2018-08-09,3255.03
2018-08-10,3246.24
2018-08-13,3200.41
2018-08-14,3172.64
2018-08-15,3174.53
2018-08-16,3171.47
2018-08-20,3194.92
2018-08-21,3205.49
2018-08-23,3199.62
2018-08-24,3197.34
2018-08-27,3198.24
2018-08-28,3199.37
2018-08-29,3203.08
2018-08-30,3187.05
2018-08-31,3159.06
2018-09-03,3123.33
2018-09-04,3106.51
2018-09-05,3061.64
2018-09-06,3062.9
2018-09-07,3074
2018-09-10,3061.94
2018-09-12,3054.47
2018-09-13,3070.37
2018-09-14,3100.62
2018-09-17,3086.35
2018-09-18,3094.71
2018-09-19,3127.87
2018-09-20,3139.13
2018-09-21,3158.93
2018-09-24,3150.64
2018-09-25,3151.41
2018-09-26,3154.78
2018-09-27,3168.42
2018-09-28,3186.79
2018-10-01,3201.83
2018-10-02,3175.94
2018-10-03,3165.52
2018-10-04,3138.2
2018-10-05,3142.28
2018-10-08,3123.48
2018-10-09,3111.21
2018-10-10,3116.1
2018-10-11,3094.01
2018-10-12,3075.88
2018-10-15,3062.97
2018-10-16,3063.8
2018-10-17,3098.58
2018-10-18,3099.36
2018-10-19,3092.04
2018-10-22,3093.52
2018-10-23,3091.28
2018-10-24,3104.15
2018-10-25,3103.61
2018-10-26,3094.54
2018-10-29,3096.05
2018-10-30,3096.2
2018-10-31,3108.44
2018-11-01,3118.38
2018-11-02,3151.79
2018-11-05,3159.18
2018-11-06,3170.3
2018-11-07,3185.85
2018-11-08,3217.88
2018-11-09,3202.35
2018-11-12,3184.34
2018-11-13,3179.72
2018-11-14,3196.43
2018-11-15,3199.35
2018-11-16,3209.81
2018-11-19,3208.94
2018-11-21,3212.99
2018-11-22,3213.57
2018-11-23,3233.14
2018-11-26,3235.24
2018-11-27,3244.13
2018-11-28,3233.07
2018-11-29,3245.25
2018-11-30,3253.9
2018-12-03,3259.69
2018-12-04,3256.37
2018-12-05,3240.94
2018-12-06,3231.33
2018-12-07,3232.43
2018-12-10,3205.17
2018-12-11,3190.27
2018-12-12,3205.58
2018-12-13,3227.22
2018-12-14,3221.73
2018-12-17,3207.68
2018-12-18,3214.02
2018-12-19,3235.3
2018-12-20,3232.85
2018-12-21,3241.45
2018-12-26,3239.75
2018-12-27,3245.13
2018-12-28,3244.04
2019-01-02,3236.87
2019-01-03,3228.98
2019-01-04,3246.28
2019-01-07,3261.04
2019-01-08,3259.55
2019-01-09,3256.56
2019-01-10,3261.84
2019-01-11,3257.21
2019-01-14,3249.17
2019-01-15,3248.52
2019-01-16,3246.89
2019-01-17,3240.94
2019-01-18,3238.78
2019-01-21,3248.52
2019-01-22,3239.82
2019-01-23,3245.52
2019-01-24,3249.5
2019-01-25,3252.53
2019-01-28,3249.94
2019-01-29,3244.96
2019-01-30,3242.51
2019-01-31,3270.99
2019-02-01,3294.33
2019-02-04,3298.09
2019-02-06,3338.57
2019-02-07,3324.08
2019-02-08,3312.46
2019-02-11,3294.38
2019-02-12,3300.22
2019-02-13,3297.83
2019-02-14,3283.77
2019-02-15,3272.89
2019-02-18,3280.51
2019-02-19,3285.67
2019-02-20,3299.68
2019-02-21,3301.23
2019-02-22,3307.95
2019-02-25,3313.79
2019-02-26,3319.04
2019-02-27,3322.85
2019-02-28,3316
2019-03-01,3316.22
2019-03-04,3322.94
2019-03-05,3323.4
2019-03-06,3317.74
2019-03-08,3305.64
2019-03-11,3309.01
2019-03-12,3323.39
2019-03-13,3324.82
2019-03-14,3331.23
2019-03-15,3339.6
2019-03-18,3353.4
2019-03-19,3354.37
2019-03-20,3364.07
2019-03-21,3389.12
2019-03-22,3384.33
2019-03-25,3375.77
2019-03-26,3388.5
2019-03-27,3379.89
2019-03-28,3371.19
2019-03-29,3378.98
2019-04-01,3380.68
2019-04-02,3379.63
2019-04-04,3380.4
2019-04-05,3380.41
2019-04-08,3373.22
2019-04-09,3369.4
2019-04-10,3369.46
2019-04-11,3363.77
2019-04-12,3361.27
2019-04-15,3367.19
2019-04-16,3379.14
2019-04-18,3383.99
2019-04-22,3380.35
2019-04-23,3378.69
2019-04-24,3374.83
2019-04-25,3360.11
2019-04-26,3355.59
2019-04-29,3354.81
2019-04-30,3340.01
2019-05-02,3334.5
2019-05-03,3322.54
2019-05-06,3314.42
2019-05-07,3304.53
2019-05-08,3285.13
2019-05-09,3284.43
2019-05-10,3291.23
2019-05-13,3284.39
2019-05-14,3280.59
2019-05-15,3286.26
2019-05-16,3281.3
2019-05-17,3271.38
2019-05-20,3267.12
2019-05-21,3265.52
2019-05-22,3267.49
2019-05-23,3290.18
2019-05-24,3302.03
2019-05-27,3309.56
2019-05-28,3301.28
2019-05-29,3297.34
2019-05-31,3320.75
2019-06-10,3348.94
2019-06-11,3358.3
2019-06-12,3362.63
2019-06-13,3374.31
2019-06-14,3372.28
2019-06-17,3375.93
2019-06-18,3385.72
2019-06-19,3406.64
2019-06-20,3430.07
2019-06-21,3426.01
2019-06-24,3421.86
2019-06-25,3438.29
2019-06-26,3439.2
2019-06-27,3446.37
2019-06-28,3453.81
2019-07-01,3464.87
2019-07-02,3467.52
2019-07-03,3478.44
2019-07-04,3491.46
2019-07-05,3494.03
2019-07-08,3487.21
2019-07-09,3483.13
2019-07-10,3479.55
2019-07-11,3491.82
2019-07-12,3489.38
2019-07-15,3513.34
2019-07-16,3515.43
2019-07-17,3506.77
2019-07-18,3511.51
2019-07-19,3510.27
2019-07-22,3498.85
2019-07-23,3489.88
2019-07-24,3486.39
2019-07-25,3496.13
2019-07-26,3492.8
2019-07-29,3484.83
2019-07-30,3478.48
2019-07-31,3471.6
2019-08-01,3453.87
2019-08-02,3437.94
2019-08-05,3424.31
2019-08-06,3423.01
2019-08-07,3441.25
2019-08-08,3475.34
2019-08-09,3476.12
2019-08-12,3473.17
2019-08-13,3454.08
2019-08-14,3465.98
2019-08-15,3459.39
2019-08-16,3470.49
2019-08-19,3483.21
2019-08-20,3477.58
2019-08-21,3485.38
2019-08-22,3496.32
2019-08-23,3491.69
2019-08-26,3491.47
2019-08-27,3486.22
2019-08-28,3478.84
2019-08-29,3471.98
2019-08-30,3476.85
2019-09-02,3483.02
2019-09-03,3476.33
2019-09-04,3481.1
2019-09-05,3483.91
2019-09-06,3485.45
2019-09-09,3495.99
2019-09-10,3497.83
2019-09-11,3494.97
2019-09-12,3500.21
2019-09-13,3511.37
2019-09-16,3492.44
2019-09-17,3496.99
2019-09-18,3501.29
2019-09-19,3500.65
2019-09-20,3499.78
2019-09-23,3495.9
2019-09-24,3488.94
2019-09-25,3484.42
2019-09-26,3490.46
2019-09-27,3488.96
2019-09-30,3489.32
2019-10-01,3488.63
2019-10-02,3486.16
2019-10-03,3486.26
2019-10-04,3494.44
2019-10-07,3491.47
2019-10-08,3492.66
2019-10-09,3487.86
2019-10-10,3487.98
2019-10-11,3497.31
2019-10-14,3504.86
2019-10-15,3508.2
2019-10-16,3511
2019-10-17,3516.21
2019-10-18,3518.41
2019-10-21,3526.52
2019-10-22,3529.87
2019-10-23,3538.23
2019-10-24,3540.11
2019-10-25,3541.48
2019-10-28,3547.04
2019-10-29,3547.16
2019-10-30,3546.44
2019-10-31,3551
2019-11-01,3548.48
2019-11-04,3555.4
2019-11-05,3559.17
2019-11-06,3555.09
2019-11-07,3561.35
2019-11-08,3574.86
2019-11-11,3564.49
2019-11-12,3558.04
2019-11-13,3547.49
2019-11-14,3547.98
2019-11-15,3559.35
2019-11-18,3557.72
2019-11-19,3557.79
2019-11-20,3555.66
2019-11-21,3547.93
2019-11-22,3550.07
2019-11-25,3553.49
2019-11-26,3551.16
2019-11-27,3547.47
2019-11-28,3549.31
2019-11-29,3532.4
2019-12-02,3526.6
2019-12-03,3526.77
2019-12-04,3526.1
2019-12-05,3531.49
2019-12-06,3532.65
2019-12-09,3533.48
2019-12-10,3535.25
2019-12-11,3532.87
2019-12-12,3527.35
2019-12-13,3526.96
2019-12-16,3526.24
2019-12-17,3520.69
2019-12-18,3522.54
2019-12-19,3528.6
2019-12-20,3528.39
2019-12-23,3534.66
2019-12-26,3538.79
2019-12-27,3541.1
2019-12-30,3540.88
2020-01-02,3545.81
2020-01-03,3544.46
2020-01-06,3546.47
2020-01-07,3549.52
2020-01-08,3557.26
2020-01-09,3556.01
2020-01-10,3561.97
2020-01-13,3559.4
2020-01-14,3562.17
2020-01-15,3567.77
2020-01-16,3569.35
2020-01-17,3569.7
2020-01-20,3570.05
2020-01-21,3572.91
2020-01-22,3581.87
2020-01-23,3578.73
2020-01-24,3579.71
2020-01-27,3584.75
2020-01-28,3578.13
2020-01-29,3596.43
2020-01-30,3601.88
2020-01-31,3599.05
2020-02-03,3595.95
2020-02-04,3604.62
2020-02-05,3603.41
2020-02-06,3608.74
2020-02-07,3608.65
2020-02-10,3610.52
2020-02-11,3609.98
2020-02-12,3609.37
2020-02-13,3611.03
2020-02-14,3614.03
2020-02-17,3619.84
2020-02-18,3631.34
2020-02-19,3631.84
2020-02-20,3635.85
2020-02-21,3638.9
2020-02-24,3634.69
2020-02-25,3633.75
2020-02-26,3632.91
2020-02-27,3626.55
2020-02-28,3611.51
2020-03-02,3611.04
2020-03-03,3618.79
2020-03-04,3646.14
2020-03-05,3645.58
2020-03-06,3635.3
2020-03-09,3614.79
2020-03-10,3615.31
2020-03-11,3616.33
2020-03-12,3605.53
2020-03-13,3589.79
2020-03-16,3608.67
2020-03-17,3598.29
2020-03-18,3591.08
2020-03-19,3540.56
2020-03-20,3556.39
2020-03-23,3530.02
2020-03-24,3503.88
2020-03-26,3522.21
2020-03-27,3526.11
2020-03-30,3526
2020-03-31,3523.34
2020-04-01,3518.08
2020-04-02,3513.17
2020-04-03,3511.17
2020-04-06,3508.55
2020-04-07,3507.58
2020-04-08,3508.58
2020-04-09,3512.85
2020-04-13,3515.4
2020-04-14,3519.84
2020-04-15,3536.63
2020-04-16,3530.05
2020-04-17,3532.14
2020-04-20,3541.25
2020-04-21,3542.41
2020-04-22,3540.96
2020-04-23,3540.34
2020-04-24,3537.38
2020-04-27,3534.79
2020-04-28,3530.34
2020-04-29,3529.89
2020-04-30,3536.58
2020-05-04,3536
2020-05-05,3533.05
2020-05-06,3528.69
2020-05-08,3525.55
2020-05-11,3530.21
2020-05-12,3539.21
2020-05-13,3545.54
2020-05-14,3549.94
2020-05-15,3553.13
2020-05-18,3553.52
2020-05-19,3566.83
2020-05-20,3574.91
2020-05-26,3581.85
2020-05-27,3592.95
2020-05-28,3587.64
2020-05-29,3580
2020-06-02,3598.37
2020-06-03,3618.77
2020-06-04,3609.34
2020-06-05,3606.68
2020-06-08,3600
2020-06-09,3597.35
2020-06-10,3598.6
2020-06-11,3606.85
2020-06-12,3604.72
2020-06-15,3603.84
2020-06-16,3609.66
2020-06-17,3610.53
2020-06-18,3611.11
2020-06-19,3614.67
2020-06-22,3615.72
2020-06-23,3619.44
2020-06-24,3626.05
2020-06-25,3626.27
2020-06-26,3627.4
2020-06-29,3625.59
2020-06-30,3629.3
2020-07-01,3624.7
2020-07-02,3625.59
2020-07-03,3624.42
2020-07-06,3630.38
2020-07-07,3633.84
2020-07-08,3635.45
2020-07-09,3639.41
2020-07-10,3641.1
2020-07-13,3647.72
2020-07-14,3644.43
2020-07-15,3647.64
2020-07-16,3654.21
2020-07-17,3651.88
2020-07-20,3655.75
2020-07-21,3661.11
2020-07-22,3669.65
2020-07-23,3681.58
2020-07-24,3682.37
2020-07-27,3683.31
2020-07-28,3688.71
2020-07-29,3688.54
2020-07-30,3691.19
2020-08-03,3689.3
2020-08-04,3690.31
2020-08-05,3694.18
2020-08-06,3698.27
2020-08-07,3700.43
2020-08-10,3704.38
2020-08-11,3710.85
2020-08-12,3715.98
2020-08-13,3713.23
2020-08-14,3717.25
2020-08-18,3724.41
2020-08-19,3728.71
2020-08-24,3733.67
2020-08-25,3747.05
2020-08-26,3741.45
2020-08-27,3731.31
2020-08-28,3719.93
2020-08-31,3723.81
2020-09-01,3723.99
2020-09-02,3717.81
2020-09-03,3716.05
2020-09-04,3717.44
2020-09-07,3721.1
2020-09-08,3720.54
2020-09-09,3718.31
2020-09-10,3713.58
2020-09-11,3712.55
2020-09-14,3717.05
2020-09-15,3719.25
2020-09-16,3719.06
2020-09-17,3718.38
2020-09-18,3722.37
2020-09-21,3720.26
2020-09-22,3720.31
2020-09-23,3719.46
2020-09-24,3717.75
2020-09-25,3720.62
2020-09-28,3722.44
2020-09-29,3717.93
2020-09-30,3716.73
2020-10-01,3719.03
2020-10-02,3718.51
2020-10-05,3720.76
2020-10-06,3723.05
2020-10-07,3719.98
2020-10-08,3717.06
2020-10-09,3715.31
2020-10-12,3719.93
2020-10-13,3723.21
2020-10-14,3726.17
2020-10-15,3732.73
2020-10-16,3736.82
2020-10-19,3747.31
2020-10-20,3750.29
2020-10-21,3753.33
2020-10-22,3754.2
2020-10-23,3754.39
2020-10-26,3755.04
2020-10-27,3756.48
2020-11-02,3756.99
2020-11-03,3758.39
2020-11-04,3756.44
2020-11-05,3768.46
2020-11-06,3785.72
2020-11-09,3794.88
2020-11-10,3788.34
2020-11-11,3786.5
2020-11-12,3783.34
2020-11-13,3789.13
2020-11-16,3794.58
2020-11-17,3806.92
2020-11-18,3805.98
2020-11-19,3808.3
2020-11-20,3805.49
2020-11-23,3806.63
2020-11-24,3808.93
2020-11-25,3814.91
2020-11-26,3820.13
2020-11-27,3817.43
2020-11-30,3819.96
2020-12-01,3819.81
2020-12-02,3818.56
2020-12-03,3817.29
2020-12-04,3817.88
2020-12-07,3819.03
2020-12-08,3818.17
2020-12-10,3822.19
2020-12-11,3827.91
2020-12-14,3828.02
2020-12-15,3827.61
2020-12-16,3834.6
2020-12-17,3842.4
2020-12-18,3836.86
2020-12-21,3827.46
2020-12-22,3821.84
2020-12-23,3826.77
2020-12-28,3837.38
2020-12-29,3842.64
2020-12-30,3837.39
2021-01-04,3843.55
2021-01-05,3838.28
2021-01-06,3834.68
2021-01-07,3832.12
2021-01-08,3821.22
2021-01-11,3814.34
2021-01-12,3809.83
2021-01-13,3811.23
2021-01-14,3810.46
2021-01-15,3811.03
2021-01-18,3808.8
2021-01-19,3805.31
2021-01-20,3802.64
2021-01-21,3802.29
2021-01-22,3803.28
2021-01-25,3804.32
2021-01-26,3806.27
2021-01-27,3808.03
2021-01-28,3811.11
2021-01-29,3816.1
2021-02-01,3822.88
2021-02-02,3827.45
2021-02-03,3832.01
2021-02-04,3829.44
2021-02-05,3828.77
2021-02-08,3826.52
2021-02-09,3818.18
2021-02-10,3816.74
2021-02-11,3820.8
2021-02-15,3819.04
2021-02-16,3817.29
2021-02-17,3807.49
2021-02-18,3800.19
2021-02-19,3790.13
2021-02-22,3778.65
2021-02-23,3773.83
2021-02-24,3786.88
2021-02-25,3787.25
2021-02-26,3776.2
2021-03-01,3780.22
2021-03-02,3781.25
2021-03-03,3788.91
2021-03-04,3784.47
2021-03-05,3778.33
2021-03-08,3764.8
2021-03-09,3756.87
2021-03-10,3761.35
2021-03-12,3768.48
2021-03-15,3766.22
2021-03-16,3767.54
2021-03-17,3767.12
2021-03-18,3765.19
2021-03-19,3760.33
2021-03-22,3763.38
2021-03-23,3769.45
2021-03-24,3777.88
2021-03-25,3778.71
2021-03-26,3778.54
2021-03-29,3778.54
2021-03-30,3775.31
2021-03-31,3774.71
2021-04-01,3784.26
2021-04-05,3791.63
2021-04-06,3797.4
2021-04-07,3807.4
2021-04-08,3809.36
2021-04-09,3812.48
2021-04-12,3801.97
2021-04-13,3797.42
2021-04-14,3794.2
2021-04-15,3795.05
2021-04-16,3804.92
2021-04-19,3809.03
2021-04-20,3812.72
2021-04-21,3813.05
2021-04-22,3816.48
2021-04-23,3813.57
2021-04-26,3815.88
2021-04-27,3813.9
2021-04-28,3811.15
2021-04-29,3813.18
2021-04-30,3814.78
2021-05-03,3817.79
2021-05-04,3818.44
2021-05-05,3819.53
2021-05-06,3822.68
2021-05-07,3825.45
2021-05-10,3829.08
2021-05-11,3828.28
2021-05-17,3829.25
2021-05-18,3829.05
2021-05-19,3829.09
2021-05-20,3826.59
2021-05-21,3827.92
2021-05-24,3830.28
2021-05-25,3830.29
2021-05-27,3831.93
2021-05-28,3834.04
2021-05-31,3838.41
2021-06-02,3841.65
2021-06-03,3844.31
2021-06-04,3841.62
2021-06-07,3844.63
2021-06-08,3844.75
2021-06-09,3848.41
2021-06-10,3849.95
2021-06-11,3854.01
2021-06-14,3854.32
2021-06-15,3853.6
2021-06-16,3855.4
2021-06-17,3854.27
2021-06-18,3850.58
2021-06-21,3841.67
2021-06-22,3844.24
2021-06-23,3843.13
2021-06-24,3846.19
2021-06-25,3850.44
2021-06-28,3852.66
2021-06-29,3848.46
2021-06-30,3849.52
2021-07-01,3849.92
2021-07-02,3849.43
2021-07-05,3852.51
2021-07-06,3854.84
2021-07-07,3854.03
2021-07-08,3854.35
2021-07-09,3854.44
2021-07-12,3854.82
2021-07-13,3858.17
2021-07-14,3864.49
2021-07-15,3872.3
2021-07-16,3872.6
2021-07-19,3874.63
2021-07-21,3874.95
2021-07-22,3875.12
2021-07-23,3874.62
2021-07-26,3876.74
2021-07-27,3875.78
2021-07-28,3878.12
2021-07-29,3880.2
2021-07-30,3886.61
2021-08-02,3890.18
2021-08-03,3892.93
2021-08-04,3895.44
2021-08-05,3892.61
2021-08-06,3890.69
2021-08-09,3888.59
2021-08-10,3887
2021-08-12,3885.92
2021-08-13,3883.93
2021-08-16,3886.62
2021-08-18,3887.32
2021-08-19,3891.65
2021-08-20,3891.23
2021-08-23,3891.81
2021-08-24,3895.25
2021-08-25,3901.6
2021-08-26,3901.71
2021-08-27,3901.66
2021-08-30,3902.15
2021-08-31,3904.12
2021-09-01,3903.79
2021-09-02,3903.38
2021-09-03,3904.21
2021-09-06,3905.1
2021-09-07,3907.36
2021-09-08,3905.23
2021-09-09,3903.51
2021-09-10,3903.97
2021-09-13,3908.61
2021-09-14,3911.65
2021-09-15,3917.61
2021-09-16,3912.89
2021-09-17,3912.21
2021-09-20,3915
2021-09-21,3909.87
2021-09-22,3909.23
2021-09-23,3909.69
2021-09-24,3906.72
2021-09-27,3912.24
2021-09-28,3912.9
2021-09-29,3907.91
2021-09-30,3905.22
2021-10-01,3907.01
2021-10-04,3908.6
2021-10-05,3911.32
2021-10-06,3911.04
2021-10-07,3910.31
2021-10-08,3909.35
2021-10-11,3910.09
2021-10-12,3909.83
2021-10-13,3911.12
2021-10-14,3914.67
2021-10-15,3917.56
2021-10-18,3927.48
2021-10-19,3911.22
2021-10-21,3911.55
2021-10-22,3913.44
2021-10-25,3914.82
2021-10-26,3916.9
2021-10-27,3915.83
2021-10-28,3914.1
2021-10-29,3912.27
2021-11-01,3912.54
2021-11-02,3908.32
2021-11-03,3911.05
2021-11-04,3910.37
2021-11-05,3914.4
2021-11-08,3917.81
2021-11-09,3916.93
2021-11-10,3917.52
2021-11-11,3916.9
2021-11-12,3917.55
2021-11-15,3920.31
2021-11-16,3922.77
2021-11-17,3922.72
2021-11-18,3924.99
2021-11-19,3924.12
2021-11-22,3924.51
2021-11-23,3924.81
2021-11-24,3926.45
2021-11-25,3926.33
2021-11-26,3925.87
2021-11-29,3925.78
2021-11-30,3927.24
2021-12-01,3923.42
2021-12-02,3924.44
2021-12-03,3921.4
2021-12-06,3920.99
2021-12-07,3921.71
2021-12-08,3924.25
2021-12-09,3927.91
2021-12-10,3927.55
2021-12-13,3929.77
2021-12-14,3929.56
2021-12-15,3928.02
2021-12-16,3923.85
2021-12-17,3923.73
2021-12-20,3921.87
2021-12-21,3923.03
2021-12-22,3927.4
2021-12-23,3929.22
2021-12-24,3928.69
2021-12-27,3931.55
2021-12-28,3933.41
2021-12-29,3934.06
2021-12-30,3934.69
2022-01-03,3940.53
2022-01-04,3941.42
2022-01-05,3942.46
2022-01-06,3937.85
2022-01-07,3932.91
2022-01-10,3933.07
2022-01-11,3931.41
2022-01-12,3930.74
2022-01-13,3929.46
2022-01-14,3929.25
2022-01-17,3930.32
2022-01-18,3932.93
2022-01-19,3935.03
2022-01-20,3933.68
2022-01-21,3935.29
2022-01-24,3936.87
2022-01-25,3936.84
2022-01-26,3939.46
2022-01-27,3942.95
2022-01-28,3938.18
2022-01-31,3939.22
2022-02-02,3939.82
2022-02-03,3941.95
2022-02-04,3944.35
2022-02-07,3943.15
2022-02-08,3943.38
2022-02-09,3943.59
2022-02-10,3945.07
2022-02-11,3947.66
2022-02-14,3949.36
2022-02-15,3948.57
2022-02-16,3947.5
2022-02-17,3948.44
2022-02-18,3948.37
2022-02-21,3950
2022-02-22,3950.21
2022-02-23,3949.8
2022-02-24,3951.07
2022-02-25,3951.2
2022-03-01,3954.48
2022-03-02,3956.35
2022-03-04,3958.1
2022-03-07,3958.41
2022-03-08,3957.64
2022-03-09,3957.92
2022-03-10,3956.77
2022-03-11,3957.24
2022-03-14,3964.52
2022-03-15,3963.12
2022-03-16,3961.86
2022-03-17,3962.15
2022-03-18,3961.63
2022-03-21,3963.44
2022-03-22,3964.94
2022-03-23,3964.93
2022-03-24,3963.32
2022-03-25,3962.18
2022-03-28,3962.75
2022-03-29,3961.05
2022-03-30,3963.61
2022-03-31,3962.48
2022-04-01,3963.42
2022-04-04,3963.67
2022-04-05,3964.66
2022-04-06,3961.03
2022-04-07,3961.26
2022-04-08,3961.09
2022-04-11,3960.26
2022-04-12,3963.21
2022-04-13,3961.87
2022-04-14,3964.3
2022-04-18,3961.52
2022-04-19,3960.39
2022-04-20,3955.25
2022-04-21,3953.96
2022-04-22,3950.38
2022-04-25,3945.97
2022-04-26,3945.15
2022-04-27,3940.79
2022-04-28,3938.05
2022-05-09,3928.57
2022-05-10,3909.15
2022-05-11,3896.96
2022-05-12,3901.65
2022-05-13,3905.55
2022-05-17,3912.73
2022-05-18,3916.49
2022-05-19,3924.3
2022-05-20,3942.12
2022-05-23,3955.71
2022-05-24,3955.83
2022-05-25,3964.66
2022-05-27,3970.98
2022-05-30,3979.13
2022-05-31,3979.75
2022-06-02,3983.93
2022-06-03,3990.45
2022-06-06,3998.72
2022-06-07,4000.29
2022-06-08,3999.54
2022-06-09,3998.92
2022-06-10,4002.85
2022-06-13,4002.55
2022-06-14,4003.4
2022-06-15,4006.07
2022-06-16,4007.07
2022-06-17,4006.81
2022-06-20,4006.21
2022-06-21,4005.72
2022-06-22,4006.87
2022-06-23,4008.26
2022-06-24,4011.61
2022-06-27,4013.61
2022-06-28,4013.21
2022-06-29,4014.34
2022-06-30,4016.08
2022-07-01,4014.43
2022-07-04,4016.98
2022-07-05,4017.78
2022-07-06,4016.87
2022-07-07,4015.94
2022-07-08,4014.64
2022-07-11,4012.89
2022-07-12,4013.03
2022-07-13,4012.46
2022-07-14,4012.34
2022-07-15,4010.88
2022-07-18,4010.39
2022-07-19,4010.73
2022-07-20,4008.46
2022-07-21,4007.84
2022-07-22,4002.64
2022-07-25,4003.06
2022-07-26,4003.98
2022-07-27,4002.63
2022-07-28,4001.55
2022-07-29,4007.2
2022-08-01,4008.48
2022-08-02,4009.75
2022-08-03,4008.08
2022-08-04,4009.88
2022-08-05,4010.62
2022-08-08,4011.74
2022-08-09,4014.66
2022-08-10,4014.43
2022-08-11,4020
2022-08-12,4023.6
2022-08-15,4026.06
2022-08-16,4025.77
2022-08-18,4026.21
2022-08-19,4027.06
2022-08-22,4027.48
2022-08-23,4027.35
2022-08-24,4025.46
2022-08-25,4020.56
2022-08-26,4017.54
2022-08-29,4015.19
2022-08-30,4016.21
2022-08-31,4016.83
2022-09-01,4019.23
2022-09-02,4021.07
2022-09-05,4021.22
2022-09-06,4024.22
2022-09-07,4021.87
2022-09-08,4024.64
2022-09-09,4025.59
2022-09-12,4027.43
2022-09-13,4028.78
2022-09-14,4028.81
2022-09-15,4029.62
2022-09-16,4028.77
2022-09-19,4028.68
2022-09-20,4029.63
2022-09-21,4028.96
2022-09-22,4023.82
2022-09-23,4019.28
2022-09-26,4011.59
2022-09-27,4010.44
2022-09-28,4008.45
2022-09-29,4008.79
2022-09-30,4008.01
2022-10-03,4005.26
2022-10-04,4007.01
2022-10-05,4007.4
2022-10-06,4007.24
2022-10-07,4008.67
2022-10-10,4007.78
2022-10-11,4010.85
2022-10-12,4011.24
2022-10-13,4012.32
2022-10-14,4010.77
2022-10-17,4009.94
2022-10-18,4009.68
2022-10-19,4006.91
2022-10-20,4004.98
2022-10-21,3998.34
2022-10-24,3996.77
2022-10-25,3997.36
2022-10-26,3998.53
2022-10-27,4000.24
2022-10-28,3999.03
2022-10-31,3996.89
2022-11-01,4000.39
2022-11-02,4002.15
2022-11-03,4000.28
2022-11-04,4000.49
2022-11-07,4002.89
2022-11-08,4002.78
2022-11-09,4003.22
2022-11-10,4002.24
2022-11-11,4007.54
2022-11-14,4007.15
2022-11-15,4010.33
2022-11-16,4014.89
2022-11-17,4014.63
2022-11-18,4016.4
2022-11-21,4018.35
2022-11-22,4017.48
2022-11-23,4022.53
2022-11-24,4028.27
2022-11-25,4032.86
2022-11-28,4034.98
2022-11-29,4039.31
2022-11-30,4044.86
2022-12-01,4054.68
2022-12-02,4062.34
2022-12-05,4062
2022-12-06,4061.45
2022-12-07,4058.43
2022-12-08,4058.96
2022-12-09,4060.44
2022-12-12,4061.94
2022-12-13,4059.76
2022-12-14,4061.13
2022-12-15,4058.62
2022-12-16,4060.51
2022-12-19,4061.02
2022-12-20,4059.56
2022-12-21,4059.29
2022-12-22,4059.55
2022-12-23,4061.92
2022-12-26,4061.79
2022-12-27,4063.72
2022-12-28,4065.63
2022-12-29,4066.07
2022-12-30,4066.53
2023-01-02,4068.95
2023-01-03,4068.14
2023-01-04,4068.15
2023-01-05,4068.98
2023-01-06,4069.5
2023-01-09,4073.22
2023-01-10,4075.22
2023-01-11,4077.19
2023-01-12,4079.96
2023-01-13,4081.75
2023-01-16,4085.24
2023-01-17,4086.36
2023-01-18,4086.81
2023-01-19,4089.86
2023-01-20,4089.59
2023-01-24,4091.37
2023-01-25,4091.17
2023-01-26,4089.64
2023-01-27,4090.46
2023-01-30,4090.3
2023-01-31,4093.74
2023-02-01,4094.33
2023-02-02,4099.37
2023-02-03,4099.8
2023-02-06,4099.37
2023-02-07,4098.45
2023-02-08,4100.82
2023-02-09,4101.42
2023-02-10,4100.99
2023-02-13,4102.52
2023-02-14,4102.2
2023-02-15,4102.66
2023-02-16,4107.84
2023-02-17,4108.01
2023-02-20,4108.64
2023-02-21,4108.86
2023-02-22,4108.54
2023-02-23,4108.13
2023-02-24,4107.05
2023-02-27,4107.72
2023-02-28,4109.75
2023-03-01,4110.19
2023-03-02,4109.12
2023-03-03,4109.86
2023-03-06,4110.68
2023-03-07,4110.73
2023-03-08,4109.01
2023-03-09,4110.59
2023-03-10,4111.2
2023-03-13,4113.43
2023-03-14,4116.96
2023-03-15,4116.53
2023-03-16,4116.81
2023-03-17,4119.79
2023-03-20,4119.8
2023-03-21,4120.14
2023-03-24,4123.41
2023-03-27,4127.06
2023-03-28,4126.67
2023-03-29,4126.57
2023-03-30,4127.58
2023-03-31,4127.72
2023-04-03,4130.11
2023-04-04,4130.89
2023-04-05,4132.27
2023-04-06,4133.18
2023-04-10,4134.26
2023-04-11,4134.66
2023-04-12,4134.81
2023-04-13,4135.37
2023-04-14,4135.54
2023-04-17,4136.46
2023-04-18,4135.86
2023-04-26,4142.56
2023-04-27,4142.14
2023-04-28,4143.67
2023-05-02,4143.65
2023-05-03,4145.17
2023-05-04,4147.69
2023-05-05,4150.02
2023-05-08,4151.18
2023-05-09,4151.81
2023-05-10,4153.44
2023-05-11,4158.36
2023-05-12,4160.39
2023-05-15,4164.05
2023-05-16,4163.48
2023-05-17,4164.59
2023-05-19,4167.56
2023-05-22,4168.84
2023-05-23,4167.12
2023-05-24,4168.76
2023-05-25,4168.96
2023-05-26,4169.94
2023-05-29,4169.99
2023-05-30,4168.55
2023-05-31,4169.23
2023-06-05,4171.8
2023-06-06,4170.58
2023-06-07,4172.54
2023-06-08,4173.27
2023-06-09,4176.02
2023-06-12,4182.9
2023-06-13,4191.46
2023-06-14,4191.98
2023-06-15,4193.64
2023-06-16,4193.89
2023-06-19,4198.12
2023-06-20,4199.44
2023-06-21,4196.69
2023-06-22,4195.61
2023-06-23,4196.27
2023-06-26,4196.42
2023-06-27,4195.33
2023-07-03,4197.21
2023-07-04,4199
2023-07-05,4198.89
2023-07-06,4200.53
2023-07-07,4204.1
2023-07-10,4204.9
2023-07-11,4201.2
2023-07-12,4201.72
2023-07-13,4202.78
2023-07-14,4204.29
2023-07-17,4206.18
2023-07-18,4205.62
2023-07-20,4206.65
2023-07-21,4208.31
2023-07-24,4210.19
2023-07-25,4210.76
2023-07-26,4213.15
2023-07-27,4211.04
2023-07-28,4215.36
2023-07-31,4212.81
2023-08-01,4212.68
2023-08-02,4215.01
2023-08-03,4217.72
2023-08-04,4218.29
2023-08-07,4219.64
2023-08-08,4218.26
2023-08-09,4217.23
2023-08-10,4216.18
2023-08-11,4216.02
2023-08-14,4215.92
2023-08-15,4216.88
2023-08-16,4217.38
2023-08-18,4215.06
2023-08-21,4211.01
2023-08-22,4205.28
2023-08-23,4203.98
2023-08-24,4202.37
2023-08-25,4201.83
2023-08-28,4199.08
2023-08-29,4194.37
2023-08-30,4196.16
2023-08-31,4198.31
2023-09-01,4201.11
2023-09-04,4204.22
2023-09-05,4205.25
2023-09-06,4206.15
2023-09-07,4208.11
2023-09-08,4209.19
2023-09-11,4209.5
2023-09-12,4214.48
2023-09-13,4215.78
2023-09-14,4217.52
2023-09-15,4214.76
2023-09-18,4214.04
2023-09-19,4214.1
2023-09-20,4210.18
2023-09-21,4211.07
2023-09-22,4210.41
2023-09-25,4211.14
2023-09-26,4206.41
2023-09-27,4205.34
2023-09-29,4203.92
2023-10-02,4199.06
2023-10-03,4189.85
2023-10-04,4179.75
2023-10-05,4179.48
2023-10-06,4179.86
2023-10-09,4180.51
2023-10-10,4179.65
2023-10-11,4178.37
2023-10-12,4174.02
2023-10-13,4172.52
2023-10-16,4171.34
2023-10-17,4170.73
2023-10-18,4171.26
2023-10-19,4173.2
2023-10-20,4173.07
2023-10-23,4161.56
2023-10-24,4153.61
2023-10-25,4156.26
2023-10-26,4153.18
2023-10-27,4154.82
2023-10-30,4155.91
2023-10-31,4156.87
2023-11-01,4159.22
2023-11-02,4160.87
2023-11-03,4160.2
2023-11-06,4173.51
2023-11-07,4173.11
2023-11-08,4171.66
2023-11-09,4172.95
2023-11-10,4172.32
2023-11-13,4172.07
2023-11-14,4172.92
2023-11-15,4176.18
2023-11-16,4179.74
2023-11-17,4185.45
2023-11-20,4189.08
2023-11-21,4190.05
2023-11-22,4189.98
2023-11-23,4191.33
2023-11-24,4192.24
2023-11-27,4192.47
2023-11-28,4193.41
2023-11-29,4197.17
2023-11-30,4197.1
2023-12-01,4197.69
2023-12-04,4202.27
2023-12-05,4202.68
2023-12-06,4204.67
2023-12-07,4205.14
2023-12-08,4206.54
2023-12-11,4207.4
2023-12-12,4207.55
2023-12-13,4206.51
2023-12-14,4209.21
2023-12-15,4209.63
2023-12-18,4213.31
2023-12-19,4213.01
2023-12-20,4214.63
2023-12-21,4219.26
2023-12-22,4220.8
2023-12-27,4224.28
2023-12-28,4225.46
2023-12-29,4225.02
2024-01-02,4227.64
2024-01-03,4227.52
2024-01-04,4226.94
2024-01-05,4227.82
2024-01-08,4228.93
2024-01-09,4229.72
2024-01-10,4230.4
2024-01-11,4232.01
2024-01-12,4233.67
2024-01-15,4234.97
2024-01-16,4235.61
2024-01-17,4236.3
2024-01-18,4235.22
2024-01-19,4236.22
2024-01-22,4236.1
2024-01-23,4236.5
2024-01-24,4236.08
2024-01-25,4237.27
2024-01-26,4236.85
2024-01-29,4238.66
2024-01-30,4240.11
2024-01-31,4239.79
2024-02-01,4240.88
2024-02-02,4242.33
2024-02-05,4242.21
2024-02-06,4242.94
2024-02-07,4243.38
2024-02-12,4245.82
2024-02-13,4245.87
2024-02-15,4246
2024-02-16,4246.44
2024-02-19,4247.93
2024-02-20,4248.42
2024-02-21,4248.54
2024-02-22,4250.31
2024-02-23,4250.69
2024-02-26,4251.56
2024-02-27,4253.17
2024-02-28,4254.21
2024-02-29,4255.93
2024-03-01,4256.14
2024-03-04,4257.48
2024-03-05,4257.2
2024-03-06,4257.59
2024-03-07,4257.81
2024-03-08,4257.85
2024-03-13,4261.59
2024-03-14,4262.09
2024-03-15,4262.44
2024-03-18,4263.43
2024-03-19,4262.96
2024-03-20,4263.23
2024-03-21,4264.39
2024-03-22,4264.8
2024-03-25,4266.11
2024-03-26,4266.56
2024-03-27,4266.15
2024-03-28,4265.94
2024-04-01,4267.68
2024-04-02,4268.7
2024-04-03,4268.78
2024-04-04,4269.24
2024-04-05,4270.94
2024-04-16,4274.77
2024-04-17,4270.03
2024-04-18,4270.05
2024-04-19,4267.38
2024-04-22,4266.19
2024-04-23,4264.14
2024-04-24,4265.33
2024-04-25,4261.15
2024-04-26,4260.01
2024-04-29,4258.06
2024-04-30,4256.9
2024-05-02,4260.26
2024-05-03,4261.82
2024-05-06,4265.09
2024-05-07,4264.98
2024-05-08,4265.84
2024-05-13,4268.19
2024-05-14,4269.45
2024-05-15,4272.32
2024-05-16,4276.04
2024-05-17,4278.29
2024-05-20,4278.45
2024-05-21,4278.56
2024-05-22,4279.18
2024-05-27,4279.83
2024-05-28,4280.6
2024-05-29,4280.99
2024-05-30,4279.93
2024-05-31,4279.96
2024-06-03,4281.47
2024-06-04,4282.3
2024-06-05,4282.7
2024-06-06,4282.28
2024-06-07,4283.43
2024-06-10,4282.74
2024-06-11,4283.01
2024-06-12,4284.33
2024-06-13,4284.58
2024-06-14,4282.43
2024-06-19,4281.91
2024-06-20,4281.51
2024-06-21,4281.39
2024-06-24,4282.73
2024-06-25,4283.4
2024-06-26,4283.35
2024-06-27,4284.32
2024-06-28,4286.33
2024-07-01,4288.3
2024-07-02,4288.96
2024-07-03,4289.26
2024-07-04,4290.02
2024-07-05,4290.8
2024-07-08,4293.21
2024-07-09,4293.48
2024-07-10,4293.44
2024-07-11,4293.21
2024-07-12,4293.88
2024-07-15,4294.65
2024-07-16,4294.74
2024-07-17,4294.65
2024-07-18,4296.35
2024-07-19,4296.65
2024-07-22,4298.12
2024-07-23,4298.4
2024-07-24,4300.37
2024-07-25,4301.81
2024-07-26,4303.56
2024-07-29,4305.12
2024-07-30,4307.25
2024-07-31,4307.3
2024-08-01,4307.62
2024-08-02,4308.31
2024-08-05,4312.24
2024-08-06,4312.9
2024-08-07,4313.87
2024-08-08,4315.41
2024-08-09,4316.19
2024-08-12,4317.94
2024-08-13,4318.91
2024-08-14,4321.26
2024-08-15,4323.73
2024-08-16,4324.55
2024-08-19,4327.81
2024-08-20,4329.47
2024-08-21,4332.34
2024-08-22,4333.32
2024-08-23,4334.72
2024-08-26,4336.78
2024-08-27,4337.85
2024-08-28,4339.36
2024-08-29,4341.44
2024-08-30,4343.45
2024-09-02,4346.53
2024-09-03,4348.68
2024-09-04,4349.19
2024-09-05,4351.03
2024-09-06,4353.5
2024-09-09,4355.86
2024-09-10,4357.43
2024-09-11,4361
2024-09-12,4362.31
2024-09-13,4363.45
2024-09-17,4370.55
2024-09-18,4374.7
2024-09-19,4381.75
2024-09-20,4393.96
2024-09-23,4397.11
2024-09-24,4398.56
2024-09-25,4402.98
2024-09-26,4405.36
2024-09-27,4407.27
2024-09-30,4410.92
2024-10-01,4412.26
2024-10-02,4413.37
2024-10-03,4415.36
2024-10-04,4417.53
2024-10-07,4421.53
2024-10-08,4422.27
2024-10-09,4423.58
2024-10-10,4424.88
2024-10-11,4425.39
2024-10-14,4426.91
2024-10-15,4427.32
2024-10-16,4427.58
2024-10-17,4427.77
2024-10-18,4428.09
2024-10-21,4429.68
2024-10-22,4429.32
2024-10-23,4431
2024-10-24,4431.89
2024-10-25,4433.37
2024-10-28,4434.76
2024-10-29,4435.68
2024-10-30,4436.56
2024-10-31,4439.13
2024-11-01,4439.74
2024-11-04,4441.16
2024-11-05,4441.47
2024-11-06,4441.8
2024-11-07,4442.67
2024-11-08,4442.67
2024-11-11,4445.57
2024-11-12,4445.84
2024-11-13,4445.58
2024-11-14,4445.65
2024-11-15,4446.16
2024-11-18,4447.9
2024-11-19,4446.72
2024-11-20,4447.5
2024-11-21,4448.68
2024-11-22,4449.1
2024-11-25,4450.33
2024-11-26,4452.42
2024-11-28,4453.55
2024-11-29,4453.59
2024-12-02,4455.7
2024-12-03,4456.17
2024-12-04,4456.84
2024-12-05,4457.67
2024-12-06,4458.35
2024-12-09,4460.44
2024-12-10,4460.9
2024-12-11,4461.54
2024-12-12,4462.63
2024-12-13,4463.43
2024-12-16,4465.57
2024-12-17,4466.05
2024-12-18,4466.7
2024-12-19,4467.64
2024-12-20,4467.95
2024-12-23,4467.84
2024-12-24,4469.32
2024-12-27,4470.66
2024-12-30,4472.42
2025-01-02,4473.73
2025-01-03,4474.44
2025-01-06,4474.29
2025-01-07,4474.98
2025-01-08,4476.35
2025-01-09,4477.29
2025-01-10,4476.79
2025-01-13,4478.63
2025-01-14,4479.29
2025-01-15,4478.27
2025-01-16,4479.16
2025-01-17,4479.85
2025-01-20,4481.49
2025-01-21,4482.65
2025-01-22,4483.83
2025-01-23,4484.88
2025-01-24,4486.8
2025-01-30,4491.1
2025-01-31,4491.61
2025-02-03,4492.98
2025-02-04,4493.16
2025-02-05,4493
2025-02-06,4493.25
2025-02-07,4493.85
2025-02-10,4498.09
2025-02-11,4499.09
2025-02-12,4500.44
2025-02-13,4500.76
2025-02-14,4503.27
2025-02-17,4506.5
2025-02-18,4509.75
2025-02-19,4511.9
2025-02-20,4513.83
2025-02-21,4515.56
2025-02-24,4518.64
2025-02-25,4518.83
2025-02-26,4522.73
2025-02-27,4523.72
2025-02-28,4525.85
2025-03-03,4526.79
2025-03-04,4526.86
2025-03-05,4526.64
2025-03-06,4527.26
2025-03-07,4527.5
2025-03-10,4529.2
2025-03-11,4529.98
2025-03-12,4529.14
2025-03-13,4530.07
2025-03-14,4529.75
2025-03-17,4531.84
2025-03-18,4532.46
2025-03-19,4533.12
2025-03-20,4533.82
2025-03-21,4535.42
2025-03-24,4539.04
2025-03-25,4540.72
2025-03-26,4540.78
2025-03-27,4540.4
2025-04-08,4546.07
2025-04-09,4547.16
2025-04-10,4546.95
2025-04-11,4548.01
2025-04-14,4549.99
2025-04-15,4550.37
2025-04-16,4550.93
2025-04-17,4552.3
2025-04-21,4555.18
2025-04-22,4556.46
2025-04-23,4558.22
2025-04-24,4559.18
2025-04-25,4561.25
2025-04-28,4564.3
2025-04-29,4567.98
2025-04-30,4572.49
2025-05-02,4574.6
2025-05-05,4576.38
2025-05-06,4579.11
2025-05-07,4581.61
2025-05-08,4584.97
2025-05-09,4585.82
2025-05-14,4589.01
2025-05-15,4589.77
2025-05-16,4592.52
2025-05-19,4595
2025-05-20,4599.71
2025-05-21,4603.1
2025-05-22,4605
2025-05-23,4610.59
2025-05-26,4614.57
2025-05-27,4613.78
2025-05-28,4614.59
2025-06-02,4618.31
2025-06-03,4620.14
2025-06-04,4620.57
2025-06-05,4625.98
2025-06-10,4632.34
2025-06-11,4634.1
2025-06-12,4639.18
2025-06-13,4640.6
2025-06-16,4642.42
2025-06-17,4643.58
2025-06-18,4645.1
2025-06-19,4646.2
2025-06-20,4646.86
2025-06-23,4648.99
2025-06-24,4649.94
2025-06-25,4649.55
2025-06-26,4650.99
2025-06-30,4654.36
2025-07-01,4655.14
2025-07-02,4656.06
2025-07-03,4656.93
2025-07-04,4658
2025-07-07,4661.4
2025-07-08,4661.65
2025-07-09,4661.78
2025-07-10,4664.62
2025-07-11,4666.81
2025-07-14,4670.35
2025-07-15,4671.2
2025-07-16,4648.59
2025-07-17,4651.64
2025-07-18,4653.66
2025-07-21,4658.58
2025-07-22,4662.85
2025-07-23,4666.17
2025-07-24,4666.62
2025-07-25,4666.88
2025-07-28,4668.59
2025-07-29,4668.07
2025-07-30,4668.75
2025-07-31,4668.16
2025-08-01,4669.52
2025-08-04,4671.8
2025-08-05,4672.58
2025-08-06,4675.24
2025-08-07,4682.94
2025-08-08,4690.03
2025-08-11,4692.16
2025-08-12,4693.56
2025-08-13,4700.87
2025-08-14,4708.6
2025-08-15,4709.39
2025-08-19,4687.84
2025-08-20,4691.43
2025-08-21,4695.33
2025-08-22,4697.04
2025-08-25,4700.56
2025-08-26,4703.96
2025-08-27,4707.3
2025-08-28,4711.43
2025-08-29,4709.21
2025-09-01,4708.74
2025-09-02,4711.24
2025-09-03,4709.3
2025-09-04,4709.62
2025-09-08,4714.89
2025-09-09,4711.35
2025-09-10,4713.69
2025-09-11,4716.41
2025-09-12,4724.69
2025-09-15,4726.45
2025-09-16,4704.3
2025-09-17,4714.51
2025-09-18,4729.7
2025-09-19,4733.32
2025-09-22,4732.11
2025-09-23,4731.83
2025-09-24,4726.73
2025-09-25,4721.37
2025-09-26,4726.15
2025-09-29,4730.1
2025-09-30,4729.72
2025-10-01,4731.12
2025-10-02,4732.97
2025-10-03,4733.16
2025-10-06,4736.35
2025-10-07,4737.76
2025-10-08,4740.22
2025-10-09,4742.64
2025-10-10,4742.02
2025-10-13,4744.12
2025-10-14,4746.41
2025-10-15,4748.18
2025-10-16,4727.67
2025-10-17,4727.56
2025-10-20,4727.31
2025-10-21,4729.08
2025-10-22,4727.41
2025-10-23,4726.94
2025-10-24,4726.92
2025-10-27,4729.42
2025-10-28,4730.76
2025-10-29,4730.46
2025-10-30,4728.99
2025-10-31,4728.32
2025-11-03,4726.83
2025-11-04,4724.56
2025-11-05,4725.64
2025-11-06,4723.85
2025-11-07,4724.61
2025-11-10,4726
2025-11-11,4727.28
2025-11-12,4729.2
2025-11-13,4730.36
2025-11-14,4732.32
2025-11-17,4733.99
2025-11-18,4710.54
2025-11-19,4712.23
2025-11-20,4711.49
2025-11-21,4710.06
2025-11-24,4706.59
2025-11-25,4704.24
2025-11-26,4702.36
2025-11-27,4699.04
2025-11-28,4694.97
2025-12-01,4694.73
2025-12-02,4696.48
2025-12-03,4698.33
2025-12-04,4701.68
2025-12-05,4702.74
2025-12-08,4702.16
2025-12-09,4700.22
2025-12-10,4700.47
2025-12-11,4701.55
2025-12-12,4701.86
2025-12-15,4702.83
2025-12-16,4678.89
2025-12-17,4680.31
2025-12-18,4680.85
2025-12-19,4681.38
2025-12-22,4680.65
2025-12-23,4680.75
2025-12-24,4681.93
2025-12-29,4683.27
2025-12-30,4685.71
2026-01-02,4691.05
2026-01-05,4692.96
2026-01-06,4693.39
2026-01-07,4693.35
2026-01-08,4692.74
2026-01-09,4692.85
2026-01-12,4691.45
2026-01-13,4691.94
2026-01-14,4690.06
2026-01-15,4689.6
2026-01-19,4666.66
2026-01-20,4665.73
2026-01-21,4665.47
2026-01-22,4667.05
2026-01-23,4663.34
2026-01-26,4662.51
2026-01-27,4662.07
2026-01-28,4661.91
2026-01-29,4661.56
2026-01-30,4663.1
2026-02-02,4665.58
2026-02-03,4666.56
2026-02-04,4668.41
2026-02-05,4668.2
2026-02-06,4661.9
2026-02-09,4662.04
2026-02-10,4662.26
2026-02-11,4664.24
2026-02-12,4664.39
2026-02-13,4666.93
2026-02-18,4670.5
2026-02-19,4644.7
2026-02-20,4645.87
2026-02-23,4646.43
2026-02-24,4644.87
2026-02-25,4644.72
2026-02-26,4644.57
2026-02-27,4643.85
2026-03-02,4644.11
2026-03-03,4640.05
2026-03-04,4631.64
2026-03-05,4631.38
2026-03-06,4628.53
2026-03-09,4613.18
2026-03-10,4611.24
2026-03-11,4590.09
2026-03-12,4583.95
2026-03-13,4577.96
2026-03-16,4556.76
2026-03-17,4533.99
2026-03-25,4533.44
2026-03-26,4534.06
2026-03-27,4536.57
2026-03-30,4536.83
2026-03-31,4537.06
2026-04-01,4543.77
2026-04-02,4545.85
2026-04-06,4547.43
2026-04-07,4549.23
2026-04-08,4556.87
2026-04-09,4557.75
2026-04-10,4562.67
2026-04-13,4564.29
2026-04-14,4564.53
2026-04-15,4567.12
2026-04-16,4548.3
2026-04-17,4548.35
2026-04-20,4549.55
2026-04-21,4549.67
2026-04-22,4547.09
2026-04-23,4539.42
2026-04-24,4532.5
2026-04-27,4533.19
2026-04-28,4532.61
2026-04-29,4526.21
2026-04-30,4521.52
2026-05-04,4525.67
2026-05-05,4523.44
2026-05-06,4521.66
2026-05-07,4534.86
2026-05-08,4537.12
2026-05-11,4538.63
2026-05-12,4532.07
2026-05-13,4534.16
2026-05-18,4530.05
2026-05-19,4508.96
2026-05-20,4503.72
2026-05-21,4505.04
2026-05-22,4506.26
2026-05-25,4509.84
2026-05-26,4511.4
2026-05-29,4506.33
2026-06-02,4507.28
2026-06-03,4506.06
2026-06-04,4497.88
2026-06-05,4484.61
2026-06-08,4470.91
2026-06-09,4437.55
2026-06-10,4438.85
2026-06-11,4425.28
2026-06-12,4435.64
2026-06-15,4457.56
2026-06-17,4449.81
2026-06-18,4445.35
2026-06-19,4442.06
2026-06-22,4440.93
2026-06-23,4438.8
2026-06-24,4431.93
2026-06-25,4433.65
2026-06-26,4435.18
2026-06-29,4440.69
2026-06-30,4434.49
2026-07-01,4434.91
2026-07-02,4433.63
2026-07-03,4434.97
2026-07-06,4437.1
2026-07-07,4436.21
2026-07-08,4432.83
2026-07-09,4428.51
2026-07-10,4429.16
2026-07-13,4429.11
2026-07-14,4429.09
2026-07-15,4433.91
2026-07-16,4410.28
2026-07-17,4412.66
2026-07-20,4414.67
2026-07-21,4416.29
2026-07-22,4415.94
2026-07-23,4414.05
2026-07-24,4413.16
2026-07-27,4412.49
2026-07-28,4411.27
2026-07-29,4413.35
2026-07-30,4413.53
2026-07-31,4413.98
2026-08-03,4416.08
2026-08-04,4415.34
2026-08-05,4419.17
2026-08-06,4422.91
2026-08-07,4423.65
2026-08-10,4432.75
2026-08-11,4432.72
2026-08-12,4433.98
2026-08-13,4435.55
2026-08-14,4448.68
2026-08-18,4454.62
2026-08-19,4439.55
2026-08-20,4457.12
2026-08-21,4458.27
2026-08-24,4459.9
2026-08-26,4460.46
2026-08-27,4460.53
2026-08-28,4462.74
2026-08-31,4462.29
2026-09-01,4460.85
2026-09-02,4445.17
2026-09-03,4449.54
2026-09-04,4451.85
2026-09-07,4451.1
2026-09-08,4456.12
2026-09-09,4456.76
2026-09-10,4454.79
2026-09-11,4450.24
2026-09-14,4451.54
2026-09-15,4449.85
2026-09-16,4428.6
2026-09-17,4430.4
2026-09-18,4436.07
2026-09-21,4438.63
2026-09-22,4437.24
2026-09-23,4441.65
2026-09-24,4437.49
2026-09-25,4436.95
2026-09-28,4435.08
2026-09-29,4429.2
2026-09-30,4433.05
2026-10-01,4435.48
