date,nav
2005-08-11,1000
2005-08-12,1000.01
2005-08-15,1000.04
2005-08-16,999.82
2005-08-18,1001.56
2005-08-19,994.01
2005-08-22,986.88
2005-08-23,981.07
2005-08-24,966.45
2005-08-25,982.35
2005-08-26,978.53
2005-08-29,949.88
2005-08-30,969.93
2005-08-31,969.93
2005-09-01,960.44
2005-09-05,965.38
2005-09-06,966.54
2005-09-07,969.45
2005-09-08,975.36
2005-09-09,983.47
2005-09-12,984.69
2005-09-13,980.47
2005-09-14,977.33
2005-09-15,973.68
2005-09-16,977.47
2005-09-19,969.82
2005-09-20,969.82
2005-09-21,964.67
2005-09-22,965.31
2005-09-23,966.78
2005-09-26,967.97
2005-09-27,972.06
2005-09-28,967.68
2005-09-29,975
2005-09-30,981.23
2005-10-03,978.57
2005-10-04,998.83
2005-10-05,1000.14
2005-10-06,1000.51
2005-10-07,999.32
2005-10-10,1006.59
2005-10-11,1013.61
2005-10-12,1015.53
2005-10-13,1004.35
2005-10-14,1008.25
2005-10-17,1008.98
2005-10-18,1009.84
2005-10-19,1005.2
2005-10-20,1005.41
2005-10-21,1006.91
2005-10-24,1004.37
2005-10-25,997.97
2005-10-26,998.79
2005-10-27,991.48
2005-10-28,994.87
2005-10-31,999.13
2005-11-01,996.21
2005-11-09,989.42
2005-11-10,986.97
2005-11-11,980.43
2005-11-14,968.34
2005-11-15,971.04
2005-11-16,969.28
2005-11-17,972.71
2005-11-18,978.99
2005-11-21,982.44
2005-11-22,982.22
2005-11-23,978.87
2005-11-24,983.52
2005-11-25,988.42
2005-11-28,987.87
2005-11-29,987.19
2005-11-30,987.56
2005-12-01,988.02
2005-12-02,994.19
2005-12-05,986.35
2005-12-06,994.09
2005-12-07,1007.72
2005-12-08,1015.7
2005-12-09,1015.75
2005-12-12,1031.27
2005-12-13,1019.1
2005-12-14,1011.54
2005-12-15,1002.14
2005-12-16,996.75
2005-12-19,1004.8
2005-12-20,1006.29
2005-12-21,1024.91
2005-12-22,1027.92
2005-12-23,1023.46
2005-12-27,1031.35
2005-12-28,1039.1801
2005-12-29,1043.01
2006-01-02,1046.95
2006-01-03,1051.6
2006-01-04,1065.34
2006-01-05,1066.41
2006-01-06,1079.82
2006-01-09,1095.69
2006-01-11,1101.21
2006-01-12,1093.82
2006-01-13,1091.49
2006-01-16,1085.7
2006-01-17,1084.47
2006-01-18,1069.33
2006-01-19,1101.77
2006-01-20,1100.65
2006-01-23,1080.32
2006-01-24,1089.59
2006-01-25,1118.01
2006-01-26,1119.05
2006-01-27,1113.25
2006-01-30,1116.73
2006-02-01,1120.76
2006-02-02,1123.04
2006-02-03,1122.61
2006-02-06,1124.01
2006-02-07,1125.36
2006-02-08,1113.58
2006-02-09,1119.14
2006-02-10,1122.43
2006-02-13,1118.31
2006-02-14,1102.49
2006-02-15,1112.6
2006-02-16,1115.51
2006-02-17,1124.66
2006-02-20,1119.5
2006-02-21,1111.95
2006-02-22,1103.82
2006-02-23,1092.17
2006-02-24,1087.3
2006-02-26,1108.36
2006-02-27,1105.88
2006-02-28,1123.95
2006-03-01,1123.95
2006-03-02,1132.95
2006-03-03,1147.22
2006-03-06,1147
2006-03-07,1135.89
2006-03-08,1116.53
2006-03-09,1116.44
2006-03-10,1120.4
2006-03-13,1117.29
2006-03-14,1124.56
2006-03-15,1124.33
2006-03-16,1143.73
2006-03-17,1155.25
2006-03-20,1185.06
2006-03-21,1202.37
2006-03-22,1183.54
2006-03-23,1188.39
2006-03-24,1197.6
2006-03-27,1198.3
2006-03-28,1203.18
2006-03-29,1196.29
2006-04-03,1193.82
2006-04-04,1187.88
2006-04-05,1203.22
2006-04-06,1216.75
2006-04-07,1218.2
2006-04-11,1218.2
2006-04-12,1226.28
2006-04-13,1225.01
2006-04-17,1251.67
2006-04-18,1264.58
2006-04-19,1269.97
2006-04-20,1280.69
2006-04-21,1294.44
2006-04-24,1303.56
2006-04-25,1314.54
2006-04-26,1339.09
2006-04-27,1330.16
2006-04-28,1332.88
2006-05-01,1334.08
2006-05-02,1335.84
2006-05-03,1335.84
2006-05-04,1357.45
2006-05-05,1363.86
2006-05-08,1383.57
2006-05-09,1373.75
2006-05-10,1386.36
2006-05-11,1394.66
2006-05-12,1378.07
2006-05-15,1302.66
2006-05-16,1297.71
2006-05-17,1330.41
2006-05-18,1283.44
2006-05-19,1276.26
2006-05-22,1223.75
2006-05-23,1231.21
2006-05-24,1220.53
2006-05-29,1224
2006-05-30,1243.5
2006-05-31,1228.81
2006-06-01,1263
2006-06-02,1297.63
2006-06-05,1300.07
2006-06-06,1267.24
2006-06-07,1254.46
2006-06-08,1228.93
2006-06-09,1245.93
2006-06-12,1240.23
2006-06-13,1211.59
2006-06-14,1211.36
2006-06-15,1215.66
2006-06-16,1244.23
2006-06-19,1241.09
2006-06-20,1235.77
2006-06-21,1236.23
2006-06-22,1247.03
2006-06-23,1246.82
2006-06-26,1246.78
2006-06-27,1256.09
2006-06-28,1265.24
2006-06-29,1271.7
2006-06-30,1294.1
2006-07-03,1306.82
2006-07-04,1304.76
2006-07-05,1309.02
2006-07-06,1301.16
2006-07-07,1308.09
2006-07-10,1303.03
2006-07-11,1306.39
2006-07-12,1357.76
2006-07-13,1350.36
2006-07-14,1328.8
2006-07-17,1313.24
2006-07-18,1319.77
2006-07-19,1327.67
2006-07-20,1344.99
2006-07-21,1350.93
2006-07-24,1335.12
2006-07-25,1339.11
2006-07-26,1342.61
2006-07-27,1374.23
2006-07-28,1384.62
2006-07-31,1394.56
2006-08-01,1423.14
2006-08-02,1440.46
2006-08-03,1418.78
2006-08-04,1444.32
2006-08-07,1470.12
2006-08-08,1462.95
2006-08-09,1472.36
2006-08-10,1455.5
2006-08-11,1475.79
2006-08-14,1478.14
2006-08-15,1492.97
2006-08-16,1503.68
2006-08-22,1501.88
2006-08-23,1505.85
2006-08-24,1494.66
2006-08-25,1483.22
2006-08-28,1473.99
2006-08-29,1496.35
2006-08-30,1489.32
2006-08-31,1494.08
2006-09-01,1505.97
2006-09-04,1524.56
2006-09-05,1530.44
2006-09-06,1546.62
2006-09-07,1546.65
2006-09-08,1553.01
2006-09-11,1542.7
2006-09-12,1538.8
2006-09-13,1553
2006-09-14,1571.06
2006-09-15,1576.17
2006-09-18,1579.29
2006-09-19,1594.08
2006-09-20,1595.68
2006-09-21,1624.9
2006-09-22,1628.63
2006-09-25,1626
2006-09-26,1612.47
2006-09-27,1636.89
2006-09-28,1643.17
2006-09-29,1650.12
2006-10-02,1644.57
2006-10-03,1683.92
2006-10-04,1697.57
2006-10-05,1686.43
2006-10-06,1690.61
2006-10-09,1679.45
2006-10-10,1745.44
2006-10-11,1744.96
2006-10-12,1712.95
2006-10-13,1735
2006-10-16,1784.79
2006-10-17,1790.15
2006-10-18,1784.86
2006-10-19,1802.59
2006-10-20,1806.8
2006-10-30,1825.43
2006-10-31,1814.97
2006-11-01,1813.63
2006-11-02,1824.4
2006-11-03,1836.49
2006-11-06,1843.97
2006-11-07,1841.53
2006-11-08,1836.56
2006-11-09,1842.99
2006-11-10,1842.78
2006-11-13,1834
2006-11-14,1900.96
2006-11-15,1892.4
2006-11-16,1896.25
2006-11-17,1902.63
2006-11-20,1904.62
2006-11-21,1904.41
2006-11-22,1938.52
2006-11-23,1966.1
2006-11-24,1989.64
2006-11-27,2004.35
2006-11-28,1973.41
2006-11-29,1982.51
2006-11-30,1982.42
2006-12-01,1994.93
2006-12-04,2002.22
2006-12-05,2079.98
2006-12-06,2078.13
2006-12-07,2119.38
2006-12-08,2121.32
2006-12-11,2098.44
2006-12-12,2092.75
2006-12-13,2101.2
2006-12-14,2112.84
2006-12-15,2137.81
2006-12-18,2156.8
2006-12-19,2102.09
2006-12-20,2122.23
2006-12-21,2134.55
2006-12-22,2150.87
2006-12-26,2169.95
2006-12-27,2236.16
2006-12-28,2236.16
2007-01-02,2278.27
2007-01-03,2282.74
2007-01-04,2285.04
2007-01-05,2291.6499
2007-01-08,2264.71
2007-01-09,2222.55
2007-01-10,2125.1799
2007-01-11,2131.3101
2007-01-12,2102.8799
2007-01-15,2175.45
2007-01-16,2208.28
2007-01-17,2273.1899
2007-01-18,2341.8799
2007-01-19,2323.8999
2007-01-22,2331.1799
2007-01-23,2329.53
2007-01-24,2331.8999
2007-01-25,2282.29
2007-01-26,2273.5901
2007-01-29,2313.1001
2007-01-30,2304.24
2007-01-31,2291.95
2007-02-01,2312.29
2007-02-02,2331.24
2007-02-05,2319.6799
2007-02-06,2306.6899
2007-02-07,2313.9399
2007-02-08,2294.6799
2007-02-09,2304.8501
2007-02-12,2294.6899
2007-02-13,2267.6299
2007-02-14,2275.5801
2007-02-15,2310.49
2007-02-16,2295.53
2007-02-19,2303.1399
2007-02-20,2325.3999
2007-02-21,2347.26
2007-02-22,2327.9299
2007-02-23,2345.3201
2007-02-26,2332.98
2007-02-27,2283.51
2007-02-28,2247.5901
2007-03-01,2239.1101
2007-03-02,2247.25
2007-03-05,2172.28
2007-03-06,2184.3301
2007-03-07,2200.96
2007-03-08,2262.24
2007-03-09,2250
2007-03-12,2268.1299
2007-03-13,2250.76
2007-03-14,2214.6001
2007-03-15,2223.01
2007-03-16,2206.5
2007-03-20,2198.6899
2007-03-21,2201.3999
2007-03-22,2228.1201
2007-03-23,2224.0701
2007-03-26,2234.98
2007-03-27,2241.8601
2007-03-28,2233.6399
2007-03-29,2252.78
2007-03-30,2245.1101
2007-04-02,2242.55
2007-04-03,2293.9299
2007-04-04,2297.02
2007-04-05,2278.1101
2007-04-09,2304.8301
2007-04-10,2302.3999
2007-04-11,2292.23
2007-04-12,2301.6599
2007-04-13,2312.8301
2007-04-16,2342.5801
2007-04-17,2356.5701
2007-04-18,2371.23
2007-04-19,2321.04
2007-04-20,2359.6599
2007-04-23,2486.1001
2007-04-24,2491.3999
2007-04-25,2514.6001
2007-04-26,2574.5
2007-04-27,2627.72
2007-04-30,2610.4199
2007-05-01,2684.1299
2007-05-02,2732.3701
2007-05-03,2772.1001
2007-05-04,2903.25
2007-05-07,2933.26
2007-05-08,2908.23
2007-05-09,2903.9299
2007-05-10,2972.7
2007-05-11,3005.29
2007-05-14,3065.8301
2007-05-15,3052.7
2007-05-16,3077.3201
2007-05-21,3088.77
2007-05-22,3127.52
2007-05-23,3211.8101
2007-05-24,3156.47
2007-05-25,3167.9199
2007-05-28,3188.04
2007-05-29,3223.1499
2007-05-30,3263.4399
2007-05-31,3325.8999
2007-06-04,3391.3201
2007-06-05,3341.8
2007-06-06,3395.52
2007-06-07,3406.3101
2007-06-08,3268.8999
2007-06-11,3276.8999
2007-06-12,3360.1599
2007-06-13,3355.3799
2007-06-14,3377.25
2007-06-15,3423.77
2007-06-18,3381.6899
2007-06-19,3436.53
2007-06-20,3499.0701
2007-06-21,3537.5901
2007-06-22,3589.22
2007-06-25,3569.3501
2007-06-26,3638.23
2007-06-27,3583.1101
2007-06-28,3564.49
2007-06-29,3634.4299
2007-07-02,3665.3799
2007-07-03,3716.25
2007-07-04,3722.55
2007-07-05,3760.8899
2007-07-06,3740.99
2007-07-09,3831.1599
2007-07-10,3862.8899
2007-07-11,3840.9399
2007-07-12,3875.6899
2007-07-13,3887.6699
2007-07-16,3875.3799
2007-07-17,3908.3601
2007-07-18,3924.1599
2007-07-19,3965.0701
2007-07-20,4063.05
2007-07-23,4134.8901
2007-07-24,4171.7998
2007-07-25,4158.9102
2007-07-26,4097.52
2007-07-27,3968.5701
2007-07-30,3956.23
2007-07-31,3996.3101
2007-08-01,3802.5781
2007-08-02,3806.27
2007-08-03,3785.71
2007-08-06,3693.21
2007-08-07,3708.97
2007-08-08,3842.01
2007-08-09,3827.9399
2007-08-10,3752.4299
2007-08-13,3774.1899
2007-08-14,3704.02
2007-08-15,3520.51
2007-08-16,3331.0901
2007-08-20,3528.8799
2007-08-21,3443.1599
2007-08-22,3544.9399
2007-08-23,3620.3701
2007-08-24,3595.9099
2007-08-27,3641.46
2007-08-28,3634.6899
2007-08-29,3612.4099
2007-08-30,3633.0701
2007-08-31,3677.53
2007-09-03,3694.1101
2007-09-04,3676.29
2007-09-05,3669.51
2007-09-06,3698.8799
2007-09-07,3715.1799
2007-09-10,3680.52
2007-09-11,3691.1899
2007-09-12,3670.05
2007-09-13,3666.3899
2007-09-14,3680.26
2007-09-17,3693.8999
2007-09-18,3713.3799
2007-09-19,3857.99
2007-09-20,3802.6201
2007-09-21,3835.6201
2007-09-24,3890.8701
2007-09-25,3839.25
2007-09-26,3881.8201
2007-09-27,3891.3701
2007-09-28,3870.4399
2007-10-01,3899.7
2007-10-02,3981.2346
2007-10-03,4001.7
2007-10-04,4031.21
2007-10-05,4079.1899
2007-10-08,4068.5901
2007-10-09,4217.3599
2007-10-10,4265.2798
2007-10-11,4438.1401
2007-10-17,4674.4902
2007-10-18,4524.6699
2007-10-19,4411.9702
2007-10-22,4168.3198
2007-10-23,4378.3198
2007-10-24,4327.75
2007-10-25,4401.2202
2007-10-26,4380.7402
2007-10-29,4404.48
2007-10-30,4377.3701
2007-10-31,4355.1201
2007-11-01,4387.4902
2007-11-02,4380.2598
2007-11-05,4300.79
2007-11-06,4388.6201
2007-11-07,4424.6699
2007-11-08,4406.5698
2007-11-09,4483.2798
2007-11-12,4424.2002
2007-11-13,4320.1699
2007-11-14,4390.6802
2007-11-15,4410.6499
2007-11-16,4367.6099
2007-11-19,4261.0298
2007-11-20,4268.1602
2007-11-21,4179.48
2007-11-22,4196.29
2007-11-23,4234.0498
2007-11-26,4354.6499
2007-11-27,4362.5498
2007-11-28,4442.1899
2007-11-29,4466.4702
2007-11-30,4453.6899
2007-12-03,4502.5898
2007-12-04,4578.27
2007-12-05,4594.77
2007-12-06,4620.6602
2007-12-07,4590.5498
2007-12-10,4538.71
2007-12-11,4609.23
2007-12-12,4578.9502
2007-12-13,4521.2598
2007-12-14,4518.2002
2007-12-17,4392.3501
2007-12-18,4395.54
2007-12-19,4406.21
2007-12-26,4511.4302
2007-12-27,4509.98
2007-12-28,4525.3701
2008-01-02,4510.6201
2008-01-03,4531.6201
2008-01-04,4674.7598
2008-01-07,4726.8198
2008-01-08,4710.1499
2008-01-09,4738.73
2008-01-14,4730.5698
2008-01-15,4596.8398
2008-01-16,4342.5801
2008-01-17,4495.2798
2008-01-18,4430.7798
2008-01-21,4262.3398
2008-01-22,3884.6699
2008-01-23,4267.0098
2008-01-24,4314.8301
2008-01-25,4485.5898
2008-01-28,4459.0698
2008-01-29,4492.4102
2008-01-30,4485.3799
2008-01-31,4485.6602
2008-02-01,4501.3501
2008-02-04,4522.48
2008-02-05,4524.9302
2008-02-06,4421.0298
2008-02-11,4338.4399
2008-02-12,4329.4502
2008-02-13,4358.0698
2008-02-14,4445.3101
2008-02-15,4475.8398
2008-02-18,4480.6001
2008-02-19,4475.8701
2008-02-20,4386.4399
2008-02-21,4458.4702
2008-02-22,4465.75
2008-02-25,4495.98
2008-02-26,4477.1001
2008-02-27,4461.52
2008-02-28,4448.1299
2008-02-29,4395.96
2008-03-03,4293.7598
2008-03-04,4243.4902
2008-03-05,4240.1899
2008-03-06,4252.1499
2008-03-10,4074.27
2008-03-11,4061.8601
2008-03-12,4092.4199
2008-03-13,3883.3701
2008-03-14,3772.01
2008-03-17,3630.8
2008-03-18,3645.4399
2008-03-19,3571.28
2008-03-24,3634.74
2008-03-25,3702.01
2008-03-26,3676.72
2008-03-27,3662.8799
2008-03-28,3713.76
2008-03-31,3637.53
2008-04-01,3545.1799
2008-04-02,3448.01
2008-04-03,3316.6799
2008-04-04,3361.28
2008-04-07,3368.6299
2008-04-08,3324.6201
2008-04-09,3243.3
2008-04-10,3312.6899
2008-04-11,3452.3101
2008-04-14,3368.1499
2008-04-15,3376.4099
2008-04-16,3440.8501
2008-04-17,3412.6699
2008-04-18,3432.8101
2008-04-21,3393.8701
2008-04-22,3364.8401
2008-04-23,3413.3899
2008-04-24,3377.29
2008-04-25,3371.1001
2008-04-28,3370.1101
2008-04-29,3418.25
2008-04-30,3410.28
2008-05-02,3475.77
2008-05-05,3519.6201
2008-05-06,3570.52
2008-05-07,3571.45
2008-05-08,3554.1201
2008-05-09,3554.3401
2008-05-12,3537.3401
2008-05-13,3544.6299
2008-05-14,3570.52
2008-05-15,3571.6299
2008-05-16,3624.6201
2008-05-19,3676.1499
2008-05-21,3644.53
2008-05-22,3633.3601
2008-05-23,3601.98
2008-05-26,3582.6599
2008-05-27,3571.1299
2008-05-28,3605.5701
2008-05-29,3589.49
2008-05-30,3569.22
2008-06-02,3560.6799
2008-06-03,3537.48
2008-06-04,3488.55
2008-06-05,3531.54
2008-06-06,3502.26
2008-06-09,3467.25
2008-06-10,3431.97
2008-06-11,3437.0801
2008-06-12,3445.6799
2008-06-13,3420.1799
2008-06-16,3415.99
2008-06-17,3393.78
2008-06-18,3353.03
2008-06-19,3377.3401
2008-06-20,3388.55
2008-06-23,3386.77
2008-06-24,3395.5801
2008-06-25,3348.8999
2008-06-26,3340.46
2008-06-27,3324
2008-06-30,3316.55
2008-07-01,3355.8101
2008-07-02,3323.96
2008-07-03,3219.3
2008-07-04,3262.3999
2008-07-07,3228.52
2008-07-08,3173.26
2008-07-09,3156.99
2008-07-10,3179.21
2008-07-11,3211.6899
2008-07-14,3186.6201
2008-07-15,3107.28
2008-07-16,3090.9199
2008-07-17,3022.1001
2008-07-18,3007.4299
2008-07-21,3063.01
2008-07-22,3126.6499
2008-07-23,3163.8
2008-07-24,3185.51
2008-07-25,3220.1399
2008-07-28,3254.45
2008-07-29,3252.49
2008-07-31,3281.6599
2008-08-01,3233.3
2008-08-04,3183.2
2008-08-05,3124.73
2008-08-06,3129.04
2008-08-07,3148.8799
2008-08-08,3165.1699
2008-08-11,3067.8999
2008-08-12,3000.52
2008-08-13,2889.75
2008-08-14,2958.3701
2008-08-15,2916.1819
2008-08-19,2857.53
2008-08-20,2903.8899
2008-08-21,2943.1799
2008-08-22,2974.6699
2008-08-25,2965.6299
2008-08-26,2959.6799
2008-08-27,2998.0601
2008-08-28,3010.9099
2008-08-29,3023.1101
2008-09-01,3012.8101
2008-09-02,2982.24
2008-09-03,2906.8401
2008-09-04,2867.1101
2008-09-05,2778.5601
2008-09-08,2799.24
2008-09-09,2675.73
2008-09-10,2554.1499
2008-09-11,2562.4299
2008-09-12,2528.71
2008-09-15,2356.1101
2008-09-16,2397.28
2008-09-17,2425.8899
2008-09-18,2468.23
2008-09-19,2612.5801
2008-09-22,2578.1201
2008-09-23,2541.99
2008-09-24,2558.74
2008-09-25,2517.6702
2008-09-26,2495.21
2008-09-29,2447.4099
2008-10-06,2160.74
2008-10-07,2136.3
2008-10-08,1932.89
2008-10-09,1932.89
2008-10-10,1932.89
2008-10-13,1907.63
2008-10-14,1974.1899
2008-10-15,1954.9399
2008-10-16,1920.16
2008-10-17,1866.28
2008-10-20,1909.23
2008-10-21,1902.71
2008-10-22,1873.59
2008-10-23,1830.41
2008-10-24,1769.23
2008-10-27,1671.54
2008-10-28,1618.73
2008-10-29,1599.67
2008-10-30,1659.9301
2008-10-31,1697.64
2008-11-03,1776.72
2008-11-04,1786.49
2008-11-05,1767.6
2008-11-06,1723.9399
2008-11-07,1743.0699
2008-11-10,1716.4
2008-11-11,1698.5
2008-11-12,1681.11
2008-11-13,1641.38
2008-11-14,1651.96
2008-11-17,1618.6
2008-11-18,1571.98
2008-11-19,1558.9399
2008-11-20,1537.13
2008-11-21,1529.08
2008-11-24,1525.61
2008-11-25,1529.8199
2008-11-26,1565.78
2008-11-27,1536.86
2008-11-28,1558.5601
2008-12-01,1544.9
2008-12-02,1496.02
2008-12-03,1485.35
2008-12-04,1490.4301
2008-12-05,1476.23
2008-12-09,1522.59
2008-12-10,1561.74
2008-12-11,1598.0601
2008-12-12,1552.91
2008-12-15,1590.87
2008-12-16,1569.63
2008-12-17,1592.22
2008-12-18,1578.45
2008-12-19,1567.55
2008-12-22,1589.41
2008-12-23,1595.45
2008-12-24,1581.97
2008-12-26,1585.37
2008-12-30,1605.1801
2009-01-05,1658.16
2009-01-06,1662.63
2009-01-07,1649.05
2009-01-08,1639.3101
2009-01-09,1644.36
2009-01-12,1624.04
2009-01-13,1608.97
2009-01-14,1587.76
2009-01-15,1547.53
2009-01-16,1579.49
2009-01-19,1573.26
2009-01-20,1573.58
2009-01-21,1543.0699
2009-01-22,1538.28
2009-01-23,1536.04
2009-01-27,1548.6
2009-01-28,1549.96
2009-01-29,1551.0601
2009-01-30,1556.59
2009-02-02,1544.16
2009-02-03,1543.2
2009-02-04,1548.34
2009-02-05,1545.73
2009-02-06,1588.25
2009-02-09,1574.72
2009-02-10,1574.46
2009-02-11,1584.11
2009-02-12,1577.05
2009-02-13,1583.9399
2009-02-16,1585.11
2009-02-17,1557.09
2009-02-18,1573.1899
2009-02-19,1591.92
2009-02-20,1565.8101
2009-02-23,1575.16
2009-02-24,1540.6
2009-02-25,1543.96
2009-02-26,1531.75
2009-02-27,1534.13
2009-03-02,1502.2
2009-03-03,1524.02
2009-03-04,1545.64
2009-03-05,1525.05
2009-03-06,1532.62
2009-03-10,1544.64
2009-03-11,1555.58
2009-03-12,1548.85
2009-03-13,1553.78
2009-03-16,1548.66
2009-03-17,1538.86
2009-03-18,1544.05
2009-03-19,1551.0699
2009-03-20,1562.0601
2009-03-23,1594.3101
2009-03-24,1621.23
2009-03-25,1620.52
2009-03-27,1640.61
2009-03-30,1643.54
2009-03-31,1656.45
2009-04-01,1673.19
2009-04-02,1718.76
2009-04-03,1713.23
2009-04-06,1751.79
2009-04-07,1737.94
2009-04-08,1743.7
2009-04-13,1834.18
2009-04-14,1920.28
2009-04-15,1980.93
2009-04-16,2013.14
2009-04-17,2041.51
2009-04-20,2152.02
2009-04-21,2192.25
2009-04-22,2096.6
2009-04-23,2027.47
2009-04-24,2056.15
2009-04-27,2048.99
2009-04-28,2067.83
2009-04-29,2155.17
2009-04-30,2271.28
2009-05-01,2295.9
2009-05-04,2407.75
2009-05-05,2316.48
2009-05-06,2397.12
2009-05-07,2560.61
2009-05-08,2632.43
2009-05-11,2681.33
2009-05-12,2905.65
2009-05-13,3041.72
2009-05-14,2865.17
2009-05-15,2611.68
2009-05-18,2799.32
2009-05-19,2899.21
2009-05-20,2958.21
2009-05-22,2926.88
2009-05-25,2983.62
2009-05-26,2883.93
2009-05-27,2892.22
2009-05-28,2901.96
2009-05-29,3074.31
2009-06-01,3195
2009-06-02,3196.34
2009-06-03,3203.22
2009-06-04,3237.56
2009-06-05,3326.11
2009-06-08,3272
2009-06-09,3300.76
2009-06-10,3463.17
2009-06-11,3402.74
2009-06-12,3416.93
2009-06-15,3286
2009-06-16,3231.31
2009-06-17,3224.75
2009-06-18,3128.72
2009-06-19,3147.77
2009-06-22,3070.38
2009-06-23,2842.78
2009-06-24,3073.12
2009-06-25,3164.22
2009-06-26,3133.16
2009-06-29,3133.81
2009-06-30,3129.37
2009-07-01,3162.86
2009-07-02,3116.1
2009-07-03,3136.58
2009-07-06,2998.24
2009-07-07,3152.62
2009-07-09,3113.39
2009-07-10,3085.71
2009-07-13,3023.38
2009-07-14,3094.32
2009-07-15,3171.35
2009-07-16,3176.76
2009-07-17,3123.91
2009-07-21,3225.51
2009-07-22,3200.98
2009-07-23,3222.23
2009-07-24,3263.19
2009-07-27,3295.78
2009-07-28,3364
2009-07-29,3323.57
2009-07-30,3536.82
2009-07-31,3650.83
2009-08-03,3593.27
2009-08-04,3687.68
2009-08-05,3674.19
2009-08-06,3793.15
2009-08-07,3744.22
2009-08-10,3856.99
2009-08-11,3856.99
2009-08-12,3710.65
2009-08-13,3916.58
2009-08-14,3920.38
2009-08-18,3832.28
2009-08-19,3635.51
2009-08-20,3810.33
2009-08-21,3779.89
2009-08-24,3863.82
2009-08-25,3854.33
2009-08-26,3868.25
2009-08-27,3775.27
2009-08-28,3795.19
2009-08-31,3691.65
2009-09-01,3639.26
2009-09-02,3561.3
2009-09-03,3709.92
2009-09-04,3651.13
2009-09-07,3737.6
2009-09-08,3802.62
2009-09-09,3770.54
2009-09-10,3837.96
2009-09-11,3846.04
2009-09-14,3758.69
2009-09-15,3830.64
2009-09-16,3886.1
2009-09-17,3906.73
2009-09-24,3873.33
2009-09-25,3858.17
2009-09-28,3785.21
2009-09-29,3847.64
2009-09-30,3842.24
2009-10-01,3809.13
2009-10-02,3748.25
2009-10-05,3821.04
2009-10-06,3757.36
2009-10-07,3638.58
2009-10-08,3619.43
2009-10-09,3613.42
2009-10-12,3581.25
2009-10-13,3576.34
2009-10-14,3613.92
2009-10-15,3636.094
2009-10-16,3659.6
2009-10-19,3663.78
2009-10-20,3604.92
2009-10-21,3589.51
2009-10-22,3479.68
2009-10-23,3521.9
2009-10-26,3467.48
2009-10-27,3368.74
2009-10-28,3177.93
2009-10-29,3249.92
2009-10-30,3279
2009-11-02,3336.11
2009-11-03,3235.7
2009-11-04,3375.08
2009-11-05,3353.66
2009-11-06,3410.72
2009-11-09,3388.42
2009-11-10,3276.51
2009-11-11,3392.84
2009-11-12,3380.1
2009-11-13,3415.5
2009-11-16,3442.74
2009-11-17,3439.48
2009-11-18,3470.71
2009-11-19,3448.81
2009-11-20,3496.78
2009-11-23,3480.6
2009-11-24,3427.57
2009-11-25,3340.66
2009-11-26,3219.61
2009-11-30,3149.4
2009-12-01,3259.28
2009-12-02,3306.43
2009-12-03,3320.07
2009-12-04,3319.04
2009-12-07,3260.42
2009-12-08,3221.32
2009-12-09,3286.7
2009-12-10,3307.16
2009-12-11,3350.54
2009-12-14,3330.79
2009-12-15,3276.43
2009-12-16,3274.59
2009-12-17,3191.56
2009-12-21,3103.19
2009-12-22,3165.49
2009-12-23,3168.55
2009-12-28,3256.18
2009-12-29,3269.22
2009-12-30,3284.27
2010-01-04,3311.56
2010-01-05,3364.72
2010-01-06,3404.59
2010-01-07,3428.6
2010-01-08,3536.73
2010-01-11,3542.95
2010-01-12,3613
2010-01-13,3563.77
2010-01-14,3581.96
2010-01-15,3540.6
2010-01-18,3488.36
2010-01-19,3541.74
2010-01-20,3522.14
2010-01-21,3528.98
2010-01-22,3528.6
2010-01-25,3573.19
2010-01-26,3482.03
2010-01-27,3445.2
2010-01-28,3571.8
2010-01-29,3538.97
2010-02-01,3533.51
2010-02-02,3570.9
2010-02-03,3582.46
2010-02-04,3477.57
2010-02-05,3443.51
2010-02-08,3474.85
2010-02-09,3427.97
2010-02-10,3371.41
2010-02-11,3424.1
2010-02-12,3383.61
2010-02-15,3434.36
2010-02-16,3453.64
2010-02-17,3400.15
2010-02-18,3351.61
2010-02-19,3352.92
2010-02-22,3395.69
2010-02-23,3393.17
2010-02-24,3388.52
2010-02-25,3388.52
2010-03-01,3372.53
2010-03-02,3428.83
2010-03-03,3433.39
2010-03-04,3433.14
2010-03-05,3428.82
2010-03-08,3467.38
2010-03-09,3493.69
2010-03-10,3513.57
2010-03-11,3575.67
2010-03-12,3574.91
2010-03-15,3585.35
2010-03-17,3620.23
2010-03-18,3586.09
2010-03-19,3566.49
2010-03-22,3449.4
2010-03-23,3446.71
2010-03-24,3449.15
2010-03-25,3430.12
2010-03-26,3512.82
2010-03-29,3493.79
2010-03-30,3493.63
2010-03-31,3436.91
2010-04-01,3499.72
2010-04-05,3524.43
2010-04-06,3587.78
2010-04-07,3601.11
2010-04-08,3592.7
2010-04-09,3582.26
2010-04-12,3584.29
2010-04-13,3583.63
2010-04-14,3608.73
2010-04-15,3619.2
2010-04-16,3570.83
2010-04-19,3488
2010-04-20,3539.29
2010-04-21,3568.8
2010-04-22,3591.15
2010-04-23,3556.07
2010-04-26,3568.84
2010-04-27,3577.81
2010-04-28,3519.06
2010-04-29,3568.25
2010-04-30,3590.05
2010-05-03,3560.64
2010-05-04,3530.06
2010-05-05,3378.86
2010-05-06,3370.47
2010-05-07,3253.4
2010-05-10,3430.15
2010-05-11,3358.28
2010-05-12,3493.72
2010-05-14,3489.2994
2010-05-17,3419.35
2010-05-18,3437.65
2010-05-19,3278.24
2010-05-20,3212.28
2010-05-21,3081.72
2010-05-24,2933.57
2010-05-25,2723.97
2010-05-26,3029.4
2010-05-27,3113.62
2010-05-31,3184.02
2010-06-01,3092.44
2010-06-02,3108.25
2010-06-03,3172.98
2010-06-04,3144.09
2010-06-07,3098.43
2010-06-08,3138.15
2010-06-09,3152.96
2010-06-10,3137.47
2010-06-11,3149.43
2010-06-14,3161.29
2010-06-15,3129.45
2010-06-16,3147.66
2010-06-17,3174.05
2010-06-18,3204.05
2010-06-21,3244.23
2010-06-22,3244.43
2010-06-23,3234.8
2010-06-24,3196.71
2010-06-25,3226.2
2010-06-28,3240.67
2010-06-29,3168.67
2010-06-30,3212.75
2010-07-01,3174.91
2010-07-02,3164.24
2010-07-05,3188.71
2010-07-06,3204.96
2010-07-07,3189.77
2010-07-08,3225.95
2010-07-09,3233.96
2010-07-12,3275.82
2010-07-13,3236.5
2010-07-14,3231.77
2010-07-15,3194.38
2010-07-16,3163.65
2010-07-19,3159.21
2010-07-20,3176.92
2010-07-21,3182.85
2010-07-22,3177.99
2010-07-23,3212.81
2010-07-26,3108.64
2010-07-27,3155.92
2010-07-28,3183.79
2010-07-29,3231.95
2010-07-30,3241.43
2010-08-02,3231.32
2010-08-03,3186.17
2010-08-04,3193.83
2010-08-05,3218.03
2010-08-06,3218.78
2010-08-09,3227.13
2010-08-10,3205.2
2010-08-11,3180.72
2010-08-12,3164.5
2010-08-13,3191.2
2010-08-16,3158.01
2010-08-18,3139.02
2010-08-19,3078.43
2010-08-20,3138.71
2010-08-23,3199.76
2010-08-24,3183.34
2010-08-25,3240.1
2010-08-26,3275.77
2010-08-27,3195.42
2010-08-30,3211.91
2010-08-31,3203.34
2010-09-01,3252.45
2010-09-02,3254.35
2010-09-03,3270.65
2010-09-06,3326.65
2010-09-07,3345.21
2010-09-15,3453.04
2010-09-16,3424.96
2010-09-17,3558.33
2010-09-20,3596.19
2010-09-21,3634.38
2010-09-22,3612.55
2010-09-23,3628.08
2010-09-24,3726.76
2010-09-27,3916.65
2010-09-28,3913.8092
2010-09-29,3938.41
2010-09-30,3861.2
2010-10-01,3910.32
2010-10-04,3918.02
2010-10-05,3973.31
2010-10-06,3966.37
2010-10-07,3906.52
2010-10-08,3923.23
2010-10-11,3945.06
2010-10-12,3946.12
2010-10-13,4009.32
2010-10-14,4037.99
2010-10-15,4027.95
2010-10-18,4020.02
2010-10-19,4033.61
2010-10-20,4076.9
2010-10-21,4069.36
2010-10-22,4037.48
2010-10-25,4078.67
2010-10-26,4022.91
2010-10-27,3945.62
2010-10-28,3945.77
2010-10-29,3974.08
2010-11-01,3969.01
2010-11-02,3945.05
2010-11-03,3912
2010-11-04,3906.08
2010-11-05,3922.58
2010-11-08,3936.89
2010-11-09,4002.45
2010-11-10,3992.24
2010-11-11,4012.88
2010-11-12,3911.14
2010-11-15,3894.62
2010-11-16,3928.6521
2010-11-18,3996.88
2010-11-19,4011.1261
2010-11-22,4011.57
2010-11-23,3988.6
2010-11-24,4013.96
2010-11-25,4162.24
2010-11-26,4155.5397
2010-11-29,4136.81
2010-11-30,4013.78
2010-12-01,4172.3
2010-12-02,4166.17
2010-12-03,4195.5364
2010-12-06,4258.98
2010-12-08,4291.29
2010-12-09,4317.13
2010-12-10,4271.1721
2010-12-13,4271.01
2010-12-14,4282.7
2010-12-15,4244.07
2010-12-16,4168.3
2010-12-17,4180.088
2010-12-20,4140.42
2010-12-21,4202.57
2010-12-22,4186.9
2010-12-23,4175.44
2010-12-27,4168.07
2010-12-28,4188.38
2010-12-29,4279.17
2010-12-30,4293.81
2011-01-03,4329.5188
2011-01-04,4410.24
2011-01-05,4381.76
2011-01-06,4342.65
2011-01-07,4252.3158
2011-01-10,4086.02
2011-01-11,3993.964
2011-01-12,4132.82
2011-01-13,4132
2011-01-14,4195.1003
2011-01-17,4097.8
2011-01-18,4116.46
2011-01-19,4119.62
2011-01-20,3997.6
2011-01-21,3938.2779
2011-01-24,3903.44
2011-01-25,3994.64
2011-01-26,3999.9
2011-01-27,4006.11
2011-01-28,3950.0655
2011-01-31,3882.56
2011-02-01,3918.75
2011-02-02,3946.12
2011-02-04,3936.2921
2011-02-07,4050.81
2011-02-08,4002.44
2011-02-09,3867.16
2011-02-10,3841.98
2011-02-11,3869.4664
2011-02-14,3945.67
2011-02-16,3926.74
2011-02-17,3920.59
2011-02-18,3980.9444
2011-02-21,3955.44
2011-02-22,3918.83
2011-02-23,3926.81
2011-02-24,3973.37
2011-02-25,4012.33
2011-02-28,4019
2011-03-01,4050.79
2011-03-02,4033.62
2011-03-03,4068.53
2011-03-04,4062.5079
2011-03-07,4076.51
2011-03-08,4111.57
2011-03-09,4120.74
2011-03-10,4145.69
2011-03-11,4133.0091
2011-03-14,4145.04
2011-03-15,4090.16
2011-03-16,4057.1391
2011-03-17,4022.39
2011-03-18,4064.9785
2011-03-21,4069.09
2011-03-22,4078.6
2011-03-23,4116.27
2011-03-24,4166.97
2011-03-25,4179.0078
2011-03-28,4141.71
2011-03-29,4148.85
2011-03-30,4223.44
2011-03-31,4229.61
2011-04-01,4268.4178
2011-04-04,4294.52
2011-04-05,4276.72
2011-04-06,4359.92
2011-04-07,4376.8582
2011-04-08,4382.3721
2011-04-11,4385.49
2011-04-12,4366.09
2011-04-13,4399.18
2011-04-14,4362.78
2011-04-15,4377.0117
2011-04-18,4377.43
2011-04-19,4404.35
2011-04-20,4427.53
2011-04-21,4469.913
2011-04-25,4472.02
2011-04-26,4486.05
2011-04-27,4508.67
2011-04-28,4507.81
2011-04-29,4487.0796
2011-05-02,4524.74
2011-05-03,4509.23
2011-05-04,4641.31
2011-05-05,4620.69
2011-05-06,4626.5307
2011-05-09,4660.53
2011-05-10,4732.78
2011-05-11,4814.35
2011-05-12,4858.93
2011-05-13,4937.0238
2011-05-16,4898.6909
2011-05-18,4947.11
2011-05-19,4938.07
2011-05-20,4913.3218
2011-05-23,4732.44
2011-05-24,4820.34
2011-05-25,4818.32
2011-05-26,4846.41
2011-05-27,4820.507
2011-05-30,4784.73
2011-05-31,4818.13
2011-06-01,4836.924
2011-06-03,4820.7427
2011-06-06,4862.25
2011-06-07,4953.78
2011-06-08,4942.06
2011-06-09,4905.33
2011-06-10,4845.989
2011-06-13,4795.03
2011-06-14,4801.58
2011-06-15,4830.69
2011-06-16,4732.5
2011-06-17,4684.039
2011-06-20,4654.42
2011-06-21,4869.78
2011-06-22,4850.04
2011-06-23,4881.78
2011-06-24,4899.5009
2011-06-27,4867.9
2011-06-28,4876.5
2011-06-30,4915.8
2011-07-01,4989.68
2011-07-04,5005.71
2011-07-05,4993.83
2011-07-06,4970.86
2011-07-07,5026.15
2011-07-08,5043.9601
2011-07-11,5007.53
2011-07-12,4936.06
2011-07-13,5070.85
2011-07-14,5106.14
2011-07-15,5129.0532
2011-07-18,5145.17
2011-07-19,5274.93
2011-07-20,5311.39
2011-07-21,5388.49
2011-07-22,5406.9276
2011-07-25,5393.1
2011-07-26,5512.72
2011-07-27,5755.33
2011-07-28,5828.095
2011-07-29,5731.57
2011-08-01,5791.22
2011-08-02,5871.79
2011-08-03,5911.45
2011-08-04,5818.09
2011-08-05,5505.8982
2011-08-08,5453.45
2011-08-09,5242.83
2011-08-10,5421.62
2011-08-11,5418.81
2011-08-12,5452.4889
2011-08-15,5583.84
2011-08-16,5583.3646
2011-08-18,5614.02
2011-08-19,5439.2175
2011-08-22,5481.88
2011-08-23,5527.23
2011-08-24,5591.15
2011-08-25,5681.27
2011-08-26,5615.3933
2011-09-05,5587.27
2011-09-06,5664.27
2011-09-07,5742.19
2011-09-08,5779.3
2011-09-09,5792.8615
2011-09-12,5649.64
2011-09-13,5622.78
2011-09-14,5544.78
2011-09-15,5510.14
2011-09-16,5617.1573
2011-09-19,5457.49
2011-09-20,5479.43
2011-09-21,5394.65
2011-09-22,4936.1
2011-09-23,4986.6169
2011-09-26,4759.96
2011-09-27,5017.3
2011-09-28,4949.02
2011-09-29,4942.66
2011-09-30,4920.0078
2011-10-03,4665.99
2011-10-04,4508.89
2011-10-05,4538.68
2011-10-06,4789.08
2011-10-07,4701.1234
2011-10-10,4737.46
2011-10-11,4834.41
2011-10-12,5007.44
2011-10-13,5043.29
2011-10-14,5089.1977
2011-10-17,5263.75
2011-10-18,5006.64
2011-10-19,5099.82
2011-10-20,5024.68
2011-10-21,5023.7033
2011-10-24,5136.54
2011-10-25,5135.98
2011-10-26,5158.73
2011-10-27,5253.05
2011-10-28,5218.86
2011-10-31,5156.77
2011-11-01,4976.72
2011-11-02,5103.06
2011-11-03,5012.04
2011-11-04,5104.75
2011-11-07,5051.97
2011-11-08,5102.77
2011-11-09,5189.51
2011-11-10,5077.92
2011-11-11,5083.04
2011-11-14,5129.23
2011-11-15,5086.33
2011-11-16,5105.76
2011-11-17,5085.61
2011-11-18,5073.5211
2011-11-21,4959.29
2011-11-22,4990.86
2011-11-23,4939.47
2011-11-24,4943.39
2011-11-25,4883.25
2011-11-28,4905.47
2011-11-29,4923.11
2011-11-30,4982.72
2011-12-01,5041.14
2011-12-02,5050.44
2011-12-05,5059.42
2011-12-06,5007.15
2011-12-07,5090.81
2011-12-08,5075.2
2011-12-09,5065.72
2011-12-12,5172.95
2011-12-13,5174.64
2011-12-14,5219.35
2011-12-15,5200.34
2011-12-16,5260.08
2011-12-19,5275.45
2011-12-20,5234.57
2011-12-21,5260.08
2011-12-22,5248.66
2011-12-23,5217.84
2011-12-27,5195.93
2011-12-28,5236.01
2011-12-29,5295.77
2011-12-30,5321.31
2012-01-02,5349.55
2012-01-03,5404.53
2012-01-04,5434.85
2012-01-05,5460.24
2012-01-06,5473.47
2012-01-09,5472.69
2012-01-10,5538.1
2012-01-11,5498.3
2012-01-12,5534.63
2012-01-13,5561.19
2012-01-16,5568.73
2012-01-17,5667.05
2012-01-18,5638.57
2012-01-19,5638.61
2012-01-20,5576.5411
2012-01-24,5620.2
2012-01-25,5604.95
2012-01-26,5619.84
2012-01-27,5667.7134
2012-01-30,5574.72
2012-01-31,5588.59
2012-02-01,5644
2012-02-02,5676.06
2012-02-03,5716.53
2012-02-06,5640.14
2012-02-07,5624.89
2012-02-08,5721.69
2012-02-09,5785.75
2012-02-10,5718.67
2012-02-13,5772.19
2012-02-14,5764.46
2012-02-15,5855.23
2012-02-16,5802.56
2012-02-17,5846.6917
2012-02-20,5841.87
2012-02-21,5882.72
2012-02-22,5890.55
2012-02-23,5870.02
2012-02-24,5782.1425
2012-02-27,5711.53
2012-02-28,5777.06
2012-02-29,5827.33
2012-03-01,5816.78
2012-03-02,5866.8696
2012-03-05,5854.7
2012-03-06,5835.91
2012-03-07,5857.43
2012-03-08,5898.73
2012-03-09,5923.0985
2012-03-12,5896.3
2012-03-13,5907.13
2012-03-14,5924.66
2012-03-15,5931.1
2012-03-16,5924.543
2012-03-19,5880.86
2012-03-20,5889.75
2012-03-21,5909.6
2012-03-22,5885.4123
2012-03-26,5834.45
2012-03-27,5937.12
2012-03-28,5958.5316
2012-03-29,6038.06
2012-03-30,6085.005
2012-04-02,6129.85
2012-04-03,6177.03
2012-04-04,6049.2
2012-04-05,6097.2171
2012-04-09,6081.72
2012-04-10,6045.86
2012-04-11,5960.07
2012-04-12,5970.64
2012-04-13,6038.7613
2012-04-16,6093.65
2012-04-17,6193.62
2012-04-18,6196.95
2012-04-19,6176.0102
2012-04-20,6263.5956
2012-04-23,6129.32
2012-04-24,6189.47
2012-04-25,6195.15
2012-04-26,6179.44
2012-04-27,6106.9533
2012-04-30,6080.4577
2012-05-01,6089.9663
2012-05-02,6078.39
2012-05-03,6069.89
2012-05-04,5959.7876
2012-05-07,5830.67
2012-05-08,5865.92
2012-05-09,5753.3
2012-05-10,5718.61
2012-05-11,5661.45
2012-05-14,5499.4
2012-05-15,5568.04
2012-05-16,5478.6574
2012-05-21,5455.59
2012-05-22,5639.89
2012-05-23,5512.31
2012-05-24,5542.52
2012-05-25,5401.29
2012-05-28,5424.97
2012-05-29,5455.55
2012-05-30,5375.15
2012-05-31,5128.21
2012-06-01,5014.2605
2012-06-04,4689.02
2012-06-05,4794.73
2012-06-06,5030.72
2012-06-07,5006.58
2012-06-08,4945.1021
2012-06-11,5025.94
2012-06-12,4963.88
2012-06-13,4944.2489
2012-06-14,4829.0356
2012-06-15,4929.9506
2012-06-18,4977.38
2012-06-19,4990.6
2012-06-20,5081.83
2012-06-21,5044.72
2012-06-22,5018.4769
2012-06-25,4979.45
2012-06-26,5032.91
2012-06-27,5060.67
2012-06-28,5008.67
2012-06-29,5060.8625
2012-07-02,5116.73
2012-07-03,5195.31
2012-07-04,5241.25
2012-07-05,5249.64
2012-07-06,5240.01
2012-07-09,5157.85
2012-07-10,5169.65
2012-07-11,5139.07
2012-07-12,5114.7
2012-07-13,5158.07
2012-07-16,5200.59
2012-07-17,5251.88
2012-07-18,5243.56
2012-07-19,5267.97
2012-07-20,5223.04
2012-07-23,5126.11
2012-07-24,5144.06
2012-07-25,5158.25
2012-07-26,5152.36
2012-07-27,5216.22
2012-07-30,5213.81
2012-07-31,5251.83
2012-08-01,5216.97
2012-08-02,5183.51
2012-08-03,5176.53
2012-08-06,5184.21
2012-08-07,5184.87
2012-08-08,5190.35
2012-08-09,5221.51
2012-08-10,5263.13
2012-08-13,5236.01
2012-08-14,5268.04
2012-08-15,5275.31
2012-08-16,5274.15
2012-08-23,5268.34
2012-08-24,5259.07
2012-08-27,5256.1
2012-08-28,5243.27
2012-08-29,5198.72
2012-08-30,5115.86
2012-08-31,5168.57
2012-09-03,5248.26
2012-09-04,5211.5
2012-09-05,5181.74
2012-09-06,5219.96
2012-09-07,5287.62
2012-09-10,5254.59
2012-09-11,5256.09
2012-09-12,5348.9
2012-09-13,5321.49
2012-09-14,5389.55
2012-09-17,5430.59
2012-09-18,5485.02
2012-09-19,5478.41
2012-09-20,5498.27
2012-09-21,5684.89
2012-09-24,5665.65
2012-09-25,5677.61
2012-09-26,5633.96
2012-09-27,5600.73
2012-09-28,5700.07
2012-10-01,5705.34
2012-10-02,5659.83
2012-10-03,5742.55
2012-10-04,5754.02
2012-10-05,5781.32
2012-10-08,5734.44
2012-10-09,5710.64
2012-10-10,5704.92
2012-10-11,5743.86
2012-10-12,5834.5
2012-10-15,5901.9
2012-10-16,5943.81
2012-10-17,5963.6
2012-10-18,6018.09
2012-10-19,6003.71
2012-10-22,6060.89
2012-10-23,6026.35
2012-10-24,6059.83
2012-10-25,6086.88
2012-10-29,6053.72
2012-10-30,6083.1
2012-10-31,6069.98
2012-11-01,6009.01
2012-11-02,5995.63
2012-11-05,5971.09
2012-11-06,6016.45
2012-11-07,6074.41
2012-11-08,6016.46
2012-11-09,6033.86
2012-11-12,6071.39
2012-11-13,6080.68
2012-11-14,6079.17
2012-11-19,6051.62
2012-11-20,6119.01
2012-11-21,6105.06
2012-11-22,6224.12
2012-11-23,6189.31
2012-11-26,6256.68
2012-11-27,6313.61
2012-11-28,6258.7
2012-11-29,6301.08
2012-11-30,6318.12
2012-12-03,6283.71
2012-12-04,6288.11
2012-12-05,6354.42
2012-12-06,6392.15
2012-12-07,6480.19
2012-12-10,6490.73
2012-12-11,6604.53
2012-12-12,6607.8
2012-12-13,6485.3
2012-12-14,6562.98
2012-12-17,6542.7
2012-12-18,6520.63
2012-12-19,6429.67
2012-12-20,6382.79
2012-12-21,6323.82
2012-12-26,6280.47
2012-12-27,6050.51
2012-12-28,6165.22
2013-01-02,6243.41
2013-01-03,6369.91
2013-01-04,6406.6788
2013-01-07,6397.8
2013-01-08,6366.2
2013-01-09,6286.06
2013-01-10,6238.81
2013-01-11,6202.81
2013-01-14,6286.78
2013-01-15,6282.6
2013-01-16,6299.04
2013-01-17,6338.33
2013-01-18,6410.18
2013-01-21,6345.63
2013-01-22,6356.63
2013-01-23,6319.89
2013-01-25,6324.46
2013-01-28,6313.3
2013-01-29,6335.47
2013-01-30,6371.36
2013-01-31,6361.41
2013-02-01,6416.26
2013-02-04,6395.72
2013-02-05,6364.74
2013-02-06,6397.54
2013-02-07,6409.01
2013-02-08,6386.939
2013-02-11,6384.95
2013-02-12,6447.39
2013-02-13,6479.79
2013-02-14,6510.35
2013-02-15,6558.02
2013-02-18,6576.56
2013-02-19,6537.22
2013-02-20,6673.33
2013-02-21,6633.1
2013-02-22,6651.89
2013-02-25,6682.23
2013-02-26,6677.41
2013-02-27,6748.34
2013-02-28,6858.34
2013-03-01,6852.15
2013-03-04,6776.05
2013-03-05,6873.2
2013-03-06,6968.21
2013-03-07,7032.2
2013-03-08,7117.1
2013-03-11,7109.86
2013-03-13,7082.75
2013-03-14,6979.12
2013-03-15,7083.84
2013-03-18,7019.12
2013-03-19,7166.12
2013-03-20,7233.01
2013-03-21,7184.89
2013-03-22,7072.06
2013-03-25,7239.18
2013-03-26,7335.72
2013-03-27,7533.16
2013-03-28,7509.06
2013-04-01,7518.22
2013-04-02,7514.18
2013-04-03,7552.71
2013-04-04,7459.63
2013-04-05,7491.48
2013-04-08,7414.39
2013-04-09,7365.64
2013-04-10,7293.92
2013-04-11,7406.78
2013-04-12,7432.52
2013-04-15,7356.15
2013-04-16,7384.22
2013-04-17,7440.67
2013-04-18,7515.5
2013-04-19,7481
2013-04-22,7426.09
2013-04-23,7369.38
2013-04-24,7431.21
2013-04-25,7441.73
2013-04-26,7459.7
2013-04-29,7482.06
2013-04-30,7463.99
2013-05-01,7549.2
2013-05-02,7483.98
2013-05-03,7404.45
2013-05-06,7469.37
2013-05-07,7539.59
2013-05-08,7587.77
2013-05-10,7567.8
2013-05-13,7537.37
2013-05-14,7546.15
2013-05-15,7588.01
2013-05-16,7604.38
2013-05-17,7639.54
2013-05-20,7755.62
2013-05-21,7716.43
2013-05-22,7794.8
2013-05-23,7664.38
2013-05-24,7729.15
2013-05-27,7614.4
2013-05-28,7738.7
2013-05-29,7777.28
2013-05-30,7755.1
2013-05-31,7720.77
2013-06-03,7544.48
2013-06-04,7596.25
2013-06-05,7559.41
2013-06-07,7365.72
2013-06-10,7210.86
2013-06-11,6935.62
2013-06-12,7094.93
2013-06-13,6965.96
2013-06-14,7187.8
2013-06-17,7203.36
2013-06-18,7287.94
2013-06-19,7255.49
2013-06-20,7045.16
2013-06-21,6876.82
2013-06-24,6738.82
2013-06-25,6779.36
2013-06-26,6989.82
2013-06-27,7077.04
2013-06-28,7165.36
2013-07-01,7151.08
2013-07-02,7084.98
2013-07-03,6917.65
2013-07-04,6874.37
2013-07-05,6891.31
2013-07-08,6676.78
2013-07-09,6615.77
2013-07-10,6794.51
2013-07-11,6913.5
2013-07-12,6935.53
2013-07-15,6935.09
2013-07-16,6992.6
2013-07-17,7060.41
2013-07-18,7088.1
2013-07-19,7061.88
2013-07-22,7023.29
2013-07-23,7148.0281
2013-07-24,7059.4717
2013-07-25,7037.044
2013-07-26,6994.931
2013-07-29,6896.7462
2013-07-30,6915.4014
2013-07-31,6878.9517
2013-08-01,6906.6519
2013-08-02,6930.5656
2013-08-12,6866.5792
2013-08-13,6938.0208
2013-08-14,6987.3829
2013-08-15,6982.7305
2013-08-16,6839.481
2013-08-19,6499.6233
2013-08-20,6270.739
2013-08-21,6334.7959
2013-08-22,6216.3577
2013-08-23,6224.0462
2013-08-26,6134.6302
2013-08-27,5926.5192
2013-08-28,6004.3201
2013-08-29,6128.1749
2013-08-30,6234.0346
2013-09-02,6098.517
2013-09-03,6181.884
2013-09-04,6059.4205
2013-09-05,6000.7488
2013-09-06,5993.7796
2013-09-09,6173.6029
2013-09-10,6377.6602
2013-09-11,6373.8848
2013-09-12,6398.9405
2013-09-13,6448.2291
2013-09-16,6634.5233
2013-09-17,6639.5595
2013-09-18,6526.23
2013-09-19,6781.92
2013-09-20,6702.19
2013-09-23,6649.9
2013-09-24,6530.39
2013-09-25,6444.54
2013-09-26,6441.99
2013-09-27,6480.46
2013-09-30,6299.2809
2013-10-01,6386.33
2013-10-02,6437
2013-10-03,6459.79
2013-10-04,6399.32
2013-10-07,6372.14
2013-10-08,6434.68
2013-10-09,6485.66
2013-10-10,6511.6687
2013-10-11,6576.46
2013-10-16,6525.09
2013-10-17,6551.96
2013-10-18,6577.54
2013-10-21,6625.51
2013-10-22,6531.94
2013-10-23,6564.97
2013-10-24,6593.36
2013-10-25,6593.07
2013-10-28,6605.95
2013-10-29,6552.27
2013-10-30,6560.49
2013-10-31,6506.59
2013-11-01,6413.83
2013-11-04,6414.08
2013-11-06,6417.26
2013-11-07,6425.92
2013-11-08,6370.21
2013-11-11,6293.99
2013-11-12,6252.6308
2013-11-13,6129.4409
2013-11-14,6189.3744
2013-11-15,6140.2606
2013-11-18,6224.6584
2013-11-19,6226.7421
2013-11-20,6174.1814
2013-11-21,6151.7356
2013-11-22,6152.9888
2013-11-25,6176.922
2013-11-26,6091.5839
2013-11-27,6128.6155
2013-11-28,6095.929
2013-11-29,6154.6161
2013-12-02,6265.4914
2013-12-03,6253.5465
2013-12-04,6173.9411
2013-12-05,6150.022
2013-12-06,6086.1402
2013-12-09,6119.5409
2013-12-10,6169.2332
2013-12-11,6171.4527
2013-12-12,6113.6226
2013-12-13,6090.5972
2013-12-16,6033.5577
2013-12-17,6118.4229
2013-12-18,6125.4698
2013-12-19,6155.8469
2013-12-20,6118.9608
2013-12-23,6081.2511
2013-12-24,6100.4241
2013-12-27,6106.0093
2013-12-30,6172.9492
2014-01-02,6238.6585
2014-01-03,6156.5246
2014-01-06,6070.9459
2014-01-07,6022.4046
2014-01-08,6075.879
2014-01-09,6062.5967
2014-01-10,6210.6169
2014-01-13,6386.6089
2014-01-15,6414.617
2014-01-16,6380.433
2014-01-17,6412.7414
2014-01-20,6450.4793
2014-01-21,6472.5414
2014-01-22,6487.7255
2014-01-23,6469.5438
2014-01-24,6419.8699
2014-01-27,6259.341
2014-01-28,6256.9855
2014-01-29,6351.9303
2014-01-30,6335.0045
2014-02-03,6316.8439
2014-02-04,6297.8066
2014-02-05,6376.0623
2014-02-06,6431.9174
2014-02-07,6497.8173
2014-02-10,6497.6273
2014-02-11,6521.0716
2014-02-12,6528.6319
2014-02-13,6528.5055
2014-02-14,6553.0678
2014-02-17,6645.4793
2014-02-18,6634.6987
2014-02-19,6669.5566
2014-02-20,6662.4529
2014-02-21,6733.4639
2014-02-24,6764.5
2014-02-25,6692.1923
2014-02-26,6620.3732
2014-02-27,6657.1057
2014-02-28,6733.3611
2014-03-03,6706.0211
2014-03-04,6754.1966
2014-03-05,6857.6076
2014-03-06,6916.9167
2014-03-07,6914.175
2014-03-10,6894.3185
2014-03-11,6949.62
2014-03-12,6881.45
2014-03-13,6921.12
2014-03-14,7214.03
2014-03-17,7244.98
2014-03-18,7132.59
2014-03-19,7159.11
2014-03-20,6964.2042
2014-03-21,6995.53
2014-03-24,7014.64
2014-03-25,6963.08
2014-03-26,6991.85
2014-03-27,6990.96
2014-03-28,7006.33
2014-04-01,7111.87
2014-04-02,7130.93
2014-04-03,7160.62
2014-04-04,7133.81
2014-04-07,7214.78
2014-04-08,7194.09
2014-04-10,6880.38
2014-04-11,6907.85
2014-04-14,7040.28
2014-04-15,7059.37
2014-04-16,7079.52
2014-04-17,7084.38
2014-04-21,7053.77
2014-04-22,7050.17
2014-04-23,7053.37
2014-04-24,7109.06
2014-04-25,7216.78
2014-04-28,7091.93
2014-04-29,7123.38
2014-04-30,7100.11
2014-05-02,7044.06
2014-05-05,7090.57
2014-05-06,7068.65
2014-05-07,7146.56
2014-05-08,7184.44
2014-05-09,7182.04
2014-05-12,7204.33
2014-05-13,7206.06
2014-05-14,7306.94
2014-05-16,7311.72
2014-05-19,7180.49
2014-05-20,7021.23
2014-05-21,7071.13
2014-05-22,7174.6
2014-05-23,7198.93
2014-05-26,7184.14
2014-05-28,7238.91
2014-05-30,7108.31
2014-06-02,7095.32
2014-06-03,7102.35
2014-06-04,7073.82
2014-06-05,7085.16
2014-06-06,7050.47
2014-06-09,6893.2
2014-06-10,6936.1
2014-06-11,7029.87
2014-06-12,7004.8
2014-06-13,6984.08
2014-06-16,6906.12
2014-06-17,6914.0813
2014-06-18,6822.26
2014-06-19,6749.29
2014-06-20,6725.9576
2014-06-23,6703.6292
2014-06-24,6746.8293
2014-06-25,6694.2244
2014-06-26,6732.7616
2014-06-27,6678.5351
2014-06-30,6740.2224
2014-07-01,6717.6332
2014-07-02,6741.3402
2014-07-03,6766.2217
2014-07-04,6814.2542
2014-07-07,7009.776
2014-07-08,7007.15
2014-07-10,7070.9063
2014-07-11,7001.7395
2014-07-14,7001.0984
2014-07-15,7050.8218
2014-07-16,7148.6678
2014-07-17,7069.5705
2014-07-18,7125.4869
2014-07-21,7175.1202
2014-07-22,7096.1725
2014-07-23,7105.8157
2014-07-24,7120.5118
2014-07-25,7071.04
2014-08-04,7042.66
2014-08-05,7084.87
2014-08-06,7039.17
2014-08-07,7034.74
2014-08-08,7023.5957
2014-08-11,7113.92
2014-08-12,7169.28
2014-08-13,7205.31
2014-08-14,7160.19
2014-08-15,7162.94
2014-08-18,7174.74
2014-08-19,7190.02
2014-08-20,7206.97
2014-08-21,7257.9068
2014-08-22,7236.59
2014-08-25,7219.94
2014-08-26,7148.78
2014-08-27,7181.91
2014-08-28,7201.1
2014-08-29,7150.31
2014-09-01,7146.75
2014-09-02,7187.76
2014-09-03,7239.05
2014-09-04,7220.47
2014-09-05,7254.9
2014-09-08,7255.84
2014-09-09,7220.13
2014-09-10,7145.91
2014-09-11,7175.18
2014-09-12,7190.8
2014-09-15,7186.29
2014-09-16,7162.94
2014-09-17,7198.25
2014-09-18,7207.69
2014-09-19,7236.65
2014-09-22,7231.56
2014-09-23,7174.38
2014-09-24,7153.9
2014-09-25,7160.41
2014-09-26,7046.53
2014-09-29,7009.39
2014-09-30,7009.54
2014-10-01,7003.68
2014-10-02,6841.57
2014-10-03,6785.26
2014-10-06,6794.42
2014-10-07,6809.16
2014-10-08,6707.76
2014-10-09,6741.62
2014-10-10,6673.82
2014-10-13,6642.26
2014-10-14,6657.57
2014-10-15,6676.92
2014-10-16,6694.92
2014-10-17,6758.68
2014-10-20,6761.3
2014-10-21,6760.8
2014-10-22,6809.85
2014-10-23,6835.08
2014-10-24,6822.9647
2014-10-27,6768.5
2014-10-28,6723.58
2014-10-29,6810.13
2014-10-30,6822.2
2014-10-31,6865.1
2014-11-03,6846.25
2014-11-04,6815.47
2014-11-05,6769.67
2014-11-06,6726.54
2014-11-07,6682.0172
2014-11-10,6698.51
2014-11-11,6781.09
2014-11-12,6782.51
2014-11-13,6804.05
2014-11-14,6810.35
2014-11-17,6803.42
2014-11-18,6885.24
2014-11-19,6908.82
2014-11-20,6848.7994
2014-11-21,6875.73
2014-11-24,6957.04
2014-11-25,6912.52
2014-11-26,6928.1971
2014-11-27,6932.06
2014-11-28,6901.23
2014-12-01,6891.21
2014-12-02,6892.65
2014-12-03,6876.28
2014-12-04,6899.03
2014-12-05,6835.74
2014-12-08,6752.89
2014-12-09,6730.8402
2014-12-10,6817.72
2014-12-11,6812.7
2014-12-12,6797.46
2014-12-15,6677.72
2014-12-16,6585.9
2014-12-17,6650.47
2014-12-18,6695.66
2014-12-19,6724.74
2014-12-22,6713.81
2014-12-23,6721.99
2014-12-24,6755.23
2014-12-29,6788.65
2014-12-30,6815.17
2015-01-02,6884.1612
2015-01-05,6766.78
2015-01-06,6734.18
2015-01-07,6783.64
2015-01-08,6789.6
2015-01-09,6815.11
2015-01-12,6755.37
2015-01-13,6750.47
2015-01-14,6685.99
2015-01-15,6709.78
2015-01-16,6637.84
2015-01-19,6580.8
2015-01-20,6582.72
2015-01-21,6605.58
2015-01-22,6673.37
2015-01-23,6760.04
2015-01-26,6694.84
2015-01-27,6749.87
2015-01-28,6731.52
2015-01-29,6729.86
2015-01-30,6737.47
2015-02-02,6747.08
2015-02-03,6785.7
2015-02-04,6780.66
2015-02-05,6725.42
2015-02-06,6808.55
2015-02-09,6794.35
2015-02-10,6755.03
2015-02-11,6787.37
2015-02-12,6783.53
2015-02-13,6796.32
2015-02-16,6740.51
2015-02-17,6750.92
2015-02-18,6818.77
2015-02-20,6816.05
2015-02-23,6834.61
2015-02-24,6853.94
2015-02-25,6893.62
2015-02-26,6890.77
2015-02-27,6858.71
2015-03-02,6861.57
2015-03-03,6836.54
2015-03-04,6819.79
2015-03-05,6831.93
2015-03-06,6890.49
2015-03-09,6804.65
2015-03-10,6808.54
2015-03-11,6725.25
2015-03-12,6746.56
2015-03-13,6729.75
2015-03-16,6714.04
2015-03-17,6706.38
2015-03-18,6695.3651
2015-03-19,6717.71
2015-03-20,6723.66
2015-03-23,6693.9294
2015-03-24,6693.35
2015-03-25,6616.35
2015-03-26,6518.76
2015-03-27,6598.63
2015-03-30,6672.0437
2015-03-31,6716.55
2015-04-01,6671.67
2015-04-02,6651.65
2015-04-06,6655.48
2015-04-07,6715.19
2015-04-08,6721.68
2015-04-09,6734.21
2015-04-10,6694.82
2015-04-13,6609.56
2015-04-14,6545.94
2015-04-15,6574.96
2015-04-16,6581.93
2015-04-17,6608.88
2015-04-20,6576.39
2015-04-21,6647.725
2015-04-22,6612.9976
2015-04-23,6596.26
2015-04-24,6620.1612
2015-04-27,6372.2354
2015-04-28,6378.97
2015-04-29,6259.011
2015-04-30,6208.641
2015-05-04,6250.26
2015-05-05,6230.7465
2015-05-06,6274.591
2015-05-07,6275.6669
2015-05-08,6296.7011
2015-05-11,6266.7133
2015-05-12,6335.3055
2015-05-13,6375.8463
2015-05-15,6372.8638
2015-05-18,6379.3539
2015-05-19,6424.224
2015-05-20,6467.7804
2015-05-21,6523.4271
2015-05-22,6523.0683
2015-05-25,6470.7434
2015-05-26,6490.4775
2015-05-27,6421.1517
2015-05-28,6413.1492
2015-05-29,6426.7835
2015-06-01,6358.13
2015-06-03,6300.9252
2015-06-04,6231.9294
2015-06-05,6245.7423
2015-06-08,6119.1636
2015-06-09,5924.6226
2015-06-10,5914.0537
2015-06-11,5902.8652
2015-06-12,5883.9762
2015-06-15,5760.154
2015-06-16,5805.5421
2015-06-17,5896.0687
2015-06-18,5868.0062
2015-06-19,5915.2022
2015-06-22,5892.4085
2015-06-23,5907.6991
2015-06-24,5900.4092
2015-06-25,5872.262
2015-06-26,5869.0914
2015-06-29,5806.0943
2015-06-30,5840.2186
2015-07-01,5856.3445
2015-07-02,5972.8949
2015-07-03,6020.3302
2015-07-06,5922.3206
2015-07-07,5965.7665
2015-07-08,5910.8897
2015-07-09,5911.3877
2015-07-10,5959.6997
2015-07-13,5996.0418
2015-07-14,6022.6529
2015-07-15,5986.496
2015-07-22,6048.5374
2015-07-23,6038.31
2015-07-24,5962.186
2015-07-27,5839.1208
2015-07-28,5777.1097
2015-07-29,5772.32
2015-07-30,5710.0134
2015-07-31,5806.1567
2015-08-03,5808.8528
2015-08-04,5785.1058
2015-08-05,5868.8689
2015-08-06,5834.4159
2015-08-07,5777.4222
2015-08-10,5736.9248
2015-08-11,5596.7091
2015-08-12,5388.2556
2015-08-13,5582.75
2015-08-14,5578.6775
2015-08-18,5505.414
2015-08-19,5465.8842
2015-08-20,5383.6766
2015-08-21,5239.1665
2015-08-24,5023.7448
2015-08-25,5090.63
2015-08-26,5072.583
2015-08-27,5301.99
2015-08-28,5324.3948
2015-08-31,5376.3267
2015-09-01,5282.4337
2015-09-02,5281.9033
2015-09-03,5354.38
2015-09-04,5305.4958
2015-09-07,5149.87
2015-09-08,5183.2016
2015-09-09,5201.52
2015-09-10,5199.1986
2015-09-11,5199.8569
2015-09-14,5204.66
2015-09-15,5193.44
2015-09-16,5188.92
2015-09-17,5244.28
2015-09-18,5256.1017
2015-09-21,5238.95
2015-09-22,5201.17
2015-09-23,5076.6059
2015-09-25,5036.9401
2015-09-28,4915.969
2015-09-29,4953.9619
2015-09-30,4971.0692
2015-10-01,5015.5493
2015-10-02,5002.4331
2015-10-05,5190.3905
2015-10-06,5310.6037
2015-10-07,5439.7315
2015-10-08,5376.7627
2015-10-09,5499.5536
2015-10-12,5584.89
2015-10-13,5399.6677
2015-10-15,5424.4273
2015-10-16,5406.82
2015-10-19,5478.57
2015-10-20,5503.63
2015-10-21,5503.2631
2015-10-22,5492.483
2015-10-23,5589.9213
2015-10-26,5632.8153
2015-10-27,5623.86
2015-10-28,5579.61
2015-10-29,5428.1092
2015-10-30,5394.0117
2015-11-02,5380.95
2015-11-03,5495.2112
2015-11-04,5574
2015-11-05,5530.8853
2015-11-06,5530.72
2015-11-09,5468.34
2015-11-10,5434.6772
2015-11-11,5398.4492
2015-11-12,5411.31
2015-11-13,5387.2626
2015-11-16,5343.671
2015-11-17,5396.8712
2015-11-18,5386.4215
2015-11-19,5413.21
2015-11-20,5468.2403
2015-11-23,5405.16
2015-11-24,5421.4385
2015-11-25,5461.94
2015-11-26,5500.8575
2015-11-27,5422.62
2015-11-30,5248.7
2015-12-01,5408.9005
2015-12-02,5416.66
2015-12-03,5406.705
2015-12-04,5324.9367
2015-12-07,5291.3414
2015-12-08,5249.4269
2015-12-10,5263.2268
2015-12-11,5210.2161
2015-12-14,5164.5994
2015-12-15,5160.5623
2015-12-16,5239.9599
2015-12-17,5311.2536
2015-12-18,5211.0512
2015-12-21,5235.76
2015-12-22,5229.4836
2015-12-23,5218.5781
2015-12-28,5254.334
2015-12-29,5256.02
2015-12-30,5272.2379
2016-01-04,5218.1361
2016-01-05,5293.4032
2016-01-06,5336.1526
2016-01-07,5288.1679
2016-01-08,5328.7123
2016-01-11,5273.3168
2016-01-12,5332.1254
2016-01-13,5347.7303
2016-01-14,5314.9935
2016-01-15,5298.4606
2016-01-18,5269.5675
2016-01-19,5343.6636
2016-01-20,5259.7964
2016-01-21,5250.0502
2016-01-22,5321.4451
2016-01-25,5361.4141
2016-01-26,5376.7865
2016-01-27,5437.532
2016-01-28,5458.5942
2016-01-29,5483.3807
2016-02-01,5456.2081
2016-02-02,5439.3932
2016-02-03,5481.4264
2016-02-04,5522.3997
2016-02-05,5652.2543
2016-02-09,5613.2099
2016-02-10,5627.6377
2016-02-11,5681.6721
2016-02-12,5630.4754
2016-02-15,5642.2811
2016-02-16,5670.84
2016-02-17,5694.73
2016-02-18,5680.2735
2016-02-19,5536.034
2016-02-22,5496.3344
2016-02-23,5413.7397
2016-02-24,5503.737
2016-02-25,5479.447
2016-02-26,5538.8964
2016-02-29,5525.8225
2016-03-01,5523.6404
2016-03-02,5546.0808
2016-03-03,5593.8548
2016-03-04,5600.6583
2016-03-07,5601.4169
2016-03-08,5581.2138
2016-03-10,5571.0737
2016-03-11,5601.8803
2016-03-14,5652.4301
2016-03-15,5665.1595
2016-03-16,5687.4579
2016-03-17,5701.8533
2016-03-18,5664.5045
2016-03-21,5686.2156
2016-03-22,5690.0805
2016-03-23,5685.5276
2016-03-24,5692.5418
2016-03-28,5637.8505
2016-03-29,5642.7744
2016-03-30,5655.711
2016-03-31,5679.1134
2016-04-01,5673.8779
2016-04-04,5679.41
2016-04-05,5647.9323
2016-04-06,5688.0176
2016-04-07,5670.8376
2016-04-08,5687.5605
2016-04-11,5676.709
2016-04-12,5739.1192
2016-04-13,5801.5184
2016-04-14,5673.7819
2016-04-15,5614.2369
2016-04-18,5636.2947
2016-04-19,5667.0449
2016-04-20,5667.6834
2016-04-21,5670.7669
2016-04-22,5721.9125
2016-04-25,5708.0923
2016-04-26,5654.6763
2016-04-27,5653.4881
2016-04-28,5589.7713
2016-04-29,5568.9756
2016-05-02,5498.4949
2016-05-03,5510.928
2016-05-04,5463.7945
2016-05-09,5353.6607
2016-05-10,5353.3578
2016-05-11,5403.6937
2016-05-12,5398.8378
2016-05-13,5348.9202
2016-05-16,5334.8413
2016-05-17,5338.9358
2016-05-18,5347.3041
2016-05-19,5252.5976
2016-05-20,5309.0665
2016-05-23,5334.8152
2016-05-24,5314.3444
2016-05-25,5438.4483
2016-05-26,5453.8002
2016-05-27,5503.8425
2016-05-30,5525.9024
2016-05-31,5466.1224
2016-06-01,5477.0503
2016-06-02,5457.9904
2016-06-03,5490.7483
2016-06-06,5542.6769
2016-06-07,5595.0716
2016-06-08,5563.3208
2016-06-09,5580.0077
2016-06-10,5553.9057
2016-06-13,5476.1011
2016-06-14,5429.1553
2016-06-15,5465.3622
2016-06-16,5430.292
2016-06-17,5429.9949
2016-06-20,5495.611
2016-06-21,5535.64
2016-06-22,5575.7427
2016-06-23,5516.7782
2016-06-24,5435.116
2016-06-27,5429.2066
2016-06-28,5466.0562
2016-06-29,5560.7118
2016-06-30,5584.6833
2016-07-01,5545.9258
2016-07-11,5650.8514
2016-07-12,5724.0773
2016-07-13,5846.4354
2016-07-14,5813.6153
2016-07-15,5820.9168
2016-07-18,5881.7964
2016-07-19,5871.9958
2016-07-20,5927.2523
2016-07-21,5885.8314
2016-07-22,5895.8636
2016-07-25,5925.2214
2016-07-26,5944.6349
2016-07-27,6054.3168
2016-07-28,6124.7291
2016-07-29,6024.293
2016-08-01,6148.0219
2016-08-02,6217.1219
2016-08-03,6308.4375
2016-08-04,6352.5861
2016-08-05,6365.0056
2016-08-08,6392.0403
2016-08-09,6367.7858
2016-08-10,6330.626
2016-08-11,6256.336
2016-08-12,6198.0185
2016-08-15,6117.8135
2016-08-16,6197.4205
2016-08-18,6285.8065
2016-08-19,6240.7725
2016-08-22,6238.0753
2016-08-23,6236.2719
2016-08-24,6246.3584
2016-08-25,6315.6731
2016-08-26,6272.7438
2016-08-29,6177.2104
2016-08-30,6149.5388
2016-08-31,6188.7508
2016-09-01,6106.1766
2016-09-02,6140.5031
2016-09-05,6180.881
2016-09-06,6172.0893
2016-09-07,6194.9948
2016-09-08,6177.2753
2016-09-09,6090.6123
2016-09-13,5952.3019
2016-09-14,5862.061
2016-09-15,6014.6011
2016-09-16,5956.9471
2016-09-19,6021.6076
2016-09-20,5956.5157
2016-09-21,6006.7847
2016-09-22,6027.21
2016-09-23,6017.3619
2016-09-26,5966.9478
2016-09-27,6026.1226
2016-09-28,6027.9075
2016-09-29,6048.5557
2016-09-30,5954.1329
2016-10-03,6104.6245
2016-10-04,6125.3562
2016-10-05,6042.5138
2016-10-06,6040.5803
2016-10-07,6017.1359
2016-10-10,6027.5793
2016-10-11,6047.0798
2016-10-12,6032.0792
2016-10-13,6016.6299
2016-10-14,6046.2802
2016-10-17,6062.3214
2016-10-18,6076.35
2016-10-19,6123.2787
2016-10-20,6097.0494
2016-10-21,6068.9754
2016-10-24,6130.8211
2016-10-25,6140.4379
2016-10-26,6138.6895
2016-10-27,6151.361
2016-10-28,6157.5639
2016-10-31,6163.3174
2016-11-01,6198.0427
2016-11-02,6209.2826
2016-11-03,6042.1671
2016-11-04,6116.6476
2016-11-07,6188.9059
2016-11-08,6203.6423
2016-11-09,6157.1253
2016-11-10,6260.7377
2016-11-11,6038.5813
2016-11-14,5840.8765
2016-11-15,5651.864
2016-11-16,5850.1066
2016-11-17,5803.6914
2016-11-18,5734.8362
2016-11-21,5762.7023
2016-11-22,5851.2848
2016-11-23,5842.1469
2016-11-24,5702.544
2016-11-25,5733.6406
2016-11-28,5679.343
2016-11-29,5721.4618
2016-11-30,5752.5742
2016-12-01,5775.9721
2016-12-02,5836.6171
2016-12-05,5905.6773
2016-12-06,5902.2013
2016-12-07,5905.957
2016-12-08,5967.3169
2016-12-09,5961.3316
2016-12-13,5942.902
2016-12-14,5887.5892
2016-12-15,5935.1001
2016-12-16,5908.9207
2016-12-19,5858.5648
2016-12-20,5820.0536
2016-12-21,5780.4244
2016-12-22,5653.1066
2016-12-23,5622.6748
2016-12-27,5738.6836
2016-12-28,5876.5431
2016-12-29,5974.716
2016-12-30,5960.4653
2017-01-03,5937.8722
2017-01-04,5918.002
2017-01-05,5961.6947
2017-01-06,5996.919
2017-01-09,5986.5295
2017-01-10,6001.9015
2017-01-11,5977.161
2017-01-12,5953.9218
2017-01-13,5888.4885
2017-01-16,5841.8478
2017-01-17,5831.1688
2017-01-18,5865.2918
2017-01-19,5839.3846
2017-01-20,5742.4734
2017-01-23,5723.574
2017-01-24,5768.1922
2017-01-25,5769.1236
2017-01-26,5775.7753
2017-01-27,5789.3162
2017-01-30,5798.205
2017-01-31,5839.7784
2017-02-01,5845.9376
2017-02-02,5874.0716
2017-02-03,5872.704
2017-02-06,5873.1818
2017-02-07,5820.2468
2017-02-08,5758.0314
2017-02-09,5720.2962
2017-02-10,5716.9619
2017-02-13,5739.803
2017-02-14,5719.7116
2017-02-16,5604.4544
2017-02-17,5573.4795
2017-02-20,5583.5813
2017-02-21,5535.9682
2017-02-22,5565.3363
2017-02-23,5581.4195
2017-02-24,5573.6371
2017-02-27,5528.3955
2017-02-28,5526.3714
2017-03-01,5477.7062
2017-03-02,5526.034
2017-03-03,5529.4162
2017-03-06,5565.1826
2017-03-07,5535.0928
2017-03-08,5505.6719
2017-03-09,5521.6019
2017-03-10,5473.8347
2017-03-13,5500.4227
2017-03-14,5533.9809
2017-03-15,5496.59
2017-03-16,5555.3266
2017-03-17,5594.8904
2017-03-20,5605.1779
2017-03-21,5622.0693
2017-03-22,5609.8766
2017-03-23,5628.9835
2017-03-24,5619.9084
2017-03-27,5558.0348
2017-03-29,5645.4852
2017-03-30,5636.7877
2017-03-31,5621.871
2017-04-03,5631.9667
2017-04-04,5738.7518
2017-04-05,5700.279
2017-04-06,5716.246
2017-04-07,5681.9053
2017-04-10,5626.2144
2017-04-11,5638.8417
2017-04-12,5729.9182
2017-04-13,5710.2286
2017-04-17,5634.2769
2017-04-18,5670.5233
2017-04-20,5604.9605
2017-04-21,5653.5348
2017-04-25,5698.0595
2017-04-26,5718.216
2017-04-27,5721.4095
2017-04-28,5668.3373
2017-05-02,5603.9765
2017-05-03,5529.1649
2017-05-04,5510.2219
2017-05-05,5526.2367
2017-05-08,5562.0212
2017-05-09,5506.813
2017-05-10,5418.887
2017-05-12,5429.7515
2017-05-15,5439.1133
2017-05-16,5440.8938
2017-05-17,5393.4439
2017-05-18,5417.0962
2017-05-19,5528.6379
2017-05-22,5559.4511
2017-05-23,5571.4524
2017-05-24,5572.796
2017-05-26,5597.1741
2017-05-29,5606.0254
2017-05-30,5555.1361
2017-05-31,5649.8014
2017-06-02,5618.1916
2017-06-05,5604.5727
2017-06-06,5586.6378
2017-06-07,5583.3702
2017-06-08,5551.6439
2017-06-09,5527.1407
2017-06-12,5530.4258
2017-06-13,5573.1772
2017-06-14,5709.4337
2017-06-15,5662.0902
2017-06-16,5588.726
2017-06-19,5582.4839
2017-06-20,5633.725
2017-06-21,5616.7853
2017-06-22,5614.4052
2017-07-03,5726.2363
2017-07-04,5699.3219
2017-07-05,5673.3702
2017-07-06,5698.8998
2017-07-07,5650.3123
2017-07-10,5618.1934
2017-07-11,5600.2834
2017-07-12,5669.9868
2017-07-13,5651.8652
2017-07-14,5659.6107
2017-07-17,5649.4533
2017-07-18,5628.2342
2017-07-19,5617.31
2017-07-20,5687.5843
2017-07-21,5603.2707
2017-07-24,5633.0403
2017-07-25,5655.9242
2017-07-26,5597.0142
2017-07-27,5584.7117
2017-07-28,5603.1846
2017-07-31,5607.436
2017-08-01,5619.5273
2017-08-02,5626.5646
2017-08-03,5573.8522
2017-08-04,5580.4762
2017-08-07,5563.6996
2017-08-08,5610.1896
2017-08-09,5621.9171
2017-08-10,5619.522
2017-08-11,5537.4259
2017-08-14,5577.0983
2017-08-15,5614.0432
2017-08-16,5665.1679
2017-08-18,5656.4387
2017-08-21,5638.7036
2017-08-22,5662.0136
2017-08-23,5698.9175
2017-08-24,5661.2635
2017-08-25,5669.5321
2017-08-28,5623.6667
2017-08-29,5577.602
2017-08-30,5603.2012
2017-08-31,5683.7093
2017-09-04,5634.4928
2017-09-05,5641.5478
2017-09-06,5622.4557
2017-09-07,5618.6817
2017-09-08,5648.5589
2017-09-11,5663.8387
2017-09-12,5654.3732
2017-09-13,5588.1849
2017-09-14,5595.7506
2017-09-15,5655.3195
2017-09-18,5743.143
2017-09-19,5786.7417
2017-09-20,5810.3563
2017-09-22,5782.8228
2017-09-25,5739.2657
2017-09-26,5692.6798
2017-09-27,5679.9882
2017-09-28,5698.345
2017-09-29,5740.4836
2017-10-02,5734.8548
2017-10-03,5770.9899
2017-10-04,5814.9797
2017-10-05,5786.2329
2017-10-06,5792.279
2017-10-09,5806.7459
2017-10-10,5810.4482
2017-10-11,5792.7558
2017-10-12,5880.7387
2017-10-13,5875.9514
2017-10-16,5896.5239
2017-10-17,5893.4207
2017-10-18,5910.2792
2017-10-19,5895.4275
2017-10-20,5949.3082
2017-10-23,6102.0585
2017-10-24,6145.9241
2017-10-25,6227.6142
2017-10-26,6201.8917
2017-10-27,6230.9496
2017-10-30,6189.4476
2017-10-31,6151.8031
2017-11-01,6196.6635
2017-11-02,6033.8461
2017-11-03,5952.6227
2017-11-06,5929.1921
2017-11-07,5946.0069
2017-11-08,5860.6881
2017-11-09,5881.7309
2017-11-10,6120.1035
2017-11-13,6103.3221
2017-11-14,6094.8428
2017-11-15,6078.2143
2017-11-16,6103.5942
2017-11-17,6104.836
2017-11-20,6073.721
2017-11-21,6048.3932
2017-11-22,6068.0182
2017-11-23,5987.5783
2017-11-24,6000.7212
2017-11-27,5954.1193
2017-11-28,5931.0178
2017-11-29,5979.0564
2017-11-30,5891.6727
2017-12-04,5858.4801
2017-12-05,5774.0333
2017-12-06,5725.6126
2017-12-07,5693.1814
2017-12-08,5722.0103
2017-12-11,5653.7033
2017-12-12,5713.0215
2017-12-13,5774.5911
2017-12-14,5823.4415
2017-12-15,5866.2315
2017-12-18,5868.8212
2017-12-19,5910.2059
2017-12-20,5879.1633
2017-12-21,5943.4523
2017-12-22,5936.7159
2017-12-27,5931.2746
2017-12-28,5970.8977
2017-12-29,6023.1144
2018-01-02,6040.0745
2018-01-03,5975.0954
2018-01-04,6056.4508
2018-01-05,6160.8049
2018-01-08,6207.7036
2018-01-09,6147.7731
2018-01-10,6219.8071
2018-01-11,6221.6983
2018-01-12,6206.8004
2018-01-15,6244.7614
2018-01-16,6321.1867
2018-01-17,6436.1574
2018-01-18,6378.3115
2018-01-19,6483.7634
2018-01-22,6564.5535
2018-01-23,6754.6779
2018-01-24,6760.3159
2018-01-25,6809.2443
2018-01-26,6861.7745
2018-01-29,6870.8953
2018-01-30,6783.3954
2018-01-31,6877.4066
2018-02-01,6819.6705
2018-02-02,6855.525
2018-02-05,6791.9429
2018-02-06,6665.6335
2018-02-07,6714.5841
2018-02-08,6727.8548
2018-02-09,6566.2342
2018-02-12,6682.8089
2018-02-13,6730.6481
2018-02-14,6755.7016
2018-02-15,6812.5745
2018-02-19,6924.7147
2018-02-20,6841.0221
2018-02-21,6833.0222
2018-02-22,6830.6976
2018-02-23,6940.2642
2018-02-26,6889.5062
2018-02-27,6901.1052
2018-02-28,6986.713
2018-03-01,6926.8338
2018-03-02,6890.7872
2018-03-05,6874.6623
2018-03-06,6866.0796
2018-03-07,6658.8344
2018-03-08,6697.0141
2018-03-09,6685.7167
2018-03-12,6761.2039
2018-03-13,6613.0458
2018-03-14,6517.923
2018-03-15,6408.2321
2018-03-16,6337.0898
2018-03-19,6335.5972
2018-03-20,6324.0518
2018-03-21,6371.0827
2018-03-22,6324.9637
2018-03-23,6271.5907
2018-03-26,6387.6922
2018-03-27,6377.4544
2018-03-28,6262.24
2018-03-29,6309.5789
2018-04-02,6436.6107
2018-04-03,6405.6424
2018-04-04,6283.0178
2018-04-05,6380.5556
2018-04-06,6293.6824
2018-04-09,6340.9869
2018-04-10,6340.8449
2018-04-11,6410.8972
2018-04-12,6440.4238
2018-04-13,6413.4014
2018-04-16,6497.8912
2018-04-17,6476.9423
2018-04-18,6419.6709
2018-04-19,6423.7858
2018-04-20,6452.7424
2018-04-23,6315.3107
2018-04-24,6249.0551
2018-04-25,6131.6478
2018-04-26,6120.1568
2018-04-27,6071.4825
2018-04-30,6053.8693
2018-05-02,6058.6592
2018-05-03,5968.8136
2018-05-04,5918.3371
2018-05-07,5901.8127
2018-05-08,5979.9473
2018-05-09,6006.7835
2018-05-11,5970.8632
2018-05-14,5931.7587
2018-05-15,5888.0928
2018-05-16,5908.5764
2018-05-17,5946.8118
2018-05-18,5902.7437
2018-05-21,5852.496
2018-05-22,5846.2942
2018-05-23,5771.7654
2018-05-24,5816.0178
2018-05-25,5919.4482
2018-05-28,6136.593
2018-05-30,6024.8566
2018-05-31,6239.3126
2018-06-04,6385.3001
2018-06-05,6685.8686
2018-06-06,6740.2358
2018-06-07,6519.2892
2018-06-08,6165.4957
2018-06-20,6143.7463
2018-06-21,6063.3284
2018-06-22,5968.6857
2018-06-25,5902.8232
2018-06-26,5819.6913
2018-06-27,5906.312
2018-06-28,5815.3621
2018-06-29,5947.4812
2018-07-02,5900.4256
2018-07-03,5778.0266
2018-07-04,5705.1835
2018-07-05,5752.0752
2018-07-06,5685.5414
2018-07-09,6069.1536
2018-07-10,6272.5871
2018-07-11,6310.3765
2018-07-12,6598.6689
2018-07-13,6438.6736
2018-07-16,6407.098
2018-07-17,6443.1047
2018-07-18,6380.1755
2018-07-19,6561.6495
2018-07-20,6519.1239
2018-07-23,6394.7741
2018-07-24,6465.0354
2018-07-25,6568.233
2018-07-26,6539.5153
2018-07-27,6373.5519
2018-07-30,6341.5799
2018-07-31,6380.9699
2018-08-01,6269.3373
2018-08-02,6152.5802
2018-08-03,6113.0779
2018-08-06,6077.399
2018-08-07,6091.5204
2018-08-08,6083.1956
2018-08-09,6104.4104
2018-08-10,6065.3012
2018-08-13,5964.4222
2018-08-14,6072.1876
2018-08-15,6073.4599
2018-08-16,6057.4315
2018-08-20,6089.6925
2018-08-21,6106.442
2018-08-23,6141.9042
2018-08-24,6149.9188
2018-08-27,6177.2495
2018-08-28,6223.4967
2018-08-29,6213.0277
2018-08-30,6211.4956
2018-08-31,6232.4308
2018-09-03,6263.8728
2018-09-04,6260.9233
2018-09-05,6092.83
2018-09-06,6208.9184
2018-09-07,6262.8948
2018-09-10,6384.461
2018-09-12,6421.5414
2018-09-13,6539.6442
2018-09-14,6612.3485
2018-09-17,6418.163
2018-09-18,6146.1188
2018-09-19,6124.6676
2018-09-20,6181.6953
2018-09-21,6149.795
2018-09-24,6188.8247
2018-09-25,6155.4658
2018-09-26,6101.6785
2018-09-27,6083.0161
2018-09-28,6135.9945
2018-10-01,6099.2325
2018-10-02,6067.7538
2018-10-03,6090.3519
2018-10-04,6017.1964
2018-10-05,5997.6334
2018-10-08,6019.2376
2018-10-09,6108.8425
2018-10-10,6062.7472
2018-10-11,5915.1454
2018-10-12,5989.9851
2018-10-15,5924.1528
2018-10-16,5911.1633
2018-10-17,5934.8288
2018-10-18,5971.4922
2018-10-19,6021.6731
2018-10-22,6047.3694
2018-10-23,6013.3198
2018-10-24,5885.538
2018-10-25,5849.3459
2018-10-26,5830.9896
2018-10-29,5834.7525
2018-10-30,5911.9292
2018-10-31,5953.2232
2018-11-01,5885.0435
2018-11-02,6044.9737
2018-11-05,6061.6374
2018-11-06,6121.1828
2018-11-07,6268.127
2018-11-08,6223.1443
2018-11-09,6219.0837
2018-11-12,6203.0141
2018-11-13,6145.5465
2018-11-14,6099.1301
2018-11-15,6199.9062
2018-11-16,6245.4207
2018-11-19,6251.3319
2018-11-21,6371.3706
2018-11-22,6361.0769
2018-11-23,6246.8004
2018-11-26,6250.5983
2018-11-27,6308.8421
2018-11-28,6506.3469
2018-11-29,6680.7834
2018-11-30,6909.4617
2018-12-03,6832.6844
2018-12-04,6793.477
2018-12-05,6642.5534
2018-12-06,6453.2765
2018-12-07,6359.5694
2018-12-10,6318.2384
2018-12-11,6196.4279
2018-12-12,6191.1632
2018-12-13,6182.1098
2018-12-14,6313.579
2018-12-17,6122.7537
2018-12-18,6087.7428
2018-12-19,6052.5971
2018-12-20,5921.9693
2018-12-21,5951.0757
2018-12-26,5855.832
2018-12-27,6063.5285
2018-12-28,6128.1709
2019-01-02,5957.7803
2019-01-03,5911.4701
2019-01-04,5918.3631
2019-01-07,5954.1122
2019-01-08,5977.2317
2019-01-09,6053.8637
2019-01-10,6057.1291
2019-01-11,5993.2228
2019-01-14,5936.828
2019-01-15,5956.9658
2019-01-16,5962.4279
2019-01-17,6013.3388
2019-01-18,6112.2725
2019-01-21,5992.0029
2019-01-22,5853.3072
2019-01-23,5909.6732
2019-01-24,5906.3622
2019-01-25,5918.5412
2019-01-28,5842.4829
2019-01-29,5820.652
2019-01-30,5783.0086
2019-01-31,5731.7809
2019-02-01,5655.6315
2019-02-04,5634.1468
2019-02-06,5723.7396
2019-02-07,5671.4
2019-02-08,5656.5584
2019-02-11,5603.312
2019-02-12,5597.3315
2019-02-13,5572.3655
2019-02-14,5580.9941
2019-02-15,5526.7899
2019-02-18,5466.416
2019-02-19,5603.351
2019-02-20,5589.0169
2019-02-21,5610.1358
2019-02-22,5602.1698
2019-02-25,5710.8353
2019-02-26,5581.3766
2019-02-27,5579.7145
2019-02-28,5566.5499
2019-03-01,5561.263
2019-03-04,5515.4129
2019-03-05,5385.1955
2019-03-06,5440.1829
2019-03-08,5431.4181
2019-03-11,5447.5462
2019-03-12,5450.3192
2019-03-13,5454.2346
2019-03-14,5401.8814
2019-03-15,5434.2593
2019-03-18,5497.7831
2019-03-19,5565.365
2019-03-20,5583.7283
2019-03-21,5549.5566
2019-03-22,5629.8021
2019-03-25,5602.201
2019-03-26,5734.8019
2019-03-27,5753.4905
2019-03-28,5749.5885
2019-03-29,5808.0232
2019-04-01,5853.6578
2019-04-02,5920.0275
2019-04-04,5853.1026
2019-04-05,5945.8089
2019-04-08,5851.3868
2019-04-09,5958.9325
2019-04-10,5848.8496
2019-04-11,5859.3483
2019-04-12,5866.1344
2019-04-15,5865.4661
2019-04-16,5811.4869
2019-04-18,5812.4152
2019-04-22,5727.9262
2019-04-23,5741.9492
2019-04-24,5723.6117
2019-04-25,5667.8187
2019-04-26,5571.2026
2019-04-29,5494.6008
2019-04-30,5596.2275
2019-05-02,5541.2828
2019-05-03,5497.3102
2019-05-06,5403.5082
2019-05-07,5445.2725
2019-05-08,5448.8018
2019-05-09,5470.2902
2019-05-10,5738.2953
2019-05-13,5809.5075
2019-05-14,6013.6861
2019-05-15,6107.3437
2019-05-16,5845.6737
2019-05-17,5989.6148
2019-05-20,6034.97
2019-05-21,6094.0008
2019-05-22,5963.8986
2019-05-23,5989.2764
2019-05-24,6010.5611
2019-05-27,5893.7937
2019-05-28,5864.2576
2019-05-29,5956.1346
2019-05-31,6014.8165
2019-06-10,5929.1382
2019-06-11,5882.8652
2019-06-12,5877.9093
2019-06-13,5952.0647
2019-06-14,5933.0508
2019-06-17,5926.4375
2019-06-18,5813.2721
2019-06-19,5783.9464
2019-06-20,5797.5002
2019-06-21,5868.6544
2019-06-24,5956.0926
2019-06-25,6145.4952
2019-06-26,6294.7463
2019-06-27,6162.3335
2019-06-28,5982.3057
2019-07-01,6067.0952
2019-07-02,5939.7692
2019-07-03,5897.9368
2019-07-04,5940.7902
2019-07-05,5877.6766
2019-07-08,5925.8773
2019-07-09,5918.4728
2019-07-10,6054.6667
2019-07-11,6269.9758
2019-07-12,6006.4881
2019-07-15,5838.7383
2019-07-16,5748.6352
2019-07-17,5742.6035
2019-07-18,5805.8909
2019-07-19,5774.7715
2019-07-22,5706.6616
2019-07-23,5730.3504
2019-07-24,5803.7717
2019-07-25,5836.9494
2019-07-26,5844.5954
2019-07-29,5766.0072
2019-07-30,5914.4705
2019-07-31,5894.9055
2019-08-01,5857.2039
2019-08-02,5828.0908
2019-08-05,5735.7801
2019-08-06,5676.7925
2019-08-07,5770.3424
2019-08-08,5736.3461
2019-08-09,5828.2851
2019-08-12,5829.6984
2019-08-13,5756.5808
2019-08-14,5716.6212
2019-08-15,5674.8046
2019-08-16,5710.9217
2019-08-19,5739.3087
2019-08-20,5694.0899
2019-08-21,5707.6046
2019-08-22,5674.1974
2019-08-23,5689.9713
2019-08-26,5645.8677
2019-08-27,5633.7599
2019-08-28,5639.9004
2019-08-29,5674.8592
2019-08-30,5656.9395
2019-09-02,5699.3216
2019-09-03,5679.4831
2019-09-04,5758.4934
2019-09-05,5770.3835
2019-09-06,5778.5772
2019-09-09,5779.3165
2019-09-10,5782.2398
2019-09-11,5819.0304
2019-09-12,5777.5329
2019-09-13,5716.8054
2019-09-16,5669.2947
2019-09-17,5721.9995
2019-09-18,5680.8074
2019-09-19,5631.6208
2019-09-20,5447.5487
2019-09-23,5388.9659
2019-09-24,5456.601
2019-09-25,5407.2919
2019-09-26,5350.9181
2019-09-27,5306.9083
2019-09-30,5257.8069
2019-10-01,5260.4508
2019-10-02,5166.1671
2019-10-03,5104.6177
2019-10-04,5110.1902
2019-10-07,5122.0743
2019-10-08,5169.0126
2019-10-09,5226.1642
2019-10-10,5197.1149
2019-10-11,5227.5087
2019-10-14,5131.4826
2019-10-15,5110.43
2019-10-16,5092.6552
2019-10-17,5145.4075
2019-10-18,5092.5312
2019-10-21,5018.8849
2019-10-22,5009.1335
2019-10-23,5037.8529
2019-10-24,5016.3844
2019-10-25,5019.0055
2019-10-28,5027.0399
2019-10-29,5030.4614
2019-10-30,5026.7993
2019-10-31,5016.0301
2019-11-01,4976.2639
2019-11-04,4789.6725
2019-11-05,4542.921
2019-11-06,3962.9118
2019-11-07,3784.1714
2019-11-08,3704.3913
2019-11-11,3690.3242
2019-11-12,3761.2234
2019-11-13,3915.823
2019-11-14,4009.9453
2019-11-15,3820.7584
2019-11-18,3808.8332
2019-11-19,3662.8008
2019-11-20,3670.3775
2019-11-21,3627.8445
2019-11-22,3507.7225
2019-11-25,3496.6463
2019-11-26,3342.019
2019-11-27,3299.5176
2019-11-28,3177.8461
2019-11-29,3119.925
2019-12-02,3152.7466
2019-12-03,3161.7362
2019-12-04,3127.1927
2019-12-05,3113.3776
2019-12-06,3051.5571
2019-12-09,3029.1285
2019-12-10,3022.2917
2019-12-11,2997.377
2019-12-12,2984.9343
2019-12-13,2960.5578
2019-12-16,2913.2416
2019-12-17,2886.3384
2019-12-18,2913.8767
2019-12-19,2911.1786
2019-12-20,2746.9054
2019-12-23,2727.2788
2019-12-26,2653.2579
2019-12-27,2615.9869
2019-12-30,2637.2369
2020-01-02,2570.0896
2020-01-03,2555.2637
2020-01-06,2501.9175
2020-01-07,2483.6836
2020-01-08,2411.5624
2020-01-09,2383.1824
2020-01-10,2356.2929
2020-01-13,2339.3128
2020-01-14,2350.6757
2020-01-15,2229.2355
2020-01-16,2202.1028
2020-01-17,2190.2766
2020-01-20,2169.071
2020-01-21,2140.4849
2020-01-22,2141.6463
2020-01-23,2112.2461
2020-01-24,2073.7494
2020-01-27,2002.4812
2020-01-28,2021.3499
2020-01-29,1961.372
2020-01-30,1900.4413
2020-01-31,1816.6894
2020-02-03,1813.106
2020-02-04,1779.3974
2020-02-05,1291.631
2020-02-06,1291.5502
2020-02-07,1290.9814
2020-02-10,1291.9577
2020-02-11,1293.6617
2020-02-12,1005.7241
2020-02-13,1005.6616
2020-02-14,972.1156
2020-02-17,943.2387
2020-02-18,917.3091
2020-02-19,893.1589
2020-02-20,887.2611
2020-02-21,898.2516
2020-02-24,901.7203
2020-02-25,887.504
2020-02-26,889.63
2020-02-27,882.2964
2020-02-28,871.819
2020-03-02,879.3332
2020-03-03,868.507
2020-03-04,869.3509
2020-03-05,869.0052
2020-03-06,868.9513
2020-03-09,870.3958
2020-03-10,874.8682
2020-03-11,874.8138
2020-03-12,877.6928
2020-03-13,869.21
2020-03-16,862.5243
2020-03-17,860.4216
2020-03-18,844.3717
2020-03-19,839.4792
2020-03-20,834.142
2020-03-23,819.328
2020-03-24,834.5364
2020-03-26,829.7434
2020-03-27,829.9859
2020-03-30,872.3229
2020-03-31,868.6037
2020-04-01,856.8621
2020-04-02,841.308
2020-04-03,855.5353
2020-04-06,863.2117
2020-04-07,870.2588
2020-04-08,885.3014
2020-04-09,875.9975
2020-04-13,866.5439
2020-04-14,886.881
2020-04-15,867.6731
2020-04-16,860.2877
2020-04-17,853.9298
2020-04-20,852.5004
2020-04-21,851.9948
2020-04-22,858.0222
2020-04-23,850.7851
2020-04-24,849.5616
2020-04-27,842.9528
2020-04-28,853.8939
2020-04-29,852.5239
2020-04-30,845.4334
2020-05-04,843.4557
2020-05-05,835.6201
2020-05-06,818.9881
2020-05-08,813.6146
2020-05-11,808.6081
2020-05-12,797.0966
2020-05-13,790.7245
2020-05-14,811.5209
2020-05-15,817.7335
2020-05-18,803.2041
2020-05-19,803.5294
2020-05-20,806.9147
2020-05-26,803.9245
2020-05-27,809.478
2020-05-28,808.7634
2020-05-29,819.3837
2020-06-02,806.3474
2020-06-03,793.8125
2020-06-04,805.9581
2020-06-05,807.9779
2020-06-08,803.0681
2020-06-09,807.6738
2020-06-10,810.5342
2020-06-11,798.3497
2020-06-12,794.3789
2020-06-15,784.2535
2020-06-16,820.193
2020-06-17,807.5256
2020-06-18,797.1603
2020-06-19,791.0861
2020-06-22,783.5471
2020-06-23,771.6133
2020-06-24,778.238
2020-06-25,767.5593
2020-06-26,771.8457
2020-06-29,774.5622
2020-06-30,768.2471
2020-07-01,764.3705
2020-07-02,760.183
2020-07-03,761.9631
2020-07-06,756.6232
2020-07-07,751.2348
2020-07-08,743.3287
2020-07-09,745.2545
2020-07-10,736.2413
2020-07-13,720.7538
2020-07-14,703.9458
2020-07-15,692.1321
2020-07-16,677.5323
2020-07-17,676.5755
2020-07-20,675.9179
2020-07-21,664.2415
2020-07-22,659.0558
2020-07-23,646.6286
2020-07-24,634.5958
2020-07-27,627.4009
2020-07-28,634.0084
2020-07-29,623.7849
2020-07-30,621.2654
2020-08-03,614.5492
2020-08-04,610.1029
2020-08-05,607.6156
2020-08-06,604.4215
2020-08-07,602.0616
2020-08-10,613.553
2020-08-11,613.0136
2020-08-12,609.7689
2020-08-13,605.8768
2020-08-14,602.1455
2020-08-18,599.2323
2020-08-19,598.9692
2020-08-24,597.1498
2020-08-25,599.1479
2020-08-26,599.5052
2020-08-27,598.979
2020-08-28,597.9644
2020-08-31,613.0588
2020-09-01,632.9342
2020-09-02,650.822
2020-09-03,654.689
2020-09-04,678.6442
2020-09-07,679.9037
2020-09-08,671.1702
2020-09-09,669.3098
2020-09-10,660.9844
2020-09-11,663.2348
2020-09-14,665.4371
2020-09-15,673.4423
2020-09-16,664.4718
2020-09-17,666.9878
2020-09-18,663.8957
2020-09-21,663.0165
2020-09-22,690.5982
2020-09-23,682.4376
2020-09-24,673.478
2020-09-25,664.5436
2020-09-28,655.7553
2020-09-29,647.6802
2020-09-30,640.657
2020-10-01,658.2659
2020-10-02,650.6171
2020-10-05,644.7537
2020-10-06,651.6994
2020-10-07,651.582
2020-10-08,648.598
2020-10-09,654.0557
2020-10-12,653.2795
2020-10-13,646.7067
2020-10-14,652.5069
2020-10-15,651.2888
2020-10-16,651.1915
2020-10-19,650.139
2020-10-20,642.5971
2020-10-21,642.6559
2020-10-22,636.1404
2020-10-23,630.7359
2020-10-26,637.7715
2020-10-27,639.5645
2020-11-02,639.3746
2020-11-03,638.746
2020-11-04,644.7607
2020-11-05,638.6109
2020-11-06,640.3371
2020-11-09,635.7632
2020-11-10,630.6255
2020-11-11,636.2901
2020-11-12,630.3141
2020-11-13,626.1692
2020-11-16,620.9539
2020-11-17,618.3281
2020-11-18,630.1513
2020-11-19,624.899
2020-11-20,620.6726
2020-11-23,624.6102
2020-11-24,629.1714
2020-11-25,623.9675
2020-11-26,633.2809
2020-11-27,632.5193
2020-11-30,626.9267
2020-12-01,630.1404
2020-12-02,624.4512
2020-12-03,622.657
2020-12-04,619.6854
2020-12-07,631.5651
2020-12-08,646.0495
2020-12-10,656.2847
2020-12-11,650.921
2020-12-14,654.7735
2020-12-15,669.1746
2020-12-16,656.3951
2020-12-17,644.5553
2020-12-18,631.8342
2020-12-21,625.1289
2020-12-22,619.3117
2020-12-23,618.2696
2020-12-28,613.6878
2020-12-29,607.8816
2020-12-30,602.8727
2021-01-04,599.2434
2021-01-05,597.8947
2021-01-06,608.0274
2021-01-07,598.8355
2021-01-08,592.7901
2021-01-11,591.073
2021-01-12,586.921
2021-01-13,586.0729
2021-01-14,583.9083
2021-01-15,608.7085
2021-01-18,616.5845
2021-01-19,611.6087
2021-01-20,607.6763
2021-01-21,602.5526
2021-01-22,595.1706
2021-01-25,592.9814
2021-01-26,591.1518
2021-01-27,586.7123
2021-01-28,583.4526
2021-01-29,581.8787
2021-02-01,587.719
2021-02-02,581.9809
2021-02-03,578.7865
2021-02-04,574.5641
2021-02-05,585.8084
2021-02-08,593.1024
2021-02-09,603.2114
2021-02-10,601.3538
2021-02-11,597.6389
2021-02-15,593.9293
2021-02-16,589.4517
2021-02-17,586.6166
2021-02-18,582.6478
2021-02-19,587.9904
2021-02-22,586.554
2021-02-23,582.5836
2021-02-24,581.5341
2021-02-25,582.3645
2021-02-26,581.9313
2021-03-01,582.5213
2021-03-02,584.8411
2021-03-03,582.4168
2021-03-04,580.0514
2021-03-05,577.2322
2021-03-08,580.2477
2021-03-09,578.4675
2021-03-10,589.578
2021-03-12,588.2886
2021-03-15,582.6397
2021-03-16,590.4756
2021-03-17,587.7505
2021-03-18,584.8488
2021-03-19,584.2859
2021-03-22,590.4294
2021-03-23,588.5998
2021-03-24,589.2489
2021-03-25,587.3518
2021-03-26,591.9113
2021-03-29,596.9348
2021-03-30,594.9331
2021-03-31,591.8
2021-04-01,590.4537
2021-04-05,591.5592
2021-04-06,598.0255
2021-04-07,594.9778
2021-04-08,596.2888
2021-04-09,599.7517
2021-04-12,599.0549
2021-04-13,598.4407
2021-04-14,599.6192
2021-04-15,600.6033
2021-04-16,601.1495
2021-04-19,599.4974
2021-04-20,597.4998
2021-04-21,599.9524
2021-04-22,596.9567
2021-04-23,595.8171
2021-04-26,596.2898
2021-04-27,594.5822
2021-04-28,593.9662
2021-04-29,598.1624
2021-04-30,597.8387
2021-05-03,597.731
2021-05-04,597.2252
2021-05-05,597.0869
2021-05-06,599.9619
2021-05-07,596.1894
2021-05-10,595.154
2021-05-11,593.8271
2021-05-17,590.5351
2021-05-18,588.7779
2021-05-19,588.2981
2021-05-20,590.0763
2021-05-21,589.7927
2021-05-24,588.0181
2021-05-25,587.752
2021-05-27,590.2983
2021-05-28,590.9881
2021-05-31,591.9344
2021-06-02,589.5584
2021-06-03,589.8013
2021-06-04,592.9402
2021-06-07,591.3663
2021-06-08,593.5012
2021-06-09,617.3092
2021-06-10,611.6536
2021-06-11,615.6776
2021-06-14,608.621
2021-06-15,603.1985
2021-06-16,596.8548
2021-06-17,597.2047
2021-06-18,592.4222
2021-06-21,588.4704
2021-06-22,588.5365
2021-06-23,587.1174
2021-06-24,586.9697
2021-06-25,591.1243
2021-06-28,588.8068
2021-06-29,586.653
2021-06-30,584.5314
2021-07-01,576.7392
2021-07-02,571.5228
2021-07-05,570.1215
2021-07-06,563.7866
2021-07-07,561.561
2021-07-08,559.5268
2021-07-09,553.9293
2021-07-12,577.5543
2021-07-13,598.7848
2021-07-14,595.5593
2021-07-15,586.0334
2021-07-16,580.4365
2021-07-19,580.4057
2021-07-21,576.1822
2021-07-22,579.8065
2021-07-23,572.1428
2021-07-26,571.1898
2021-07-27,568.0423
2021-07-28,572.5197
2021-07-29,572.497
2021-07-30,566.2368
2021-08-02,560.798
2021-08-03,558.4387
2021-08-04,563.6417
2021-08-05,556.5091
2021-08-06,550.7775
2021-08-09,556.6324
2021-08-10,551.6116
2021-08-12,546.9557
2021-08-13,544.0155
2021-08-16,561.7189
2021-08-18,587.0705
2021-08-19,580.0064
2021-08-20,574.7217
2021-08-23,570.4758
2021-08-24,566.5881
2021-08-25,566.2838
2021-08-26,570.168
2021-08-27,572.8001
2021-08-30,572.9119
2021-08-31,567.6532
2021-09-01,563.6406
2021-09-02,560.8344
2021-09-03,554.8673
2021-09-06,556.0174
2021-09-07,556.5056
2021-09-08,554.6359
2021-09-09,551.2873
2021-09-10,549.6239
2021-09-13,551.7434
2021-09-14,553.182
2021-09-15,552.0906
2021-09-16,555.6259
2021-09-17,560.7066
2021-09-20,556.1374
2021-09-21,557.6032
2021-09-22,559.7405
2021-09-23,564.1864
2021-09-24,558.3426
2021-09-27,556.0408
2021-09-28,548.9851
2021-09-29,544.7406
2021-09-30,549.8046
2021-10-01,549.7203
2021-10-04,544.8191
2021-10-05,546.159
2021-10-06,545.1728
2021-10-07,544.6439
2021-10-08,544.5277
2021-10-11,545.6256
2021-10-12,542.9445
2021-10-13,541.6658
2021-10-14,542.0868
2021-10-15,542.6697
2021-10-18,543.9848
2021-10-19,543.5228
2021-10-21,544.0538
2021-10-22,542.3639
2021-10-25,542.5604
2021-10-26,541.4096
2021-10-27,543.1658
2021-10-28,545.6248
2021-10-29,543.3679
2021-11-01,543.9439
2021-11-02,544.6318
2021-11-03,545.6466
2021-11-04,544.3621
2021-11-05,543.5948
2021-11-08,544.309
2021-11-09,543.0964
2021-11-10,543.8562
2021-11-11,543.8453
2021-11-12,543.4549
2021-11-15,540.9249
2021-11-16,538.4
2021-11-17,537.0979
2021-11-18,541.0226
2021-11-19,539.6151
2021-11-22,539.4412
2021-11-23,538.585
2021-11-24,537.3728
2021-11-25,539.7715
2021-11-26,537.1052
2021-11-29,534.13
2021-11-30,535.6322
2021-12-01,531.2632
2021-12-02,534.1951
2021-12-03,532.6728
2021-12-06,528.7985
2021-12-07,530.7664
2021-12-08,530.2278
2021-12-09,532.3393
2021-12-10,532.0666
2021-12-13,530.8987
2021-12-14,531.6107
2021-12-15,529.2865
2021-12-16,529.7323
2021-12-17,530.2538
2021-12-20,530.4527
2021-12-21,533.3366
2021-12-22,530.4363
2021-12-23,532.5761
2021-12-24,528.3789
2021-12-27,528.6503
2021-12-28,529.0404
2021-12-29,528.9403
2021-12-30,527.8897
2022-01-03,529.0291
2022-01-04,528.774
2022-01-05,541.2607
2022-01-06,536.33
2022-01-07,531.3609
2022-01-10,526.6197
2022-01-11,525.2833
2022-01-12,518.9338
2022-01-13,522.5385
2022-01-14,520.8288
2022-01-17,518.9069
2022-01-18,519.6808
2022-01-19,518.9918
2022-01-20,517.3261
2022-01-21,518.5666
2022-01-24,522.3543
2022-01-25,528.7827
2022-01-26,525.1863
2022-01-27,519.8284
2022-01-28,517.5674
2022-01-31,519.3207
2022-02-02,522.1507
2022-02-03,518.488
2022-02-04,516.9489
2022-02-07,514.1769
2022-02-08,513.389
2022-02-09,513.8173
2022-02-10,513.1962
2022-02-11,513.8807
2022-02-14,516.5991
2022-02-15,514.1918
2022-02-16,513.0482
2022-02-17,513.1768
2022-02-18,512.1946
2022-02-21,511.7315
2022-02-22,511.6992
2022-02-23,511.667
2022-02-24,509.4903
2022-02-25,509.3966
2022-03-01,508.863
2022-03-02,508.2746
2022-03-04,507.8054
2022-03-07,507.0263
2022-03-08,506.9326
2022-03-09,507.3235
2022-03-10,507.2967
2022-03-11,507.198
2022-03-14,506.8744
2022-03-15,507.3647
2022-03-16,506.9668
2022-03-17,507.0682
2022-03-18,507.5701
2022-03-21,507.3015
2022-03-22,506.8468
2022-03-23,506.4537
2022-03-24,506.7831
2022-03-25,506.3951
2022-03-28,505.9383
2022-03-29,506.2677
2022-03-30,505.652
2022-03-31,505.5484
2022-04-01,505.3881
2022-04-04,505.7872
2022-04-05,505.7504
2022-04-06,505.068
2022-04-07,504.7644
2022-04-08,504.6043
2022-04-11,504.2761
2022-04-12,504.1775
2022-04-13,504.079
2022-04-14,503.9803
2022-04-18,508.2698
2022-04-19,506.3379
2022-04-20,504.9672
2022-04-21,503.9134
2022-04-22,503.82
2022-04-25,503.3584
2022-04-26,503.1605
2022-04-27,503.4283
2022-04-28,503.3965
2022-05-09,501.9915
2022-05-10,502.0881
2022-05-11,501.6286
2022-05-12,500.5801
2022-05-13,500.6183
2022-05-17,499.8762
2022-05-18,499.8478
2022-05-19,499.4581
2022-05-20,499.363
2022-05-23,499.107
2022-05-24,499.1453
2022-05-25,499.0451
2022-05-27,497.5211
2022-05-30,497.0133
2022-05-31,495.7355
2022-06-02,494.6398
2022-06-03,493.6615
2022-06-06,492.6937
2022-06-07,492.1825
2022-06-08,491.3038
2022-06-09,491.204
2022-06-10,491.8365
2022-06-13,491.386
2022-06-14,491.4913
2022-06-15,491.0305
2022-06-16,491.3018
2022-06-17,491.207
2022-06-20,491.1178
2022-06-21,491.5845
2022-06-22,490.8391
2022-06-23,491.4666
2022-06-24,491.0773
2022-06-27,491.06
2022-06-28,491.037
2022-06-29,491.0006
2022-06-30,490.678
2022-07-01,492.0507
2022-07-04,491.4276
2022-07-05,490.9376
2022-07-06,490.9661
2022-07-07,490.8097
2022-07-08,491.5823
2022-07-11,492.1602
2022-07-12,491.6036
2022-07-13,491.0419
2022-07-14,490.7521
2022-07-15,490.3854
2022-07-18,490.3015
2022-07-19,490.6738
2022-07-20,490.5842
2022-07-21,490.4175
2022-07-22,490.3229
2022-07-25,490.2438
2022-07-26,490.2107
2022-07-27,490.116
2022-07-28,490.1549
2022-07-29,490.132
2022-08-01,489.9811
2022-08-02,489.8196
2022-08-03,489.7866
2022-08-04,489.692
2022-08-05,489.664
2022-08-08,489.7186
2022-08-09,489.5522
2022-08-10,489.4576
2022-08-11,489.5681
2022-08-12,489.4684
2022-08-15,489.4512
2022-08-16,489.4231
2022-08-18,489.2388
2022-08-19,489.3443
2022-08-22,489.1885
2022-08-23,489.1659
2022-08-24,490.4716
2022-08-25,490.5152
2022-08-26,489.6039
2022-08-29,488.9261
2022-08-30,488.97
2022-08-31,489.0706
2022-09-01,489.109
2022-09-02,489.1805
2022-09-05,489.025
2022-09-06,488.7844
2022-09-07,490.486
2022-09-08,490.2189
2022-09-09,489.3732
2022-09-12,489.2227
2022-09-13,491.9901
2022-09-14,491.9453
2022-09-15,493.0121
2022-09-16,492.351
2022-09-19,492.2115
2022-09-20,491.889
2022-09-21,492.0836
2022-09-22,491.2272
2022-09-23,491.461
2022-09-26,492.7826
2022-09-27,491.8594
2022-09-28,491.6312
2022-09-29,491.1311
2022-09-30,490.4359
2022-10-03,490.6461
2022-10-04,490.223
2022-10-05,489.5004
2022-10-06,489.4057
2022-10-07,489.6722
2022-10-10,489.1604
2022-10-11,489.1224
2022-10-12,488.6274
2022-10-13,488.3993
2022-10-14,488.243
2022-10-17,487.6874
2022-10-18,488.2649
2022-10-19,488.0319
2022-10-20,487.9373
2022-10-21,488.0477
2022-10-24,487.8256
2022-10-25,488.0594
2022-10-26,488.0983
2022-10-27,488.3373
2022-10-28,488.181
2022-10-31,488.3643
2022-11-01,489.2651
2022-11-02,489.5089
2022-11-03,489.0756
2022-11-04,488.781
2022-11-07,488.8307
2022-11-08,488.5409
2022-11-09,488.1794
2022-11-10,487.8797
2022-11-11,488.9194
2022-11-14,488.3686
2022-11-15,488.2741
2022-11-16,488.518
2022-11-17,488.3516
2022-11-18,488.057
2022-11-21,487.8449
2022-11-22,488.5459
2022-11-23,488.051
2022-11-24,488.09
2022-11-25,487.9955
2022-11-28,491.3225
2022-11-29,493.8377
2022-11-30,496.9814
2022-12-01,500.1966
2022-12-02,509.3027
2022-12-05,519.7216
2022-12-06,514.1531
2022-12-07,509.87
2022-12-08,509.131
2022-12-09,508.3391
2022-12-12,516.4467
2022-12-13,525.853
2022-12-14,528.6281
2022-12-15,525.3187
2022-12-16,519.8567
2022-12-19,514.8302
2022-12-20,512.3578
2022-12-21,515.079
2022-12-22,517.4318
2022-12-23,512.1978
2022-12-26,513.9575
2022-12-27,514.1958
2022-12-28,515.4785
2022-12-29,516.5873
2022-12-30,516.2545
2023-01-02,519.6063
2023-01-03,515.4107
2023-01-04,511.0381
2023-01-05,507.713
2023-01-06,509.3847
2023-01-09,508.3485
2023-01-10,504.2658
2023-01-11,504.5317
2023-01-12,506.7244
2023-01-13,508.0741
2023-01-16,506.9707
2023-01-17,513.7669
2023-01-18,511.6765
2023-01-19,511.2059
2023-01-20,509.3306
2023-01-24,510.9811
2023-01-25,511.3132
2023-01-26,511.5785
2023-01-27,507.8024
2023-01-30,503.7678
2023-01-31,503.191
2023-02-01,499.1476
2023-02-02,496.7508
2023-02-03,497.7659
2023-02-06,503.3954
2023-02-07,502.0287
2023-02-08,498.1189
2023-02-09,494.9324
2023-02-10,494.9448
2023-02-13,493.6695
2023-02-14,494.4978
2023-02-15,494.2548
2023-02-16,492.5138
2023-02-17,493.6903
2023-02-20,491.2375
2023-02-21,490.8881
2023-02-22,489.91
2023-02-23,489.8821
2023-02-24,488.1145
2023-02-27,488.2319
2023-02-28,486.7189
2023-03-01,485.9013
2023-03-02,486.3688
2023-03-03,484.0394
2023-03-06,483.0334
2023-03-07,483.1001
2023-03-08,482.5105
2023-03-09,480.971
2023-03-10,480.4493
2023-03-13,480.1667
2023-03-14,480.0726
2023-03-15,480.0452
2023-03-16,480.0178
2023-03-17,480.0573
2023-03-20,480.5372
2023-03-21,482.184
2023-03-24,481.5396
2023-03-27,481.4573
2023-03-28,480.9347
2023-03-29,481.5361
2023-03-30,481.5753
2023-03-31,481.1861
2023-04-03,481.037
2023-04-04,481.0095
2023-04-05,480.9821
2023-04-06,480.3927
2023-04-10,480.0829
2023-04-11,479.6937
2023-04-12,480.1617
2023-04-13,479.5056
2023-04-14,479.3449
2023-04-17,479.263
2023-04-18,479.2357
2023-04-26,479.5662
2023-04-27,479.4721
2023-04-28,479.5783
2023-05-02,479.3354
2023-05-03,478.8127
2023-05-04,478.7854
2023-05-05,478.758
2023-05-08,478.6761
2023-05-09,478.5821
2023-05-10,478.4882
2023-05-11,478.5275
2023-05-12,478.5002
2023-05-15,478.3517
2023-05-16,478.3911
2023-05-17,478.6799
2023-05-19,478.6252
2023-05-22,478.543
2023-05-23,478.6491
2023-05-24,478.6218
2023-05-25,478.5945
2023-05-26,479.768
2023-05-29,479.3526
2023-05-30,479.0584
2023-05-31,483.5938
2023-06-05,481.4361
2023-06-06,482.8663
2023-06-07,483.039
2023-06-08,482.9446
2023-06-09,483.4791
2023-06-12,473.7852
2023-06-13,463.9448
2023-06-14,453.4762
2023-06-15,445.2544
2023-06-16,434.8517
2023-06-19,428.9625
2023-06-20,424.3122
2023-06-21,420.7193
2023-06-22,416.0695
2023-06-23,410.7912
2023-06-26,405.5328
2023-06-27,402.568
2023-07-03,402.3645
2023-07-04,400.7389
2023-07-05,397.8411
2023-07-06,396.456
2023-07-07,395.7548
2023-07-10,394.3793
2023-07-11,394.5272
2023-07-12,395.4572
2023-07-13,397.849
2023-07-14,400.176
2023-07-17,400.3973
2023-07-18,401.0083
2023-07-20,401.031
2023-07-21,399.6108
2023-07-24,396.6989
2023-07-25,394.2615
2023-07-26,392.469
2023-07-27,391.5276
2023-07-28,390.6562
2023-07-31,391.406
2023-08-01,392.1338
2023-08-02,391.1955
2023-08-03,390.9729
2023-08-04,390.8171
2023-08-07,390.8163
2023-08-08,389.6635
2023-08-09,389.441
2023-08-10,390.2676
2023-08-11,390.2453
2023-08-14,390.2447
2023-08-15,390.2222
2023-08-16,390.6668
2023-08-18,391.1722
2023-08-21,391.038
2023-08-22,391.0821
2023-08-23,390.7908
2023-08-24,390.7313
2023-08-25,393.0587
2023-08-28,393.0576
2023-08-29,393.0351
2023-08-30,393.7259
2023-08-31,394.5522
2023-09-01,394.5295
2023-09-04,393.7479
2023-09-05,393.7252
2023-09-06,392.9202
2023-09-07,392.7643
2023-09-08,393.3216
2023-09-11,392.5034
2023-09-12,392.5476
2023-09-13,393.2756
2023-09-14,393.2532
2023-09-15,392.449
2023-09-18,390.7471
2023-09-19,391.5736
2023-09-20,392.0465
2023-09-21,391.462
2023-09-22,392.2564
2023-09-25,392.9689
2023-09-26,391.9956
2023-09-27,391.0573
2023-09-29,391.8962
2023-10-02,391.9621
2023-10-03,391.9047
2023-10-04,391.8822
2023-10-05,394.078
2023-10-06,395.4564
2023-10-09,393.5869
2023-10-10,394.678
2023-10-11,394.5886
2023-10-12,393.5835
2023-10-13,392.4768
2023-10-16,393.5226
2023-10-17,391.7376
2023-10-18,391.0685
2023-10-19,392.3117
2023-10-20,396.8698
2023-10-23,392.5455
2023-10-24,391.1808
2023-10-25,392.4709
2023-10-26,391.8197
2023-10-27,392.7109
2023-10-30,393.292
2023-10-31,392.2524
2023-11-01,393.0469
2023-11-02,392.2071
2023-11-03,392.0862
2023-11-06,392.0005
2023-11-07,391.3492
2023-11-08,390.4428
2023-11-09,390.3537
2023-11-10,390.4351
2023-11-13,391.0142
2023-11-14,390.575
2023-11-15,390.981
2023-11-16,391.4806
2023-11-17,391.9534
2023-11-20,391.3237
2023-11-21,390.1853
2023-11-22,391.1082
2023-11-23,390.439
2023-11-24,391.8804
2023-11-27,392.1746
2023-11-28,390.228
2023-11-29,390.0172
2023-11-30,390.0615
2023-12-01,391.0076
2023-12-04,390.0563
2023-12-05,388.6956
2023-12-06,385.8321
2023-12-07,384.5671
2023-12-08,382.8452
2023-12-11,381.6956
2023-12-12,380.5903
2023-12-13,379.0956
2023-12-14,378.1048
2023-12-15,377.9413
2023-12-18,376.687
2023-12-19,375.2947
2023-12-20,375.1128
2023-12-21,374.9305
2023-12-22,374.4811
2023-12-27,375.941
2023-12-28,375.6249
2023-12-29,374.8957
2024-01-02,376.4395
2024-01-03,377.5615
2024-01-04,376.5998
2024-01-05,374.4849
2024-01-08,374.9772
2024-01-09,373.9467
2024-01-10,373.498
2024-01-11,372.8282
2024-01-12,373.5231
2024-01-15,373.6519
2024-01-16,375.1628
2024-01-17,375.8925
2024-01-18,374.958
2024-01-19,374.13
2024-01-22,374.8519
2024-01-23,374.4139
2024-01-24,374.621
2024-01-25,374.9619
2024-01-26,375.4227
2024-01-29,375.9159
2024-01-30,375.8285
2024-01-31,375.7157
2024-02-01,376.1512
2024-02-02,375.3094
2024-02-05,374.4655
2024-02-06,376.1779
2024-02-07,378.1436
2024-02-12,378.0402
2024-02-13,377.7231
2024-02-15,376.2084
2024-02-16,376.3224
2024-02-19,375.3197
2024-02-20,376.146
2024-02-21,377.0871
2024-02-22,376.2196
2024-02-23,376.1321
2024-02-26,375.576
2024-02-27,374.3728
2024-02-28,375.266
2024-02-29,374.5895
2024-03-01,373.1055
2024-03-04,372.9779
2024-03-05,372.7869
2024-03-06,372.7676
2024-03-07,373.5949
2024-03-08,372.9278
2024-03-13,372.9311
2024-03-14,372.7738
2024-03-15,373.7627
2024-03-18,373.635
2024-03-19,375.9943
2024-03-20,375.1922
2024-03-21,375.1716
2024-03-22,374.2673
2024-03-25,320.478
2024-03-26,274.3329
2024-03-27,230.1831
2024-03-28,195.6234
2024-04-01,163.1405
2024-04-02,129.3894
2024-04-03,106.9385
2024-04-04,85.6864
2024-04-05,65.5057
2024-04-16,43.3145
2024-04-17,19.1407
2024-04-18,6.185
2024-04-19,46.7365
2024-04-22,35.6968
2024-04-23,24.6947
2024-04-24,14.6196
2024-04-25,52.2743
2024-04-26,41.3845
2024-04-29,29.876
2024-04-30,19.2518
2024-05-02,9.9403
2024-05-03,164.5175
2024-05-06,152.5606
2024-05-07,143.0185
2024-05-08,136.8384
2024-05-13,127.3898
2024-05-14,136.0792
2024-05-15,135.0713
2024-05-16,134.8756
2024-05-17,136.4576
2024-05-20,138.4291
2024-05-21,127.9649
2024-05-22,119.3739
2024-05-27,125.632
2024-05-28,126.802
2024-05-29,117.2854
2024-05-30,118.4077
2024-05-31,115.2362
2024-06-03,114.9407
2024-06-04,114.9376
2024-06-05,107.089
2024-06-06,106.2347
2024-06-07,105.6622
2024-06-10,114.4679
2024-06-11,114.5723
2024-06-12,115.6211
2024-06-13,116.4908
2024-06-14,107.5777
2024-06-19,115.8779
2024-06-20,114.979
2024-06-21,106.4514
2024-06-24,114.9616
2024-06-25,115.1749
2024-06-26,114.3014
2024-06-27,106.3151
2024-06-28,107.4371
2024-07-01,116.1924
2024-07-02,117.9906
2024-07-03,116.9057
2024-07-04,116.7047
2024-07-05,118.1557
2024-07-08,127.4835
2024-07-09,127.3847
2024-07-10,119.3523
2024-07-11,119.4204
2024-07-12,129.1797
2024-07-15,129.59
2024-07-16,131.0137
2024-07-17,133.3159
2024-07-18,135.8788
2024-07-19,137.2301
2024-07-22,138.6721
2024-07-23,140.4804
2024-07-24,152.6597
2024-07-25,155.0099
2024-07-26,154.0095
2024-07-29,144.4425
2024-07-30,150.3157
2024-07-31,149.9539
2024-08-01,158.3133
2024-08-02,157.9733
2024-08-05,147.1289
2024-08-06,146.2332
2024-08-07,158.3523
2024-08-08,151.8632
2024-08-09,150.4923
2024-08-12,150.5109
2024-08-13,153.6943
2024-08-14,154.8133
2024-08-15,152.5779
2024-08-16,152.5769
2024-08-19,154.6396
2024-08-20,143.3896
2024-08-21,150.4894
2024-08-22,152.8479
2024-08-23,154.7446
2024-08-26,156.4845
2024-08-27,157.8965
2024-08-28,159.7589
2024-08-29,163.1154
2024-08-30,162.7391
2024-09-02,162.7602
2024-09-03,167.5133
2024-09-04,167.7369
2024-09-05,167.4798
2024-09-06,166.2334
2024-09-09,165.1709
2024-09-10,162.6199
2024-09-11,159.5891
2024-09-12,159.5853
2024-09-13,150.9236
2024-09-17,151.0259
2024-09-18,150.3086
2024-09-19,151.6179
2024-09-20,150.6663
2024-09-23,158.9212
2024-09-24,148.5477
2024-09-25,148.9908
2024-09-26,157.3344
2024-09-27,156.6851
2024-09-30,154.7171
2024-10-01,154.4561
2024-10-02,154.0461
2024-10-03,146.4303
2024-10-04,156.4018
2024-10-07,147.1664
2024-10-08,156.7606
2024-10-09,148.6469
2024-10-10,146.0741
2024-10-11,146.0741
2024-10-14,146.5831
2024-10-15,145.6654
2024-10-16,155.6623
2024-10-17,157.608
2024-10-18,150.2923
2024-10-21,151.159
2024-10-22,159.3748
2024-10-23,151.8557
2024-10-24,158.2756
2024-10-25,159.8583
2024-10-28,151.8768
2024-10-29,151.2236
2024-10-30,151.5313
2024-10-31,159.4244
2024-11-01,157.4451
2024-11-04,146.2478
2024-11-05,146.0647
2024-11-06,145.4413
2024-11-07,143.7015
2024-11-08,141.7249
2024-11-11,141.4536
2024-11-12,132.9259
2024-11-13,143.8161
2024-11-14,152.7135
2024-11-15,152.2365
2024-11-18,145.6974
2024-11-19,152.1997
2024-11-20,144.9153
2024-11-21,143.8191
2024-11-22,145.3719
2024-11-25,155.4042
2024-11-26,149.5134
2024-11-28,149.9136
2024-11-29,159.7936
2024-12-02,159.9
2024-12-03,154.5425
2024-12-04,163.6711
2024-12-05,168.2445
2024-12-06,171.8569
2024-12-09,166.7386
2024-12-10,170.3847
2024-12-11,173.715
2024-12-12,176.358
2024-12-13,174.0754
2024-12-16,170.7515
2024-12-17,170.0923
2024-12-18,165.693
2024-12-19,162.3347
2024-12-20,161.1602
2024-12-23,173.3019
2024-12-24,169.3311
2024-12-27,166.5218
2024-12-30,169.7123
2025-01-02,172.0111
2025-01-03,168.5767
2025-01-06,168.3485
2025-01-07,169.7705
2025-01-08,183.4099
2025-01-09,199.3013
2025-01-10,214.4593
2025-01-13,226.203
2025-01-14,239.9896
2025-01-15,225.3195
2025-01-16,222.081
2025-01-17,218.4297
2025-01-20,211.3973
2025-01-21,201.0597
2025-01-22,212.0434
2025-01-23,214.9353
2025-01-24,216.14
2025-01-30,210.3126
2025-01-31,202.0939
2025-02-03,207.1415
2025-02-04,223.1211
2025-02-05,218.0033
2025-02-06,231.3589
2025-02-07,229.1936
2025-02-10,225.983
2025-02-11,230.8085
2025-02-12,239.2969
2025-02-13,235.8828
2025-02-14,234.296
2025-02-17,234.5539
2025-02-18,235.849
2025-02-19,237.1826
2025-02-20,248.4484
2025-02-21,247.6543
2025-02-24,239.9385
2025-02-25,248.3457
2025-02-26,236.4565
2025-02-27,245.6982
2025-02-28,253.3363
2025-03-03,254.6051
2025-03-04,257.2704
2025-03-05,243.7838
2025-03-06,251.7127
2025-03-07,262.368
2025-03-10,291.3591
2025-03-11,338.9323
2025-03-12,307.3453
2025-03-13,290.2716
2025-03-14,291.093
2025-03-17,295.7967
2025-03-18,285.5153
2025-03-19,291.2628
2025-03-20,320.1824
2025-03-21,313.0836
2025-03-24,289.8902
2025-03-25,289.6136
2025-03-26,286.8409
2025-03-27,284.6766
2025-04-08,259.1413
2025-04-09,236.8957
2025-04-10,251.9926
2025-04-11,248.7943
2025-04-14,261.599
2025-04-15,258.9904
2025-04-16,244.3802
2025-04-17,239.813
2025-04-21,235.6373
2025-04-22,227.0976
2025-04-23,239.5268
2025-04-24,234.1268
2025-04-25,237.9042
2025-04-28,239.3828
2025-04-29,248.3008
2025-04-30,238.7531
2025-05-02,237.9098
2025-05-05,241.721
2025-05-06,243.6185
2025-05-07,241.7962
2025-05-08,250.1955
2025-05-09,241.1403
2025-05-14,249.1219
2025-05-15,253.5116
2025-05-16,258.3589
2025-05-19,251.2264
2025-05-20,252.0231
2025-05-21,262.6809
2025-05-22,262.6231
2025-05-23,271.4425
2025-05-26,263.2526
2025-05-27,260.7109
2025-05-28,256.7353
2025-06-02,256.1083
2025-06-03,257.0067
2025-06-04,247.9258
2025-06-05,257.2858
2025-06-10,256.1718
2025-06-11,252.9136
2025-06-12,263.2049
2025-06-13,253.5022
2025-06-16,259.5601
2025-06-17,247.5001
2025-06-18,255.5131
2025-06-19,245.2803
2025-06-20,242.0452
2025-06-23,237.6204
2025-06-24,236.0461
2025-06-25,237.3164
2025-06-26,234.7843
2025-06-30,238.3823
2025-07-01,256.9932
2025-07-02,265.1913
2025-07-03,265.8294
2025-07-04,264.2227
2025-07-07,267.6144
2025-07-08,263.0231
2025-07-09,262.7724
2025-07-10,258.1155
2025-07-11,263.1847
2025-07-14,264.1924
2025-07-15,248.1492
2025-07-16,250.6832
2025-07-17,260.7682
2025-07-18,252.2088
2025-07-21,272.3351
2025-07-22,269.1877
2025-07-23,273.6403
2025-07-24,282.0918
2025-07-25,284.1242
2025-07-28,279.516
2025-07-29,275.4675
2025-07-30,274.5728
2025-07-31,273.9589
2025-08-01,302.2812
2025-08-04,303.9346
2025-08-05,300.0742
2025-08-06,321.0241
2025-08-07,323.736
2025-08-08,330.8971
2025-08-11,334.8292
2025-08-12,352.5325
2025-08-13,320.8987
2025-08-14,332.1128
2025-08-15,330.8969
2025-08-19,332.9796
2025-08-20,340.2833
2025-08-21,343.8175
2025-08-22,344.245
2025-08-25,374.8427
2025-08-26,387.4316
2025-08-27,410.8464
2025-08-28,422.4376
2025-08-29,434.6244
2025-09-01,430.6523
2025-09-02,432.4958
2025-09-03,440.9274
2025-09-04,447.0251
2025-09-08,446.3232
2025-09-09,459.1825
2025-09-10,477.0122
2025-09-11,481.9578
2025-09-12,520.7323
2025-09-15,543.4268
2025-09-16,562.6209
2025-09-17,571.947
2025-09-18,609.4549
2025-09-19,626.4674
2025-09-22,660.5153
2025-09-23,697.9282
2025-09-24,706.8816
2025-09-25,658.4305
2025-09-26,626.8502
2025-09-29,594.0174
2025-09-30,579.1958
2025-10-01,561.7964
2025-10-02,540.1912
2025-10-03,543.345
2025-10-06,536.6969
2025-10-07,506.6972
2025-10-08,538.4429
2025-10-09,550.5691
2025-10-10,563.5515
2025-10-13,544.1277
2025-10-14,501.9642
2025-10-15,482.5946
2025-10-16,458.2137
2025-10-17,440.0208
2025-10-20,437.3162
2025-10-21,438.8074
2025-10-22,446.8528
2025-10-23,452.4028
2025-10-24,448.0456
2025-10-27,431.8104
2025-10-28,420.7953
2025-10-29,410.8554
2025-10-30,402.8443
2025-10-31,395.7698
2025-11-03,392.7419
2025-11-04,393.9963
2025-11-05,395.1773
2025-11-06,399.9499
2025-11-07,416.4483
2025-11-10,427.7266
2025-11-11,432.2395
2025-11-12,446.2223
2025-11-13,436.0925
2025-11-14,421.7487
2025-11-17,449.917
2025-11-18,451.8274
2025-11-19,431.3017
2025-11-20,434.1978
2025-11-21,439.3844
2025-11-24,442.5282
2025-11-25,437.9288
2025-11-26,477.1909
2025-11-27,499.3082
2025-11-28,565.4683
2025-12-01,616.3498
2025-12-02,624.4235
2025-12-03,642.3889
2025-12-04,651.0057
2025-12-05,702.477
2025-12-08,705.7385
2025-12-09,690.6496
2025-12-10,681.9776
2025-12-11,686.8845
2025-12-12,694.2738
2025-12-15,681.0402
2025-12-16,679.881
2025-12-17,696.7632
2025-12-18,645.3069
2025-12-19,598.7999
2025-12-22,580.4905
2025-12-23,582.1703
2025-12-24,573.8818
2025-12-29,593.346
2025-12-30,600.0473
2026-01-02,660.982
2026-01-05,712.1899
2026-01-06,756.747
2026-01-07,757.1822
2026-01-08,794.2397
2026-01-09,855.3201
2026-01-12,879.0746
2026-01-13,875.127
2026-01-14,939.8379
2026-01-15,974.0868
2026-01-19,914.4279
2026-01-20,939.7347
2026-01-21,901.9091
2026-01-22,854.6811
2026-01-23,799.1269
2026-01-26,736.65
2026-01-27,752.428
2026-01-28,672.0476
2026-01-29,635.2204
2026-01-30,666.0066
2026-02-02,595.3003
2026-02-03,633.6888
2026-02-04,584.4343
2026-02-05,552.135
2026-02-06,504.3155
2026-02-09,524.2791
2026-02-10,534.6036
2026-02-11,600.2065
2026-02-12,604.7916
2026-02-13,606.3967
2026-02-18,647.2374
2026-02-19,649.2991
2026-02-20,657.5766
2026-02-23,702.2567
2026-02-24,669.9963
2026-02-25,682.7545
2026-02-26,647.3525
2026-02-27,654.4643
2026-03-02,585.7936
2026-03-03,588.6254
2026-03-04,552.5715
2026-03-05,574.863
2026-03-06,551.3534
2026-03-09,527.7421
2026-03-10,537.6943
2026-03-11,531.1534
2026-03-12,502.7403
2026-03-13,474.0693
2026-03-16,463.614
2026-03-17,471.7847
2026-03-25,505.1498
2026-03-26,497.284
2026-03-27,490.5462
2026-03-30,489.9213
2026-03-31,483.2013
2026-04-01,485.8753
2026-04-02,476.877
2026-04-06,472.0519
2026-04-07,469.3572
2026-04-08,510.2739
2026-04-09,501.5512
2026-04-10,537.3067
2026-04-13,533.5764
2026-04-14,540.7883
2026-04-15,555.1089
2026-04-16,562.222
2026-04-17,549.1951
2026-04-20,542.2812
2026-04-21,553.3989
2026-04-22,563.266
2026-04-23,549.9109
2026-04-24,526.192
2026-04-27,527.8067
2026-04-28,530.3658
2026-04-29,525.051
2026-04-30,536.2458
2026-05-04,570.6012
2026-05-05,560.8181
2026-05-06,564.4804
2026-05-07,559.5923
2026-05-08,510.4962
2026-05-11,543.0957
2026-05-12,529.6483
2026-05-13,540.0721
2026-05-18,518.0564
2026-05-19,473.4679
2026-05-20,464.1355
2026-05-21,428.8594
2026-05-22,455.5197
2026-05-25,459.9825
2026-05-26,465.0494
2026-05-29,496.6985
2026-06-02,491.1601
2026-06-03,448.7638
2026-06-04,418.9351
2026-06-05,403.5348
2026-06-08,376.7314
2026-06-09,418.9363
2026-06-10,434.6931
2026-06-11,426.8422
2026-06-12,447.1344
2026-06-15,467.0607
2026-06-17,460.9655
2026-06-18,451.8696
2026-06-19,442.702
2026-06-22,431.7215
2026-06-23,431.9086
2026-06-24,410.5852
2026-06-25,419.8434
2026-06-26,399.7807
2026-06-29,403.3698
2026-06-30,386.1563
2026-07-01,414.7703
2026-07-02,405.0801
2026-07-03,426.5253
2026-07-06,438.8458
2026-07-07,440.3235
2026-07-08,425.9229
2026-07-09,419.2124
2026-07-10,415.7848
2026-07-13,420.2824
2026-07-14,421.4146
2026-07-15,420.1286
2026-07-16,421.8576
2026-07-17,432.5464
2026-07-20,434.8027
2026-07-21,451.0687
2026-07-22,455.8448
2026-07-23,452.9389
2026-07-24,428.2359
2026-07-27,441.8175
2026-07-28,425.5172
2026-07-29,418.6719
2026-07-30,416.6331
2026-07-31,421.2012
2026-08-03,409.6496
2026-08-04,411.0467
2026-08-05,423.4705
2026-08-06,429.0492
2026-08-07,429.3286
2026-08-10,424.0982
2026-08-11,410.1492
2026-08-12,424.1969
2026-08-13,416.7893
2026-08-14,421.5196
2026-08-18,413.81
2026-08-19,421.6417
2026-08-20,413.8513
2026-08-21,429.7864
2026-08-24,423.5286
2026-08-26,409.8248
2026-08-27,426.7768
2026-08-28,414.7027
2026-08-31,412.615
2026-09-01,410.4209
2026-09-02,417.3173
2026-09-03,420.4405
2026-09-04,420.2536
2026-09-07,420.7123
2026-09-08,435.7988
2026-09-09,439.9268
2026-09-10,441.1141
2026-09-11,444.3747
2026-09-14,446.2815
2026-09-15,434.8582
2026-09-16,425.1521
2026-09-17,429.0502
2026-09-18,408.9247
2026-09-21,418.1012
2026-09-22,402.2768
2026-09-23,409.1074
2026-09-24,418.4827
2026-09-25,387.3023
2026-09-28,429.4408
2026-09-29,415.9426
2026-09-30,388.625
2026-10-01,382.1076
2026-10-02,382.3987
2026-10-05,393.4114
2026-10-06,428.1775
2026-10-07,422.5798
2026-10-08,420.219
2026-10-09,428.4139
