date,value
2004-01-02,1000
2004-01-05,1000
2004-01-06,1000.1337
2004-01-07,993.8769
2004-01-08,1006.5861
2004-01-09,1018.5722
2004-01-12,1013.8686
2004-01-13,1014.6118
2004-01-14,1021.0617
2004-01-15,1024.1846
2004-01-16,1027.0403
2004-01-19,1025.806
2004-01-20,1029.2117
2004-01-21,1031.4384
2004-01-23,1034.3603
2004-01-26,1034.4058
2004-01-27,1029.2459
2004-01-28,1027.6264
2004-01-29,1024.4525
2004-01-30,1020.88
2004-02-03,1009.0098
2004-02-04,1009.6368
2004-02-05,1013.7446
2004-02-06,1023.6167
2004-02-09,1028.4461
2004-02-10,1027.5623
2004-02-11,1028.515
2004-02-12,1026.4951
2004-02-13,1029.9478
2004-02-16,1030.8409
2004-02-17,1032.6249
2004-02-18,1037.8723
2004-02-19,1040.0216
2004-02-20,1042.8902
2004-02-24,1037.3218
2004-02-25,1036.8653
2004-02-26,1036.8653
2004-02-27,1036.8653
2004-03-01,1029.4809
2004-03-02,1038.1353
2004-03-03,1038.8026
2004-03-04,1038.8026
2004-03-05,1040.2037
2004-03-08,1038.3125
2004-03-09,1037.1543
2004-03-10,1031.8139
2004-03-11,1025.1797
2004-03-12,1022.9292
2004-03-15,1018.0995
2004-03-16,1014.4957
2004-03-17,1022.0251
2004-03-18,1023.8607
2004-03-19,1027.0555
2004-03-23,1025.095
2004-03-24,1025.2671
2004-03-25,1020.1585
2004-03-26,1012.9995
2004-03-29,1015.0052
2004-03-30,1022.3362
2004-03-31,1024.6618
2004-04-01,1027.4995
2004-04-02,1036.8046
2004-04-06,1048.1014
2004-04-07,1048.885
2004-04-08,1051.3994
2004-04-12,1047.3512
2004-04-13,1049.6913
2004-04-14,1052.3734
2004-04-15,1052.212
2004-04-16,1052.4457
2004-04-19,1055.6079
2004-04-20,1066.7461
2004-04-21,1068.8686
2004-04-22,1066.4274
2004-04-23,1070.131
2004-04-26,1069.5072
2004-04-27,1071.5163
2004-04-28,1072.036
2004-04-29,1064.6377
2004-04-30,1057.4714
2004-05-04,1056.2886
2004-05-05,1048.094
2004-05-06,1042.4953
2004-05-07,1042.3125
2004-05-10,1026.2251
2004-05-11,1032.8904
2004-05-12,1045.07
2004-05-13,1042.2916
2004-05-14,1033.4113
2004-05-17,1006.4691
2004-05-18,1010.865
2004-05-19,1026.9817
2004-05-21,1036.7492
2004-05-24,1040.3304
2004-05-25,1032.8115
2004-05-26,1033.8316
2004-05-27,1038.2027
2004-05-28,1042.2757
2004-05-31,1041.6167
2004-06-01,1040.5778
2004-06-02,1033.9889
2004-06-04,1034.006
2004-06-07,1027.0761
2004-06-08,1028.0568
2004-06-09,1030.9445
2004-06-10,1029.5497
2004-06-11,1028.076
2004-06-14,1026.0259
2004-06-15,1031.7092
2004-06-16,1031.5383
2004-06-17,1028.5856
2004-06-18,1025.71
2004-06-21,1024.9673
2004-06-22,1026.2386
2004-06-23,1030.7321
2004-06-24,1034.5185
2004-06-25,1039.3357
2004-06-28,1039.9197
2004-06-29,1041.9894
2004-06-30,1046.5359
2004-07-01,1046.877
2004-07-02,1054.4075
2004-07-05,1054.4075
2004-07-06,1064.7281
2004-07-07,1067.8863
2004-07-08,1062.9484
2004-07-09,1063.2845
2004-07-12,1062.1197
2004-07-13,1061.33
2004-07-14,1056.9663
2004-07-15,1057.7858
2004-07-16,1062.9604
2004-07-17,1062.9604
2004-07-19,1062.6108
2004-07-20,1064.1751
2004-07-21,1066.7084
2004-07-22,1068.0098
2004-07-23,1069.6947
2004-07-26,1068.0265
2004-07-27,1067.1825
2004-07-28,1067.0317
2004-07-29,1066.5979
2004-07-30,1065.737
2004-08-02,1063.1641
2004-08-03,1065.9499
2004-08-04,1066.0716
2004-08-05,1067.9252
2004-08-06,1064.8678
2004-08-09,1063.6373
2004-08-10,1065.0324
2004-08-11,1070.2934
2004-08-12,1067.8882
2004-08-13,1066.871
2004-08-16,1065.96
2004-08-17,1065.96
2004-08-18,1066.5302
2004-08-19,1066.5072
2004-08-20,1065.6395
2004-08-23,1064.9772
2004-08-24,1063.0424
2004-08-25,1060.1966
2004-08-26,1062.9219
2004-08-27,1068.3749
2004-08-30,1071.3546
2004-08-31,1072.7501
2004-09-01,1072.7501
2004-09-02,1084.1743
2004-09-03,1086.9467
2004-09-06,1086.3737
2004-09-07,1087.1453
2004-09-08,1088.1508
2004-09-09,1086.3659
2004-09-10,1093.7627
2004-09-14,1099.3513
2004-09-15,1102.0147
2004-09-16,1100.6264
2004-09-17,1101.3507
2004-09-20,1101.3507
2004-09-21,1104.9948
2004-09-22,1102.4884
2004-09-23,1100.548
2004-09-24,1102.261
2004-09-27,1101.1657
2004-09-28,1099.3909
2004-09-29,1099.9122
2004-09-30,1102.0694
2004-10-01,1102.3777
2004-10-04,1083.1848
2004-10-05,1120.2596
2004-10-06,1118.4504
2004-10-07,1116.043
2004-10-08,1117.791
2004-10-11,1120.7601
2004-10-12,1117.0918
2004-10-13,1121.6719
2004-10-14,1120.6267
2004-10-15,1120.3551
2004-10-18,1120.2421
2004-10-19,1120.2397
2004-10-20,1116.2683
2004-10-21,1113.8372
2004-10-22,1120.1027
2004-10-25,1119.4564
2004-10-26,1117.8134
2004-10-27,1120.1988
2004-10-28,1126.184
2004-10-29,1126.1552
2004-11-01,1128.3494
2004-11-02,1135.2903
2004-11-03,1138.5636
2004-11-04,1137.3094
2004-11-05,1140.4313
2004-11-08,1140.05
2004-11-09,1145.3502
2004-11-10,1151.1079
2004-11-11,1152.9528
2004-11-12,1156.8627
2004-11-19,1156.8627
2004-11-22,1159.1738
2004-11-23,1166.2503
2004-11-24,1168.4258
2004-11-25,1168.2123
2004-11-26,1171.7738
2004-11-29,1172.0505
2004-11-30,1179.3081
2004-12-01,1181.7051
2004-12-02,1186.2775
2004-12-03,1182.9626
2004-12-06,1183.9192
2004-12-07,1183.9192
2004-12-08,1185.0639
2004-12-09,1181.0344
2004-12-10,1174.6308
2004-12-13,1171.7884
2004-12-14,1167.5153
2004-12-15,1174.5201
2004-12-16,1182.2436
2004-12-17,1189.609
2004-12-20,1188.1981
2004-12-21,1191.5639
2004-12-22,1195.3327
2004-12-23,1195.1422
2004-12-27,1199.8033
2004-12-28,1202.205
2004-12-29,1203.0875
2004-12-30,1201.6423
2005-01-03,1205.3572
2005-01-04,1213.3995
2005-01-05,1212.1561
2005-01-06,1218.4913
2005-01-07,1220.4816
2005-01-10,1214.9178
2005-01-11,1213.3637
2005-01-12,1213.0578
2005-01-13,1218.1593
2005-01-14,1218.5935
2005-01-17,1220.3782
2005-01-18,1217.7856
2005-01-19,1222.4011
2005-01-20,1226.3071
2005-01-24,1225.9786
2005-01-25,1224.8992
2005-01-26,1228.8202
2005-01-27,1231.1741
2005-01-28,1231.6409
2005-01-31,1231.5891
2005-02-01,1232.3889
2005-02-02,1233.9389
2005-02-03,1232.6111
2005-02-04,1232.6405
2005-02-07,1231.0489
2005-02-08,1229.3747
2005-02-11,1232.5831
2005-02-14,1235.572
2005-02-15,1240.5594
2005-02-16,1243.036
2005-02-17,1245.5129
2005-02-18,1249.2868
2005-02-21,1250.7436
2005-02-22,1252.5092
2005-02-23,1253.4207
2005-02-24,1252.9398
2005-02-25,1246.1405
2005-02-28,1243.0076
2005-03-01,1245.6346
2005-03-02,1242.6037
2005-03-03,1246.1949
2005-03-04,1248.2845
2005-03-07,1250.0293
2005-03-08,1252.3059
2005-03-09,1255.1486
2005-03-10,1251.1334
2005-03-14,1255.9973
2005-03-15,1254.0099
2005-03-16,1260.2251
2005-03-17,1260.0165
2005-03-18,1265.6315
2005-03-21,1267.6797
2005-03-22,1267.4615
2005-03-23,1263.8336
2005-03-24,1252.7661
2005-03-28,1247.6957
2005-03-29,1235.9188
2005-03-30,1233.106
2005-03-31,1239.9088
2005-04-01,1244.707
2005-04-04,1245.7959
2005-04-05,1243.5632
2005-04-06,1243.4802
2005-04-07,1247.1766
2005-04-08,1248.9839
2005-04-11,1246.1673
2005-04-12,1249.6479
2005-04-13,1252.5282
2005-04-14,1250.2042
2005-04-15,1247.7257
2005-04-18,1233.3263
2005-04-19,1233.9352
2005-04-20,1237.3261
2005-04-21,1228.8291
2005-04-25,1218.4858
2005-04-26,1224.8444
2005-04-27,1225.6179
2005-04-28,1228.1725
2005-04-29,1225.1234
2005-05-02,1224.0779
2005-05-03,1228.0215
2005-05-04,1235.2997
2005-05-06,1242.9992
2005-05-09,1247.2535
2005-05-10,1244.6274
2005-05-11,1240.5986
2005-05-12,1243.6176
2005-05-13,1242.2717
2005-05-16,1239.4256
2005-05-17,1239.1142
2005-05-18,1237.2141
2005-05-19,1240.7658
2005-05-20,1241.8576
2005-05-23,1241.6701
2005-05-25,1244.0888
2005-05-26,1245.6248
2005-05-27,1250.112
2005-05-30,1251.4557
2005-05-31,1261.051
2005-06-01,1260.6367
2005-06-02,1264.5483
2005-06-03,1266.6899
2005-06-06,1269.3933
2005-06-07,1267.6371
2005-06-08,1268.7481
2005-06-09,1268.9332
2005-06-10,1268.708
2005-06-13,1271.3295
2005-06-14,1273.8415
2005-06-15,1279.0922
2005-06-16,1280.465
2005-06-17,1286.6831
2005-06-20,1289.2346
2005-06-21,1286.0536
2005-06-22,1286.68
2005-06-23,1287.2662
2005-06-24,1287.6505
2005-06-27,1282.3791
2005-06-28,1284.4945
2005-06-29,1284.9414
2005-06-30,1284.0754
2005-07-01,1288.7808
2005-07-04,1286.3593
2005-07-05,1283.3705
2005-07-06,1281.0013
2005-07-07,1277.1148
2005-07-08,1276.9779
2005-07-11,1282.9518
2005-07-12,1285.1865
2005-07-13,1285.5902
2005-07-14,1287.0505
2005-07-15,1284.7
2005-07-18,1287.0117
2005-07-19,1288.8085
2005-07-20,1290.2668
2005-07-21,1296.1819
2005-07-22,1300.222
2005-07-25,1300.0188
2005-07-26,1303.3997
2005-07-27,1304.4939
2005-07-28,1305.4572
2005-07-29,1305.7181
2005-08-01,1303.7148
2005-08-02,1307.0611
2005-08-03,1307.9875
2005-08-04,1306.4624
2005-08-05,1304.2184
2005-08-08,1299.2603
2005-08-09,1300.176
2005-08-10,1304.635
2005-08-11,1301.652
2005-08-12,1295.831
2005-08-15,1282.5364
2005-08-16,1279.5253
2005-08-18,1274.9001
2005-08-19,1266.5853
2005-08-22,1262.1288
2005-08-23,1256.5287
2005-08-24,1246.9421
2005-08-25,1255.8896
2005-08-26,1248.8443
2005-08-29,1221.6211
2005-08-30,1240.0885
2005-08-31,1241.2339
2005-09-01,1235.6033
2005-09-05,1231.873
2005-09-06,1234.9391
2005-09-07,1236.3573
2005-09-08,1243.0955
2005-09-09,1246.7194
2005-09-12,1246.4013
2005-09-13,1238.6122
2005-09-14,1229.1931
2005-09-15,1226.7081
2005-09-16,1224.9527
2005-09-19,1224.0887
2005-09-20,1224.0887
2005-09-21,1212.5064
2005-09-22,1203.2282
2005-09-23,1201.4621
2005-09-26,1207.3018
2005-09-27,1209.0822
2005-09-28,1204.2619
2005-09-29,1211.7409
2005-09-30,1223.9528
2005-10-03,1225.5662
2005-10-04,1232.5803
2005-10-05,1232.8987
2005-10-06,1227.086
2005-10-07,1227.2894
2005-10-10,1229.1517
2005-10-11,1229.6886
2005-10-12,1227.8193
2005-10-13,1224.1735
2005-10-14,1226.5624
2005-10-17,1226.1799
2005-10-18,1228.7461
2005-10-19,1222.3961
2005-10-20,1223.958
2005-10-21,1225.065
2005-10-24,1224.1253
2005-10-25,1221.157
2005-10-26,1221.5035
2005-10-27,1222.4193
2005-10-28,1221.4999
2005-10-31,1224.8493
2005-11-01,1224.1172
2005-11-09,1219.2296
2005-11-10,1213.912
2005-11-11,1208.3362
2005-11-14,1204.7301
2005-11-15,1206.7046
2005-11-16,1207.7875
2005-11-17,1210.6679
2005-11-18,1218.9728
2005-11-21,1222.0892
2005-11-22,1224.8964
2005-11-23,1223.4456
2005-11-24,1228.4018
2005-11-25,1226.8864
2005-11-28,1228.2204
2005-11-29,1228.7957
2005-11-30,1233.6001
2005-12-01,1234.4915
2005-12-02,1242.9277
2005-12-05,1243.0188
2005-12-06,1245.0395
2005-12-07,1252.9923
2005-12-08,1253.698
2005-12-09,1256.5695
2005-12-12,1262.0731
2005-12-13,1262.5109
2005-12-14,1259.5708
2005-12-15,1253.4639
2005-12-16,1250.2443
2005-12-19,1257.2765
2005-12-20,1258.7894
2005-12-21,1258.0335
2005-12-22,1258.843
2005-12-23,1258.5946
2005-12-24,1258.5946
2005-12-25,1258.5946
2005-12-26,1258.5946
2005-12-27,1261.7802
2005-12-28,1263.5526
2005-12-29,1262.4902
2006-01-02,1265.3978
2006-01-03,1269.282
2006-01-04,1280.6906
2006-01-05,1281.5109
2006-01-06,1287.3595
2006-01-09,1296.8477
2006-01-11,1302.8968
2006-01-12,1301.7117
2006-01-13,1301.3861
2006-01-16,1295.2412
2006-01-17,1287.7765
2006-01-18,1280.3967
2006-01-19,1295.0889
2006-01-20,1293.8969
2006-01-23,1284.1191
2006-01-24,1288.5055
2006-01-25,1298.0994
2006-01-26,1301.1225
2006-01-27,1302.1352
2006-01-30,1304.6009
2006-02-01,1307.3839
2006-02-02,1309.6409
2006-02-03,1309.4692
2006-02-06,1311.1837
2006-02-07,1316.9671
2006-02-08,1310.9278
2006-02-09,1315.3552
2006-02-10,1320.3053
2006-02-13,1321.8975
2006-02-14,1313.1894
2006-02-15,1316.4164
2006-02-16,1315.9435
2006-02-17,1318.316
2006-02-20,1320.756
2006-02-21,1316.8774
2006-02-22,1315.7044
2006-02-23,1313.3444
2006-02-24,1311.6362
2006-02-26,1318.8944
2006-02-27,1318.8606
2006-02-28,1323.4154
2006-03-01,1323.4154
2006-03-02,1326.7648
2006-03-03,1332.7359
2006-03-06,1336.0982
2006-03-07,1328.5059
2006-03-08,1323.1503
2006-03-09,1324.5235
2006-03-10,1328.6674
2006-03-13,1330.4965
2006-03-14,1330.6855
2006-03-15,1330.8784
2006-03-16,1342.3644
2006-03-17,1354.2853
2006-03-20,1362.8589
2006-03-21,1363.4698
2006-03-22,1354.4056
2006-03-23,1356.4715
2006-03-24,1359.4668
2006-03-27,1361.1974
2006-03-28,1366.9029
2006-03-29,1365.6108
2006-04-03,1368.3798
2006-04-04,1367.0901
2006-04-05,1372.6374
2006-04-06,1377.5855
2006-04-07,1382.1986
2006-04-11,1382.1986
2006-04-12,1386.9005
2006-04-13,1390.2112
2006-04-17,1392.901
2006-04-18,1405.4493
2006-04-19,1419.2526
2006-04-20,1423.866
2006-04-21,1427.8986
2006-04-24,1426.1439
2006-04-25,1433.5233
2006-04-26,1445.5971
2006-04-27,1442.4164
2006-04-28,1438.6278
2006-05-01,1445.7572
2006-05-02,1443.9409
2006-05-03,1443.9409
2006-05-04,1451.6756
2006-05-05,1452.9908
2006-05-08,1463.1619
2006-05-09,1469.605
2006-05-10,1472.5206
2006-05-11,1481.7989
2006-05-12,1470.8974
2006-05-15,1426.6151
2006-05-16,1428.8622
2006-05-17,1446.4308
2006-05-18,1418.334
2006-05-19,1413.7928
2006-05-22,1369.9097
2006-05-23,1382.8958
2006-05-24,1380.0187
2006-05-29,1388.9125
2006-05-30,1404.0645
2006-05-31,1390.5046
2006-06-01,1383.6411
2006-06-02,1393.1642
2006-06-05,1395.4956
2006-06-06,1381.6479
2006-06-07,1367.3098
2006-06-08,1345.1633
2006-06-09,1360.6892
2006-06-12,1360.9286
2006-06-13,1343.3405
2006-06-14,1339.0724
2006-06-15,1341.8301
2006-06-16,1372.9754
2006-06-19,1368.8476
2006-06-20,1367.212
2006-06-21,1367.9477
2006-06-22,1373.9454
2006-06-23,1370.5234
2006-06-26,1369.1686
2006-06-27,1370.0794
2006-06-28,1366.6341
2006-06-29,1370.8251
2006-06-30,1385.7805
2006-07-03,1396.452
2006-07-04,1403.3235
2006-07-05,1404.1891
2006-07-06,1403.8046
2006-07-07,1407.22
2006-07-10,1405.3592
2006-07-11,1408.1423
2006-07-12,1408.9171
2006-07-13,1403.4889
2006-07-14,1390.6789
2006-07-17,1380.2412
2006-07-18,1381.8966
2006-07-19,1380.7066
2006-07-20,1396.9009
2006-07-21,1396.5348
2006-07-24,1396.0428
2006-07-25,1399.9679
2006-07-26,1402.8355
2006-07-27,1412.912
2006-07-28,1413.712
2006-07-31,1419.5494
2006-08-01,1428.4187
2006-08-02,1437.9453
2006-08-03,1432.8337
2006-08-04,1438.4132
2006-08-07,1444.9068
2006-08-08,1444.7152
2006-08-09,1454.455
2006-08-10,1439.4099
2006-08-11,1447.2555
2006-08-14,1450.3023
2006-08-15,1457.7746
2006-08-16,1467.3711
2006-08-22,1469.495
2006-08-23,1470.2023
2006-08-24,1463.8834
2006-08-25,1458.0934
2006-08-28,1457.3286
2006-08-29,1465.2489
2006-08-30,1461.6119
2006-08-31,1463.7235
2006-09-01,1470.2393
2006-09-04,1481.8549
2006-09-05,1480.1385
2006-09-06,1482.08
2006-09-07,1481.0225
2006-09-08,1482.5494
2006-09-11,1475.2847
2006-09-12,1469.0337
2006-09-13,1474.1886
2006-09-14,1479.8199
2006-09-15,1482.9736
2006-09-18,1486.5841
2006-09-19,1491.0314
2006-09-20,1490.6132
2006-09-21,1502.172
2006-09-22,1503.4744
2006-09-25,1501.6312
2006-09-26,1497.5352
2006-09-27,1505.7367
2006-09-28,1507.1771
2006-09-29,1507.7665
2006-10-02,1505.8716
2006-10-03,1511.9793
2006-10-04,1511.2033
2006-10-05,1514.5114
2006-10-06,1518.5041
2006-10-09,1516.5541
2006-10-10,1524.0642
2006-10-11,1523.9082
2006-10-12,1520.6944
2006-10-13,1529.8794
2006-10-16,1525.1447
2006-10-17,1527.766
2006-10-18,1526.0463
2006-10-19,1528.1422
2006-10-20,1531.4764
2006-10-30,1537.1481
2006-10-31,1537.4882
2006-11-01,1538.0384
2006-11-02,1545.963
2006-11-03,1547.6282
2006-11-06,1559.4531
2006-11-07,1562.1426
2006-11-08,1559.022
2006-11-09,1561.1749
2006-11-10,1561.8613
2006-11-13,1554.2755
2006-11-14,1566.9868
2006-11-15,1565.9832
2006-11-16,1565.7319
2006-11-17,1567.7574
2006-11-20,1569.5923
2006-11-21,1569.7421
2006-11-22,1580.435
2006-11-23,1578.4067
2006-11-24,1576.2058
2006-11-27,1579.0812
2006-11-28,1564.4476
2006-11-29,1572.6513
2006-11-30,1574.6971
2006-12-01,1579.9654
2006-12-04,1578.1386
2006-12-05,1595.9975
2006-12-06,1602.2258
2006-12-07,1605.1709
2006-12-08,1605.2077
2006-12-11,1601.0088
2006-12-12,1601.6896
2006-12-13,1602.6122
2006-12-14,1605.0498
2006-12-15,1614.4957
2006-12-18,1614.3784
2006-12-19,1594.0514
2006-12-20,1608.074
2006-12-21,1617.3187
2006-12-22,1618.6195
2006-12-26,1618.4924
2006-12-27,1627.6209
2006-12-28,1624.505
2007-01-02,1639.2564
2007-01-03,1641.184
2007-01-04,1635.8677
2007-01-05,1637.6807
2007-01-06,1637.6807
2007-01-08,1633.3192
2007-01-09,1620.6938
2007-01-10,1588.0997
2007-01-11,1582.0045
2007-01-12,1557.1076
2007-01-15,1580.564
2007-01-16,1595.4574
2007-01-17,1595.3826
2007-01-18,1602.5707
2007-01-19,1608.6669
2007-01-22,1617.0093
2007-01-23,1616.006
2007-01-24,1617.1678
2007-01-25,1605.7259
2007-01-26,1600.4208
2007-01-29,1603.6662
2007-01-30,1604.1468
2007-01-31,1600.928
2007-02-01,1609.7698
2007-02-02,1611.1545
2007-02-05,1604.9067
2007-02-06,1603.4431
2007-02-07,1604.6686
2007-02-08,1598.7141
2007-02-09,1594.3668
2007-02-12,1590.0584
2007-02-13,1586.332
2007-02-14,1592.355
2007-02-15,1610.3354
2007-02-16,1611.7329
2007-02-19,1614.798
2007-02-20,1617.3657
2007-02-21,1626.8784
2007-02-22,1624.5004
2007-02-23,1619.3109
2007-02-26,1617.0435
2007-02-27,1608.8216
2007-02-28,1597.9365
2007-03-01,1604.7451
2007-03-02,1604.0041
2007-03-05,1570.9052
2007-03-06,1587.3209
2007-03-07,1592.4037
2007-03-08,1607.8356
2007-03-09,1605.1175
2007-03-12,1619.8021
2007-03-13,1622.1731
2007-03-14,1605.2872
2007-03-15,1613.2465
2007-03-16,1611.7168
2007-03-20,1611.9317
2007-03-21,1616.8661
2007-03-22,1628.2421
2007-03-23,1626.6833
2007-03-26,1630.4942
2007-03-27,1633.1354
2007-03-28,1624.1874
2007-03-29,1634.618
2007-03-30,1636.4837
2007-04-02,1645.4872
2007-04-03,1663.5459
2007-04-04,1676.8568
2007-04-05,1666.1855
2007-04-09,1674.5365
2007-04-10,1679.5357
2007-04-11,1682.9028
2007-04-12,1682.7936
2007-04-13,1686.4759
2007-04-16,1698.4961
2007-04-17,1700.5513
2007-04-18,1699.1514
2007-04-19,1681.5612
2007-04-20,1700.4012
2007-04-23,1707.9461
2007-04-24,1707.0284
2007-04-25,1713.6659
2007-04-26,1724.9032
2007-04-27,1725.544
2007-04-30,1716.9735
2007-05-01,1720.0405
2007-05-02,1725.6336
2007-05-03,1731.4678
2007-05-04,1735.5311
2007-05-07,1737.3825
2007-05-08,1730.7684
2007-05-09,1736.5003
2007-05-10,1740.0486
2007-05-11,1729.3503
2007-05-14,1742.3366
2007-05-15,1739.0861
2007-05-16,1749.89
2007-05-21,1755.9461
2007-05-22,1760.9401
2007-05-23,1769.1779
2007-05-24,1756.9665
2007-05-25,1751.6984
2007-05-28,1758.4076
2007-05-29,1754.8184
2007-05-30,1752.5907
2007-05-31,1769.0995
2007-06-04,1782.3071
2007-06-05,1771.229
2007-06-06,1783.4579
2007-06-07,1777.7079
2007-06-08,1759.8604
2007-06-11,1773.6114
2007-06-12,1781.3709
2007-06-13,1771.3343
2007-06-14,1779.6534
2007-06-15,1785.6493
2007-06-18,1790.8277
2007-06-19,1801.4068
2007-06-20,1810.0909
2007-06-21,1805.6139
2007-06-22,1804.4687
2007-06-25,1809.67
2007-06-26,1810.4559
2007-06-27,1795.0581
2007-06-28,1789.8354
2007-06-29,1801.9081
2007-07-02,1814.8007
2007-07-03,1818.6771
2007-07-04,1817.3217
2007-07-05,1827.7105
2007-07-06,1834.6881
2007-07-09,1850.3521
2007-07-10,1853.2836
2007-07-11,1850.4415
2007-07-12,1853.0216
2007-07-13,1858.0341
2007-07-16,1850.6912
2007-07-17,1857.7016
2007-07-18,1855.8693
2007-07-19,1876.0014
2007-07-20,1890.4112
2007-07-23,1903.1363
2007-07-24,1911.4472
2007-07-25,1909.2532
2007-07-26,1895.6527
2007-07-27,1868.3812
2007-07-30,1869.1753
2007-07-31,1886.2363
2007-08-01,1845.2869
2007-08-02,1854.2954
2007-08-03,1852.304
2007-08-06,1812.3073
2007-08-07,1804.1825
2007-08-08,1846.6225
2007-08-09,1838.3377
2007-08-10,1822.9847
2007-08-13,1826.9733
2007-08-14,1804.9518
2007-08-15,1734.9341
2007-08-16,1666.723
2007-08-20,1733.513
2007-08-21,1702.5432
2007-08-22,1739.8396
2007-08-23,1770.0806
2007-08-24,1775.9621
2007-08-27,1796.4391
2007-08-28,1792.2381
2007-08-29,1783.639
2007-08-30,1790.1579
2007-08-31,1811.9392
2007-09-03,1815.8743
2007-09-04,1813.2732
2007-09-05,1816.3797
2007-09-06,1823.7486
2007-09-07,1831.6528
2007-09-10,1818.7996
2007-09-11,1820.3521
2007-09-12,1819.7278
2007-09-13,1824.895
2007-09-14,1830.217
2007-09-17,1831.7598
2007-09-18,1844.2466
2007-09-19,1877.8612
2007-09-20,1874.9096
2007-09-21,1891.3656
2007-09-24,1903.0104
2007-09-25,1891.7971
2007-09-26,1902.6182
2007-09-27,1911.5738
2007-09-28,1906.4944
2007-10-01,1921.423
2007-10-02,1940.3773
2007-10-03,1934.2592
2007-10-04,1943.4693
2007-10-05,1957.2718
2007-10-08,1967.6669
2007-10-09,1981.8311
2007-10-10,1998.5414
2007-10-11,2020.7414
2007-10-17,2037.7209
2007-10-18,2032.7419
2007-10-19,2008.9004
2007-10-22,1957.9153
2007-10-23,2004.5019
2007-10-24,1991.8609
2007-10-25,2023.4508
2007-10-26,2032.049
2007-10-29,2049.8812
2007-10-30,2045.196
2007-10-31,2045.1376
2007-11-01,2065.1399
2007-11-02,2066.7423
2007-11-05,2043.5675
2007-11-06,2060.349
2007-11-07,2073.0766
2007-11-08,2064.1095
2007-11-09,2082.5142
2007-11-12,2069.6609
2007-11-13,2054.749
2007-11-14,2071.6982
2007-11-15,2079.3747
2007-11-16,2062.8703
2007-11-19,2047.6875
2007-11-20,2041.1628
2007-11-21,2016.1198
2007-11-22,2016.5689
2007-11-23,2025.4939
2007-11-26,2062.3593
2007-11-27,2056.324
2007-11-28,2071.7704
2007-11-29,2078.4861
2007-11-30,2078.5581
2007-12-03,2095.8241
2007-12-04,2113.1952
2007-12-05,2117.1044
2007-12-06,2128.3657
2007-12-07,2117.8666
2007-12-10,2119.1357
2007-12-11,2132.9636
2007-12-12,2126.7732
2007-12-13,2108.7207
2007-12-14,2103.8915
2007-12-17,2066.5092
2007-12-18,2057.2806
2007-12-19,2062.1509
2007-12-26,2091.5593
2007-12-27,2102.3214
2007-12-28,2104.0742
2008-01-02,2097.3183
2008-01-03,2092.5284
2008-01-04,2112.875
2008-01-07,2113.9232
2008-01-08,2115.6306
2008-01-09,2134.5117
2008-01-14,2129.6552
2008-01-15,2096.9793
2008-01-16,2033.067
2008-01-17,2058.6195
2008-01-18,2036.7498
2008-01-21,1977.8008
2008-01-22,1884.6411
2008-01-23,1975.4199
2008-01-24,1990.0484
2008-01-25,2043.3618
2008-01-28,2024.6323
2008-01-29,2039.4968
2008-01-30,2044.7475
2008-01-31,2050.0904
2008-02-01,2062.864
2008-02-04,2084.7098
2008-02-05,2083.3891
2008-02-06,2052.5456
2008-02-11,2028.5213
2008-02-12,2035.7724
2008-02-13,2040.7363
2008-02-14,2071.0817
2008-02-15,2076.5493
2008-02-18,2072.894
2008-02-19,2082.5778
2008-02-20,2072.1192
2008-02-21,2091.3551
2008-02-22,2096.162
2008-02-25,2101.8512
2008-02-26,2096.5131
2008-02-27,2096.0723
2008-02-28,2099.1116
2008-02-29,2089.1268
2008-03-03,2058.6198
2008-03-04,2048.5832
2008-03-05,2052.0546
2008-03-06,2057.2862
2008-03-10,1995.9821
2008-03-11,1994.0699
2008-03-12,2004.9902
2008-03-13,1948.0975
2008-03-14,1921.0992
2008-03-17,1874.3418
2008-03-18,1887.9413
2008-03-19,1873.3223
2008-03-24,1882.8974
2008-03-25,1924.9823
2008-03-26,1931.9698
2008-03-27,1939.5933
2008-03-28,1951.1485
2008-03-31,1930.709
2008-04-01,1900.129
2008-04-02,1866.9751
2008-04-03,1811.7939
2008-04-04,1831.5337
2008-04-07,1838.3009
2008-04-08,1824.0037
2008-04-09,1793.638
2008-04-10,1819.283
2008-04-11,1858.4829
2008-04-14,1845.0926
2008-04-15,1855.2187
2008-04-16,1881.2706
2008-04-17,1879.814
2008-04-18,1886.7183
2008-04-21,1879.719
2008-04-22,1862.2704
2008-04-23,1877.5395
2008-04-24,1851.291
2008-04-25,1837.0294
2008-04-28,1845.0552
2008-04-29,1869.4685
2008-04-30,1864.9281
2008-05-02,1876.0388
2008-05-05,1895.2308
2008-05-06,1897.5797
2008-05-07,1907.4682
2008-05-08,1910.1621
2008-05-09,1909.5268
2008-05-12,1910.0641
2008-05-13,1926.764
2008-05-14,1940.248
2008-05-15,1937.4421
2008-05-16,1951.6354
2008-05-19,1973.5586
2008-05-21,1965.6607
2008-05-22,1968.46
2008-05-23,1953.8816
2008-05-26,1934.5126
2008-05-27,1927.8
2008-05-28,1948.0922
2008-05-29,1958.9441
2008-05-30,1957.3761
2008-06-02,1948.6718
2008-06-03,1936.6745
2008-06-04,1915.9163
2008-06-05,1932.4824
2008-06-06,1935.3064
2008-06-09,1942.0643
2008-06-10,1920.289
2008-06-11,1917.9597
2008-06-12,1942.0561
2008-06-13,1935.4916
2008-06-16,1937.4793
2008-06-17,1933.2729
2008-06-18,1929.6698
2008-06-19,1937.1503
2008-06-20,1941.0448
2008-06-23,1940.0762
2008-06-24,1940.6077
2008-06-25,1925.3341
2008-06-26,1928.3618
2008-06-27,1921.1996
2008-06-30,1926.423
2008-07-01,1940.335
2008-07-02,1935.7588
2008-07-03,1891.6703
2008-07-04,1905.6287
2008-07-07,1900.053
2008-07-08,1884.1228
2008-07-09,1881.4432
2008-07-10,1873.5202
2008-07-11,1873.2626
2008-07-14,1867.1339
2008-07-15,1851.7209
2008-07-16,1839.8085
2008-07-17,1809.7228
2008-07-18,1789.1287
2008-07-21,1816.2211
2008-07-22,1826.3359
2008-07-23,1827.7625
2008-07-24,1839.8785
2008-07-25,1843.8692
2008-07-28,1855.1701
2008-07-29,1854.1559
2008-07-31,1872.4916
2008-08-01,1851.6036
2008-08-04,1836.2019
2008-08-05,1812.5647
2008-08-06,1812.0463
2008-08-07,1817.9138
2008-08-08,1817.704
2008-08-11,1782.7925
2008-08-12,1748.0997
2008-08-13,1746.9175
2008-08-14,1776.7417
2008-08-15,1760.2628
2008-08-19,1738.0284
2008-08-20,1754.4807
2008-08-21,1768.8098
2008-08-22,1785.6769
2008-08-25,1785.5416
2008-08-26,1778.58
2008-08-27,1790.2679
2008-08-28,1795.3932
2008-08-29,1802.2992
2008-09-01,1804.5961
2008-09-02,1796.1823
2008-09-03,1769.3233
2008-09-04,1750.3863
2008-09-05,1723.095
2008-09-08,1728.0127
2008-09-09,1685.6008
2008-09-10,1642.1827
2008-09-11,1634.9514
2008-09-12,1607.7246
2008-09-15,1561.411
2008-09-16,1563.7797
2008-09-17,1582.0203
2008-09-18,1600.1698
2008-09-19,1655.7177
2008-09-22,1656.2172
2008-09-23,1648.7788
2008-09-24,1649.2566
2008-09-25,1635.3932
2008-09-26,1623.7169
2008-09-29,1615.4067
2008-10-06,1504.2058
2008-10-07,1490.7425
2008-10-08,1411.8663
2008-10-09,1411.4673
2008-10-10,1411.3677
2008-10-13,1420.6945
2008-10-14,1463.5176
2008-10-15,1451.5319
2008-10-16,1421.879
2008-10-17,1390.3495
2008-10-20,1403.1468
2008-10-21,1404.0582
2008-10-22,1372.0288
2008-10-23,1346.0851
2008-10-24,1297.9422
2008-10-27,1253.7327
2008-10-28,1227.1567
2008-10-29,1225.0043
2008-10-30,1269.9858
2008-10-31,1313.2265
2008-11-03,1372.225
2008-11-04,1387.1611
2008-11-05,1379.9656
2008-11-06,1350.412
2008-11-07,1375.8501
2008-11-10,1374.2208
2008-11-11,1373.8123
2008-11-12,1370.957
2008-11-13,1336.2123
2008-11-14,1337.7086
2008-11-17,1318.5151
2008-11-18,1295.8024
2008-11-19,1286.2711
2008-11-20,1266.0571
2008-11-21,1267.7262
2008-11-24,1260.3433
2008-11-25,1273.7097
2008-11-26,1295.7095
2008-11-27,1303.172
2008-11-28,1329.4979
2008-12-01,1315.619
2008-12-02,1297.865
2008-12-03,1295.2321
2008-12-04,1313.1503
2008-12-05,1307.9717
2008-12-09,1342.3818
2008-12-10,1373.427
2008-12-11,1378.8998
2008-12-12,1349.7163
2008-12-15,1395.9517
2008-12-16,1387.0873
2008-12-17,1394.0083
2008-12-18,1399.2618
2008-12-19,1393.758
2008-12-22,1388.5582
2008-12-23,1390.0919
2008-12-24,1383.514
2008-12-26,1386.3352
2008-12-30,1393.6945
2009-01-05,1435.2971
2009-01-06,1436.7748
2009-01-07,1430.4937
2009-01-08,1423.8322
2009-01-09,1433.6022
2009-01-12,1429.578
2009-01-13,1420.7846
2009-01-14,1414.0579
2009-01-15,1393.875
2009-01-16,1405.9157
2009-01-19,1401.2551
2009-01-20,1398.2137
2009-01-21,1385.2836
2009-01-22,1393.0047
2009-01-23,1384.5039
2009-01-27,1399.1692
2009-01-28,1394.5526
2009-01-29,1397.2107
2009-01-30,1400.5915
2009-02-02,1389.3337
2009-02-03,1389.719
2009-02-04,1392.9032
2009-02-05,1397.4916
2009-02-06,1414.2667
2009-02-09,1411.3077
2009-02-10,1411.4233
2009-02-11,1407.9982
2009-02-12,1406.1652
2009-02-13,1412.2288
2009-02-16,1411.8574
2009-02-17,1402.6998
2009-02-18,1403.8068
2009-02-19,1402.8301
2009-02-20,1389.0291
2009-02-23,1398.2946
2009-02-24,1390.6561
2009-02-25,1394.9792
2009-02-26,1391.4055
2009-02-27,1388.2934
2009-03-02,1368.684
2009-03-03,1375.3008
2009-03-04,1387.4933
2009-03-05,1384.694
2009-03-06,1383.9823
2009-03-10,1393.6641
2009-03-11,1396.7118
2009-03-12,1394.7689
2009-03-13,1402.1537
2009-03-16,1401.2267
2009-03-17,1398.0087
2009-03-18,1404.3699
2009-03-19,1412.879
2009-03-20,1422.6571
2009-03-23,1445.7819
2009-03-24,1463.8338
2009-03-25,1452.5371
2009-03-27,1470.8431
2009-03-30,1448.0017
2009-03-31,1454.6257
2009-04-01,1466.1618
2009-04-02,1488.9166
2009-04-03,1490.8608
2009-04-06,1503.2529
2009-04-07,1495.3042
2009-04-08,1488.1308
2009-04-13,1530.4727
2009-04-14,1554.289
2009-04-15,1566.5008
2009-04-16,1579.588
2009-04-17,1585.497
2009-04-20,1606.0566
2009-04-21,1598.6218
2009-04-22,1577.0434
2009-04-23,1564.4333
2009-04-24,1573.8797
2009-04-27,1570.107
2009-04-28,1572.25
2009-04-29,1597.2837
2009-04-30,1637.6236
2009-05-01,1639.4811
2009-05-04,1678.2626
2009-05-05,1672.6289
2009-05-06,1691.0954
2009-05-07,1715.838
2009-05-08,1736.9362
2009-05-11,1732.0545
2009-05-12,1746.9526
2009-05-13,1756.2673
2009-05-14,1709.2172
2009-05-15,1681.4256
2009-05-18,1713.951
2009-05-19,1756.3385
2009-05-20,1757.6536
2009-05-22,1754.6015
2009-05-25,1760.7426
2009-05-26,1738.1315
2009-05-27,1755.1052
2009-05-28,1760.2467
2009-05-29,1777.2995
2009-06-01,1836.2395
2009-06-02,1829.2549
2009-06-03,1838.3511
2009-06-04,1849.2758
2009-06-05,1875.9658
2009-06-08,1861.3967
2009-06-09,1876.6302
2009-06-10,1892.2512
2009-06-11,1878.2731
2009-06-12,1875.0553
2009-06-15,1853.6128
2009-06-16,1831.4234
2009-06-17,1828.816
2009-06-18,1788.7263
2009-06-19,1804.0191
2009-06-22,1786.2071
2009-06-23,1749.7447
2009-06-24,1799.3981
2009-06-25,1826.9958
2009-06-26,1824.2395
2009-06-29,1825.8389
2009-06-30,1816.7988
2009-07-01,1831.6485
2009-07-02,1829.7295
2009-07-03,1833.6494
2009-07-06,1807.6174
2009-07-07,1846.3264
2009-07-09,1839.9535
2009-07-10,1828.9454
2009-07-13,1806.7834
2009-07-14,1823.5361
2009-07-15,1856.6854
2009-07-16,1853.297
2009-07-17,1847.4635
2009-07-21,1878.4416
2009-07-22,1871.5792
2009-07-23,1889.6128
2009-07-24,1900.0847
2009-07-27,1912.1996
2009-07-28,1928.6905
2009-07-29,1920.6627
2009-07-30,1962.5556
2009-07-31,1984.7227
2009-08-03,1987.654
2009-08-04,1998.9937
2009-08-05,1978.8261
2009-08-06,2006.2839
2009-08-07,1995.4347
2009-08-10,2018.392
2009-08-11,2023.1619
2009-08-12,1998.6306
2009-08-13,2032.4588
2009-08-14,2029.3507
2009-08-18,2004.6085
2009-08-19,1963.4847
2009-08-20,1991.1268
2009-08-21,1990.43
2009-08-24,2019.5833
2009-08-25,2022.0549
2009-08-26,2018.3993
2009-08-27,2002.579
2009-08-28,2009.9305
2009-08-31,1991.4915
2009-09-01,1980.9454
2009-09-02,1958.8119
2009-09-03,1981.4388
2009-09-04,1979.1864
2009-09-07,1986.0059
2009-09-08,2008.9384
2009-09-09,2008.0894
2009-09-10,2022.2906
2009-09-11,2024.3317
2009-09-14,2008.0568
2009-09-15,2027.536
2009-09-16,2041.2097
2009-09-17,2046.5213
2009-09-24,2049.3648
2009-09-25,2041.2336
2009-09-28,2014.4535
2009-09-29,2035.5413
2009-09-30,2048.0508
2009-10-01,2049.561
2009-10-02,2047.8238
2009-10-05,2051.0658
2009-10-06,2067.899
2009-10-07,2059.7583
2009-10-08,2048.5874
2009-10-09,2046.9701
2009-10-12,2039.5099
2009-10-13,2042.3386
2009-10-14,2067.1155
2009-10-15,2071.5169
2009-10-16,2072.2111
2009-10-19,2071.8005
2009-10-20,2058.7553
2009-10-21,2047.3076
2009-10-22,2023.5346
2009-10-23,2042.5396
2009-10-26,2040.8115
2009-10-27,2013.2766
2009-10-28,1969.0766
2009-10-29,1966.8932
2009-10-30,1977.6063
2009-11-02,1977.7822
2009-11-03,1952.0946
2009-11-04,1977.3686
2009-11-05,1969.7203
2009-11-06,1982.604
2009-11-09,1987.845
2009-11-10,1970.2439
2009-11-11,1991.8998
2009-11-12,1995.18
2009-11-13,1995.2137
2009-11-16,2025.7644
2009-11-17,2029.2644
2009-11-18,2035.6504
2009-11-19,2026.2483
2009-11-20,2039.6854
2009-11-23,2036.7661
2009-11-24,2026.354
2009-11-25,2020.3451
2009-11-26,1982.4174
2009-11-30,1985.2205
2009-12-01,2007.8807
2009-12-02,2019.6591
2009-12-03,2032.6852
2009-12-04,2037.3752
2009-12-07,2023.1097
2009-12-08,2022.2213
2009-12-09,2025.9754
2009-12-10,2025.6964
2009-12-11,2035.6424
2009-12-14,2022.8079
2009-12-15,2008.4197
2009-12-16,2020.4264
2009-12-17,2009.5722
2009-12-21,1968.6763
2009-12-22,1987.1331
2009-12-23,1989.9324
2009-12-28,2012.6525
2009-12-29,2021.5155
2009-12-30,2022.7878
2010-01-04,2043.1252
2010-01-05,2062.9376
2010-01-06,2070.0925
2010-01-07,2068.0186
2010-01-08,2083.5123
2010-01-11,2086.8868
2010-01-12,2097.8614
2010-01-13,2085.9602
2010-01-14,2094.6124
2010-01-15,2090.8947
2010-01-18,2085.1038
2010-01-19,2095.5636
2010-01-20,2091.1576
2010-01-21,2080.4007
2010-01-22,2066.744
2010-01-25,2061.2662
2010-01-26,2046.0616
2010-01-27,2037.5746
2010-01-28,2064.3775
2010-01-29,2055.515
2010-02-01,2046.5605
2010-02-02,2042.6059
2010-02-03,2058.5767
2010-02-04,2052.7783
2010-02-05,2014.2729
2010-02-08,1994.2168
2010-02-09,1999.8282
2010-02-10,1994.3391
2010-02-11,2005.6148
2010-02-12,2019.1661
2010-02-15,2010.0354
2010-02-16,2032.3503
2010-02-17,2045.1294
2010-02-18,2030.0324
2010-02-19,2026.4334
2010-02-22,2030.2451
2010-02-23,2043.3255
2010-02-24,2038.1731
2010-02-25,2024.9277
2010-03-01,2025.9956
2010-03-02,2035.5426
2010-03-03,2032.071
2010-03-04,2030.5452
2010-03-05,2035.6108
2010-03-08,2056.269
2010-03-09,2069.415
2010-03-10,2074.6114
2010-03-11,2077.394
2010-03-12,2074.143
2010-03-15,2073.9723
2010-03-17,2106.2933
2010-03-18,2100.1092
2010-03-19,2102.8306
2010-03-22,2077.2723
2010-03-23,2079.0145
2010-03-24,2099.9413
2010-03-25,2111.8582
2010-03-26,2123.7316
2010-03-29,2121.5928
2010-03-30,2125.2361
2010-03-31,2116.3485
2010-04-01,2138.1555
2010-04-05,2153.3018
2010-04-06,2158.3018
2010-04-07,2162.0979
2010-04-08,2143.0374
2010-04-09,2149.289
2010-04-12,2156.9953
2010-04-13,2163.6325
2010-04-14,2167.1317
2010-04-15,2172.6855
2010-04-16,2164.932
2010-04-19,2144.5177
2010-04-20,2161.434
2010-04-21,2168.7951
2010-04-22,2176.0377
2010-04-23,2173.4157
2010-04-26,2179.215
2010-04-27,2175.7908
2010-04-28,2158.4699
2010-04-29,2166.4525
2010-04-30,2181.628
2010-05-03,2174.2805
2010-05-04,2164.4874
2010-05-05,2110.0588
2010-05-06,2100.6388
2010-05-07,2060.4777
2010-05-10,2116.9293
2010-05-11,2099.9482
2010-05-12,2115.6984
2010-05-14,2116.8332
2010-05-17,2091.4615
2010-05-18,2099.417
2010-05-19,2048.1379
2010-05-20,2030.0876
2010-05-21,1997.0692
2010-05-24,1982.755
2010-05-25,1935.6117
2010-05-26,2016.941
2010-05-27,2029.569
2010-05-31,2062.9855
2010-06-01,2035.2636
2010-06-02,2037.3385
2010-06-03,2066.8006
2010-06-04,2070.8357
2010-06-07,2040.0343
2010-06-08,2049.7125
2010-06-09,2053.0445
2010-06-10,2048.9602
2010-06-11,2064.3417
2010-06-14,2076.3147
2010-06-15,2076.9409
2010-06-16,2087.6807
2010-06-17,2099.6006
2010-06-18,2113.5017
2010-06-21,2123.5643
2010-06-22,2120.9864
2010-06-23,2118.5008
2010-06-24,2114.2152
2010-06-25,2124.2554
2010-06-28,2127.3481
2010-06-29,2102.771
2010-06-30,2108.5267
2010-07-01,2094.9041
2010-07-02,2094.0727
2010-07-05,2097.7123
2010-07-06,2112.1345
2010-07-07,2108.0074
2010-07-08,2120.5049
2010-07-09,2132.1834
2010-07-12,2137.1694
2010-07-13,2135.6825
2010-07-14,2142.6804
2010-07-15,2140.8906
2010-07-16,2147.2202
2010-07-19,2142.8128
2010-07-20,2153.4147
2010-07-21,2160.6932
2010-07-22,2158.2517
2010-07-23,2175.06
2010-07-26,2165.975
2010-07-27,2171.9931
2010-07-28,2177.608
2010-07-29,2191.2042
2010-07-30,2183.207
2010-08-02,2179.816
2010-08-03,2150.4027
2010-08-04,2151.4735
2010-08-05,2175.3527
2010-08-06,2180.7055
2010-08-09,2187.8054
2010-08-10,2175.9736
2010-08-11,2164.6692
2010-08-12,2158.972
2010-08-13,2169.0858
2010-08-16,2168.4215
2010-08-18,2175.8735
2010-08-19,2183.8372
2010-08-20,2188.3334
2010-08-23,2192.6736
2010-08-24,2185.7594
2010-08-25,2198.3819
2010-08-26,2204.5895
2010-08-27,2187.4134
2010-08-30,2186.4597
2010-08-31,2177.894
2010-09-01,2196.638
2010-09-02,2192.014
2010-09-03,2204.2153
2010-09-06,2223.5591
2010-09-07,2228.8899
2010-09-15,2277.5865
2010-09-16,2276.2757
2010-09-17,2293.1774
2010-09-20,2288.4766
2010-09-21,2283.9214
2010-09-22,2281.2701
2010-09-23,2275.8487
2010-09-24,2296.6368
2010-09-27,2315.5611
2010-09-28,2314.3012
2010-09-29,2321.3558
2010-09-30,2325.1352
2010-10-01,2342.3904
2010-10-04,2350.5325
2010-10-05,2357.1487
2010-10-06,2366.2659
2010-10-07,2358.2977
2010-10-08,2343.0092
2010-10-11,2348.7707
2010-10-12,2350.4248
2010-10-13,2373.6461
2010-10-14,2379.1105
2010-10-15,2373.6856
2010-10-18,2362.0053
2010-10-19,2369.6566
2010-10-20,2365.3176
2010-10-21,2370.1387
2010-10-22,2372.1303
2010-10-25,2390.8275
2010-10-26,2390.5778
2010-10-27,2379.0304
2010-10-28,2385.2235
2010-10-29,2381.6899
2010-11-01,2384.5823
2010-11-02,2377.3028
2010-11-03,2364.7303
2010-11-04,2378.6927
2010-11-05,2391.0729
2010-11-08,2409.6494
2010-11-09,2422.7487
2010-11-10,2425.2967
2010-11-11,2415.1618
2010-11-12,2385.5322
2010-11-15,2375.4769
2010-11-16,2376.9148
2010-11-18,2381.3631
2010-11-19,2400.9715
2010-11-22,2401.6754
2010-11-23,2377.6968
2010-11-24,2362.3055
2010-11-25,2380.5606
2010-11-26,2358.0332
2010-11-29,2358.2567
2010-11-30,2319.5057
2010-12-01,2355.9057
2010-12-02,2383.2575
2010-12-03,2379.1567
2010-12-06,2390.8148
2010-12-08,2400.7606
2010-12-09,2400.5986
2010-12-10,2391.3982
2010-12-13,2379.6511
2010-12-14,2373.9032
2010-12-15,2358.9111
2010-12-16,2326.2611
2010-12-17,2328.7256
2010-12-20,2328.8164
2010-12-21,2354.3039
2010-12-22,2351.2748
2010-12-23,2344.2817
2010-12-27,2348.8298
2010-12-28,2362.2392
2010-12-29,2377.6583
2010-12-30,2379.6285
2011-01-03,2400.2305
2011-01-04,2418.9478
2011-01-05,2420.3665
2011-01-06,2400.5724
2011-01-07,2357.2988
2011-01-10,2299.3464
2011-01-11,2279.6683
2011-01-12,2325.6027
2011-01-13,2326.7566
2011-01-14,2326.8461
2011-01-17,2308.4932
2011-01-18,2313.1233
2011-01-19,2308.7585
2011-01-20,2269.8353
2011-01-21,2238.7918
2011-01-24,2227.0939
2011-01-25,2264.1195
2011-01-26,2289.2667
2011-01-27,2294.1834
2011-01-28,2279.8807
2011-01-31,2248.2375
2011-02-01,2267.0152
2011-02-02,2280.2143
2011-02-04,2284.5952
2011-02-07,2281.3109
2011-02-08,2270.8771
2011-02-09,2250.3749
2011-02-10,2234.6489
2011-02-11,2240.678
2011-02-14,2250.435
2011-02-16,2248.1828
2011-02-17,2254.9374
2011-02-18,2281.4253
2011-02-21,2283.6852
2011-02-22,2263.9451
2011-02-23,2274.7597
2011-02-24,2256.6681
2011-02-25,2259.3449
2011-02-28,2269.1157
2011-03-01,2286.8532
2011-03-02,2277.1514
2011-03-03,2283.7816
2011-03-04,2303.3725
2011-03-07,2310.8426
2011-03-08,2321.9028
2011-03-09,2326.2189
2011-03-10,2321.4044
2011-03-11,2300.98
2011-03-14,2313.0974
2011-03-15,2296.8266
2011-03-16,2299.1085
2011-03-17,2281.1508
2011-03-18,2287.7144
2011-03-21,2297.4649
2011-03-22,2294.8038
2011-03-23,2313.5445
2011-03-24,2336.906
2011-03-25,2335.0655
2011-03-28,2331.6572
2011-03-29,2328.9261
2011-03-30,2348.1917
2011-03-31,2359.0908
2011-04-01,2369.3107
2011-04-04,2371.3381
2011-04-05,2366.4785
2011-04-06,2380.9838
2011-04-07,2381.0243
2011-04-08,2386.4636
2011-04-11,2388.636
2011-04-12,2377.0902
2011-04-13,2386.4477
2011-04-14,2376.8161
2011-04-15,2385.3854
2011-04-18,2381.15
2011-04-19,2381.1875
2011-04-20,2402.84
2011-04-21,2405.8663
2011-04-25,2401.5365
2011-04-26,2396.2553
2011-04-27,2407.0272
2011-04-28,2406.4988
2011-04-29,2408.6336
2011-05-02,2419.1279
2011-05-03,2408.6501
2011-05-04,2411.4736
2011-05-05,2414.4592
2011-05-06,2404.497
2011-05-09,2401.4001
2011-05-10,2405.4026
2011-05-11,2422.3376
2011-05-12,2410.3458
2011-05-13,2417.5518
2011-05-16,2404.6233
2011-05-18,2421.6765
2011-05-19,2428.9847
2011-05-20,2433.2997
2011-05-23,2396.9499
2011-05-24,2402.3499
2011-05-25,2400.3483
2011-05-26,2412.7199
2011-05-27,2418.4681
2011-05-30,2417.725
2011-05-31,2421.2567
2011-06-01,2423.3018
2011-06-03,2424.2541
2011-06-06,2420.8176
2011-06-07,2424.7087
2011-06-08,2416.0972
2011-06-09,2409.308
2011-06-10,2400.892
2011-06-13,2387.0146
2011-06-14,2397.6652
2011-06-15,2400.7714
2011-06-16,2380.6554
2011-06-17,2371.5521
2011-06-20,2371.9049
2011-06-21,2397.2887
2011-06-22,2405.6705
2011-06-23,2405.3312
2011-06-24,2413.1801
2011-06-27,2401.115
2011-06-28,2405.8116
2011-06-30,2424.8343
2011-07-01,2438.7915
2011-07-04,2446.7938
2011-07-05,2436.387
2011-07-06,2430.5801
2011-07-07,2443.8105
2011-07-08,2468.0121
2011-07-11,2463.8227
2011-07-12,2442.1459
2011-07-13,2457.7235
2011-07-14,2463.2836
2011-07-15,2467.5569
2011-07-18,2470.6514
2011-07-19,2470.5153
2011-07-20,2484.9179
2011-07-21,2488.375
2011-07-22,2502.8074
2011-07-25,2498.187
2011-07-26,2516.5685
2011-07-27,2534.645
2011-07-28,2526.9773
2011-07-29,2517.925
2011-08-01,2536.3019
2011-08-02,2529.1809
2011-08-03,2513.5905
2011-08-04,2504.1329
2011-08-05,2430.333
2011-08-08,2411.581
2011-08-09,2365.2083
2011-08-10,2416.5737
2011-08-11,2420.2416
2011-08-12,2426.0219
2011-08-15,2453.1646
2011-08-16,2451.5455
2011-08-18,2477.1174
2011-08-19,2408.7356
2011-08-22,2413.4903
2011-08-23,2429.3949
2011-08-24,2416.9557
2011-08-25,2415.9766
2011-08-26,2412.1664
2011-09-05,2421.1132
2011-09-06,2429.4023
2011-09-07,2471.1622
2011-09-08,2473.7067
2011-09-09,2472.727
2011-09-12,2431.3261
2011-09-13,2423.2645
2011-09-14,2394.1573
2011-09-15,2378.7097
2011-09-16,2404.2018
2011-09-19,2372.6474
2011-09-20,2368.9095
2011-09-21,2345.5903
2011-09-22,2211.6852
2011-09-23,2231.2741
2011-09-26,2186.1743
2011-09-27,2249.847
2011-09-28,2266.1897
2011-09-29,2279.0448
2011-09-30,2281.517
2011-10-03,2205.7565
2011-10-04,2171.6508
2011-10-05,2178.7915
2011-10-06,2240.9933
2011-10-07,2233.8038
2011-10-10,2245.4067
2011-10-11,2279.3799
2011-10-12,2325.5076
2011-10-13,2343.1796
2011-10-14,2343.5927
2011-10-17,2370.8906
2011-10-18,2328.8249
2011-10-19,2354.4737
2011-10-20,2331.0508
2011-10-21,2330.2953
2011-10-24,2363.1125
2011-10-25,2363.1415
2011-10-26,2373.7165
2011-10-27,2401.9099
2011-10-28,2410.5897
2011-10-31,2395.2258
2011-11-01,2352.7233
2011-11-02,2385.0857
2011-11-03,2362.2815
2011-11-04,2390.476
2011-11-07,2387.5492
2011-11-08,2395.0882
2011-11-09,2414.7418
2011-11-10,2386.2409
2011-11-11,2384.2541
2011-11-14,2405.1891
2011-11-15,2397.3767
2011-11-16,2396.9736
2011-11-17,2389.7081
2011-11-18,2375.882
2011-11-21,2346.2942
2011-11-22,2366.7974
2011-11-23,2347.142
2011-11-24,2350.4617
2011-11-25,2329.1863
2011-11-28,2332.2217
2011-11-29,2344.7301
2011-11-30,2348.7497
2011-12-01,2374.5282
2011-12-02,2380.6951
2011-12-05,2381.8388
2011-12-06,2373.0819
2011-12-07,2387.6858
2011-12-08,2382.3081
2011-12-09,2374.8793
2011-12-12,2387.5163
2011-12-13,2380.1462
2011-12-14,2377.869
2011-12-15,2361.5078
2011-12-16,2386.0574
2011-12-19,2387.1352
2011-12-20,2382.5064
2011-12-21,2396.7642
2011-12-22,2398.8501
2011-12-23,2397.7286
2011-12-27,2395.9763
2011-12-28,2387.5725
2011-12-29,2399.1444
2011-12-30,2407.1035
2012-01-02,2403.917
2012-01-03,2425.1603
2012-01-04,2442.8389
2012-01-05,2442.0824
2012-01-06,2428.7192
2012-01-09,2435.4607
2012-01-10,2455.6529
2012-01-11,2448.4804
2012-01-12,2446.3392
2012-01-13,2457.7604
2012-01-16,2449.2394
2012-01-17,2465.3282
2012-01-18,2475.1372
2012-01-19,2483.4937
2012-01-20,2476.5401
2012-01-24,2479.9507
2012-01-25,2470.3436
2012-01-26,2476.1263
2012-01-27,2482.6251
2012-01-30,2458.4213
2012-01-31,2470.4404
2012-02-01,2484.2162
2012-02-02,2500.9745
2012-02-03,2500.7221
2012-02-06,2481.4239
2012-02-07,2477.1138
2012-02-08,2498.1188
2012-02-09,2498.6755
2012-02-10,2476.1099
2012-02-13,2491.696
2012-02-14,2490.7916
2012-02-15,2494.845
2012-02-16,2483.9285
2012-02-17,2502.4165
2012-02-20,2503.1458
2012-02-21,2508.8037
2012-02-22,2507.2232
2012-02-23,2494.0853
2012-02-24,2466.7349
2012-02-27,2450.5128
2012-02-28,2469.4
2012-02-29,2496.4913
2012-03-01,2490.9481
2012-03-02,2506.2974
2012-03-05,2499.7266
2012-03-06,2492.2542
2012-03-07,2487.4635
2012-03-08,2497.1955
2012-03-09,2504.4991
2012-03-12,2499.8306
2012-03-13,2507.2567
2012-03-14,2522.15
2012-03-15,2517.6858
2012-03-16,2512.3657
2012-03-19,2511.7988
2012-03-20,2509.5506
2012-03-21,2518.4015
2012-03-22,2518.1281
2012-03-26,2511.9237
2012-03-27,2529.8969
2012-03-28,2534.8663
2012-03-29,2539.7361
2012-03-30,2544.6153
2012-04-02,2557.0992
2012-04-03,2569.7506
2012-04-04,2535.4842
2012-04-05,2546.8782
2012-04-09,2541.2779
2012-04-10,2540.8467
2012-04-11,2530.2887
2012-04-12,2535.5296
2012-04-13,2540.0364
2012-04-16,2535.7918
2012-04-17,2542.798
2012-04-18,2550.0632
2012-04-19,2548.9994
2012-04-20,2559.5325
2012-04-23,2545.2619
2012-04-24,2548.3828
2012-04-25,2550.3753
2012-04-26,2555.0063
2012-04-27,2550.407
2012-04-30,2553.4382
2012-05-01,2553.7729
2012-05-02,2561.2172
2012-05-03,2564.6876
2012-05-04,2559.5267
2012-05-07,2536.1405
2012-05-08,2545.8116
2012-05-09,2524.7081
2012-05-10,2524.5834
2012-05-11,2512.6849
2012-05-14,2488.1721
2012-05-15,2487.397
2012-05-16,2463.2235
2012-05-21,2453.8941
2012-05-22,2480.8909
2012-05-23,2465.2858
2012-05-24,2468.9379
2012-05-25,2439.1348
2012-05-28,2441.76
2012-05-29,2439.2044
2012-05-30,2437.0389
2012-05-31,2410.541
2012-06-01,2398.1448
2012-06-04,2341.6466
2012-06-05,2364.3967
2012-06-06,2414.7552
2012-06-07,2414.139
2012-06-08,2407.6544
2012-06-11,2425.3172
2012-06-12,2413.3893
2012-06-13,2416.9638
2012-06-14,2390.2302
2012-06-15,2401.183
2012-06-18,2416.2338
2012-06-19,2419.7417
2012-06-20,2445.0593
2012-06-21,2432.982
2012-06-22,2427.1549
2012-06-25,2412.7829
2012-06-26,2426.4261
2012-06-27,2442.2231
2012-06-28,2425.4783
2012-06-29,2449.7443
2012-07-02,2465.0542
2012-07-03,2483.5008
2012-07-04,2498.9267
2012-07-05,2496.5927
2012-07-06,2493.4432
2012-07-09,2468.0933
2012-07-10,2477.3667
2012-07-11,2480.9774
2012-07-12,2466.7077
2012-07-13,2476.2675
2012-07-16,2487.1843
2012-07-17,2501.2158
2012-07-18,2503.5262
2012-07-19,2511.4776
2012-07-20,2505.0734
2012-07-23,2478.3373
2012-07-24,2477.3687
2012-07-25,2481.0984
2012-07-26,2479.0026
2012-07-27,2500.7306
2012-07-30,2505.7359
2012-07-31,2519.837
2012-08-01,2516.9825
2012-08-02,2502.2681
2012-08-03,2506.3585
2012-08-06,2509.1526
2012-08-07,2503.0431
2012-08-08,2501.8095
2012-08-09,2513.0392
2012-08-10,2517.0439
2012-08-13,2499.0276
2012-08-14,2504.7392
2012-08-15,2507.945
2012-08-16,2510.1983
2012-08-23,2513.5529
2012-08-24,2504.7702
2012-08-27,2504.0575
2012-08-28,2499.2763
2012-08-29,2476.1449
2012-08-30,2450.3981
2012-08-31,2461.5274
2012-09-03,2481.3214
2012-09-04,2475.4685
2012-09-05,2465.6642
2012-09-06,2473.6397
2012-09-07,2488.4474
2012-09-10,2494.0221
2012-09-11,2493.566
2012-09-12,2501.2437
2012-09-13,2500.5298
2012-09-14,2534.1423
2012-09-17,2536.7713
2012-09-18,2525.4009
2012-09-19,2531.222
2012-09-20,2524.8307
2012-09-21,2532.4034
2012-09-24,2518.011
2012-09-25,2529.1985
2012-09-26,2512.0958
2012-09-27,2525.264
2012-09-28,2538.7809
2012-10-01,2532.5178
2012-10-02,2536.597
2012-10-03,2537.0931
2012-10-04,2543.8253
2012-10-05,2555.9036
2012-10-08,2539.2386
2012-10-09,2538.7778
2012-10-10,2539.5084
2012-10-11,2542.5777
2012-10-12,2550.8413
2012-10-15,2554.3377
2012-10-16,2560.6572
2012-10-17,2563.361
2012-10-18,2569.1572
2012-10-19,2562.7254
2012-10-22,2567.5353
2012-10-23,2563.8088
2012-10-24,2567.0205
2012-10-25,2570.1707
2012-10-29,2568.1971
2012-10-30,2577.7113
2012-10-31,2572.0222
2012-11-01,2567.0415
2012-11-02,2568.5823
2012-11-05,2556.2279
2012-11-06,2561.0126
2012-11-07,2577.1782
2012-11-08,2569.2456
2012-11-09,2571.5953
2012-11-12,2568.5656
2012-11-13,2573.219
2012-11-14,2579.8857
2012-11-19,2566.9008
2012-11-20,2565.9129
2012-11-21,2568.9043
2012-11-22,2577.4877
2012-11-23,2581.8058
2012-11-26,2591.3179
2012-11-27,2582.6463
2012-11-28,2568.8098
2012-11-29,2576.3437
2012-11-30,2566.6033
2012-12-03,2572.3772
2012-12-04,2564.7397
2012-12-05,2571.6516
2012-12-06,2574.6626
2012-12-07,2573.9556
2012-12-10,2575.299
2012-12-11,2579.8147
2012-12-12,2588.9976
2012-12-13,2585.738
2012-12-14,2582.2289
2012-12-17,2584.1746
2012-12-18,2580.418
2012-12-19,2572.9802
2012-12-20,2565.8152
2012-12-21,2566.2919
2012-12-26,2576.4371
2012-12-27,2575.0956
2012-12-28,2584.9179
2013-01-02,2593.7864
2013-01-03,2612.2968
2013-01-04,2616.1753
2013-01-07,2611.1618
2013-01-08,2613.0504
2013-01-09,2600.5562
2013-01-10,2585.8681
2013-01-11,2582.5195
2013-01-14,2607.7851
2013-01-15,2614.9729
2013-01-16,2620.6248
2013-01-17,2616.4889
2013-01-18,2634.9023
2013-01-21,2625.7587
2013-01-22,2621.9826
2013-01-23,2621.0032
2013-01-25,2626.0645
2013-01-28,2620.2126
2013-01-29,2629.7263
2013-01-30,2635.7114
2013-01-31,2634.4732
2013-02-01,2642.4214
2013-02-04,2642.4953
2013-02-05,2639.3055
2013-02-06,2648.2135
2013-02-07,2650.0193
2013-02-08,2646.7968
2013-02-11,2648.7962
2013-02-12,2663.6065
2013-02-13,2672.7357
2013-02-14,2678.664
2013-02-15,2683.8892
2013-02-18,2687.2666
2013-02-19,2682.1644
2013-02-20,2695.8513
2013-02-21,2695.3617
2013-02-22,2701.6215
2013-02-25,2710.9047
2013-02-26,2704.1573
2013-02-27,2724.1956
2013-02-28,2751.0097
2013-03-01,2761.3893
2013-03-04,2741.3633
2013-03-05,2747.6014
2013-03-06,2772.3884
2013-03-07,2783.5954
2013-03-08,2792.3445
2013-03-11,2784.0115
2013-03-13,2776.0886
2013-03-14,2762.0149
2013-03-15,2775.1936
2013-03-18,2768.5881
2013-03-19,2778.4367
2013-03-20,2787.1112
2013-03-21,2778.9476
2013-03-22,2750.9801
2013-03-25,2770.2936
2013-03-26,2789.8427
2013-03-27,2816.158
2013-03-28,2814.5323
2013-04-01,2817.7752
2013-04-02,2824.0399
2013-04-03,2824.9833
2013-04-04,2806.335
2013-04-05,2806.555
2013-04-08,2797.1676
2013-04-09,2797.7687
2013-04-10,2792.2497
2013-04-11,2811.8315
2013-04-12,2817.834
2013-04-15,2805.3141
2013-04-16,2820.4035
2013-04-17,2839.0096
2013-04-18,2848.1895
2013-04-19,2846.3272
2013-04-22,2842.2873
2013-04-23,2831.5496
2013-04-24,2845.1325
2013-04-25,2840.2142
2013-04-26,2842.2838
2013-04-29,2850.0585
2013-04-30,2856.3491
2013-05-01,2871.0043
2013-05-02,2847.1693
2013-05-03,2824.4074
2013-05-06,2839.3725
2013-05-07,2860.8446
2013-05-08,2873.4058
2013-05-10,2876.8778
2013-05-13,2865.0213
2013-05-14,2875.3552
2013-05-15,2878.2663
2013-05-16,2876.1302
2013-05-17,2893.333
2013-05-20,2914.1065
2013-05-21,2908.219
2013-05-22,2923.1317
2013-05-23,2886.825
2013-05-24,2902.1851
2013-05-27,2882.415
2013-05-28,2909.4606
2013-05-29,2920.0624
2013-05-30,2905.6429
2013-05-31,2903.3755
2013-06-03,2862.4298
2013-06-04,2871.0433
2013-06-05,2862.0477
2013-06-07,2814.8305
2013-06-10,2784.411
2013-06-11,2717.4669
2013-06-12,2751.7262
2013-06-13,2724.3541
2013-06-14,2780.4243
2013-06-17,2784.5972
2013-06-18,2802.4544
2013-06-19,2785.2044
2013-06-20,2726.8306
2013-06-21,2689.2294
2013-06-24,2648.5479
2013-06-25,2653.198
2013-06-26,2701.3131
2013-06-27,2728.797
2013-06-28,2767.7714
2013-07-01,2756.9104
2013-07-02,2738.8667
2013-07-03,2689.1874
2013-07-04,2682.6084
2013-07-05,2689.479
2013-07-08,2620.2413
2013-07-09,2604.1101
2013-07-10,2636.8768
2013-07-11,2675.409
2013-07-12,2677.4936
2013-07-15,2674.6087
2013-07-16,2684.5879
2013-07-17,2695.4853
2013-07-18,2713.7408
2013-07-19,2715.1146
2013-07-22,2708.1771
2013-07-23,2737.6664
2013-07-24,2713.667
2013-07-25,2699.5491
2013-07-26,2688.7256
2013-07-29,2664.6023
2013-07-30,2665.6268
2013-07-31,2663.4817
2013-08-01,2673.3019
2013-08-02,2681.7933
2013-08-12,2672.0774
2013-08-13,2690.0503
2013-08-14,2701.2788
2013-08-15,2698.3629
2013-08-16,2658.8584
2013-08-19,2566.4218
2013-08-20,2514.9156
2013-08-21,2527.2987
2013-08-22,2504.4399
2013-08-23,2497.6016
2013-08-26,2479.3849
2013-08-27,2417.9359
2013-08-28,2439.8415
2013-08-29,2469.6964
2013-08-30,2503.8245
2013-08-31,2503.8245
2013-09-02,2474.7623
2013-09-03,2493.3857
2013-09-04,2462.2801
2013-09-05,2447.5353
2013-09-06,2449.1482
2013-09-09,2492.7859
2013-09-10,2545.5224
2013-09-11,2541.8904
2013-09-12,2552.2636
2013-09-13,2562.6108
2013-09-16,2614.3049
2013-09-17,2606.7043
2013-09-18,2590.2276
2013-09-19,2668.6171
2013-09-20,2649.8513
2013-09-23,2641.1855
2013-09-24,2602.1502
2013-09-25,2582.1529
2013-09-26,2586.9666
2013-09-27,2591.2896
2013-09-30,2551.5292
2013-10-01,2564.8783
2013-10-02,2578.9205
2013-10-03,2589.3638
2013-10-04,2580.5812
2013-10-07,2569.7937
2013-10-08,2590.0196
2013-10-09,2601.1486
2013-10-10,2611.8662
2013-10-11,2622.4338
2013-10-16,2614.4307
2013-10-17,2631.1572
2013-10-18,2644.7204
2013-10-21,2656.9605
2013-10-22,2638.9247
2013-10-23,2657.9746
2013-10-24,2679.1495
2013-10-25,2678.9914
2013-10-28,2686.4874
2013-10-29,2671.3834
2013-10-30,2672.4344
2013-10-31,2646.0577
2013-11-01,2615.68
2013-11-04,2610.6348
2013-11-06,2608.8688
2013-11-07,2621.3526
2013-11-08,2611.9006
2013-11-11,2594.0017
2013-11-12,2567.9088
2013-11-13,2537.2396
2013-11-14,2561.0184
2013-11-15,2546.5262
2013-11-16,2546.5262
2013-11-17,2546.5262
2013-11-18,2561.7739
2013-11-19,2564.39
2013-11-20,2549.1321
2013-11-21,2538.1573
2013-11-22,2535.5609
2013-11-23,2535.5609
2013-11-24,2535.5609
2013-11-25,2541.6211
2013-11-26,2513.5155
2013-11-27,2518.4635
2013-11-28,2511.0336
2013-11-29,2522.9831
2013-12-02,2549.7738
2013-12-03,2540.8585
2013-12-04,2527.0243
2013-12-05,2517.322
2013-12-06,2505.8879
2013-12-09,2513.0251
2013-12-10,2530.6451
2013-12-11,2531.3943
2013-12-12,2514.8072
2013-12-13,2503.8076
2013-12-16,2487.3525
2013-12-17,2504.0375
2013-12-18,2509.2754
2013-12-19,2518.5158
2013-12-20,2507.9828
2013-12-23,2502.2701
2013-12-24,2506.3519
2013-12-27,2510.4746
2013-12-30,2528.5765
2014-01-02,2543.8057
2014-01-03,2519.3775
2014-01-06,2496.7191
2014-01-07,2485.6085
2014-01-08,2497.2116
2014-01-09,2495.9412
2014-01-10,2514.8942
2014-01-13,2561.2955
2014-01-15,2573.634
2014-01-16,2566.3687
2014-01-17,2568.8598
2014-01-20,2578.9275
2014-01-21,2585.9361
2014-01-22,2590.1814
2014-01-23,2594.7428
2014-01-24,2579.7253
2014-01-27,2539.3639
2014-01-28,2544.9524
2014-01-29,2568.1378
2014-01-30,2566.6398
2014-02-03,2556.0122
2014-02-04,2549.6239
2014-02-05,2561.8044
2014-02-06,2575.3856
2014-02-07,2588.268
2014-02-10,2587.3206
2014-02-11,2599.0288
2014-02-12,2605.4315
2014-02-13,2604.482
2014-02-14,2611.5481
2014-02-17,2632.2679
2014-02-18,2631.9799
2014-02-19,2640.335
2014-02-20,2640.0035
2014-02-21,2654.1124
2014-02-24,2647.2122
2014-02-25,2633.2672
2014-02-26,2622.0343
2014-02-27,2635.6561
2014-02-28,2653.769
2014-03-03,2646.4024
2014-03-04,2655.6082
2014-03-05,2672.7364
2014-03-06,2684.0052
2014-03-07,2686.2811
2014-03-10,2685.1656
2014-03-11,2695.8991
2014-03-12,2687.6124
2014-03-13,2697.0588
2014-03-14,2740.548
2014-03-17,2745.1009
2014-03-18,2723.422
2014-03-19,2730.5467
2014-03-20,2688.1955
2014-03-21,2692.3508
2014-03-24,2698.5369
2014-03-25,2690.5324
2014-03-26,2699.8192
2014-03-27,2701.6783
2014-03-28,2714.9565
2014-04-01,2750.6898
2014-04-02,2750.6032
2014-04-03,2756.9294
2014-04-04,2749.0009
2014-04-07,2768.5062
2014-04-08,2769.0455
2014-04-10,2702.9768
2014-04-11,2717.9757
2014-04-14,2737.8287
2014-04-15,2741.8481
2014-04-16,2743.3196
2014-04-17,2750.1261
2014-04-21,2746.3591
2014-04-22,2748.0265
2014-04-23,2747.0026
2014-04-24,2747.0026
2014-04-25,2753.1566
2014-04-28,2731.253
2014-04-29,2736.2605
2014-04-30,2736.2605
2014-05-02,2733.15
2014-05-05,2735.8007
2014-05-06,2732.3215
2014-05-07,2732.3215
2014-05-08,2736.2054
2014-05-09,2745.9356
2014-05-12,2755.8895
2014-05-13,2753.945
2014-05-14,2778.4422
2014-05-16,2789.5574
2014-05-19,2780.0016
2014-05-20,2743.3965
2014-05-21,2747.9105
2014-05-22,2767.0914
2014-05-23,2769.0774
2014-05-26,2765.9727
2014-05-28,2775.8816
2014-05-30,2750.1226
2014-06-02,2748.8752
2014-06-03,2757.4818
2014-06-04,2754.9756
2014-06-05,2754.6754
2014-06-06,2755.3486
2014-06-09,2735.5338
2014-06-10,2754.1307
2014-06-11,2762.9292
2014-06-12,2752.2786
2014-06-13,2748.9588
2014-06-16,2737.2076
2014-06-17,2742.9368
2014-06-18,2736.2762
2014-06-19,2724.8589
2014-06-20,2722.8481
2014-06-23,2719.6742
2014-06-24,2724.23
2014-06-25,2715.6026
2014-06-26,2725.1866
2014-06-27,2716.0027
2014-06-30,2727.7147
2014-07-01,2728.5808
2014-07-02,2734.2257
2014-07-03,2733.3169
2014-07-04,2740.6985
2014-07-07,2772.0263
2014-07-08,2782.6932
2014-07-10,2812.3067
2014-07-11,2789.6548
2014-07-14,2786.1713
2014-07-15,2802.486
2014-07-16,2818.2626
2014-07-17,2803.4512
2014-07-18,2810.2302
2014-07-21,2829.4021
2014-07-22,2812.0961
2014-07-23,2811.5503
2014-07-24,2810.6497
2014-07-25,2809.543
2014-08-04,2810.4222
2014-08-05,2810.8154
2014-08-06,2810.8154
2014-08-07,2815.5566
2014-08-08,2811.1799
2014-08-11,2825.5564
2014-08-12,2833.4905
2014-08-13,2845.2495
2014-08-14,2842.8727
2014-08-15,2839.6791
2014-08-18,2843.0442
2014-08-19,2846.1669
2014-08-20,2853.667
2014-08-21,2860.2576
2014-08-22,2859.1899
2014-08-25,2855.9091
2014-08-26,2840.8973
2014-08-27,2847.2192
2014-08-28,2853.8217
2014-08-29,2843.1744
2014-09-01,2852.4401
2014-09-02,2860.335
2014-09-03,2870.8681
2014-09-04,2864.5851
2014-09-05,2868.429
2014-09-08,2877.0467
2014-09-09,2858.3733
2014-09-10,2838.2229
2014-09-11,2836.2801
2014-09-12,2839.4804
2014-09-15,2838.9437
2014-09-16,2831.7605
2014-09-17,2850.0286
2014-09-18,2854.6291
2014-09-19,2862.7334
2014-09-22,2859.632
2014-09-23,2849.6772
2014-09-24,2846.9796
2014-09-25,2854.7668
2014-09-26,2826.4945
2014-09-29,2824.3501
2014-09-30,2822.8208
2014-10-01,2822.5792
2014-10-02,2781.1736
2014-10-03,2765.2931
2014-10-06,2779.5733
2014-10-07,2794.1841
2014-10-08,2768.6391
2014-10-09,2780.8778
2014-10-10,2771.7002
2014-10-13,2759.5104
2014-10-14,2763.8123
2014-10-15,2776.78
2014-10-16,2779.3795
2014-10-17,2806.6641
2014-10-20,2812.75
2014-10-21,2811.301
2014-10-22,2825.1591
2014-10-23,2833.214
2014-10-24,2826.9625
2014-10-27,2813.8842
2014-10-28,2802.8032
2014-10-29,2827.0379
2014-10-30,2825.5193
2014-10-31,2841.0086
2014-11-03,2840.6065
2014-11-04,2832.9078
2014-11-05,2830.7281
2014-11-06,2822.2996
2014-11-07,2806.7947
2014-11-10,2803.3644
2014-11-11,2825.8855
2014-11-12,2830.9478
2014-11-13,2832.4593
2014-11-14,2834.6206
2014-11-17,2839.9339
2014-11-18,2855.6813
2014-11-19,2865.7457
2014-11-20,2856.8081
2014-11-21,2865.7787
2014-11-24,2878.6608
2014-11-25,2872.0359
2014-11-26,2876.7795
2014-11-27,2883.1028
2014-11-28,2887.0685
2014-12-01,2892.9075
2014-12-02,2899.9349
2014-12-03,2894.1422
2014-12-04,2898.6445
2014-12-05,2899.9617
2014-12-08,2879.4599
2014-12-09,2874.4761
2014-12-10,2890.3566
2014-12-11,2886.8723
2014-12-12,2885.9256
2014-12-15,2863.7936
2014-12-16,2825.9817
2014-12-17,2833.6006
2014-12-18,2865.635
2014-12-19,2878.7827
2014-12-22,2877.827
2014-12-23,2886.397
2014-12-24,2893.6565
2014-12-29,2901.7369
2014-12-30,2911.614
2015-01-02,2917.7781
2015-01-05,2906.6516
2015-01-06,2888.8683
2015-01-07,2901.939
2015-01-08,2906.8941
2015-01-09,2909.7841
2015-01-12,2900.8643
2015-01-13,2905.7335
2015-01-14,2886.811
2015-01-15,2898.3559
2015-01-16,2882.0957
2015-01-19,2878.771
2015-01-20,2885.3358
2015-01-21,2904.1949
2015-01-22,2926.0811
2015-01-23,2946.2858
2015-01-26,2921.8714
2015-01-27,2932.5301
2015-01-28,2930.5722
2015-01-29,2927.8934
2015-01-30,2938.1924
2015-02-02,2933.8938
2015-02-03,2944.9769
2015-02-04,2941.4593
2015-02-05,2933.8262
2015-02-06,2956.3681
2015-02-09,2957.6665
2015-02-10,2949.569
2015-02-11,2952.7765
2015-02-12,2947.0309
2015-02-13,2951.7205
2015-02-16,2935.9208
2015-02-17,2942.0403
2015-02-18,2966.1726
2015-02-20,2968.051
2015-02-23,2970.2622
2015-02-24,2974.2777
2015-02-25,2982.3351
2015-02-26,2987.3921
2015-02-27,2986.6656
2015-03-02,2990.9446
2015-03-03,2985.2214
2015-03-04,2972.2523
2015-03-05,2969.778
2015-03-06,2981.2445
2015-03-09,2954.9874
2015-03-10,2960.1409
2015-03-11,2935.5657
2015-03-12,2944.0721
2015-03-13,2944.284
2015-03-16,2948.0759
2015-03-17,2950.8116
2015-03-18,2945.7067
2015-03-19,2961.5377
2015-03-20,2954.0987
2015-03-23,2950.201
2015-03-24,2951.6183
2015-03-25,2932.6053
2015-03-26,2917.6976
2015-03-27,2928.0341
2015-03-30,2946.9703
2015-03-31,2967.6935
2015-04-01,2954.4537
2015-04-02,2950.7098
2015-04-06,2957.3414
2015-04-07,2976.1249
2015-04-08,2966.4037
2015-04-09,2971.7413
2015-04-10,2967.8522
2015-04-13,2955.8285
2015-04-14,2940.1088
2015-04-15,2941.0161
2015-04-16,2942.3586
2015-04-17,2938.8948
2015-04-20,2935.9981
2015-04-21,2952.4991
2015-04-22,2946.1989
2015-04-23,2947.4774
2015-04-24,2945.4944
2015-04-27,2887.5384
2015-04-28,2884.1169
2015-04-29,2845.7858
2015-04-30,2836.491
2015-05-04,2850.236
2015-05-05,2852.5498
2015-05-06,2861.2538
2015-05-07,2854.0795
2015-05-08,2859.8911
2015-05-11,2859.9109
2015-05-12,2866.2518
2015-05-13,2885.0176
2015-05-15,2886.0238
2015-05-18,2890.6026
2015-05-19,2900.6081
2015-05-20,2907.1544
2015-05-21,2912.0527
2015-05-22,2914.5573
2015-05-25,2906.0721
2015-05-26,2913.49
2015-05-27,2897.6253
2015-05-28,2893.6667
2015-05-29,2886.2731
2015-06-01,2880.8755
2015-06-03,2859.2666
2015-06-04,2845.5644
2015-06-05,2842.2684
2015-06-08,2812.9763
2015-06-09,2776.0235
2015-06-10,2785.5211
2015-06-11,2784.0096
2015-06-12,2782.7073
2015-06-15,2750.5978
2015-06-16,2763.9118
2015-06-17,2786.2506
2015-06-18,2787.4777
2015-06-19,2798.7293
2015-06-22,2794.8386
2015-06-23,2795.4591
2015-06-24,2802.3359
2015-06-25,2792.2863
2015-06-26,2788.948
2015-06-29,2772.2776
2015-06-30,2779.4215
2015-07-01,2779.0275
2015-07-02,2799.2787
2015-07-03,2815.3941
2015-07-06,2793.4913
2015-07-07,2796.789
2015-07-08,2779.7514
2015-07-09,2772.0598
2015-07-10,2782.7387
2015-07-13,2795.9569
2015-07-14,2795.9618
2015-07-15,2785.8565
2015-07-22,2796.4562
2015-07-23,2796.5522
2015-07-24,2778.6092
2015-07-27,2747.7593
2015-07-28,2728.118
2015-07-29,2727.3628
2015-07-30,2721.443
2015-07-31,2745.6728
2015-08-03,2744.2743
2015-08-04,2739.5013
2015-08-05,2761.2907
2015-08-06,2747.7192
2015-08-07,2736.7789
2015-08-10,2730.1395
2015-08-11,2690.6005
2015-08-12,2643.3109
2015-08-13,2679.9334
2015-08-14,2681.4211
2015-08-18,2657.8272
2015-08-19,2652.305
2015-08-20,2638.2671
2015-08-21,2601.6718
2015-08-24,2538.9118
2015-08-25,2552.2315
2015-08-26,2554.6012
2015-08-27,2612.2837
2015-08-28,2616.5154
2015-08-31,2635.1756
2015-09-01,2608.5427
2015-09-02,2606.3057
2015-09-03,2619.9627
2015-09-04,2610.3865
2015-09-07,2573.0401
2015-09-08,2580.3488
2015-09-09,2586.653
2015-09-10,2582.5375
2015-09-11,2587.6782
2015-09-14,2595.0502
2015-09-15,2582.7108
2015-09-16,2576.5354
2015-09-17,2592.3491
2015-09-18,2594.0715
2015-09-21,2594.1018
2015-09-22,2584.4488
2015-09-23,2554.3561
2015-09-25,2542.0347
2015-09-28,2513.2554
2015-09-29,2526.3714
2015-09-30,2534.7052
2015-10-01,2551.3828
2015-10-02,2541.7376
2015-10-05,2587.5387
2015-10-06,2623.149
2015-10-07,2641.6131
2015-10-08,2640.8713
2015-10-09,2674.6314
2015-10-12,2686.6325
2015-10-13,2644.237
2015-10-15,2655.5914
2015-10-16,2655.056
2015-10-19,2672.0309
2015-10-20,2677.929
2015-10-21,2682.3077
2015-10-22,2675.8444
2015-10-23,2701.8572
2015-10-26,2715.2526
2015-10-27,2707.2137
2015-10-28,2693.7952
2015-10-29,2650.0153
2015-10-30,2646.0651
2015-11-02,2648.3896
2015-11-03,2668.506
2015-11-04,2692.7913
2015-11-05,2680.8669
2015-11-06,2678.4056
2015-11-09,2653.3591
2015-11-10,2642.935
2015-11-11,2643.2064
2015-11-12,2647.1848
2015-11-13,2647.5554
2015-11-16,2636.4285
2015-11-17,2653.943
2015-11-18,2655.3577
2015-11-19,2664.0018
2015-11-20,2676.3417
2015-11-23,2671.2023
2015-11-24,2671.3563
2015-11-25,2681.5895
2015-11-26,2687.7524
2015-11-27,2675.1347
2015-11-30,2640.0236
2015-12-01,2673.6771
2015-12-02,2674.2411
2015-12-03,2671.5531
2015-12-04,2659.9855
2015-12-07,2664.3753
2015-12-08,2647.8426
2015-12-10,2642.4571
2015-12-11,2621.3051
2015-12-14,2609.24
2015-12-15,2615.8065
2015-12-16,2638.2447
2015-12-17,2667.037
2015-12-18,2643.6648
2015-12-21,2651.793
2015-12-22,2661.1488
2015-12-23,2653.3639
2015-12-28,2664.0915
2015-12-29,2668.387
2015-12-30,2682.2084
2016-01-04,2657.9391
2016-01-05,2669.9831
2016-01-06,2689.8645
2016-01-07,2666.9172
2016-01-08,2673.3455
2016-01-11,2649.4836
2016-01-12,2668.1558
2016-01-13,2678.7646
2016-01-14,2671.4016
2016-01-15,2669.6547
2016-01-18,2654.6866
2016-01-19,2663.8925
2016-01-20,2643.4444
2016-01-21,2640.4258
2016-01-22,2657.1098
2016-01-25,2669.4591
2016-01-26,2666.674
2016-01-27,2686.2161
2016-01-28,2689.682
2016-01-29,2700.7129
2016-02-01,2701.7339
2016-02-02,2695.2785
2016-02-03,2695.8738
2016-02-04,2717.6412
2016-02-05,2756.6055
2016-02-09,2746.153
2016-02-10,2743.7832
2016-02-11,2760.8491
2016-02-12,2744.5364
2016-02-15,2754.9797
2016-02-16,2757.2388
2016-02-17,2762.1391
2016-02-18,2766.5023
2016-02-19,2739.6378
2016-02-22,2739.4265
2016-02-23,2720.7604
2016-02-24,2722.241
2016-02-25,2719.034
2016-02-26,2741.3136
2016-02-29,2750.5625
2016-03-01,2750.4516
2016-03-02,2766.3955
2016-03-03,2775.7965
2016-03-04,2783.3054
2016-03-07,2786.7983
2016-03-08,2780.4479
2016-03-10,2780.7107
2016-03-11,2789.5584
2016-03-14,2810.2918
2016-03-15,2801.6409
2016-03-16,2806.8258
2016-03-17,2820.7807
2016-03-18,2821.7697
2016-03-21,2821.6789
2016-03-22,2818.5698
2016-03-23,2813.707
2016-03-24,2803.8544
2016-03-28,2786.2129
2016-03-29,2785.5902
2016-03-30,2804.3653
2016-03-31,2814.0147
2016-04-01,2816.4031
2016-04-04,2823.6792
2016-04-05,2820.8669
2016-04-06,2826.9954
2016-04-07,2828.4431
2016-04-08,2827.5583
2016-04-11,2813.1823
2016-04-12,2825.8783
2016-04-13,2840.2286
2016-04-14,2825.5481
2016-04-15,2827.7274
2016-04-18,2843.8334
2016-04-19,2850.6877
2016-04-20,2854.396
2016-04-21,2856.4851
2016-04-22,2857.1484
2016-04-25,2846.1575
2016-04-26,2829.3673
2016-04-27,2832.6646
2016-04-28,2829.3049
2016-04-29,2824.2402
2016-05-02,2813.628
2016-05-03,2817.5995
2016-05-04,2817.633
2016-05-09,2797.0621
2016-05-10,2799.2707
2016-05-11,2812.7925
2016-05-12,2810.1035
2016-05-13,2799.0979
2016-05-16,2790.7708
2016-05-17,2793.2337
2016-05-18,2797.242
2016-05-19,2780.9108
2016-05-20,2781.9376
2016-05-23,2792.2881
2016-05-24,2781.6589
2016-05-25,2803.7817
2016-05-26,2810.2551
2016-05-27,2821.8936
2016-05-30,2826.6634
2016-05-31,2815.5351
2016-06-01,2825.9746
2016-06-02,2822.7069
2016-06-03,2833.6887
2016-06-06,2850.1644
2016-06-07,2861.8376
2016-06-08,2857.6707
2016-06-09,2852.4113
2016-06-10,2845.5537
2016-06-13,2832.9045
2016-06-14,2832.8944
2016-06-15,2837.5998
2016-06-16,2833.8764
2016-06-17,2844.1873
2016-06-20,2854.7177
2016-06-21,2862.0668
2016-06-22,2868.6756
2016-06-23,2861.5946
2016-06-24,2843.8546
2016-06-27,2847.5876
2016-06-28,2863.7942
2016-06-29,2893.9026
2016-06-30,2903.0032
2016-07-01,2892.3037
2016-07-11,2928.9394
2016-07-12,2940.1155
2016-07-13,2951.7949
2016-07-14,2938.3608
2016-07-15,2944.5696
2016-07-18,2955.4701
2016-07-19,2969.8089
2016-07-20,2984.77
2016-07-21,2977.8851
2016-07-22,2969.8367
2016-07-25,2974.3546
2016-07-26,2977.6828
2016-07-27,2999.3827
2016-07-28,3010.4065
2016-07-29,2991.9155
2016-08-01,3030.397
2016-08-02,3028.052
2016-08-03,3019.0934
2016-08-04,3028.1973
2016-08-05,3042.4397
2016-08-08,3054.4332
2016-08-09,3048.5293
2016-08-10,3045.8796
2016-08-11,3040.7946
2016-08-12,3024.5601
2016-08-15,3007.4911
2016-08-16,3020.8908
2016-08-18,3042.4324
2016-08-19,3032.1687
2016-08-22,3030.9458
2016-08-23,3022.8496
2016-08-24,3019.0473
2016-08-25,3031.4979
2016-08-26,3026.1833
2016-08-29,3000.2991
2016-08-30,2996.2436
2016-08-31,3006.8749
2016-09-01,2990.4173
2016-09-02,3003.2999
2016-09-05,3009.6803
2016-09-06,3013.4673
2016-09-07,3015.835
2016-09-08,3007.8472
2016-09-09,2980.7608
2016-09-13,2953.151
2016-09-14,2927.7361
2016-09-15,2963.3957
2016-09-16,2960.077
2016-09-19,2979.5395
2016-09-20,2975.3753
2016-09-21,2987.1149
2016-09-22,2996.1821
2016-09-23,2992.3241
2016-09-26,2978.5092
2016-09-27,2998.871
2016-09-28,2997.7527
2016-09-29,3001.2355
2016-09-30,2978.8899
2016-10-03,3008.8555
2016-10-04,3009.6933
2016-10-05,2990.7263
2016-10-06,2987.4673
2016-10-07,2980.6279
2016-10-10,2971.6706
2016-10-11,2972.9364
2016-10-12,2969.188
2016-10-13,2961.1636
2016-10-14,2976.8691
2016-10-17,2976.632
2016-10-18,2983.868
2016-10-19,2974.5592
2016-10-20,2970.0539
2016-10-21,2971.7376
2016-10-24,2979.1644
2016-10-25,2974.0049
2016-10-26,2970.0032
2016-10-27,2971.4309
2016-10-28,2968.9758
2016-10-31,2969.9486
2016-11-01,2963.4564
2016-11-02,2958.2074
2016-11-03,2934.9285
2016-11-04,2945.6744
2016-11-07,2956.7503
2016-11-08,2978.1965
2016-11-09,2957.7618
2016-11-10,2973.8632
2016-11-11,2902.7197
2016-11-14,2857.1917
2016-11-15,2836.7165
2016-11-16,2872.4808
2016-11-17,2873.3118
2016-11-18,2864.4261
2016-11-21,2859.0283
2016-11-22,2871.1541
2016-11-23,2870.4955
2016-11-24,2839.7643
2016-11-25,2841.4787
2016-11-28,2837.5229
2016-11-29,2850.3349
2016-11-30,2854.9956
2016-12-01,2867.8535
2016-12-02,2879.6022
2016-12-05,2887.4502
2016-12-06,2890.1517
2016-12-07,2898.8698
2016-12-08,2917.0692
2016-12-09,2916.8918
2016-12-13,2911.8255
2016-12-14,2898.6788
2016-12-15,2887.9088
2016-12-16,2878.6045
2016-12-19,2868.5947
2016-12-20,2857.6455
2016-12-21,2847.6889
2016-12-22,2824.8303
2016-12-23,2814.6543
2016-12-27,2826.7955
2016-12-28,2854.2955
2016-12-29,2876.3563
2016-12-30,2874.0341
2017-01-03,2866.2218
2017-01-04,2874.3719
2017-01-05,2881.815
2017-01-06,2888.1743
2017-01-09,2881.038
2017-01-10,2884.173
2017-01-11,2881.3548
2017-01-12,2880.7578
2017-01-13,2878.4754
2017-01-16,2874.7385
2017-01-17,2874.8916
2017-01-18,2884.3388
2017-01-19,2886.9573
2017-01-20,2873.7954
2017-01-23,2869.9107
2017-01-24,2878.8106
2017-01-25,2879.2569
2017-01-26,2884.5265
2017-01-27,2882.0147
2017-01-30,2879.8487
2017-01-31,2882.6254
2017-02-01,2882.6458
2017-02-02,2889.6749
2017-02-03,2891.8184
2017-02-06,2900.1228
2017-02-07,2894.2678
2017-02-08,2891.6034
2017-02-09,2895.6637
2017-02-10,2899.683
2017-02-13,2909.1653
2017-02-14,2900.9989
2017-02-16,2899.2602
2017-02-17,2891.7447
2017-02-20,2892.6029
2017-02-21,2886.432
2017-02-22,2889.0563
2017-02-23,2893.8572
2017-02-24,2896.3578
2017-02-27,2893.7373
2017-02-28,2894.9626
2017-03-01,2884.2855
2017-03-02,2895.5696
2017-03-03,2890.3817
2017-03-06,2897.8143
2017-03-07,2895.7269
2017-03-08,2895.7704
2017-03-09,2894.6325
2017-03-10,2887.5476
2017-03-13,2890.9099
2017-03-14,2896.3153
2017-03-15,2898.619
2017-03-16,2920.9849
2017-03-17,2926.2029
2017-03-20,2926.0172
2017-03-21,2930.8601
2017-03-22,2931.6084
2017-03-23,2940.5039
2017-03-24,2940.8826
2017-03-27,2933.0232
2017-03-29,2949.4135
2017-03-30,2951.5794
2017-03-31,2951.8486
2017-04-03,2959.6504
2017-04-04,2968.8157
2017-04-05,2968.3609
2017-04-06,2966.0027
2017-04-07,2956.5137
2017-04-10,2952.2432
2017-04-11,2953.1146
2017-04-12,2964.8454
2017-04-13,2959.9055
2017-04-17,2949.2173
2017-04-18,2956.2698
2017-04-20,2948.327
2017-04-21,2963.8608
2017-04-25,2965.1215
2017-04-26,2975.8351
2017-04-27,2975.2707
2017-04-28,2970.2108
2017-05-02,2962.3861
2017-05-03,2951.5882
2017-05-04,2954.4585
2017-05-05,2958.813
2017-05-08,2962.9786
2017-05-09,2956.2019
2017-05-10,2938.1193
2017-05-12,2941.9367
2017-05-15,2947.9116
2017-05-16,2943.721
2017-05-17,2935.9068
2017-05-18,2939.6503
2017-05-19,2976.907
2017-05-22,2974.4562
2017-05-23,2970.8327
2017-05-24,2966.2054
2017-05-26,2971.8756
2017-05-29,2969.1192
2017-05-30,2966.8249
2017-05-31,2985.0861
2017-06-02,2984.5645
2017-06-05,2982.1382
2017-06-06,2973.2526
2017-06-07,2975.9878
2017-06-08,2968.7712
2017-06-09,2963.6312
2017-06-12,2967.7127
2017-06-13,2971.9057
2017-06-14,2994.2358
2017-06-15,2991.0494
2017-06-16,2981.22
2017-06-19,2981.156
2017-06-20,2993.7038
2017-06-21,2997.4109
2017-06-22,3003.8644
2017-07-03,3020.1042
2017-07-04,3010.9453
2017-07-05,3000.1589
2017-07-06,3003.0842
2017-07-07,2985.8713
2017-07-10,2974.6357
2017-07-11,2974.6294
2017-07-12,2988.0655
2017-07-13,2991.6254
2017-07-14,2994.1298
2017-07-17,2996.4812
2017-07-18,2991.7366
2017-07-19,2989.8665
2017-07-20,2998.1029
2017-07-21,2986.1652
2017-07-24,2989.5624
2017-07-25,2990.8083
2017-07-26,2988.1638
2017-07-27,2993.2568
2017-07-28,3000.1918
2017-07-31,3003.4188
2017-08-01,2993.9391
2017-08-02,2996.0821
2017-08-03,2985.1506
2017-08-04,2981.2205
2017-08-07,2975.0977
2017-08-08,2988.6536
2017-08-09,2997.2035
2017-08-10,2997.0072
2017-08-11,2980.3245
2017-08-14,2986.822
2017-08-15,2991.8471
2017-08-16,2998.779
2017-08-18,3000.1268
2017-08-21,2995.3213
2017-08-22,3000.3566
2017-08-23,3006.476
2017-08-24,3003.3507
2017-08-25,3007.5349
2017-08-28,3006.4929
2017-08-29,3004.1022
2017-08-30,3007.7636
2017-08-31,3009.855
2017-09-04,2995.2453
2017-09-05,2997.2077
2017-09-06,2998.5281
2017-09-07,3000.1691
2017-09-08,3010.1789
2017-09-11,3016.4901
2017-09-12,3005.1962
2017-09-13,2994.739
2017-09-14,2995.2499
2017-09-15,2995.135
2017-09-18,2999.1914
2017-09-19,3005.6459
2017-09-20,3007.9521
2017-09-22,3006.2128
2017-09-25,3002.2871
2017-09-26,2991.1971
2017-09-27,2983.1506
2017-09-28,2975.8258
2017-09-29,2993.4867
2017-10-02,2992.8836
2017-10-03,3001.0457
2017-10-04,3008.6982
2017-10-05,2999.0042
2017-10-06,3003.1025
2017-10-09,3002.9476
2017-10-10,2999.8432
2017-10-11,2994.1435
2017-10-12,3005.533
2017-10-13,3009.8738
2017-10-16,3017.5054
2017-10-17,3014.9216
2017-10-18,3008.1625
2017-10-19,3005.7108
2017-10-20,3010.7314
2017-10-23,3012.4356
2017-10-24,3010.5634
2017-10-25,3022.0132
2017-10-26,3016.6959
2017-10-27,3008.1402
2017-10-30,3009.2683
2017-10-31,3012.4048
2017-11-01,3019.853
2017-11-02,3021.1655
2017-11-03,3027.3502
2017-11-06,3030.8979
2017-11-07,3035.6905
2017-11-08,3031.1637
2017-11-09,3028.4062
2017-11-10,3022.355
2017-11-13,3019.2556
2017-11-14,3018.4147
2017-11-15,3010.861
2017-11-16,3022.0327
2017-11-17,3028.6667
2017-11-20,3023.949
2017-11-21,3020.4475
2017-11-22,3032.6583
2017-11-23,3029.8209
2017-11-24,3029.7657
2017-11-27,3024.1529
2017-11-28,3020.742
2017-11-29,3024.457
2017-11-30,3007.8026
2017-12-04,3008.8897
2017-12-05,2998.3487
2017-12-06,3001.5033
2017-12-07,2999.469
2017-12-08,3001.0316
2017-12-11,2995.5274
2017-12-12,2997.1374
2017-12-13,3006.2212
2017-12-14,3023.2729
2017-12-15,3024.2747
2017-12-18,3024.5038
2017-12-19,3031.9529
2017-12-20,3018.5561
2017-12-21,3036.3665
2017-12-22,3043.9725
2017-12-27,3052.8118
2017-12-28,3062.2705
2017-12-29,3079.5162
2018-01-02,3072.6584
2018-01-03,3054.3976
2018-01-04,3070.8977
2018-01-05,3087.4963
2018-01-08,3104.3024
2018-01-09,3105.0567
2018-01-10,3104.1577
2018-01-11,3105.4714
2018-01-12,3106.1496
2018-01-15,3111.3836
2018-01-16,3128.4916
2018-01-17,3136.7462
2018-01-18,3138.8106
2018-01-19,3138.6638
2018-01-22,3142.9043
2018-01-23,3165.9392
2018-01-24,3170.5674
2018-01-25,3173.2309
2018-01-26,3182.18
2018-01-29,3186.2203
2018-01-30,3157.8087
2018-01-31,3170.0628
2018-02-01,3170.119
2018-02-02,3173.3394
2018-02-05,3158.4262
2018-02-06,3127.0138
2018-02-07,3136.2921
2018-02-08,3139.5296
2018-02-09,3124.8895
2018-02-12,3134.6939
2018-02-13,3148.733
2018-02-14,3152.8666
2018-02-15,3151.6874
2018-02-19,3176.074
2018-02-20,3166.3251
2018-02-21,3164.3183
2018-02-22,3151.2806
2018-02-23,3158.5039
2018-02-26,3146.7846
2018-02-27,3156.7946
2018-02-28,3157.0593
2018-03-01,3154.3531
2018-03-02,3146.9561
2018-03-05,3139.0833
2018-03-06,3125.993
2018-03-07,3091.0942
2018-03-08,3104.8684
2018-03-09,3102.543
2018-03-12,3119.291
2018-03-13,3102.3292
2018-03-14,3091.6486
2018-03-15,3075.2125
2018-03-16,3064.6027
2018-03-19,3061.2677
2018-03-20,3053.5079
2018-03-21,3072.0744
2018-03-22,3058.5056
2018-03-23,3043.4635
2018-03-26,3044.5562
2018-03-27,3051.8449
2018-03-28,3039.6765
2018-03-29,3056.1562
2018-04-02,3070.4939
2018-04-03,3069.4281
2018-04-04,3050.4278
2018-04-05,3063.8036
2018-04-06,3059.0142
2018-04-09,3082.2172
2018-04-10,3102.9358
2018-04-11,3110.5424
2018-04-12,3099.0907
2018-04-13,3087.2865
2018-04-15,3087.2865
2018-04-16,3089.4397
2018-04-17,3090.9918
2018-04-18,3097.4407
2018-04-19,3111.43
2018-04-20,3106.2908
2018-04-23,3097.7506
2018-04-24,3076.9534
2018-04-25,3038.7123
2018-04-26,2991.0325
2018-04-27,2998.8327
2018-04-30,3024.7213
2018-05-02,3020.7734
2018-05-03,2982.2759
2018-05-04,2966.2228
2018-05-07,2982.2931
2018-05-08,2950.6656
2018-05-09,2980.3104
2018-05-11,3000.5067
2018-05-14,2996.0478
2018-05-15,2977.9779
2018-05-16,2976.7213
2018-05-17,2981.4839
2018-05-18,2974.0738
2018-05-21,2963.0701
2018-05-22,2967.3295
2018-05-23,2973.1501
2018-05-24,3010.2411
2018-05-25,3016.0796
2018-05-28,3038.2865
2018-05-30,3027.2299
2018-05-31,3031.8688
2018-06-04,3041.2561
2018-06-05,3055.1283
2018-06-06,3048.0554
2018-06-07,3054.9251
2018-06-08,3028.9538
2018-06-20,3004.3759
2018-06-21,2978.2766
2018-06-22,2972.2313
2018-06-25,2974.3715
2018-06-26,2959.7497
2018-06-27,2950.6982
2018-06-28,2904.5198
2018-06-29,2948.5162
2018-07-02,2935.5447
2018-07-03,2904.4488
2018-07-04,2920.8628
2018-07-05,2922.1962
2018-07-06,2914.4325
2018-07-09,2945.325
2018-07-10,2963.1933
2018-07-11,2957.6913
2018-07-12,2962.2091
2018-07-13,2974.1652
2018-07-16,2964.6089
2018-07-17,2956.0425
2018-07-18,2968.0169
2018-07-19,2960.0703
2018-07-20,2958.3943
2018-07-23,2966.2716
2018-07-24,2968.9742
2018-07-25,2975.7421
2018-07-26,2977.447
2018-07-27,2989.0483
2018-07-30,3002.4292
2018-07-31,2980.5123
2018-08-01,3001.9011
2018-08-02,2991.6124
2018-08-03,2989.1593
2018-08-06,3010.116
2018-08-07,3011.2072
2018-08-08,3013.3512
2018-08-09,3010.0309
2018-08-10,3010.1325
2018-08-13,2952.8056
2018-08-14,2925.5238
2018-08-15,2934.9042
2018-08-16,2919.8357
2018-08-20,2949.7974
2018-08-21,2962.2615
2018-08-23,2970.7915
2018-08-24,2964.5558
2018-08-27,2979.6116
2018-08-28,2980.5743
2018-08-29,2986.205
2018-08-30,2973.36
2018-08-31,2968.3552
2018-09-03,2947.5297
2018-09-04,2925.5035
2018-09-05,2859.3944
2018-09-06,2876.7045
2018-09-07,2894.8034
2018-09-10,2885.9566
2018-09-12,2882.9883
2018-09-13,2899.9339
2018-09-14,2920.6205
2018-09-17,2894.5657
2018-09-18,2891.9706
2018-09-19,2907.8299
2018-09-20,2926.2407
2018-09-21,2939.0314
2018-09-24,2918.4273
2018-09-25,2921.1467
2018-09-26,2921.9604
2018-09-27,2936.5076
2018-09-28,2953.5899
2018-10-01,2952.1332
2018-10-02,2930.5834
2018-10-03,2928.3355
2018-10-04,2898.4921
2018-10-05,2895.6167
2018-10-08,2892.87
2018-10-09,2896.4866
2018-10-10,2904.4433
2018-10-11,2872.567
2018-10-12,2879.9542
2018-10-15,2864.4635
2018-10-16,2881.071
2018-10-17,2904.5279
2018-10-18,2900.301
2018-10-19,2897.233
2018-10-22,2902.4195
2018-10-23,2892.087
2018-10-24,2865.5743
2018-10-25,2874.9804
2018-10-26,2874.063
2018-10-29,2865.5512
2018-10-30,2870.2166
2018-10-31,2886.9952
2018-11-01,2885.9946
2018-11-02,2904.221
2018-11-05,2910.2144
2018-11-06,2918.2446
2018-11-07,2927.8732
2018-11-08,2944.9972
2018-11-09,2921.9506
2018-11-12,2896.2135
2018-11-13,2905.6228
2018-11-14,2907.7371
2018-11-15,2930.9974
2018-11-16,2947.2552
2018-11-19,2946.2602
2018-11-21,2928.5961
2018-11-22,2939.1132
2018-11-23,2938.9583
2018-11-26,2942.3706
2018-11-27,2940.4848
2018-11-28,2930.963
2018-11-29,2962.6694
2018-11-30,2956.2499
2018-12-03,2978.2992
2018-12-04,2985.1514
2018-12-05,2976.5002
2018-12-06,2968.2531
2018-12-07,2972.6819
2018-12-10,2965.0723
2018-12-11,2954.2616
2018-12-12,2967.224
2018-12-13,2985.8009
2018-12-14,2983.5187
2018-12-17,2962.8611
2018-12-18,2962.5028
2018-12-19,2980.3419
2018-12-20,2974.7756
2018-12-21,2977.7309
2018-12-26,2964.6321
2018-12-27,2984.2243
2018-12-28,2995.7085
2019-01-02,2981.0801
2019-01-03,2990.0515
2019-01-04,3007.4605
2019-01-07,3019.2809
2019-01-08,3016.552
2019-01-09,3018.3734
2019-01-10,3033.4924
2019-01-11,3042.5304
2019-01-14,3033.0473
2019-01-15,3051.1864
2019-01-16,3056.787
2019-01-17,3060.0492
2019-01-18,3067.592
2019-01-21,3064.2522
2019-01-22,3062.4616
2019-01-23,3066.2296
2019-01-24,3072.5006
2019-01-25,3081.3216
2019-01-28,3072.876
2019-01-29,3063.695
2019-01-30,3071.1727
2019-01-31,3093.3686
2019-02-01,3098.1183
2019-02-04,3087.0798
2019-02-06,3110.865
2019-02-07,3103.7362
2019-02-08,3095.0652
2019-02-11,3084.6029
2019-02-12,3065.8828
2019-02-13,3065.9812
2019-02-14,3061.0451
2019-02-15,3049.2989
2019-02-18,3076.9466
2019-02-19,3081.4705
2019-02-20,3087.5
2019-02-21,3095.1651
2019-02-22,3090.0374
2019-02-25,3096.5748
2019-02-26,3098.6167
2019-02-27,3094.6863
2019-02-28,3072.5682
2019-03-01,3086.7154
2019-03-04,3077.7636
2019-03-05,3077.7636
2019-03-06,3080.2734
2019-03-08,3060.9212
2019-03-11,3058.0947
2019-03-12,3056.8633
2019-03-13,3065.7507
2019-03-14,3078.6933
2019-03-15,3085.6471
2019-03-18,3099.1501
2019-03-19,3099.1501
2019-03-20,3101.884
2019-03-21,3114.0638
2019-03-22,3117.3375
2019-03-25,3085.6886
2019-03-26,3101.28
2019-03-27,3096.0503
2019-03-28,3101.109
2019-03-29,3104.7949
2019-04-01,3106.4703
2019-04-02,3108.4372
2019-04-04,3116.8517
2019-04-05,3113.2113
2019-04-08,3098.459
2019-04-09,3115.1793
2019-04-10,3114.9311
2019-04-11,3097.486
2019-04-12,3094.1522
2019-04-15,3103.6633
2019-04-16,3118.5727
2019-04-18,3127.6888
2019-04-22,3104.4947
2019-04-23,3118.3655
2019-04-24,3114.6808
2019-04-25,3093.7286
2019-04-26,3100.1162
2019-04-29,3108.2803
2019-04-30,3107.639
2019-05-02,3082.3348
2019-05-03,3065.8831
2019-05-06,3045.9243
2019-05-07,3057.8218
2019-05-08,3047.6903
2019-05-09,3023.6499
2019-05-10,3028.9112
2019-05-13,3006.4558
2019-05-14,2997.9982
2019-05-15,2978.3449
2019-05-16,2956.7628
2019-05-17,2942.9158
2019-05-20,2962.6399
2019-05-21,2973.4478
2019-05-22,2972.131
2019-05-23,3000.4269
2019-05-24,3007.33
2019-05-27,3022.6379
2019-05-28,3002.2248
2019-05-29,3017.0272
2019-05-31,3048.2108
2019-06-10,3077.2895
2019-06-11,3081.1225
2019-06-12,3077.0645
2019-06-13,3084.6642
2019-06-14,3079.6182
2019-06-17,3064.7806
2019-06-18,3080.8139
2019-06-19,3104.8243
2019-06-20,3111.8907
2019-06-21,3105.8869
2019-06-24,3097.4964
2019-06-25,3110.0158
2019-06-26,3106.444
2019-06-27,3120.0649
2019-06-28,3126.6165
2019-07-01,3135.3234
2019-07-02,3136.8057
2019-07-03,3129.9702
2019-07-04,3137.4213
2019-07-05,3135.0328
2019-07-08,3127.6462
2019-07-09,3135.7975
2019-07-10,3143.8398
2019-07-11,3151.778
2019-07-12,3140.8533
2019-07-15,3157.2365
2019-07-16,3155.6524
2019-07-17,3152.6089
2019-07-18,3156.8025
2019-07-19,3160.833
2019-07-22,3151.3013
2019-07-23,3147.1802
2019-07-24,3144.148
2019-07-25,3145.7794
2019-07-26,3126.2135
2019-07-29,3122.1277
2019-07-30,3140.1218
2019-07-31,3140.3337
2019-08-01,3127.6988
2019-08-02,3113.2603
2019-08-05,3071.1404
2019-08-06,3060.4427
2019-08-07,3079.8327
2019-08-08,3105.06
2019-08-09,3107.2904
2019-08-12,3098.4504
2019-08-13,3087.0543
2019-08-14,3103.3348
2019-08-15,3098.8061
2019-08-16,3101.7805
2019-08-19,3107.4858
2019-08-20,3104.1484
2019-08-21,3096.7118
2019-08-22,3095.6104
2019-08-23,3099.6135
2019-08-26,3087.2303
2019-08-27,3096.8602
2019-08-28,3095.0823
2019-08-29,3094.9605
2019-08-30,3107.5245
2019-09-02,3098.8903
2019-09-03,3090.7861
2019-09-04,3098.0403
2019-09-05,3110.4925
2019-09-06,3114.1534
2019-09-09,3123.703
2019-09-10,3127.0984
2019-09-11,3138.0923
2019-09-12,3127.9232
2019-09-13,3127.6544
2019-09-16,3106.2587
2019-09-17,3111.615
2019-09-18,3119.4964
2019-09-19,3107.2717
2019-09-20,3107.2267
2019-09-23,3099.9296
2019-09-24,3079.395
2019-09-25,3077.3479
2019-09-26,3096.4733
2019-09-27,3088.1932
2019-09-30,3079.3074
2019-10-01,3071.84
2019-10-02,3048.8781
2019-10-03,3049.8135
2019-10-04,3052.5459
2019-10-07,3040.3415
2019-10-08,3050.2638
2019-10-09,3048.4575
2019-10-10,3047.4934
2019-10-11,3067.7125
2019-10-14,3073.3245
2019-10-15,3080.5552
2019-10-16,3082.1183
2019-10-17,3086.7415
2019-10-18,3091.0232
2019-10-21,3091.1213
2019-10-22,3096.1243
2019-10-23,3109.4918
2019-10-24,3128.4321
2019-10-25,3112.8615
2019-10-28,3114.5789
2019-10-29,3117.3534
2019-10-30,3119.3214
2019-10-31,3103.8315
2019-11-01,3089.7351
2019-11-04,3085.9199
2019-11-05,3102.2418
2019-11-06,3080.189
2019-11-07,3059.1309
2019-11-08,3059.5036
2019-11-11,3048.7394
2019-11-12,3050.6251
2019-11-13,3042.0908
2019-11-14,3032.2605
2019-11-15,3038.1631
2019-11-18,3030.1941
2019-11-19,3035.5052
2019-11-20,3035.7854
2019-11-21,3028.648
2019-11-22,3022.8612
2019-11-25,3013.8111
2019-11-26,3006.31
2019-11-27,2996.8781
2019-11-28,2974.2641
2019-11-29,2986.4023
2019-12-02,3009.6184
2019-12-03,3007.0098
2019-12-04,3004.451
2019-12-05,3018.2889
2019-12-06,3028.0998
2019-12-09,3032.9378
2019-12-10,3027.6941
2019-12-11,3023.2618
2019-12-12,3014.6962
2019-12-13,3030.0617
2019-12-16,3035.3171
2019-12-17,3033.1627
2019-12-18,3037.2348
2019-12-19,3033.5527
2019-12-20,3033.095
2019-12-23,3036.2805
2019-12-26,3041.7553
2019-12-27,3045.5507
2019-12-30,3043.508
2020-01-02,3038.568
2020-01-03,3046.9485
2020-01-06,3032.5265
2020-01-07,3033.9039
2020-01-08,3020.666
2020-01-09,3033.337
2020-01-10,3040.4051
2020-01-13,3046.5698
2020-01-14,3047.4157
2020-01-15,3030.91
2020-01-16,3035.703
2020-01-17,3035.1459
2020-01-20,3019.8565
2020-01-21,3014.3781
2020-01-22,3010.98
2020-01-23,3011.5225
2020-01-24,3011.4193
2020-01-27,2981.2951
2020-01-28,2981.6655
2020-01-29,2981.3498
2020-01-30,2966.5535
2020-01-31,2941.9094
2020-02-03,2926.3874
2020-02-04,2938.2681
2020-02-05,2947.0423
2020-02-06,2956.2247
2020-02-07,2958.42
2020-02-10,2942.4631
2020-02-11,2941.7065
2020-02-12,2933.8859
2020-02-13,2923.2915
2020-02-14,2923.7235
2020-02-17,2925.5645
2020-02-18,2933.8287
2020-02-19,2942.8334
2020-02-20,2948.2984
2020-02-21,2933.503
2020-02-24,2910.753
2020-02-25,2910.2794
2020-02-26,2884.3713
2020-02-27,2850.7243
2020-02-28,2828.4034
2020-03-02,2810.0415
2020-03-03,2848.7329
2020-03-04,2889.7736
2020-03-05,2888.75
2020-03-06,2851.6364
2020-03-09,2755.7585
2020-03-10,2772.6356
2020-03-11,2750.5226
2020-03-12,2683.5343
2020-03-13,2678.7066
2020-03-16,2628.2378
2020-03-17,2570.5116
2020-03-18,2533.2405
2020-03-19,2467.3976
2020-03-20,2480.4851
2020-03-23,2429.7849
2020-03-24,2412.3094
2020-03-26,2501.8311
2020-03-27,2555.0761
2020-03-30,2523.6956
2020-03-31,2554.6939
2020-04-01,2535.197
2020-04-02,2549.478
2020-04-03,2572.626
2020-04-06,2619.2846
2020-04-07,2612.9461
2020-04-08,2575.9675
2020-04-09,2581.6058
2020-04-13,2580.7717
2020-04-14,2602.2026
2020-04-15,2584.745
2020-04-16,2549.0426
2020-04-17,2579.8814
2020-04-20,2568.6225
2020-04-21,2549.1402
2020-04-22,2562.6672
2020-04-23,2564.4804
2020-04-24,2543.3362
2020-04-27,2545.4981
2020-04-28,2548.3743
2020-04-29,2556.6938
2020-04-30,2592.7435
2020-05-04,2562.6859
2020-05-05,2565.1689
2020-05-06,2558.7918
2020-05-08,2562.2466
2020-05-11,2571.5571
2020-05-12,2552.9989
2020-05-13,2550.8525
2020-05-14,2540.6097
2020-05-15,2538.9441
2020-05-18,2550.4408
2020-05-19,2562.8687
2020-05-20,2563.7055
2020-05-26,2584.8728
2020-05-27,2594.307
2020-05-28,2602.1306
2020-05-29,2611.8629
2020-06-02,2640.4182
2020-06-03,2670.2251
2020-06-04,2668.2861
2020-06-05,2680.5662
2020-06-08,2712.3476
2020-06-09,2701.4802
2020-06-10,2674.2317
2020-06-11,2656.816
2020-06-12,2663.5622
2020-06-15,2650.3371
2020-06-16,2694.9316
2020-06-17,2698.0903
2020-06-18,2689.4361
2020-06-19,2690.7962
2020-06-22,2683.8964
2020-06-23,2675.7947
2020-06-24,2696.2644
2020-06-25,2680.7484
2020-06-26,2685.2213
2020-06-29,2683.3205
2020-06-30,2685.1684
2020-07-01,2684.5952
2020-07-02,2696.2852
2020-07-03,2694.5729
2020-07-06,2700.2657
2020-07-07,2703.1329
2020-07-08,2723.2177
2020-07-09,2718.0305
2020-07-10,2712.0262
2020-07-13,2721.5655
2020-07-14,2722.5768
2020-07-15,2724.7617
2020-07-16,2729.3671
2020-07-17,2724.7552
2020-07-20,2715.064
2020-07-21,2734.3281
2020-07-22,2737.2987
2020-07-23,2748.2563
2020-07-24,2731.9403
2020-07-27,2742.5051
2020-07-28,2744.226
2020-07-29,2742.4469
2020-07-30,2750.4112
2020-08-03,2710.0421
2020-08-04,2724.9223
2020-08-05,2744.7771
2020-08-06,2758.274
2020-08-07,2752.7091
2020-08-10,2756.0775
2020-08-11,2764.3408
2020-08-12,2774.4599
2020-08-13,2775.7034
2020-08-14,2775.1518
2020-08-18,2790.3387
2020-08-19,2787.6101
2020-08-24,2789.9918
2020-08-25,2806.0526
2020-08-26,2804.9923
2020-08-27,2804.5605
2020-08-28,2799.2839
2020-08-31,2774.8136
2020-09-01,2791.8811
2020-09-02,2796.3424
2020-09-03,2785.1999
2020-09-04,2775.5863
2020-09-07,2775.8077
2020-09-08,2775.1706
2020-09-09,2743.4852
2020-09-10,2682.8827
2020-09-11,2710.8848
2020-09-14,2745.5326
2020-09-15,2731.1988
2020-09-16,2716.2058
2020-09-17,2707.2961
2020-09-18,2716.0554
2020-09-21,2698.1396
2020-09-22,2683.2832
2020-09-23,2677.5842
2020-09-24,2657.9456
2020-09-25,2685.4811
2020-09-28,2676.3543
2020-09-29,2668.3294
2020-09-30,2665.5361
2020-10-01,2693.1313
2020-10-02,2678.2728
2020-10-05,2685.6836
2020-10-06,2696.1608
2020-10-07,2696.5969
2020-10-08,2704.6036
2020-10-09,2707.4718
2020-10-12,2717.0471
2020-10-13,2727.7433
2020-10-14,2746.1849
2020-10-15,2729.6867
2020-10-16,2732.9102
2020-10-19,2743.285
2020-10-20,2737.1829
2020-10-21,2740.877
2020-10-22,2737.6787
2020-10-23,2741.5792
2020-10-26,2745.2628
2020-10-27,2740.0098
2020-11-02,2733.3352
2020-11-03,2745.9475
2020-11-04,2730.6336
2020-11-05,2771.0403
2020-11-06,2795.7357
2020-11-09,2806.3071
2020-11-10,2829.4308
2020-11-11,2848.5669
2020-11-12,2836.2599
2020-11-13,2840.6305
2020-11-16,2855.466
2020-11-17,2868.3754
2020-11-18,2876.329
2020-11-19,2883.088
2020-11-20,2880.6328
2020-11-23,2906.2979
2020-11-24,2918.8743
2020-11-25,2915.5959
2020-11-26,2939.9563
2020-11-27,2947.8822
2020-11-30,2904.627
2020-12-01,2928.408
2020-12-02,2955.9191
2020-12-03,2957.824
2020-12-04,2955.7498
2020-12-07,2989.0972
2020-12-08,2990.4187
2020-12-10,2988.2953
2020-12-11,2987.4691
2020-12-14,3009.9266
2020-12-15,3012.4786
2020-12-16,3045.9375
2020-12-17,3053.206
2020-12-18,3057.6487
2020-12-21,3073.6844
2020-12-22,3023.7028
2020-12-23,3017.0031
2020-12-28,3044.969
2020-12-29,3031.6057
2020-12-30,3008.7204
2021-01-04,3045.3425
2021-01-05,3051.3561
2021-01-06,3033.5146
2021-01-07,3055.994
2021-01-08,3076.0861
2021-01-11,3091.6282
2021-01-12,3089.0975
2021-01-13,3103.0028
2021-01-14,3102.5415
2021-01-15,3095.2482
2021-01-18,3095.8543
2021-01-19,3072.77
2021-01-20,3103.7932
2021-01-21,3101.0395
2021-01-22,3068.8201
2021-01-25,3057.8414
2021-01-26,3029.1031
2021-01-27,3028.3364
2021-01-28,2993.4646
2021-01-29,2968.8988
2021-02-01,3020.1699
2021-02-02,3010.5493
2021-02-03,3017.3425
2021-02-04,3024.3422
2021-02-05,3035.5284
2021-02-08,3047.4619
2021-02-09,3030.3327
2021-02-10,3034.8192
2021-02-11,3039.0215
2021-02-15,3052.3262
2021-02-16,3055.2194
2021-02-17,3034.5255
2021-02-18,3024.7353
2021-02-19,3029.6635
2021-02-22,3030.4931
2021-02-23,3037.0568
2021-02-24,3031.6342
2021-02-25,3039.7696
2021-02-26,3021.9928
2021-03-01,3046.7339
2021-03-02,3045.3152
2021-03-03,3047.1754
2021-03-04,3028.4245
2021-03-05,3012.0004
2021-03-08,3009.1922
2021-03-09,2994.3507
2021-03-10,3006.1371
2021-03-12,3027.0066
2021-03-15,3023.1858
2021-03-16,3017.1738
2021-03-17,3013.3357
2021-03-18,3029.1493
2021-03-19,3027.6191
2021-03-22,3014.3633
2021-03-23,3005.6495
2021-03-24,2988.0453
2021-03-25,2984.7691
2021-03-26,3004.254
2021-03-29,2994.7847
2021-03-30,2969.9117
2021-03-31,2954.2221
2021-04-01,2957.9042
2021-04-05,2952.7158
2021-04-06,2968.0849
2021-04-07,2974.9422
2021-04-08,2982.6392
2021-04-09,2981.3165
2021-04-12,2947.6658
2021-04-13,2945.8905
2021-04-14,2971.3379
2021-04-15,2973.389
2021-04-16,2978.7231
2021-04-19,2973.8487
2021-04-20,2975.2218
2021-04-21,2967.0161
2021-04-22,2967.3831
2021-04-23,2970.9851
2021-04-26,2963.485
2021-04-27,2959.3013
2021-04-28,2960.5923
2021-04-29,2971.8338
2021-04-30,2967.3778
2021-05-03,2957.7562
2021-05-04,2965.6292
2021-05-05,2969.4393
2021-05-06,2968.199
2021-05-07,2958.2463
2021-05-10,2974.7013
2021-05-11,2965.3147
2021-05-17,2941.4711
2021-05-18,2946.3534
2021-05-19,2929.7436
2021-05-20,2937.039
2021-05-21,2931.5942
2021-05-24,2928.9923
2021-05-25,2941.3071
2021-05-27,2947.7869
2021-05-28,2947.1269
2021-05-31,2970.6775
2021-06-02,2995.5254
2021-06-03,3007.5418
2021-06-04,2995.4245
2021-06-07,2998.696
2021-06-08,2984.3062
2021-06-09,3000.5644
2021-06-10,3009.9495
2021-06-11,3012.2602
2021-06-14,2998.8265
2021-06-15,2992.6907
2021-06-16,2988.7673
2021-06-17,2977.332
2021-06-18,2957.3138
2021-06-21,2953.1112
2021-06-22,2969.923
2021-06-23,2958.3524
2021-06-24,2952.2327
2021-06-25,2952.7432
2021-06-28,2929.7069
2021-06-29,2930.8413
2021-06-30,2940.918
2021-07-01,2941.0104
2021-07-02,2944.8192
2021-07-05,2939.6719
2021-07-06,2956.9136
2021-07-07,2953.6808
2021-07-08,2949.714
2021-07-09,2950.5621
2021-07-12,2953.0922
2021-07-13,2934.8273
2021-07-14,2928.7259
2021-07-15,2944.8084
2021-07-16,2953.2172
2021-07-19,2945.6291
2021-07-21,2950.9124
2021-07-22,2974.3232
2021-07-23,2965.7927
2021-07-26,2969.0045
2021-07-27,2964.6975
2021-07-28,2960.5744
2021-07-29,2967.0242
2021-07-30,2956.0708
2021-08-02,2963.9814
2021-08-03,2972.1141
2021-08-04,2976.9764
2021-08-05,2980.0225
2021-08-06,2978.7801
2021-08-09,2960.1447
2021-08-10,2954.7395
2021-08-12,2972.6089
2021-08-13,2970.442
2021-08-16,2963.7788
2021-08-18,2972.1007
2021-08-19,2946.5559
2021-08-20,2954.7419
2021-08-23,2974.9343
2021-08-24,2966.2254
2021-08-25,2972.0904
2021-08-26,2958.3566
2021-08-27,2952.5212
2021-08-30,2981.9801
2021-08-31,2984.6439
2021-09-01,2975.7524
2021-09-02,2975.4976
2021-09-03,2990.256
2021-09-06,2998.096
2021-09-07,2994.8507
2021-09-08,2973.1024
2021-09-09,2984.7272
2021-09-10,2990.0424
2021-09-13,2988.6179
2021-09-14,2999.5293
2021-09-15,2999.2335
2021-09-16,2996.2884
2021-09-17,2995.9592
2021-09-20,2981.564
2021-09-21,2980.5042
2021-09-22,2992.9305
2021-09-23,2998.0054
2021-09-24,2996.7762
2021-09-27,2993.3735
2021-09-28,2993.5307
2021-09-29,3003.915
2021-09-30,3027.6488
2021-10-01,3022.0674
2021-10-04,3055.0224
2021-10-05,3045.5426
2021-10-06,3065.6771
2021-10-07,3055.4079
2021-10-08,3073.2034
2021-10-11,3074.932
2021-10-12,3080.1418
2021-10-13,3085.687
2021-10-14,3104.2756
2021-10-15,3101.3008
2021-10-18,3111.7814
2021-10-19,3110.4267
2021-10-21,3099.7883
2021-10-22,3099.4101
2021-10-25,3093.9001
2021-10-26,3099.0849
2021-10-27,3085.3905
2021-10-28,3067.351
2021-10-29,3083.0793
2021-11-01,3074.5738
2021-11-02,3059.9345
2021-11-03,3073.9973
2021-11-04,3083.2159
2021-11-05,3080.177
2021-11-08,3089.9902
2021-11-09,3095.9054
2021-11-10,3098.4857
2021-11-11,3096.7784
2021-11-12,3091.3413
2021-11-15,3082.249
2021-11-16,3092.3497
2021-11-17,3096.5646
2021-11-18,3091.096
2021-11-19,3111.9532
2021-11-22,3112.0964
2021-11-23,3103.3967
2021-11-24,3105.442
2021-11-25,3114.0235
2021-11-26,3076.6578
2021-11-29,3087.1289
2021-11-30,3067.6561
2021-12-01,3060.4502
2021-12-02,3076.1641
2021-12-03,3068.4338
2021-12-06,3076.5308
2021-12-07,3091.9154
2021-12-08,3089.1267
2021-12-09,3104.1191
2021-12-10,3100.0337
2021-12-13,3098.2917
2021-12-14,3090.7643
2021-12-15,3091.7009
2021-12-16,3083.5505
2021-12-17,3083.5777
2021-12-20,3072.3977
2021-12-21,3077.5074
2021-12-22,3070.201
2021-12-23,3075.9889
2021-12-24,3077.4161
2021-12-27,3079.1206
2021-12-28,3085.4004
2021-12-29,3085.9056
2021-12-30,3078.3675
2022-01-03,3097.9055
2022-01-04,3099.8841
2022-01-05,3083.8827
2022-01-06,3078.907
2022-01-07,3087.5135
2022-01-10,3082.3568
2022-01-11,3065.3636
2022-01-12,3066.5276
2022-01-13,3075.2087
2022-01-14,3079.281
2022-01-17,3068.9747
2022-01-18,3058.88
2022-01-19,3051.1349
2022-01-20,3059.6251
2022-01-21,3076.6722
2022-01-24,3064.3929
2022-01-25,3041.4394
2022-01-26,3051.5666
2022-01-27,3049.7083
2022-01-28,3061.315
2022-01-31,3057.1876
2022-02-02,3069.6503
2022-02-03,3068.1681
2022-02-04,3071.086
2022-02-07,3086.3058
2022-02-08,3082.4217
2022-02-09,3094.1393
2022-02-10,3095.4015
2022-02-11,3095.6705
2022-02-14,3079.0309
2022-02-15,3096.2438
2022-02-16,3104.6467
2022-02-17,3101.3401
2022-02-18,3114.7571
2022-02-21,3115.2898
2022-02-22,3103.9097
2022-02-23,3115.8694
2022-02-24,3102.21
2022-02-25,3112.0034
2022-03-01,3116.9836
2022-03-02,3108.5924
2022-03-04,3130.2375
2022-03-07,3128.5875
2022-03-08,3117.586
2022-03-09,3119.0165
2022-03-10,3121.0145
2022-03-11,3128.5844
2022-03-14,3124.9385
2022-03-15,3112.0141
2022-03-16,3127.9506
2022-03-17,3124.3136
2022-03-18,3123.6597
2022-03-21,3128.1609
2022-03-22,3140.9932
2022-03-23,3145.4182
2022-03-24,3162.0819
2022-03-25,3153.2268
2022-03-28,3164.2637
2022-03-29,3151.2369
2022-03-30,3153.8467
2022-03-31,3153.5348
2022-04-01,3159.2371
2022-04-04,3170.6481
2022-04-05,3178.5562
2022-04-06,3167.4719
2022-04-07,3173.4527
2022-04-08,3191.366
2022-04-11,3177.3474
2022-04-12,3180.0855
2022-04-13,3194.7928
2022-04-14,3190.4004
2022-04-18,3204.7771
2022-04-19,3194.1041
2022-04-20,3205.226
2022-04-21,3210.2715
2022-04-22,3195.6502
2022-04-25,3190.5195
2022-04-26,3195.1717
2022-04-27,3195.4375
2022-04-28,3209.5283
2022-05-09,3152.3237
2022-05-10,3133.1164
2022-05-11,3134.1107
2022-05-12,3092.0041
2022-05-13,3101.0243
2022-05-17,3114.8821
2022-05-18,3128.614
2022-05-19,3123.2265
2022-05-20,3141.3096
2022-05-23,3129.0081
2022-05-24,3144.1631
2022-05-25,3136.9564
2022-05-27,3164.1444
2022-05-30,3173.2437
2022-05-31,3199.2633
2022-06-02,3189.8524
2022-06-03,3200.2149
2022-06-06,3197.7248
2022-06-07,3196.5598
2022-06-08,3205.5565
2022-06-09,3194.3989
2022-06-10,3167.9253
2022-06-13,3138.6296
2022-06-14,3141.1032
2022-06-15,3123.5374
2022-06-16,3137.2071
2022-06-17,3118.2278
2022-06-20,3124.0868
2022-06-21,3138.3898
2022-06-22,3125.0332
2022-06-23,3127.3237
2022-06-24,3136.6458
2022-06-27,3132.2362
2022-06-28,3127.9497
2022-06-29,3116.8343
2022-06-30,3107.3599
2022-07-01,3082.5228
2022-07-04,3060.9874
2022-07-05,3079.3565
2022-07-06,3068.384
2022-07-07,3070.0579
2022-07-08,3082.18
2022-07-11,3080.8012
2022-07-12,3084.1041
2022-07-13,3070.5034
2022-07-14,3076.8048
2022-07-15,3065.6162
2022-07-18,3073.3316
2022-07-19,3088.0824
2022-07-20,3111.0191
2022-07-21,3112.2777
2022-07-22,3116.863
2022-07-25,3114.6654
2022-07-26,3121.9793
2022-07-27,3130.7001
2022-07-28,3144.9664
2022-07-29,3148.711
2022-08-01,3157.3593
2022-08-02,3155.2438
2022-08-03,3166.4569
2022-08-04,3165.1523
2022-08-05,3172.1467
2022-08-08,3176.222
2022-08-09,3183.9189
2022-08-10,3179.4193
2022-08-11,3195.824
2022-08-12,3194.4608
2022-08-15,3187.0776
2022-08-16,3180.7121
2022-08-18,3189.1519
2022-08-19,3185.5036
2022-08-22,3171.11
2022-08-23,3187.8482
2022-08-24,3193.2873
2022-08-25,3192.6438
2022-08-26,3189.3012
2022-08-29,3187.4059
2022-08-30,3192.0826
2022-08-31,3194.5594
2022-09-01,3194.1153
2022-09-02,3200.6548
2022-09-05,3215.7503
2022-09-06,3220.6205
2022-09-07,3206.9879
2022-09-08,3212.7388
2022-09-09,3212.787
2022-09-12,3219.8365
2022-09-13,3231.3754
2022-09-14,3226.0236
2022-09-15,3232.1862
2022-09-16,3210.447
2022-09-19,3212.0516
2022-09-20,3206.7147
2022-09-21,3203.1095
2022-09-22,3211.6072
2022-09-23,3201.4879
2022-09-26,3185.1535
2022-09-27,3184.7953
2022-09-28,3170.9295
2022-09-29,3164.6939
2022-09-30,3165.5921
2022-10-03,3165.6531
2022-10-04,3181.0864
2022-10-05,3182.9542
2022-10-06,3184.4064
2022-10-07,3178.3269
2022-10-10,3168.6483
2022-10-11,3161.2411
2022-10-12,3158.2829
2022-10-13,3153.8983
2022-10-14,3143.2198
2022-10-17,3142.7345
2022-10-18,3142.0332
2022-10-19,3146.8535
2022-10-20,3172.3024
2022-10-21,3174.8449
2022-10-24,3183.6478
2022-10-25,3180.2588
2022-10-26,3183.4711
2022-10-27,3193.091
2022-10-28,3186.0927
2022-10-31,3194.7918
2022-11-01,3180.6588
2022-11-02,3174.3532
2022-11-03,3174.8345
2022-11-04,3177.3312
2022-11-07,3188.5401
2022-11-08,3180.5216
2022-11-09,3180.9035
2022-11-10,3162.3251
2022-11-11,3182.3243
2022-11-14,3171.4988
2022-11-15,3174.4032
2022-11-16,3163.1807
2022-11-17,3164.6641
2022-11-18,3167.3168
2022-11-21,3168.1308
2022-11-22,3167.6927
2022-11-23,3177.976
2022-11-24,3184.6083
2022-11-25,3179.9752
2022-11-28,3171.3849
2022-11-29,3176.1717
2022-11-30,3187.7206
2022-12-01,3188.5704
2022-12-02,3185.4108
2022-12-05,3172.0543
2022-12-06,3149.8236
2022-12-07,3135.8356
2022-12-08,3140.5275
2022-12-09,3126.2173
2022-12-12,3137.9938
2022-12-13,3146.2668
2022-12-14,3148.272
2022-12-15,3138.0438
2022-12-16,3145.5874
2022-12-19,3140.8389
2022-12-20,3129.8219
2022-12-21,3129.1773
2022-12-22,3132.5466
2022-12-23,3125.1948
2022-12-26,3125.133
2022-12-27,3127.0018
2022-12-28,3117.949
2022-12-29,3122.1403
2022-12-30,3120.2499
2023-01-02,3118.4854
2023-01-03,3129.3806
2023-01-04,3111.8317
2023-01-05,3079.2118
2023-01-06,3085.7606
2023-01-09,3088.3201
2023-01-10,3077.9837
2023-01-11,3074.4186
2023-01-12,3086.7282
2023-01-13,3087.2587
2023-01-16,3097.3929
2023-01-17,3112.2601
2023-01-18,3112.6317
2023-01-19,3126.841
2023-01-20,3132.6431
2023-01-24,3131.896
2023-01-25,3127.2016
2023-01-26,3137.9028
2023-01-27,3143.7166
2023-01-30,3138.0102
2023-01-31,3131.2079
2023-02-01,3138.6664
2023-02-02,3141.996
2023-02-03,3145.8173
2023-02-06,3138.2943
2023-02-07,3147.2386
2023-02-08,3149.6618
2023-02-09,3140.5866
2023-02-10,3139.2061
2023-02-13,3140.0142
2023-02-14,3147.243
2023-02-15,3144.4802
2023-02-16,3141.1274
2023-02-17,3139.2609
2023-02-20,3141.9297
2023-02-21,3137.6278
2023-02-22,3123.4608
2023-02-23,3129.368
2023-02-24,3131.6092
2023-02-27,3127.4988
2023-02-28,3125.1362
2023-03-01,3127.7381
2023-03-02,3127.9106
2023-03-03,3120.6491
2023-03-06,3118.4125
2023-03-07,3108.7091
2023-03-08,3105.8697
2023-03-09,3112.4854
2023-03-10,3105.8339
2023-03-13,3105.7118
2023-03-14,3077.4008
2023-03-15,3069.7132
2023-03-16,3055.1033
2023-03-17,3080.1908
2023-03-20,3067.5414
2023-03-21,3081.7215
2023-03-24,3099.903
2023-03-27,3098.5461
2023-03-28,3112.1074
2023-03-29,3130.5934
2023-03-30,3122.4832
2023-03-31,3121.8615
2023-04-03,3124.9166
2023-04-04,3125.9434
2023-04-05,3125.2137
2023-04-06,3123.2709
2023-04-10,3118.5665
2023-04-11,3128.358
2023-04-12,3129.5607
2023-04-13,3128.3835
2023-04-14,3133.0867
2023-04-17,3125.5379
2023-04-18,3133.5145
2023-04-26,3148.5378
2023-04-27,3146.6588
2023-04-28,3153.243
2023-05-02,3138.0204
2023-05-03,3130.251
2023-05-04,3133.8538
2023-05-05,3127.1143
2023-05-08,3129.9806
2023-05-09,3138.4577
2023-05-10,3142.7328
2023-05-11,3134.6866
2023-05-12,3129.4598
2023-05-15,3129.1938
2023-05-16,3121.5001
2023-05-17,3120.0392
2023-05-19,3124.6367
2023-05-22,3131.2017
2023-05-23,3130.317
2023-05-24,3136.6128
2023-05-25,3131.4821
2023-05-26,3130.3618
2023-05-29,3133.0728
2023-05-30,3130.5496
2023-05-31,3122.5343
2023-06-05,3134.0667
2023-06-06,3141.9695
2023-06-07,3146.7064
2023-06-08,3152.5847
2023-06-09,3156.0102
2023-06-12,3162.6017
2023-06-13,3158.4706
2023-06-14,3157.723
2023-06-15,3161.3537
2023-06-16,3158.9206
2023-06-19,3153.6361
2023-06-20,3145.6196
2023-06-21,3155.7991
2023-06-22,3147.5452
2023-06-23,3143.8733
2023-06-26,3147.881
2023-06-27,3147.6033
2023-07-03,3156.8885
2023-07-04,3159.0594
2023-07-05,3167.7211
2023-07-06,3174.0464
2023-07-07,3166.0862
2023-07-10,3168.3998
2023-07-11,3179.9354
2023-07-12,3182.1944
2023-07-13,3178.8601
2023-07-14,3187.8536
2023-07-17,3184.8677
2023-07-18,3177.9159
2023-07-20,3186.5988
2023-07-21,3190.3321
2023-07-24,3192.3488
2023-07-25,3189.075
2023-07-26,3194.8294
2023-07-27,3184.3011
2023-07-28,3185.8495
2023-07-31,3192.3011
2023-08-01,3182.2836
2023-08-02,3177.1529
2023-08-03,3188.0049
2023-08-04,3182.3752
2023-08-07,3189.2914
2023-08-08,3188.5546
2023-08-09,3190.6443
2023-08-10,3191.9707
2023-08-11,3189.0108
2023-08-14,3194.0846
2023-08-15,3198.23
2023-08-16,3196.7386
2023-08-18,3185.5528
2023-08-21,3180.5804
2023-08-22,3188.8512
2023-08-23,3190.7717
2023-08-24,3185.2616
2023-08-25,3182.5684
2023-08-28,3187.4576
2023-08-29,3194.2191
2023-08-30,3198.4273
2023-08-31,3192.075
2023-09-01,3198.8799
2023-09-04,3204.8955
2023-09-05,3203.5975
2023-09-06,3205.6498
2023-09-07,3192.3513
2023-09-08,3187.8982
2023-09-11,3198.4853
2023-09-12,3192.9506
2023-09-13,3193.7758
2023-09-14,3196.4612
2023-09-15,3199.0929
2023-09-18,3189.5701
2023-09-19,3199.6718
2023-09-20,3203.9825
2023-09-21,3198.7368
2023-09-22,3207.1519
2023-09-25,3200.7555
2023-09-26,3178.9497
2023-09-27,3183.8909
2023-09-29,3181.2404
2023-10-02,3183.3049
2023-10-03,3174.3842
2023-10-04,3154.6268
2023-10-05,3151.5414
2023-10-06,3157.1283
2023-10-09,3158.1667
2023-10-10,3163.9437
2023-10-11,3165.1702
2023-10-12,3166.9837
2023-10-13,3164.2953
2023-10-16,3158.5941
2023-10-17,3161.8601
2023-10-18,3153.0838
2023-10-19,3130.0802
2023-10-20,3126.051
2023-10-23,3102.2029
2023-10-24,3117.7036
2023-10-25,3119.6074
2023-10-26,3094.5613
2023-10-27,3103.2641
2023-10-30,3090.2832
2023-10-31,3094.4207
2023-11-01,3069.2478
2023-11-02,3087.0997
2023-11-03,3094.7804
2023-11-06,3114.275
2023-11-07,3098.929
2023-11-08,3087.4171
2023-11-09,3089.654
2023-11-10,3079.8461
2023-11-13,3083.5552
2023-11-14,3086.7221
2023-11-15,3107.6036
2023-11-16,3106.9993
2023-11-17,3107.1439
2023-11-20,3109.1845
2023-11-21,3107.2184
2023-11-22,3098.0551
2023-11-23,3110.3905
2023-11-24,3112.5313
2023-11-27,3111.4516
2023-11-28,3114.6365
2023-11-29,3118.1087
2023-11-30,3123.0503
2023-12-01,3126.1907
2023-12-04,3126.3208
2023-12-05,3126.5045
2023-12-06,3123.0929
2023-12-07,3119.1437
2023-12-08,3121.3345
2023-12-11,3106.2148
2023-12-12,3109.6948
2023-12-13,3097.2421
2023-12-14,3124.3949
2023-12-15,3126.1805
2023-12-18,3115.2783
2023-12-19,3125.8825
2023-12-20,3131.7813
2023-12-21,3126.5538
2023-12-22,3129.3774
2023-12-27,3132.6976
2023-12-28,3144.1134
2023-12-29,3143.4258
2024-01-02,3151.2372
2024-01-03,3144.4432
2024-01-04,3161.2215
2024-01-05,3158.8743
2024-01-08,3150.6703
2024-01-09,3147.463
2024-01-10,3153.2285
2024-01-11,3158.3321
2024-01-12,3162.2098
2024-01-15,3162.1527
2024-01-16,3162.3271
2024-01-17,3152.4024
2024-01-18,3155.5026
2024-01-19,3154.2343
2024-01-22,3152.2968
2024-01-23,3145.4728
2024-01-24,3136.6548
2024-01-25,3132.5803
2024-01-26,3126.0021
2024-01-29,3132.8249
2024-01-30,3139.4744
2024-01-31,3145.7894
2024-02-01,3145.4425
2024-02-02,3150.9323
2024-02-05,3139.0957
2024-02-06,3145.4269
2024-02-07,3144.8265
2024-02-12,3156.3214
2024-02-13,3147.2804
2024-02-15,3164.1424
2024-02-16,3161.0966
2024-02-19,3149.2595
2024-02-20,3163.3926
2024-02-21,3164.9974
2024-02-22,3170.689
2024-02-23,3166.617
2024-02-26,3160.8461
2024-02-27,3163.6212
2024-02-28,3168.2974
2024-02-29,3164.6547
2024-03-01,3165.0064
2024-03-04,3159.9007
2024-03-05,3151.2588
2024-03-06,3158.2486
2024-03-07,3161.1494
2024-03-08,3164.3714
2024-03-13,3171.6655
2024-03-14,3180.3439
2024-03-15,3167.2273
2024-03-18,3166.0302
2024-03-19,3169.2668
2024-03-20,3173.8335
2024-03-21,3177.994
2024-03-22,3179.6792
2024-03-25,3185.032
2024-03-26,3181.7895
2024-03-27,3174.1736
2024-03-28,3168.9635
2024-04-01,3151.9464
2024-04-02,3158.8981
2024-04-03,3148.513
2024-04-04,3162.3326
2024-04-05,3161.0935
2024-04-16,3135.4246
2024-04-17,3118.9255
2024-04-18,3122.3173
2024-04-19,3102.9167
2024-04-22,3108.9513
2024-04-23,3114.9022
2024-04-24,3112.9274
2024-04-25,3097.536
2024-04-26,3071.7238
2024-04-29,3088.914
2024-04-30,3103.2357
2024-05-02,3076.7523
2024-05-03,3082.4102
2024-05-06,3092.0531
2024-05-07,3088.7023
2024-05-08,3083.843
2024-05-13,3084.2581
2024-05-14,3085.1565
2024-05-15,3093.52
2024-05-16,3108.2186
2024-05-17,3118.3387
2024-05-20,3111.2347
2024-05-21,3091.0186
2024-05-22,3095.9526
2024-05-27,3079.1459
2024-05-28,3090.2177
2024-05-29,3079.7344
2024-05-30,3067.8932
2024-05-31,3061.0884
2024-06-03,3079.2075
2024-06-04,3084.5252
2024-06-05,3069.2783
2024-06-06,3078.7594
2024-06-07,3075.405
2024-06-10,3067.5607
2024-06-11,3050.6223
2024-06-12,3040.8439
2024-06-13,3040.0447
2024-06-14,3016.455
2024-06-19,3009.3108
2024-06-20,3026.3476
2024-06-21,3047.0399
2024-06-24,3047.2736
2024-06-25,3045.2445
2024-06-26,3045.9342
2024-06-27,3057.0649
2024-06-28,3074.7111
2024-07-01,3082.7834
2024-07-02,3079.9785
2024-07-03,3084.8472
2024-07-04,3090.5835
2024-07-05,3098.5547
2024-07-08,3104.498
2024-07-09,3110.1454
2024-07-10,3111.5612
2024-07-11,3117.2922
2024-07-12,3125.262
2024-07-15,3118.015
2024-07-16,3115.9528
2024-07-17,3124.0387
2024-07-18,3135.0869
2024-07-19,3128.6683
2024-07-22,3136.196
2024-07-23,3132.2616
2024-07-24,3123.8317
2024-07-25,3117.9197
2024-07-26,3127.4084
2024-07-29,3127.4596
2024-07-30,3119.7952
2024-07-31,3128.2761
2024-08-01,3140.4556
2024-08-02,3136.8987
2024-08-05,3094.0478
2024-08-06,3107.9072
2024-08-07,3118.8067
2024-08-08,3120.6387
2024-08-09,3129.4843
2024-08-12,3139.1757
2024-08-13,3151.5276
2024-08-14,3165.1709
2024-08-15,3162.888
2024-08-16,3172.0636
2024-08-19,3177.4024
2024-08-20,3194.4516
2024-08-21,3197.2714
2024-08-22,3180.9791
2024-08-23,3198.465
2024-08-26,3210.8994
2024-08-27,3208.3442
2024-08-28,3216.9308
2024-08-29,3208.5097
2024-08-30,3208.7834
2024-09-02,3215.486
2024-09-03,3205.3409
2024-09-04,3205.2654
2024-09-05,3219.1106
2024-09-06,3225.1658
2024-09-09,3220.0543
2024-09-10,3229.4447
2024-09-11,3229.3956
2024-09-12,3239.5723
2024-09-13,3235.8993
2024-09-17,3246.8483
2024-09-18,3249.3574
2024-09-19,3264.2107
2024-09-20,3260.9092
2024-09-23,3273.8359
2024-09-24,3276.1055
2024-09-25,3268.89
2024-09-26,3271.6746
2024-09-27,3270.8856
2024-09-30,3251.9702
2024-10-01,3266.3695
2024-10-02,3247.8937
2024-10-03,3247.3044
2024-10-04,3238.0104
2024-10-07,3240.3717
2024-10-08,3246.3759
2024-10-09,3236.6992
2024-10-10,3236.5248
2024-10-11,3247.0781
2024-10-14,3250.5405
2024-10-15,3258.0535
2024-10-16,3261.5883
2024-10-17,3273.1405
2024-10-18,3274.6239
2024-10-21,3280.2656
2024-10-22,3278.0185
2024-10-23,3274.593
2024-10-24,3264.7879
2024-10-25,3257.3435
2024-10-28,3247.6737
2024-10-29,3240.9115
2024-10-30,3237.3639
2024-10-31,3241.941
2024-11-01,3229.0213
2024-11-04,3225.8162
2024-11-05,3235.8792
2024-11-06,3210.47
2024-11-07,3202.1403
2024-11-08,3202.2982
2024-11-11,3196.3203
2024-11-12,3201.0866
2024-11-13,3195.2728
2024-11-14,3177.7454
2024-11-15,3170.4304
2024-11-18,3164.6228
2024-11-19,3175.3043
2024-11-20,3172.1916
2024-11-21,3164.9156
2024-11-22,3171.0988
2024-11-25,3187.2635
2024-11-26,3174.997
2024-11-28,3159.6977
2024-11-29,3158.48
2024-12-02,3143.9229
2024-12-03,3164.0809
2024-12-04,3181.765
2024-12-05,3175.1049
2024-12-06,3181.1877
2024-12-09,3204.394
2024-12-10,3210.5441
2024-12-11,3210.2077
2024-12-12,3194.3698
2024-12-13,3181.5738
2024-12-16,3168.2846
2024-12-17,3142.6017
2024-12-18,3134.5194
2024-12-19,3108.0536
2024-12-20,3108.1328
2024-12-23,3124.5297
2024-12-24,3122.2672
2024-12-27,3128.9382
2024-12-30,3137.1304
2025-01-02,3148.6079
2025-01-03,3145.9255
2025-01-06,3129.5623
2025-01-07,3125.7808
2025-01-08,3122.8693
2025-01-09,3118.0681
2025-01-10,3126.1708
2025-01-13,3112.6269
2025-01-14,3107.0862
2025-01-15,3128.3402
2025-01-16,3132.7748
2025-01-17,3137.6389
2025-01-20,3142.3583
2025-01-21,3146.2932
2025-01-22,3153.4277
2025-01-23,3150.064
2025-01-24,3143.3097
2025-01-30,3132.136
2025-01-31,3137.8705
2025-02-03,3118.7444
2025-02-04,3123.9339
2025-02-05,3119.1319
2025-02-06,3096.5118
2025-02-07,3093.5964
2025-02-10,3078.064
2025-02-11,3059.0825
2025-02-12,3080.0755
2025-02-13,3080.9368
2025-02-14,3091.9511
2025-02-17,3119.7319
2025-02-18,3130.4094
2025-02-19,3114.5819
2025-02-20,3111.1328
2025-02-21,3108.952
2025-02-24,3102.1269
2025-02-25,3071.4719
2025-02-26,3067.4279
2025-02-27,3047.1449
2025-02-28,3003.9961
2025-03-03,3045.169
2025-03-04,3017.1194
2025-03-05,3038.9019
2025-03-06,3053.0401
2025-03-07,3053.5326
2025-03-10,3040.3028
2025-03-11,3024.4884
2025-03-12,3033.7064
2025-03-13,3024.2553
2025-03-14,3010.4274
2025-03-17,3012.3096
2025-03-18,2978.7205
2025-03-19,2987.654
2025-03-20,2983.4736
2025-03-21,2958.7394
2025-03-24,2941.6664
2025-03-25,2959.1125
2025-03-26,3004.0366
2025-03-27,3011.2323
2025-04-08,2907.7342
2025-04-09,2904.6899
2025-04-10,2962.8869
2025-04-11,2972.0251
2025-04-14,3014.8591
2025-04-15,3022.0925
2025-04-16,3019.8093
2025-04-17,3028.5501
2025-04-21,3030.4894
2025-04-22,3048.8489
2025-04-23,3066.5338
2025-04-24,3067.1392
2025-04-25,3085.1774
2025-04-28,3091.7905
2025-04-29,3098.9205
2025-04-30,3100.9562
2025-05-02,3106.3603
2025-05-05,3112.9889
2025-05-06,3123.3322
2025-05-07,3132.0753
2025-05-08,3117.2644
2025-05-09,3116.4205
2025-05-14,3144.4712
2025-05-15,3158.2555
2025-05-16,3172.1765
2025-05-19,3186.8518
2025-05-20,3173.0597
2025-05-21,3188.0065
2025-05-22,3192.8042
2025-05-23,3199.6665
2025-05-26,3199.373
2025-05-27,3200.1893
2025-05-28,3195.0963
2025-06-02,3178.552
2025-06-03,3177.1238
2025-06-04,3185.4402
2025-06-05,3187.2552
2025-06-10,3202.2984
2025-06-11,3211.3451
2025-06-12,3212.2128
2025-06-13,3205.8273
2025-06-16,3204.632
2025-06-17,3208.0559
2025-06-18,3202.8761
2025-06-19,3175.284
2025-06-20,3161.8578
2025-06-23,3142.157
2025-06-24,3156.8413
2025-06-25,3140.0358
2025-06-26,3152.5786
2025-06-30,3164.2235
2025-07-01,3160.505
2025-07-02,3155.2784
2025-07-03,3160.5586
2025-07-04,3160.1819
2025-07-07,3165.1209
2025-07-08,3163.2734
2025-07-09,3174.2471
2025-07-10,3188.9337
2025-07-11,3197.8431
2025-07-14,3202.0266
2025-07-15,3209.8479
2025-07-16,3213.1398
2025-07-17,3222.7093
2025-07-18,3229.5668
2025-07-21,3241.0197
2025-07-22,3226.9143
2025-07-23,3240.7635
2025-07-24,3244.0513
2025-07-25,3237.9353
2025-07-28,3253.2287
2025-07-29,3260.6939
2025-07-30,3253.7135
2025-07-31,3238.1059
2025-08-01,3250.5824
2025-08-04,3248.0831
2025-08-05,3251.2216
2025-08-06,3254.4556
2025-08-07,3255.196
2025-08-08,3259.2924
2025-08-11,3269.0499
2025-08-12,3288.7436
2025-08-13,3295.4678
2025-08-14,3298.9625
2025-08-15,3284.6131
2025-08-19,3291.4181
2025-08-20,3307.5254
2025-08-21,3307.2744
2025-08-22,3303.4706
2025-08-25,3321.151
2025-08-26,3313.0241
2025-08-27,3314.5028
2025-08-28,3317.4876
2025-08-29,3290.6433
2025-09-01,3274.8314
2025-09-02,3295.6341
2025-09-03,3302.6798
2025-09-04,3298.0363
2025-09-08,3280.9145
2025-09-09,3269.3423
2025-09-10,3277.3911
2025-09-11,3289.7557
2025-09-12,3307.0131
2025-09-15,3319.73
2025-09-16,3321.5908
2025-09-17,3333.2804
2025-09-18,3334.1561
2025-09-19,3338.0575
2025-09-22,3344.9556
2025-09-23,3364.8879
2025-09-24,3360.7482
2025-09-25,3345.444
2025-09-26,3356.6506
2025-09-29,3372.414
2025-09-30,3360.623
2025-10-01,3367.5913
2025-10-02,3377.6113
2025-10-03,3387.9326
2025-10-06,3392.465
2025-10-07,3403.3776
2025-10-08,3410.8868
2025-10-09,3419.6748
2025-10-10,3423.6958
2025-10-13,3418.0973
2025-10-14,3391.1989
2025-10-15,3390.0831
2025-10-16,3402.9901
2025-10-17,3374.6956
2025-10-20,3402.8314
2025-10-21,3425.5349
2025-10-22,3411.8748
2025-10-23,3432.3044
2025-10-24,3427.0967
2025-10-27,3414.1226
2025-10-28,3417.9242
2025-10-29,3438.7539
2025-10-30,3438.9292
2025-10-31,3429.2307
2025-11-03,3436.3535
2025-11-04,3428.7129
2025-11-05,3440.4805
2025-11-06,3442.6009
2025-11-07,3451.3851
2025-11-10,3462.0633
2025-11-11,3462.6377
2025-11-12,3463.9933
2025-11-13,3464.6924
2025-11-14,3456.9787
2025-11-17,3461.5408
2025-11-18,3446.3624
2025-11-19,3456.8825
2025-11-20,3460.9116
2025-11-21,3458.5546
2025-11-24,3479.2091
2025-11-25,3486.8241
2025-11-26,3508.5617
2025-11-27,3499.5246
2025-11-28,3499.1674
2025-12-01,3506.4218
2025-12-02,3513.7072
2025-12-03,3518.2482
2025-12-04,3523.7721
2025-12-05,3524.4123
2025-12-08,3539.7641
2025-12-09,3530.0136
2025-12-10,3538.9459
2025-12-11,3534.2566
2025-12-12,3556.0643
2025-12-15,3558.2666
2025-12-16,3556.4912
2025-12-17,3565.3124
2025-12-18,3556.2222
2025-12-19,3551.8955
2025-12-22,3564.7093
2025-12-23,3554.8606
2025-12-24,3544.7392
2025-12-29,3570.4696
2025-12-30,3565.3345
2026-01-02,3593.4935
2026-01-05,3620.3287
2026-01-06,3641.4526
2026-01-07,3649.8308
2026-01-08,3637.0237
2026-01-09,3652.2255
2026-01-12,3645.7834
2026-01-13,3648.4173
2026-01-14,3668.674
2026-01-15,3669.9092
2026-01-19,3672.9667
2026-01-20,3686.7031
2026-01-21,3660.6759
2026-01-22,3660.5507
2026-01-23,3662.1069
2026-01-26,3663.1318
2026-01-27,3654.5756
2026-01-28,3568.2105
2026-01-29,3541.1987
2026-01-30,3558.9305
2026-02-02,3488.3339
2026-02-03,3531.27
2026-02-04,3538.0878
2026-02-05,3526.1592
2026-02-06,3494.3266
2026-02-09,3512.0366
2026-02-10,3534.6434
2026-02-11,3566.2037
2026-02-12,3573.1062
2026-02-13,3571.0232
2026-02-18,3589.3328
2026-02-19,3598.1955
2026-02-20,3594.2087
2026-02-23,3621.8673
2026-02-24,3596.9194
2026-02-25,3618.9966
2026-02-26,3597.5613
2026-02-27,3605.0737
2026-03-02,3587.821
2026-03-03,3565.5231
2026-03-04,3495.2994
2026-03-05,3519.1353
2026-03-06,3486.9972
2026-03-09,3433.46
2026-03-10,3467.4889
2026-03-11,3448.9901
2026-03-12,3438.3083
2026-03-13,3404.2515
2026-03-16,3387.4733
2026-03-17,3408.5449
2026-03-25,3441.7154
2026-03-26,3417.5624
2026-03-27,3407.531
2026-03-30,3414.4381
2026-03-31,3412.9216
2026-04-01,3438.0052
2026-04-02,3414.0743
2026-04-06,3417.3225
2026-04-07,3401.5079
2026-04-08,3458.534
2026-04-09,3443.9105
2026-04-10,3462.4078
2026-04-13,3467.7847
2026-04-14,3501.8828
2026-04-15,3498.7765
2026-04-16,3499.0628
2026-04-17,3504.019
2026-04-20,3490.333
2026-04-21,3507.8973
2026-04-22,3514.4997
2026-04-23,3493.6363
2026-04-24,3454.0381
2026-04-27,3459.8723
2026-04-28,3454.2121
2026-04-29,3454.6743
2026-04-30,3431.2542
2026-05-04,3439.9502
2026-05-05,3443.4774
2026-05-06,3452.1542
2026-05-07,3472.6511
2026-05-08,3419.2832
2026-05-11,3418.3582
2026-05-12,3416.5415
2026-05-13,3401.3088
2026-05-18,3359.5745
2026-05-19,3305.546
2026-05-20,3292.9229
2026-05-21,3254.7227
2026-05-22,3285.2039
2026-05-25,3294.2399
2026-05-26,3269.5438
2026-05-29,3266.4128
2026-06-02,3269.9165
2026-06-03,3207.0756
2026-06-04,3187.5863
2026-06-05,3143.7832
2026-06-08,3093.3179
2026-06-09,3159.5376
2026-06-10,3181.5304
2026-06-11,3162.6746
2026-06-12,3196.3106
2026-06-15,3262.7722
2026-06-17,3258.2696
2026-06-18,3258.0031
2026-06-19,3247.2793
2026-06-22,3234.6419
2026-06-23,3235.7207
2026-06-24,3186.7655
2026-06-25,3209.1547
2026-06-26,3189.5062
2026-06-29,3175.9514
2026-06-30,3143.3759
2026-07-01,3152.7534
2026-07-02,3165.3695
2026-07-03,3194.901
2026-07-06,3201.2874
2026-07-07,3217.4662
2026-07-08,3189.6629
2026-07-09,3199.3062
2026-07-10,3209.2601
2026-07-13,3229.4602
2026-07-14,3230.8408
2026-07-15,3235.3739
2026-07-16,3253.2917
2026-07-17,3268.3118
2026-07-20,3281.8031
2026-07-21,3300.1937
2026-07-22,3299.7501
2026-07-23,3297.5428
2026-07-24,3262.736
2026-07-27,3261.7027
2026-07-28,3252.5257
2026-07-29,3247.2476
2026-07-30,3268.6143
2026-07-31,3284.0631
2026-08-03,3282.3453
2026-08-04,3301.3714
2026-08-05,3311.5874
2026-08-06,3310.7388
2026-08-07,3327.13
2026-08-10,3320.3978
2026-08-11,3300.6799
2026-08-12,3319.9204
2026-08-13,3301.0432
2026-08-14,3319.5079
2026-08-18,3327.5784
2026-08-19,3322.6294
2026-08-20,3350.2496
2026-08-21,3356.5199
2026-08-24,3358.9864
2026-08-26,3334.9701
2026-08-27,3363.6624
2026-08-28,3364.4941
2026-08-31,3376.281
2026-09-01,3392.4283
2026-09-02,3383.9483
2026-09-03,3410.1307
2026-09-04,3407.074
2026-09-07,3408.4196
2026-09-08,3423.789
2026-09-09,3429.3279
2026-09-10,3409.1931
2026-09-11,3399.3075
2026-09-14,3399.6858
2026-09-15,3387.8821
2026-09-16,3379.655
2026-09-17,3385.7626
2026-09-18,3373.3613
2026-09-21,3363.8813
2026-09-22,3344.5637
2026-09-23,3366.0216
2026-09-24,3347.0753
2026-09-25,3332.5466
2026-09-28,3311.9259
2026-09-29,3304.0275
2026-09-30,3296.9603
2026-10-01,3284.6115
2026-10-02,3293.0889
2026-10-05,3307.4954
2026-10-06,3320.8843
2026-10-07,3315.1799
2026-10-08,3294.0052
2026-10-09,3308.1058
