date,value
2004-01-02,1000
2004-01-05,1000
2004-01-06,998.6991
2004-01-07,990.0145
2004-01-08,1014.4076
2004-01-09,1041.2257
2004-01-12,1029.9989
2004-01-13,1036.3077
2004-01-14,1049.6045
2004-01-15,1057.0137
2004-01-16,1062.3872
2004-01-19,1059.2807
2004-01-20,1065.4385
2004-01-21,1068.3699
2004-01-23,1075.3075
2004-01-26,1074.6139
2004-01-27,1062.5763
2004-01-28,1055.3392
2004-01-29,1045.6929
2004-01-30,1040.6816
2004-02-03,1015.298
2004-02-04,1016.1508
2004-02-05,1024.965
2004-02-06,1047.5413
2004-02-09,1056.0064
2004-02-10,1053.8579
2004-02-11,1055.7107
2004-02-12,1051.259
2004-02-13,1057.7937
2004-02-16,1058.3337
2004-02-17,1060.708
2004-02-18,1070.948
2004-02-19,1075.9707
2004-02-20,1082.1351
2004-02-24,1067.7851
2004-02-25,1066.4902
2004-02-26,1066.4902
2004-02-27,1066.4902
2004-03-01,1049.6221
2004-03-02,1067.2589
2004-03-03,1071.5391
2004-03-04,1071.5391
2004-03-05,1076.2748
2004-03-08,1072.1827
2004-03-09,1069.4817
2004-03-10,1054.5145
2004-03-11,1033.7681
2004-03-12,1027.4994
2004-03-15,1014.9894
2004-03-16,1005.9454
2004-03-17,1022.7985
2004-03-18,1026.1746
2004-03-19,1034.5464
2004-03-23,1028.1848
2004-03-24,1026.841
2004-03-25,1013.9078
2004-03-26,997.6072
2004-03-29,1000.6256
2004-03-30,1013.6572
2004-03-31,1015.4109
2004-04-01,1018.5785
2004-04-02,1035.8735
2004-04-06,1058.6281
2004-04-07,1060.94
2004-04-08,1066.539
2004-04-12,1056.3383
2004-04-13,1061.247
2004-04-14,1068.487
2004-04-15,1066.0086
2004-04-16,1066.1843
2004-04-19,1076.9486
2004-04-20,1101.613
2004-04-21,1107.4382
2004-04-22,1102.9285
2004-04-23,1112.1782
2004-04-26,1106.4631
2004-04-27,1111.7688
2004-04-28,1114.3757
2004-04-29,1095.6692
2004-04-30,1078.45
2004-05-04,1072.8798
2004-05-05,1048.9653
2004-05-06,1036.0206
2004-05-07,1032.7333
2004-05-10,991.9349
2004-05-11,1005.9493
2004-05-12,1037.1881
2004-05-13,1029.0565
2004-05-14,1006.9972
2004-05-17,947.1303
2004-05-18,953.7351
2004-05-19,986.1513
2004-05-21,1006.4737
2004-05-24,1014.3925
2004-05-25,996.3557
2004-05-26,1000.2159
2004-05-27,1010.977
2004-05-28,1018.3681
2004-05-31,1016.0342
2004-06-01,1016.0342
2004-06-02,999.7839
2004-06-04,999.7839
2004-06-07,982.5176
2004-06-08,984.4728
2004-06-09,991.6672
2004-06-10,988.75
2004-06-11,985.2842
2004-06-14,979.3258
2004-06-15,990.6012
2004-06-16,989.3156
2004-06-17,982.159
2004-06-18,974.2513
2004-06-21,969.7998
2004-06-22,971.9574
2004-06-23,980.4439
2004-06-24,987.4046
2004-06-25,998.1819
2004-06-28,998.6649
2004-06-29,1002.4108
2004-06-30,1013.3876
2004-07-01,1014.711
2004-07-02,1033.5879
2004-07-05,1033.5879
2004-07-06,1057.0719
2004-07-07,1066.2699
2004-07-08,1053.1616
2004-07-09,1053.5623
2004-07-12,1051.0735
2004-07-13,1049.4983
2004-07-14,1035.8663
2004-07-15,1038.9324
2004-07-16,1051.291
2004-07-17,1051.291
2004-07-19,1050.1656
2004-07-20,1053.3047
2004-07-21,1059.7705
2004-07-22,1063.7374
2004-07-23,1067.7124
2004-07-26,1062.7019
2004-07-27,1061.4026
2004-07-28,1060.1009
2004-07-29,1058.8427
2004-07-30,1056.9768
2004-08-02,1046.7231
2004-08-03,1055.448
2004-08-04,1054.9443
2004-08-05,1059.1751
2004-08-06,1050.3045
2004-08-09,1042.6063
2004-08-10,1046.444
2004-08-11,1060.3784
2004-08-12,1054.6755
2004-08-13,1052.8346
2004-08-16,1048.562
2004-08-17,1046.7869
2004-08-18,1046.8017
2004-08-19,1046.1388
2004-08-20,1042.1098
2004-08-23,1039.9512
2004-08-24,1032.7325
2004-08-25,1024.5495
2004-08-26,1029.4129
2004-08-27,1044.388
2004-08-30,1051.3887
2004-08-31,1053.3673
2004-09-01,1053.3673
2004-09-02,1082.749
2004-09-03,1089.8479
2004-09-06,1088.1611
2004-09-07,1089.0292
2004-09-08,1093.315
2004-09-09,1084.8006
2004-09-10,1103.5395
2004-09-14,1115.9809
2004-09-15,1123.3971
2004-09-16,1119.4693
2004-09-17,1120.9043
2004-09-20,1120.9043
2004-09-21,1128.0475
2004-09-22,1118.1976
2004-09-23,1114.5126
2004-09-24,1117.9519
2004-09-27,1112.9089
2004-09-28,1105.9983
2004-09-29,1109.2665
2004-09-30,1116.7586
2004-10-01,1116.7586
2004-10-04,1079.4289
2004-10-05,1166.8798
2004-10-06,1159.5041
2004-10-07,1151.7797
2004-10-08,1156.7894
2004-10-11,1162.7148
2004-10-12,1152.3914
2004-10-13,1166.6355
2004-10-14,1162.3948
2004-10-15,1160.3062
2004-10-18,1158.1269
2004-10-19,1154.9389
2004-10-20,1142.4635
2004-10-21,1134.8433
2004-10-22,1152.9383
2004-10-25,1149.9449
2004-10-26,1144.6593
2004-10-27,1152.9467
2004-10-28,1168.3626
2004-10-29,1165.7933
2004-11-01,1172.3874
2004-11-02,1193.9258
2004-11-03,1202.0038
2004-11-04,1197.8241
2004-11-05,1204.8961
2004-11-08,1201.1905
2004-11-09,1218.0225
2004-11-10,1238.8822
2004-11-11,1243.8034
2004-11-12,1256.761
2004-11-19,1256.761
2004-11-22,1257.0089
2004-11-23,1278.149
2004-11-24,1282.8584
2004-11-25,1282.3516
2004-11-26,1290.4217
2004-11-29,1295.5042
2004-11-30,1310.237
2004-12-01,1318.5314
2004-12-02,1332.6547
2004-12-03,1317.735
2004-12-06,1319.242
2004-12-07,1319.242
2004-12-08,1320.2644
2004-12-09,1305.6941
2004-12-10,1284.2659
2004-12-13,1273.9071
2004-12-14,1256.6225
2004-12-15,1273.8148
2004-12-16,1295.4031
2004-12-17,1319.6207
2004-12-20,1314.416
2004-12-21,1324.8919
2004-12-22,1335.921
2004-12-23,1335.1789
2004-12-27,1346.3829
2004-12-28,1353.5211
2004-12-29,1353.1921
2004-12-30,1347.4728
2005-01-03,1349.4056
2005-01-04,1370.9198
2005-01-05,1366.9846
2005-01-06,1384.1201
2005-01-07,1387.9878
2005-01-10,1368.1281
2005-01-11,1365.0855
2005-01-12,1362.1227
2005-01-13,1374.5447
2005-01-14,1371.437
2005-01-17,1375.6914
2005-01-18,1367.5515
2005-01-19,1382.2846
2005-01-20,1396.7709
2005-01-24,1392.9758
2005-01-25,1390.0656
2005-01-26,1404.3573
2005-01-27,1412.7173
2005-01-28,1413.9499
2005-01-31,1411.542
2005-02-01,1414.9162
2005-02-02,1421.4649
2005-02-03,1418.5823
2005-02-04,1419.0303
2005-02-07,1413.5582
2005-02-08,1409.006
2005-02-11,1415.6805
2005-02-14,1422.7896
2005-02-15,1439.0948
2005-02-16,1447.5105
2005-02-17,1457.2661
2005-02-18,1466.3376
2005-02-21,1469.5153
2005-02-22,1475.3835
2005-02-23,1480.5627
2005-02-24,1482.4819
2005-02-25,1462.2819
2005-02-28,1453.6806
2005-03-01,1474.3404
2005-03-02,1466.6266
2005-03-03,1480.2375
2005-03-04,1484.0534
2005-03-07,1490.0279
2005-03-08,1497.267
2005-03-09,1503.3609
2005-03-10,1496.9741
2005-03-14,1520.779
2005-03-15,1511.8891
2005-03-16,1531.9198
2005-03-17,1533.1595
2005-03-18,1547.9195
2005-03-21,1548.6142
2005-03-22,1546.2795
2005-03-23,1534.0577
2005-03-24,1502.7157
2005-03-28,1485.1231
2005-03-29,1451.0514
2005-03-30,1442.5506
2005-03-31,1459.8721
2005-04-01,1477.9529
2005-04-04,1478.793
2005-04-05,1473.1907
2005-04-06,1477.5909
2005-04-07,1491.943
2005-04-08,1492.3357
2005-04-11,1487.7906
2005-04-12,1493.0152
2005-04-13,1496.5703
2005-04-14,1485.3969
2005-04-15,1472.3017
2005-04-18,1428.4453
2005-04-19,1431.6776
2005-04-20,1441.6284
2005-04-21,1415.7817
2005-04-25,1383.4441
2005-04-26,1399.217
2005-04-27,1400.3437
2005-04-28,1407.5661
2005-04-29,1399.5964
2005-05-02,1396.6338
2005-05-03,1405.2728
2005-05-04,1423.1389
2005-05-06,1441.0505
2005-05-09,1453.202
2005-05-10,1444.0352
2005-05-11,1431.2965
2005-05-12,1437.9761
2005-05-13,1434.4876
2005-05-16,1424.2425
2005-05-17,1420.9103
2005-05-18,1416.435
2005-05-19,1426.673
2005-05-20,1427.5056
2005-05-23,1424.863
2005-05-25,1428.3334
2005-05-26,1433.0338
2005-05-27,1441.8979
2005-05-30,1444.4184
2005-05-31,1470.9922
2005-06-01,1468.0014
2005-06-02,1476.8229
2005-06-03,1479.0529
2005-06-06,1481.9122
2005-06-07,1476.0989
2005-06-08,1478.1472
2005-06-09,1478.0443
2005-06-10,1476.2169
2005-06-13,1482.9218
2005-06-14,1490.0298
2005-06-15,1507.8577
2005-06-16,1512.8535
2005-06-17,1531.9354
2005-06-20,1537.834
2005-06-21,1526.8582
2005-06-22,1528.5395
2005-06-23,1531.2603
2005-06-24,1531.2205
2005-06-27,1513.5068
2005-06-28,1521.2626
2005-06-29,1521.4342
2005-06-30,1517.7024
2005-07-01,1530.34
2005-07-04,1529.1414
2005-07-05,1520.385
2005-07-06,1511.259
2005-07-07,1500.7987
2005-07-08,1503.5421
2005-07-11,1518.5535
2005-07-12,1527.1971
2005-07-13,1528.4549
2005-07-14,1532.5909
2005-07-15,1526.4415
2005-07-18,1527.9326
2005-07-19,1532.1741
2005-07-20,1541.0429
2005-07-21,1557.5266
2005-07-22,1569.6267
2005-07-25,1564.467
2005-07-26,1577.7994
2005-07-27,1577.3027
2005-07-28,1584.2706
2005-07-29,1584.8606
2005-08-01,1582.6208
2005-08-02,1591.4531
2005-08-03,1592.846
2005-08-04,1588.6574
2005-08-05,1577.3455
2005-08-08,1564.9381
2005-08-09,1566.9338
2005-08-10,1579.8271
2005-08-11,1573.6342
2005-08-12,1560.5155
2005-08-15,1520.4127
2005-08-16,1514.7784
2005-08-18,1501.1454
2005-08-19,1483.7438
2005-08-22,1469.4366
2005-08-23,1458.3277
2005-08-24,1431.1639
2005-08-25,1458.7149
2005-08-26,1444.1018
2005-08-29,1378.554
2005-08-30,1427.5468
2005-08-31,1440.4503
2005-09-01,1429.0548
2005-09-05,1423.1053
2005-09-06,1435.9585
2005-09-07,1446.2256
2005-09-08,1469.2867
2005-09-09,1484.5185
2005-09-12,1492.072
2005-09-13,1482.1183
2005-09-14,1457.6745
2005-09-15,1451.7173
2005-09-16,1456.244
2005-09-19,1462.8897
2005-09-20,1462.8897
2005-09-21,1437.3884
2005-09-22,1411.536
2005-09-23,1407.0427
2005-09-26,1427.0137
2005-09-27,1432.9598
2005-09-28,1421.8958
2005-09-29,1440.9187
2005-09-30,1474.1911
2005-10-03,1480.4801
2005-10-04,1503.8574
2005-10-05,1501.5001
2005-10-06,1486.2926
2005-10-07,1484.5642
2005-10-10,1490.1981
2005-10-11,1490.75
2005-10-12,1502.0963
2005-10-13,1494.3041
2005-10-14,1502.0046
2005-10-17,1498.7007
2005-10-18,1505.7575
2005-10-19,1485.6793
2005-10-20,1488.7822
2005-10-21,1488.5541
2005-10-24,1484.4829
2005-10-25,1474.5523
2005-10-26,1474.8335
2005-10-27,1475.3591
2005-10-28,1470.6296
2005-10-31,1477.8377
2005-11-01,1475.2035
2005-11-09,1461.5779
2005-11-10,1452.5187
2005-11-11,1435.4859
2005-11-14,1421.4683
2005-11-15,1426.3247
2005-11-16,1429.8783
2005-11-17,1437.5695
2005-11-18,1460.491
2005-11-21,1468.2295
2005-11-22,1475.9094
2005-11-23,1473.1194
2005-11-24,1488.6729
2005-11-25,1484.2005
2005-11-28,1489.0042
2005-11-29,1491.3969
2005-11-30,1505.6238
2005-12-01,1505.4353
2005-12-02,1530.7059
2005-12-05,1530.485
2005-12-06,1533.8694
2005-12-07,1556.2813
2005-12-08,1559.8228
2005-12-09,1566.6569
2005-12-12,1584.8458
2005-12-13,1586.3382
2005-12-14,1577.0698
2005-12-15,1559.5801
2005-12-16,1549.2011
2005-12-19,1568.1938
2005-12-20,1570.8555
2005-12-21,1567.286
2005-12-22,1569.4995
2005-12-23,1567.0605
2005-12-24,1567.0605
2005-12-25,1567.0605
2005-12-26,1567.0605
2005-12-27,1570.5472
2005-12-28,1574.8306
2005-12-29,1571.8857
2006-01-02,1579.1903
2006-01-03,1590.1572
2006-01-04,1620.4227
2006-01-05,1621.7168
2006-01-06,1637.9724
2006-01-09,1662.4164
2006-01-11,1677.586
2006-01-12,1675.2066
2006-01-13,1674.1635
2006-01-16,1657.2801
2006-01-17,1632.7529
2006-01-18,1612.1786
2006-01-19,1652.3019
2006-01-20,1646.9573
2006-01-23,1619.4668
2006-01-24,1628.8522
2006-01-25,1653.4093
2006-01-26,1656.1143
2006-01-27,1656.1452
2006-01-30,1649.7525
2006-02-01,1659.5382
2006-02-02,1664.8492
2006-02-03,1663.5179
2006-02-06,1668.1274
2006-02-07,1685.5631
2006-02-08,1666.8871
2006-02-09,1678.6279
2006-02-10,1691.2582
2006-02-13,1692.8862
2006-02-14,1668.1045
2006-02-15,1674.3537
2006-02-16,1673.833
2006-02-17,1678.5077
2006-02-20,1682.0594
2006-02-21,1672.2671
2006-02-22,1669.6934
2006-02-23,1662.4924
2006-02-24,1655.3447
2006-02-26,1673.9916
2006-02-27,1672.3443
2006-02-28,1683.4204
2006-03-01,1683.4204
2006-03-02,1692.6109
2006-03-03,1704.7654
2006-03-06,1709.1797
2006-03-07,1688.9264
2006-03-08,1673.3213
2006-03-09,1677.5705
2006-03-10,1689.8508
2006-03-13,1691.2048
2006-03-14,1692.0462
2006-03-15,1691.4481
2006-03-16,1719.4628
2006-03-17,1750.664
2006-03-20,1775.6936
2006-03-21,1775.9744
2006-03-22,1749.1
2006-03-23,1751.2339
2006-03-24,1758.3423
2006-03-27,1759.3627
2006-03-28,1776.1404
2006-03-29,1774.1084
2006-04-03,1780.7607
2006-04-04,1776.1458
2006-04-05,1794.0327
2006-04-06,1808.9579
2006-04-07,1823.3238
2006-04-11,1823.3238
2006-04-12,1828.9488
2006-04-13,1832.9953
2006-04-17,1843.7012
2006-04-18,1876.806
2006-04-19,1916.8699
2006-04-20,1929.6626
2006-04-21,1935.5807
2006-04-24,1927.3496
2006-04-25,1946.7532
2006-04-26,1976.3785
2006-04-27,1966.4306
2006-04-28,1954.0506
2006-05-01,1972.884
2006-05-02,1968.9293
2006-05-03,1968.9293
2006-05-04,1986.0858
2006-05-05,1988.9855
2006-05-08,2016.1502
2006-05-09,2034.1086
2006-05-10,2042.9028
2006-05-11,2068.8278
2006-05-12,2035.2896
2006-05-15,1910.3666
2006-05-16,1918.7699
2006-05-17,1963.5842
2006-05-18,1891.5397
2006-05-19,1879.8804
2006-05-22,1770.305
2006-05-23,1801.2961
2006-05-24,1788.2978
2006-05-29,1803.2388
2006-05-30,1842.3177
2006-05-31,1809.0873
2006-06-01,1791.1253
2006-06-02,1822.2116
2006-06-05,1824.9358
2006-06-06,1789.8172
2006-06-07,1758.053
2006-06-08,1702.738
2006-06-09,1740.657
2006-06-12,1740.255
2006-06-13,1697.9325
2006-06-14,1686.4258
2006-06-15,1692.1381
2006-06-16,1769.1885
2006-06-19,1754.7376
2006-06-20,1750.8075
2006-06-21,1752.6021
2006-06-22,1768.8367
2006-06-23,1760.2291
2006-06-26,1757.4963
2006-06-27,1761.3661
2006-06-28,1749.402
2006-06-29,1758.2923
2006-06-30,1793.7405
2006-07-03,1820.1595
2006-07-04,1837.587
2006-07-05,1838.9566
2006-07-06,1837.1107
2006-07-07,1843.7932
2006-07-10,1833.1096
2006-07-11,1848.6881
2006-07-12,1851.1255
2006-07-13,1834.7084
2006-07-14,1799.8724
2006-07-17,1768.8837
2006-07-18,1775.1754
2006-07-19,1772.3417
2006-07-20,1814.0289
2006-07-21,1811.7251
2006-07-24,1809.7135
2006-07-25,1820.7889
2006-07-26,1825.8547
2006-07-27,1851.5707
2006-07-28,1851.8172
2006-07-31,1867.2029
2006-08-01,1892.0484
2006-08-02,1915.1337
2006-08-03,1898.0897
2006-08-04,1910.3756
2006-08-07,1924.5017
2006-08-08,1923.5791
2006-08-09,1945.553
2006-08-10,1905.2417
2006-08-11,1927.3646
2006-08-14,1937.8777
2006-08-15,1955.6202
2006-08-16,1977.6674
2006-08-22,1977.168
2006-08-23,1977.0031
2006-08-24,1963.7553
2006-08-25,1943.0561
2006-08-28,1941.427
2006-08-29,1963.6818
2006-08-30,1953.4173
2006-08-31,1961.972
2006-09-01,1978.9424
2006-09-04,2008.2561
2006-09-05,2005.4873
2006-09-06,2011.3358
2006-09-07,2007.2377
2006-09-08,2007.789
2006-09-11,1981.8183
2006-09-12,1964.6111
2006-09-13,1979.4219
2006-09-14,1991.8848
2006-09-15,1999.7969
2006-09-18,2008.6773
2006-09-19,2021.1568
2006-09-20,2018.7731
2006-09-21,2051.4085
2006-09-22,2053.8279
2006-09-25,2047.9783
2006-09-26,2033.3672
2006-09-27,2056.8831
2006-09-28,2061.7361
2006-09-29,2061.997
2006-10-02,2053.2548
2006-10-03,2072.0883
2006-10-04,2068.9135
2006-10-05,2078.8068
2006-10-06,2085.2887
2006-10-09,2075.4455
2006-10-10,2097.5879
2006-10-11,2094.7339
2006-10-12,2087.1878
2006-10-13,2116.1219
2006-10-16,2105.7363
2006-10-17,2113.0285
2006-10-18,2107.8671
2006-10-19,2113.4071
2006-10-20,2120.2669
2006-10-30,2130.3544
2006-10-31,2128.5775
2006-11-01,2132.6944
2006-11-02,2154.6724
2006-11-03,2161.1694
2006-11-06,2189.2544
2006-11-07,2194.1229
2006-11-08,2186.279
2006-11-09,2194.846
2006-11-10,2195.2791
2006-11-13,2169.2089
2006-11-14,2204.6735
2006-11-15,2201.4028
2006-11-16,2201.9487
2006-11-17,2210.7377
2006-11-20,2216.7613
2006-11-21,2218.4877
2006-11-22,2247.9878
2006-11-23,2246.7176
2006-11-24,2248.0155
2006-11-27,2256.3662
2006-11-28,2209.7536
2006-11-29,2236.4481
2006-11-30,2239.2391
2006-12-01,2259.7367
2006-12-04,2251.0991
2006-12-05,2301.3198
2006-12-06,2313.5717
2006-12-07,2322.564
2006-12-08,2319.2372
2006-12-11,2300.742
2006-12-12,2301.6772
2006-12-13,2300.9278
2006-12-14,2304.4083
2006-12-15,2328.9014
2006-12-18,2326.3506
2006-12-19,2263.2429
2006-12-20,2301.7659
2006-12-21,2326.6555
2006-12-22,2328.1637
2006-12-26,2326.2792
2006-12-27,2353.7512
2006-12-28,2344.8345
2007-01-02,2379.8262
2007-01-03,2381.4424
2007-01-04,2368.2873
2007-01-05,2378.3627
2007-01-06,2378.3627
2007-01-08,2361.4756
2007-01-09,2322.6914
2007-01-10,2231.8005
2007-01-11,2221.5907
2007-01-12,2174.4399
2007-01-15,2237.274
2007-01-16,2267.0067
2007-01-17,2273.0174
2007-01-18,2294.7172
2007-01-19,2303.963
2007-01-22,2329.0845
2007-01-23,2323.0735
2007-01-24,2322.9657
2007-01-25,2289.1976
2007-01-26,2273.6444
2007-01-29,2279.1857
2007-01-30,2279.6118
2007-01-31,2271.207
2007-02-01,2292.9248
2007-02-02,2299.2265
2007-02-05,2283.3957
2007-02-06,2278.4674
2007-02-07,2279.4997
2007-02-08,2261.2953
2007-02-09,2251.4367
2007-02-12,2240.4647
2007-02-13,2230.8693
2007-02-14,2249.0217
2007-02-15,2296.0151
2007-02-16,2298.7607
2007-02-19,2305.0382
2007-02-20,2311.995
2007-02-21,2332.4516
2007-02-22,2322.2821
2007-02-23,2306.7061
2007-02-26,2298.9966
2007-02-27,2274.5691
2007-02-28,2246.0093
2007-03-01,2260.3071
2007-03-02,2257.9488
2007-03-05,2177.5432
2007-03-06,2218.0183
2007-03-07,2232.2112
2007-03-08,2269.1431
2007-03-09,2263.1015
2007-03-12,2297.5893
2007-03-13,2301.9337
2007-03-14,2259.58
2007-03-15,2278.7086
2007-03-16,2279.8363
2007-03-20,2279.2817
2007-03-21,2288.9914
2007-03-22,2319.6373
2007-03-23,2313.9097
2007-03-26,2322.3849
2007-03-27,2327.292
2007-03-28,2304.2555
2007-03-29,2326.6404
2007-03-30,2334.0517
2007-04-02,2354.5303
2007-04-03,2407.8242
2007-04-04,2439.1654
2007-04-05,2408.2574
2007-04-09,2429.6378
2007-04-10,2441.9268
2007-04-11,2447.5914
2007-04-12,2448.0345
2007-04-13,2459.2773
2007-04-16,2490.4912
2007-04-17,2496.4779
2007-04-18,2493.1346
2007-04-19,2443.9853
2007-04-20,2497.0279
2007-04-23,2520.2465
2007-04-24,2512.9176
2007-04-25,2527.8261
2007-04-26,2560.0477
2007-04-27,2563.4154
2007-04-30,2538.3048
2007-05-01,2542.3547
2007-05-02,2555.2635
2007-05-03,2571.2978
2007-05-04,2584.4243
2007-05-07,2591.8842
2007-05-08,2575.6533
2007-05-09,2591.8171
2007-05-10,2600.8107
2007-05-11,2577.1929
2007-05-14,2609.6931
2007-05-15,2604.8148
2007-05-16,2634.394
2007-05-21,2647.4557
2007-05-22,2662.9064
2007-05-23,2685.0618
2007-05-24,2655.1858
2007-05-25,2639.23
2007-05-28,2659.8387
2007-05-29,2653.5769
2007-05-30,2647.5693
2007-05-31,2687.3204
2007-06-04,2725.4616
2007-06-05,2698.2019
2007-06-06,2721.7635
2007-06-07,2705.2481
2007-06-08,2662.8993
2007-06-11,2696.0318
2007-06-12,2714.3091
2007-06-13,2688.0241
2007-06-14,2712.5389
2007-06-15,2727.2649
2007-06-18,2738.2093
2007-06-19,2765.4594
2007-06-20,2789.3316
2007-06-21,2775.3089
2007-06-22,2775.0011
2007-06-25,2784.9804
2007-06-26,2783.5815
2007-06-27,2746.0019
2007-06-28,2731.7552
2007-06-29,2767.6486
2007-07-02,2802.6486
2007-07-03,2819.59
2007-07-04,2819.5259
2007-07-05,2847.9589
2007-07-06,2864.7528
2007-07-09,2911.3187
2007-07-10,2917.7964
2007-07-11,2906.0894
2007-07-12,2918.793
2007-07-13,2935.7299
2007-07-16,2913.3397
2007-07-17,2932.0546
2007-07-18,2932.0192
2007-07-19,2985.3839
2007-07-20,3026.9444
2007-07-23,3058.5779
2007-07-24,3084.4043
2007-07-25,3078.2382
2007-07-26,3040.7599
2007-07-27,2967.5537
2007-07-30,2972.0211
2007-07-31,3017.4665
2007-08-01,2905.6261
2007-08-02,2917.7556
2007-08-03,2911.8822
2007-08-06,2814.9041
2007-08-07,2792.0489
2007-08-08,2903.0495
2007-08-09,2879.3915
2007-08-10,2836.6172
2007-08-13,2847.5514
2007-08-14,2790.6792
2007-08-15,2613.1415
2007-08-16,2444.1257
2007-08-20,2609.9149
2007-08-21,2541.3324
2007-08-22,2638.2583
2007-08-23,2708.5684
2007-08-24,2719.6995
2007-08-27,2763.1127
2007-08-28,2748.5257
2007-08-29,2726.565
2007-08-30,2742.5455
2007-08-31,2798.5694
2007-09-03,2812.9086
2007-09-04,2806.545
2007-09-05,2813.8923
2007-09-06,2834.7485
2007-09-07,2851.7281
2007-09-10,2818.2131
2007-09-11,2820.4804
2007-09-12,2812.5681
2007-09-13,2827.7576
2007-09-14,2840.6072
2007-09-17,2842.1075
2007-09-18,2873.9136
2007-09-19,2963.6917
2007-09-20,2949.0583
2007-09-21,2992.776
2007-09-24,3022.6085
2007-09-25,2990.7551
2007-09-26,3022.9613
2007-09-27,3047.6367
2007-09-28,3031.7305
2007-10-01,3070.7792
2007-10-02,3130.2182
2007-10-03,3112.452
2007-10-04,3138.8341
2007-10-05,3169.2078
2007-10-08,3196.4687
2007-10-09,3240.6759
2007-10-10,3291.4106
2007-10-11,3354.1541
2007-10-17,3392.8074
2007-10-18,3366.8822
2007-10-19,3299.5547
2007-10-22,3166.8202
2007-10-23,3289.2805
2007-10-24,3254.249
2007-10-25,3346.5285
2007-10-26,3369.9207
2007-10-29,3425.461
2007-10-30,3415.9047
2007-10-31,3413.6392
2007-11-01,3478.1966
2007-11-02,3479.2892
2007-11-05,3406.2084
2007-11-06,3458.5592
2007-11-07,3495.995
2007-11-08,3465.2207
2007-11-09,3514.9289
2007-11-12,3475.0765
2007-11-13,3427.5048
2007-11-14,3482.2817
2007-11-15,3506.0308
2007-11-16,3461.628
2007-11-19,3422.2272
2007-11-20,3405.9602
2007-11-21,3333.1768
2007-11-22,3335.8244
2007-11-23,3359.6978
2007-11-26,3463.6581
2007-11-27,3448.5925
2007-11-28,3502.4305
2007-11-29,3520.1026
2007-11-30,3520.104
2007-12-03,3573.3611
2007-12-04,3622.3561
2007-12-05,3629.5901
2007-12-06,3657.2263
2007-12-07,3625.0635
2007-12-10,3628.7596
2007-12-11,3667.7247
2007-12-12,3647.7535
2007-12-13,3596.6001
2007-12-14,3579.7334
2007-12-17,3474.3385
2007-12-18,3447.4222
2007-12-19,3461.93
2007-12-26,3545.7074
2007-12-27,3575.5101
2007-12-28,3577.58
2008-01-02,3556.5601
2008-01-03,3539.4537
2008-01-04,3598.9558
2008-01-07,3605.8422
2008-01-08,3611.7053
2008-01-09,3669.4184
2008-01-14,3652.0567
2008-01-15,3552.6716
2008-01-16,3370.7845
2008-01-17,3438.1653
2008-01-18,3382.8089
2008-01-21,3217.9105
2008-01-22,2961.4846
2008-01-23,3207.9991
2008-01-24,3254.0648
2008-01-25,3404.5558
2008-01-28,3359.3227
2008-01-29,3402.2674
2008-01-30,3405.8744
2008-01-31,3420.9649
2008-02-01,3450.5782
2008-02-04,3511.5499
2008-02-05,3507.7405
2008-02-06,3422.3433
2008-02-11,3348.7477
2008-02-12,3359.9708
2008-02-13,3376.1562
2008-02-14,3459.03
2008-02-15,3480.6749
2008-02-18,3471.6948
2008-02-19,3502.0485
2008-02-20,3471.6138
2008-02-21,3529.906
2008-02-22,3544.4429
2008-02-25,3563.5555
2008-02-26,3547.1419
2008-02-27,3540.6618
2008-02-28,3549.8228
2008-02-29,3515.0732
2008-03-03,3426.6586
2008-03-04,3398.8425
2008-03-05,3406.5215
2008-03-06,3422.9446
2008-03-10,3245.098
2008-03-11,3242.0979
2008-03-12,3273.5292
2008-03-13,3116.3732
2008-03-14,3045.1393
2008-03-17,2930.8934
2008-03-18,2964.4978
2008-03-19,2927.0115
2008-03-24,2946.9424
2008-03-25,3058.5731
2008-03-26,3078.4497
2008-03-27,3103.0919
2008-03-28,3130.3539
2008-03-31,3079.6597
2008-04-01,2996.2682
2008-04-02,2915.4578
2008-04-03,2776.804
2008-04-04,2828.1999
2008-04-07,2852.826
2008-04-08,2813.9224
2008-04-09,2730.5314
2008-04-10,2809.7714
2008-04-11,2909.1746
2008-04-14,2874.0157
2008-04-15,2903.9936
2008-04-16,2972.3832
2008-04-17,2970.5953
2008-04-18,2985.8424
2008-04-21,2970.1633
2008-04-22,2924.7066
2008-04-23,2968.0076
2008-04-24,2903.3493
2008-04-25,2864.8177
2008-04-28,2881.7196
2008-04-29,2946.2892
2008-04-30,2936.7292
2008-05-02,2969.4933
2008-05-05,3022.7208
2008-05-06,3027.3259
2008-05-07,3059.9782
2008-05-08,3055.4713
2008-05-09,3053.4581
2008-05-12,3053.8386
2008-05-13,3101.2894
2008-05-14,3140.3568
2008-05-15,3130.9013
2008-05-16,3168.5416
2008-05-19,3228.6147
2008-05-21,3210.5919
2008-05-22,3221.1106
2008-05-23,3184.7997
2008-05-26,3132.9964
2008-05-27,3114.224
2008-05-28,3170.5526
2008-05-29,3204.8165
2008-05-30,3202.5268
2008-06-02,3179.3716
2008-06-03,3144.7012
2008-06-04,3085.2925
2008-06-05,3123.8198
2008-06-06,3136.2098
2008-06-09,3153.0165
2008-06-10,3089.653
2008-06-11,3084.8265
2008-06-12,3148.5913
2008-06-13,3131.0105
2008-06-16,3135.9912
2008-06-17,3125.2285
2008-06-18,3111.8645
2008-06-19,3139.5357
2008-06-20,3154.2109
2008-06-23,3151.3648
2008-06-24,3152.5778
2008-06-25,3110.0408
2008-06-26,3116.6877
2008-06-27,3096.3098
2008-06-30,3112.1849
2008-07-01,3155.8268
2008-07-02,3142.7757
2008-07-03,3020.31
2008-07-04,3056.3609
2008-07-07,3038.7196
2008-07-08,2997.5234
2008-07-09,2989.7492
2008-07-10,2972.2261
2008-07-11,2973.2311
2008-07-14,2954.2101
2008-07-15,2909.4865
2008-07-16,2882.4904
2008-07-17,2807.0857
2008-07-18,2749.6083
2008-07-21,2822.686
2008-07-22,2846.7011
2008-07-23,2852.4115
2008-07-24,2884.476
2008-07-25,2889.7766
2008-07-28,2914.3021
2008-07-29,2916.41
2008-07-31,2961.042
2008-08-01,2900.5236
2008-08-04,2857.117
2008-08-05,2795.7088
2008-08-06,2794.1377
2008-08-07,2810.1197
2008-08-08,2813.8299
2008-08-11,2723.1858
2008-08-12,2621.7882
2008-08-13,2626.4436
2008-08-14,2703.8637
2008-08-15,2657.5813
2008-08-19,2601.7034
2008-08-20,2642.4658
2008-08-21,2679.1837
2008-08-22,2719.8131
2008-08-25,2722.2696
2008-08-26,2702.3232
2008-08-27,2729.6617
2008-08-28,2747.6204
2008-08-29,2769.5884
2008-09-01,2778.2522
2008-09-02,2759.9301
2008-09-03,2690.2364
2008-09-04,2638.3756
2008-09-05,2570.5573
2008-09-08,2584.2101
2008-09-09,2474.6568
2008-09-10,2366.2983
2008-09-11,2349.2198
2008-09-12,2275.755
2008-09-15,2152.5846
2008-09-16,2176.7911
2008-09-17,2221.2415
2008-09-18,2262.4522
2008-09-19,2403.8367
2008-09-22,2405.2094
2008-09-23,2379.7451
2008-09-24,2385.8171
2008-09-25,2353.2073
2008-09-26,2322.8565
2008-09-29,2298.1503
2008-10-06,2033.943
2008-10-07,2009.7919
2008-10-08,1803.5266
2008-10-09,1803.5054
2008-10-10,1803.5148
2008-10-13,1832.7153
2008-10-14,1943.1337
2008-10-15,1897.345
2008-10-16,1831.952
2008-10-17,1751.3513
2008-10-20,1782.8257
2008-10-21,1789.0441
2008-10-22,1712.6084
2008-10-23,1650.9156
2008-10-24,1548.9425
2008-10-27,1459.7722
2008-10-28,1406.1404
2008-10-29,1398.3352
2008-10-30,1474.9041
2008-10-31,1584.7675
2008-11-03,1722.3892
2008-11-04,1750.5729
2008-11-05,1724.2124
2008-11-06,1645.2463
2008-11-07,1702.7975
2008-11-10,1702.5794
2008-11-11,1696.8064
2008-11-12,1690.5143
2008-11-13,1612.1905
2008-11-14,1618.4799
2008-11-17,1584.0837
2008-11-18,1531.3907
2008-11-19,1512.7981
2008-11-20,1473.7606
2008-11-21,1481.3231
2008-11-24,1468.509
2008-11-25,1493.6918
2008-11-26,1544.2563
2008-11-27,1551.4607
2008-11-28,1607.1105
2008-12-01,1578.6086
2008-12-02,1535.1312
2008-12-03,1532.947
2008-12-04,1556.3472
2008-12-05,1545.9804
2008-12-09,1622.6264
2008-12-10,1702.3921
2008-12-11,1707.0174
2008-12-12,1635.65
2008-12-15,1752.8212
2008-12-16,1730.8584
2008-12-17,1748.4093
2008-12-18,1745.7782
2008-12-19,1739.5586
2008-12-22,1725.0151
2008-12-23,1727.2087
2008-12-24,1718.345
2008-12-26,1722.5881
2008-12-30,1735.2078
2009-01-05,1848.1305
2009-01-06,1849.1764
2009-01-07,1836.271
2009-01-08,1807.0416
2009-01-09,1838.8503
2009-01-12,1820.656
2009-01-13,1798.8162
2009-01-14,1779.4405
2009-01-15,1720.4848
2009-01-16,1753.6023
2009-01-19,1741.0453
2009-01-20,1733.3893
2009-01-21,1699.1791
2009-01-22,1709.0496
2009-01-23,1690.4132
2009-01-27,1724.1154
2009-01-28,1710.9917
2009-01-29,1712.4879
2009-01-30,1726.9651
2009-02-02,1697.614
2009-02-03,1695.1278
2009-02-04,1704.2786
2009-02-05,1714.9177
2009-02-06,1760.534
2009-02-09,1751.2178
2009-02-10,1750.1678
2009-02-11,1744.4526
2009-02-12,1739.5866
2009-02-13,1759.223
2009-02-16,1761.1181
2009-02-17,1729.3713
2009-02-18,1745.9291
2009-02-19,1744.7232
2009-02-20,1717.2916
2009-02-23,1737.1646
2009-02-24,1715.1527
2009-02-25,1726.4146
2009-02-26,1711.8719
2009-02-27,1707.9438
2009-03-02,1659.8065
2009-03-03,1672.4066
2009-03-04,1706.8158
2009-03-05,1694.8844
2009-03-06,1694.0738
2009-03-10,1709.6634
2009-03-11,1723.0273
2009-03-12,1716.4628
2009-03-13,1733.5195
2009-03-16,1726.8547
2009-03-17,1710.8137
2009-03-18,1728.6303
2009-03-19,1743.4494
2009-03-20,1762.9331
2009-03-23,1820.2836
2009-03-24,1855.568
2009-03-25,1837.4504
2009-03-27,1879.9643
2009-03-30,1825.3325
2009-03-31,1842.0211
2009-04-01,1874.0728
2009-04-02,1926.7442
2009-04-03,1930.1666
2009-04-06,1960.7966
2009-04-07,1930.1278
2009-04-08,1915.7844
2009-04-13,2023.3421
2009-04-14,2074.8314
2009-04-15,2113.2783
2009-04-16,2148.3641
2009-04-17,2164.3093
2009-04-20,2214.4211
2009-04-21,2188.0854
2009-04-22,2143.9482
2009-04-23,2112.2862
2009-04-24,2136.4535
2009-04-27,2116.1958
2009-04-28,2132.207
2009-04-29,2201.8427
2009-04-30,2311.8782
2009-05-01,2315.1679
2009-05-04,2408.5134
2009-05-05,2396.79
2009-05-06,2447.4468
2009-05-07,2524.3546
2009-05-08,2591.1245
2009-05-11,2567.466
2009-05-12,2608.3442
2009-05-13,2629.4446
2009-05-14,2500.8795
2009-05-15,2435.7665
2009-05-18,2519.9176
2009-05-19,2639.2642
2009-05-20,2642.9778
2009-05-22,2630.3914
2009-05-25,2643.3178
2009-05-26,2582.8309
2009-05-27,2626.6604
2009-05-28,2638.5136
2009-05-29,2682.2718
2009-06-01,2829.5719
2009-06-02,2814.5948
2009-06-03,2834.8921
2009-06-04,2861.8661
2009-06-05,2939.0696
2009-06-08,2896.3178
2009-06-09,2936.9319
2009-06-10,2974.1307
2009-06-11,2932.1189
2009-06-12,2928.7319
2009-06-15,2872.3482
2009-06-16,2812.3254
2009-06-17,2808.2087
2009-06-18,2699.4286
2009-06-19,2747.4256
2009-06-22,2705.8752
2009-06-23,2609.1573
2009-06-24,2743.6954
2009-06-25,2814.0381
2009-06-26,2809.5357
2009-06-29,2805.2375
2009-06-30,2787.5814
2009-07-01,2825.1801
2009-07-02,2816.1658
2009-07-03,2827.6194
2009-07-06,2757.8137
2009-07-07,2848.6481
2009-07-09,2836.1231
2009-07-10,2809.0418
2009-07-13,2746.4873
2009-07-14,2792.7867
2009-07-15,2881.994
2009-07-16,2875.7213
2009-07-17,2858.8457
2009-07-21,2936.3139
2009-07-22,2914.031
2009-07-23,2959.5186
2009-07-24,2988.4644
2009-07-27,3016.0044
2009-07-28,3065.9171
2009-07-29,3044.277
2009-07-30,3158.9884
2009-07-31,3217.6287
2009-08-03,3231.2765
2009-08-04,3263.0903
2009-08-05,3205.597
2009-08-06,3283.2269
2009-08-07,3256.3452
2009-08-10,3315.9257
2009-08-11,3338.122
2009-08-12,3272.3209
2009-08-13,3362.5926
2009-08-14,3350.9311
2009-08-18,3276.8363
2009-08-19,3161.978
2009-08-20,3238.2052
2009-08-21,3239.4843
2009-08-24,3320.7986
2009-08-25,3325.7152
2009-08-26,3318.0471
2009-08-27,3271.8205
2009-08-28,3291.8534
2009-08-31,3240.1826
2009-09-01,3206.6371
2009-09-02,3149.0256
2009-09-03,3212.5907
2009-09-04,3206.2777
2009-09-07,3222.8754
2009-09-08,3282.6629
2009-09-09,3285.8739
2009-09-10,3322.7965
2009-09-11,3330.9973
2009-09-14,3285.3002
2009-09-15,3336.823
2009-09-16,3371.6345
2009-09-17,3385.859
2009-09-24,3389.6211
2009-09-25,3367.6697
2009-09-28,3300.6128
2009-09-29,3361.8415
2009-09-30,3396.0357
2009-10-01,3397.0626
2009-10-02,3393.011
2009-10-05,3400.1172
2009-10-06,3450.9097
2009-10-07,3433.7791
2009-10-08,3400.3554
2009-10-09,3391.7582
2009-10-12,3368.9575
2009-10-13,3380.4769
2009-10-14,3448.5098
2009-10-15,3460.6548
2009-10-16,3462.2774
2009-10-19,3473.3996
2009-10-20,3435.8018
2009-10-21,3405.2111
2009-10-22,3341.1523
2009-10-23,3393.9646
2009-10-26,3389.0898
2009-10-27,3320.0531
2009-10-28,3202.7228
2009-10-29,3198.8624
2009-10-30,3228.1537
2009-11-02,3230.2856
2009-11-03,3169.8238
2009-11-04,3234.5007
2009-11-05,3218.4284
2009-11-06,3255.9163
2009-11-09,3269.3926
2009-11-10,3223.4198
2009-11-11,3273.9104
2009-11-12,3286.4227
2009-11-13,3300.6196
2009-11-16,3367.5859
2009-11-17,3373.5968
2009-11-18,3389.9564
2009-11-19,3363.1862
2009-11-20,3394.7197
2009-11-23,3388.9874
2009-11-24,3365.2186
2009-11-25,3348.1413
2009-11-26,3241.8591
2009-11-30,3255.8497
2009-12-01,3314.1414
2009-12-02,3345.3909
2009-12-03,3382.824
2009-12-04,3396.7941
2009-12-07,3355.347
2009-12-08,3354.6768
2009-12-09,3361.7142
2009-12-10,3361.8165
2009-12-11,3394.1842
2009-12-14,3370.7455
2009-12-15,3345.3998
2009-12-16,3380.9693
2009-12-17,3356.7804
2009-12-21,3246.6826
2009-12-22,3291.2095
2009-12-23,3297.8957
2009-12-28,3351.4426
2009-12-29,3368.1402
2009-12-30,3380.988
2010-01-04,3436.1467
2010-01-05,3482.9334
2010-01-06,3491.6403
2010-01-07,3484.0427
2010-01-08,3529.4418
2010-01-11,3545.4018
2010-01-12,3578.9388
2010-01-13,3536.913
2010-01-14,3562.1138
2010-01-15,3553.3104
2010-01-18,3539.3646
2010-01-19,3568.9459
2010-01-20,3560.3675
2010-01-21,3526.5865
2010-01-22,3490.6002
2010-01-25,3472.467
2010-01-26,3432.9296
2010-01-27,3407.2322
2010-01-28,3484.7448
2010-01-29,3460.5559
2010-02-01,3422.9065
2010-02-02,3443.0787
2010-02-03,3450.4926
2010-02-04,3379.0055
2010-02-05,3304.9308
2010-02-08,3297.8994
2010-02-09,3294.0499
2010-02-10,3304.9527
2010-02-11,3340.6892
2010-02-12,3337.2605
2010-02-15,3364.3113
2010-02-16,3408.436
2010-02-17,3397.7382
2010-02-18,3378.2558
2010-02-19,3380.1102
2010-02-22,3406.8464
2010-02-23,3412.36
2010-02-24,3384.0877
2010-02-25,3372.0119
2010-03-01,3374.6927
2010-03-02,3398.8386
2010-03-03,3390.4059
2010-03-04,3385.8311
2010-03-05,3398.5717
2010-03-08,3452.8768
2010-03-09,3490.5008
2010-03-10,3506.6776
2010-03-11,3513.8219
2010-03-12,3503.4186
2010-03-15,3503.378
2010-03-17,3600.3319
2010-03-18,3582.3686
2010-03-19,3590.9997
2010-03-22,3519.1003
2010-03-23,3525.6913
2010-03-24,3585.2826
2010-03-25,3619.4351
2010-03-26,3645.3493
2010-03-29,3634.4987
2010-03-30,3641.8259
2010-03-31,3617.4327
2010-04-01,3684.0826
2010-04-05,3731.2792
2010-04-06,3737.8586
2010-04-07,3750.1894
2010-04-08,3693.3725
2010-04-09,3707.5459
2010-04-12,3735.4968
2010-04-13,3753.3135
2010-04-14,3763.8146
2010-04-15,3782.9234
2010-04-16,3756.9337
2010-04-19,3691.7401
2010-04-20,3760.985
2010-04-21,3783.8394
2010-04-22,3809.0454
2010-04-23,3799.616
2010-04-26,3821.7303
2010-04-27,3808.9383
2010-04-28,3758.0828
2010-04-29,3781.2996
2010-04-30,3830.5352
2010-05-03,3808.08
2010-05-04,3786.1717
2010-05-05,3627.547
2010-05-06,3599.1452
2010-05-07,3493.1125
2010-05-10,3651.9401
2010-05-11,3606.0895
2010-05-12,3653.9267
2010-05-14,3656.1951
2010-05-17,3591.5644
2010-05-18,3616.006
2010-05-19,3473.7166
2010-05-20,3424.0152
2010-05-21,3329.2038
2010-05-24,3287.6108
2010-05-25,3160.3181
2010-05-26,3399.8873
2010-05-27,3435.3375
2010-05-31,3536.6642
2010-06-01,3445.8088
2010-06-02,3455.5528
2010-06-03,3541.0753
2010-06-04,3550.8934
2010-06-07,3454.284
2010-06-08,3481.9792
2010-06-09,3494.0704
2010-06-10,3477.9802
2010-06-11,3521.7964
2010-06-14,3555.9515
2010-06-15,3554.293
2010-06-16,3588.8951
2010-06-17,3626.7554
2010-06-18,3674.3954
2010-06-21,3698.4525
2010-06-22,3684.9552
2010-06-23,3674.9147
2010-06-24,3657.8524
2010-06-25,3687.0791
2010-06-28,3698.6381
2010-06-29,3622.3419
2010-06-30,3644.8291
2010-07-01,3599.861
2010-07-02,3601.8939
2010-07-05,3608.3413
2010-07-06,3651.5808
2010-07-07,3638.0557
2010-07-08,3667.3092
2010-07-09,3695.7568
2010-07-12,3708.8757
2010-07-13,3706.3898
2010-07-14,3726.847
2010-07-15,3729.6727
2010-07-16,3742.3639
2010-07-19,3726.6179
2010-07-20,3755.861
2010-07-21,3781.7008
2010-07-22,3777.2869
2010-07-23,3827.5641
2010-07-26,3796.1857
2010-07-27,3815.0441
2010-07-28,3834.9667
2010-07-29,3880.4975
2010-07-30,3854.1107
2010-08-02,3840.6327
2010-08-03,3749.9494
2010-08-04,3751.6723
2010-08-05,3823.5168
2010-08-06,3836.3073
2010-08-09,3860.864
2010-08-10,3829.4724
2010-08-11,3795.1862
2010-08-12,3781.6422
2010-08-13,3815.1557
2010-08-16,3811.5771
2010-08-18,3834.5135
2010-08-19,3860.7005
2010-08-20,3873.5395
2010-08-23,3883.0978
2010-08-24,3864.4716
2010-08-25,3896.496
2010-08-26,3919.9935
2010-08-27,3871.0446
2010-08-30,3868.8978
2010-08-31,3841.3844
2010-09-01,3898.2188
2010-09-02,3885.8598
2010-09-03,3921.3199
2010-09-06,3978.1398
2010-09-07,3987.7504
2010-09-15,4130.5871
2010-09-16,4120.3432
2010-09-17,4165.6346
2010-09-20,4145.4849
2010-09-21,4134.0605
2010-09-22,4122.4143
2010-09-23,4107.2008
2010-09-24,4174.9831
2010-09-27,4230.938
2010-09-28,4226.2804
2010-09-29,4249.3444
2010-09-30,4252.2995
2010-10-01,4301.0721
2010-10-04,4322.666
2010-10-05,4345.756
2010-10-06,4368.9828
2010-10-07,4343.3737
2010-10-08,4301.4967
2010-10-11,4312.8232
2010-10-12,4315.9641
2010-10-13,4384.977
2010-10-14,4396.502
2010-10-15,4384.4707
2010-10-18,4341.438
2010-10-19,4367.6417
2010-10-20,4346.5323
2010-10-21,4366.2525
2010-10-22,4373.2285
2010-10-25,4429.2658
2010-10-26,4427.5213
2010-10-27,4387.587
2010-10-28,4407.689
2010-10-29,4400.7116
2010-11-01,4401.92
2010-11-02,4382.2006
2010-11-03,4350.727
2010-11-04,4389.037
2010-11-05,4433.3224
2010-11-08,4494.8151
2010-11-09,4543.65
2010-11-10,4547.7601
2010-11-11,4521.7731
2010-11-12,4429.0443
2010-11-15,4407.3133
2010-11-16,4416.0933
2010-11-18,4426.186
2010-11-19,4484.298
2010-11-22,4497.9751
2010-11-23,4420.4968
2010-11-24,4393.4826
2010-11-25,4452.2435
2010-11-26,4387.1282
2010-11-29,4375.103
2010-11-30,4260.941
2010-12-01,4363.3758
2010-12-02,4447.92
2010-12-03,4437.3003
2010-12-06,4474.0221
2010-12-08,4508.086
2010-12-09,4507.6674
2010-12-10,4476.3842
2010-12-13,4439.2072
2010-12-14,4420.5447
2010-12-15,4385.1981
2010-12-16,4282.4291
2010-12-17,4291.4167
2010-12-20,4291.817
2010-12-21,4367.6326
2010-12-22,4353.7372
2010-12-23,4326.152
2010-12-27,4338.9327
2010-12-28,4389.9635
2010-12-29,4437.604
2010-12-30,4444.8423
2011-01-03,4503.786
2011-01-04,4553.1199
2011-01-05,4560.4497
2011-01-06,4499.6544
2011-01-07,4364.819
2011-01-10,4182.417
2011-01-11,4141.7023
2011-01-12,4277.3532
2011-01-13,4289.2191
2011-01-14,4290.4845
2011-01-17,4236.0077
2011-01-18,4252.6915
2011-01-19,4236.6705
2011-01-20,4121.9826
2011-01-21,4028.465
2011-01-24,3985.6599
2011-01-25,4094.2241
2011-01-26,4166.1863
2011-01-27,4176.274
2011-01-28,4127.5998
2011-01-31,4029.9073
2011-02-01,4083.147
2011-02-02,4127.2249
2011-02-04,4139.7334
2011-02-07,4129.4086
2011-02-08,4100.4094
2011-02-09,4040.1477
2011-02-10,3991.8896
2011-02-11,4013.8953
2011-02-14,4046.3328
2011-02-16,4036.1173
2011-02-17,4053.2418
2011-02-18,4128.4128
2011-02-21,4130.0305
2011-02-22,4074.2408
2011-02-23,4106.8387
2011-02-24,4055.0873
2011-02-25,4060.6131
2011-02-28,4090.2007
2011-03-01,4139.4334
2011-03-02,4110.0761
2011-03-03,4122.8087
2011-03-04,4180.1534
2011-03-07,4197.5264
2011-03-08,4225.7663
2011-03-09,4235.3397
2011-03-10,4220.0484
2011-03-11,4159.7724
2011-03-14,4195.6513
2011-03-15,4148.1601
2011-03-16,4155.8692
2011-03-17,4099.8429
2011-03-18,4121.551
2011-03-21,4150.5959
2011-03-22,4146.9116
2011-03-23,4198.3299
2011-03-24,4265.6786
2011-03-25,4255.7483
2011-03-28,4244.5458
2011-03-29,4235.6514
2011-03-30,4294.2525
2011-03-31,4322.9087
2011-04-01,4357.1302
2011-04-04,4355.5174
2011-04-05,4340.8238
2011-04-06,4383.1171
2011-04-07,4386.6746
2011-04-08,4400.3827
2011-04-11,4403.3545
2011-04-12,4367.7181
2011-04-13,4393.2566
2011-04-14,4362.6669
2011-04-15,4392.4281
2011-04-18,4382.9687
2011-04-19,4380.9424
2011-04-20,4444.6709
2011-04-21,4453.9098
2011-04-25,4441.3202
2011-04-26,4426.7449
2011-04-27,4457.3283
2011-04-28,4455.5279
2011-04-29,4459.9756
2011-05-02,4488.9209
2011-05-03,4457.2042
2011-05-04,4464.5725
2011-05-05,4472.0929
2011-05-06,4443.1381
2011-05-09,4429.4551
2011-05-10,4441.8936
2011-05-11,4492.1403
2011-05-12,4456.3996
2011-05-13,4480.6151
2011-05-16,4440.4293
2011-05-18,4487.4144
2011-05-19,4506.7061
2011-05-20,4517.7842
2011-05-23,4409.0893
2011-05-24,4419.5635
2011-05-25,4412.9525
2011-05-26,4449.1022
2011-05-27,4463.8168
2011-05-30,4459.8316
2011-05-31,4471.4967
2011-06-01,4474.799
2011-06-03,4478.537
2011-06-06,4466.8564
2011-06-07,4476.581
2011-06-08,4453.0611
2011-06-09,4435.281
2011-06-10,4411.5978
2011-06-13,4369.2528
2011-06-14,4399.729
2011-06-15,4413.6872
2011-06-16,4357.4939
2011-06-17,4330.5408
2011-06-20,4332.8522
2011-06-21,4410.2444
2011-06-22,4434.7207
2011-06-23,4432.3289
2011-06-24,4455.6559
2011-06-27,4417.9171
2011-06-28,4432.6606
2011-06-30,4492.7941
2011-07-01,4537.0193
2011-07-04,4559.206
2011-07-05,4527.6308
2011-07-06,4510.8709
2011-07-07,4545.5121
2011-07-08,4616.9102
2011-07-11,4597.2044
2011-07-12,4534.3589
2011-07-13,4584.4459
2011-07-14,4601.9614
2011-07-15,4616.6429
2011-07-18,4626.2952
2011-07-19,4623.6321
2011-07-20,4666.7404
2011-07-21,4679.6858
2011-07-22,4723.7642
2011-07-25,4706.9721
2011-07-26,4762.9308
2011-07-27,4817.9353
2011-07-28,4801.2109
2011-07-29,4779.6448
2011-08-01,4852.9125
2011-08-02,4828.3381
2011-08-03,4783.832
2011-08-04,4752.8606
2011-08-05,4531.1697
2011-08-08,4474.9087
2011-08-09,4342.5731
2011-08-10,4493.8937
2011-08-11,4505.9231
2011-08-12,4523.6878
2011-08-15,4601.9546
2011-08-16,4588.44
2011-08-18,4658.0413
2011-08-19,4449.6716
2011-08-22,4460.1894
2011-08-23,4510.1366
2011-08-24,4470.747
2011-08-25,4466.0235
2011-08-26,4449.336
2011-09-05,4471.1337
2011-09-06,4496.0844
2011-09-07,4618.209
2011-09-08,4624.0747
2011-09-09,4612.3586
2011-09-12,4484.4201
2011-09-13,4458.1086
2011-09-14,4375.4084
2011-09-15,4340.4068
2011-09-16,4419.8637
2011-09-19,4320.1633
2011-09-20,4311.2096
2011-09-21,4243.7479
2011-09-22,3860.3258
2011-09-23,3909.0263
2011-09-26,3769.8855
2011-09-27,3965.5901
2011-09-28,4010.4677
2011-09-29,4039.8394
2011-09-30,4049.2325
2011-10-03,3814.9495
2011-10-04,3711.6745
2011-10-05,3739.4225
2011-10-06,3924.932
2011-10-07,3894.0418
2011-10-10,3924.5458
2011-10-11,4025.112
2011-10-12,4166.0789
2011-10-13,4222.593
2011-10-14,4220.3931
2011-10-17,4308.4534
2011-10-18,4170.05
2011-10-19,4252.9811
2011-10-20,4180.0865
2011-10-21,4178.4247
2011-10-24,4281.6481
2011-10-25,4286.9824
2011-10-26,4321.5674
2011-10-27,4412.0584
2011-10-28,4436.487
2011-10-31,4381.8638
2011-11-01,4245.7877
2011-11-02,4351.7084
2011-11-03,4277.9118
2011-11-04,4366.6
2011-11-07,4354.1302
2011-11-08,4375.5266
2011-11-09,4437.68
2011-11-10,4345.5976
2011-11-11,4338.8759
2011-11-14,4401.1155
2011-11-15,4377.8441
2011-11-16,4377.7018
2011-11-17,4354.5385
2011-11-18,4309.6101
2011-11-21,4210.9492
2011-11-22,4276.4495
2011-11-23,4212.9203
2011-11-24,4221.9661
2011-11-25,4154.3779
2011-11-28,4163.2114
2011-11-29,4210.0446
2011-11-30,4220.8143
2011-12-01,4300.7394
2011-12-02,4312.1758
2011-12-05,4311.1019
2011-12-06,4278.5442
2011-12-07,4324.1607
2011-12-08,4306.9589
2011-12-09,4281.0165
2011-12-12,4317.5929
2011-12-13,4290.1236
2011-12-14,4283.5618
2011-12-15,4230.0069
2011-12-16,4304.0259
2011-12-19,4303.287
2011-12-20,4284.4619
2011-12-21,4333.79
2011-12-22,4335.3977
2011-12-23,4331.1072
2011-12-27,4319.574
2011-12-28,4304.025
2011-12-29,4345.4837
2011-12-30,4363.1332
2012-01-02,4349.4077
2012-01-03,4418.2981
2012-01-04,4477.9276
2012-01-05,4474.8168
2012-01-06,4432.1125
2012-01-09,4451.1417
2012-01-10,4517.2994
2012-01-11,4490.877
2012-01-12,4482.4962
2012-01-13,4511.3192
2012-01-16,4479.983
2012-01-17,4533.7344
2012-01-18,4558.3019
2012-01-19,4574.0564
2012-01-20,4547.6512
2012-01-24,4555.7252
2012-01-25,4522.3355
2012-01-26,4538.8984
2012-01-27,4554.8011
2012-01-30,4472.5194
2012-01-31,4505.7676
2012-02-01,4542.9804
2012-02-02,4600.021
2012-02-03,4598.0576
2012-02-06,4538.5415
2012-02-07,4525.9425
2012-02-08,4590.1278
2012-02-09,4587.5022
2012-02-10,4518.4787
2012-02-13,4572.1417
2012-02-14,4568.626
2012-02-15,4584.5947
2012-02-16,4551.0867
2012-02-17,4607.6808
2012-02-20,4610.2015
2012-02-21,4625.8935
2012-02-22,4620.3762
2012-02-23,4584.4982
2012-02-24,4509.4623
2012-02-27,4463.1146
2012-02-28,4518.4084
2012-02-29,4605.3596
2012-03-01,4581.4957
2012-03-02,4630.1884
2012-03-05,4607.9346
2012-03-06,4582.3123
2012-03-07,4562.9965
2012-03-08,4599.5145
2012-03-09,4624.4693
2012-03-12,4613.9761
2012-03-13,4635.9
2012-03-14,4678.2354
2012-03-15,4666.7814
2012-03-16,4650.2572
2012-03-19,4643.1592
2012-03-20,4637.7551
2012-03-21,4659.0495
2012-03-22,4657.9823
2012-03-26,4634.3105
2012-03-27,4695.3416
2012-03-28,4716.8457
2012-03-29,4733.4089
2012-03-30,4752.1429
2012-04-02,4794.3468
2012-04-03,4831.5432
2012-04-04,4721.5307
2012-04-05,4756.0331
2012-04-09,4733.3282
2012-04-10,4731.4545
2012-04-11,4698.9891
2012-04-12,4718.1367
2012-04-13,4743.1038
2012-04-16,4720.1188
2012-04-17,4743.3141
2012-04-18,4761.9242
2012-04-19,4759.7852
2012-04-20,4786.7951
2012-04-23,4740.9447
2012-04-24,4754.6052
2012-04-25,4759.2308
2012-04-26,4770.2367
2012-04-27,4755.4089
2012-04-30,4766.2629
2012-05-01,4769.8376
2012-05-02,4792.5614
2012-05-03,4799.2136
2012-05-04,4780.6306
2012-05-07,4702.3922
2012-05-08,4727.1219
2012-05-09,4670.3274
2012-05-10,4672.7565
2012-05-11,4639.9299
2012-05-14,4561.2583
2012-05-15,4559.1684
2012-05-16,4486.5916
2012-05-21,4455.8483
2012-05-22,4543.5105
2012-05-23,4491.8229
2012-05-24,4503.6594
2012-05-25,4409.0907
2012-05-28,4425.4625
2012-05-29,4420.173
2012-05-30,4409.0869
2012-05-31,4318.6586
2012-06-01,4279.612
2012-06-04,4104.5433
2012-06-05,4172.4007
2012-06-06,4337.6458
2012-06-07,4332.662
2012-06-08,4313.4742
2012-06-11,4371.2664
2012-06-12,4339.9016
2012-06-13,4346.9133
2012-06-14,4264.203
2012-06-15,4304.8011
2012-06-18,4349.7809
2012-06-19,4363.1957
2012-06-20,4440.7969
2012-06-21,4392.9578
2012-06-22,4373.0592
2012-06-25,4330.8064
2012-06-26,4365.9297
2012-06-27,4416.43
2012-06-28,4361.0698
2012-06-29,4438.366
2012-07-02,4486.788
2012-07-03,4550.5264
2012-07-04,4597.0514
2012-07-05,4585.5071
2012-07-06,4577.1708
2012-07-09,4495.1396
2012-07-10,4523.4442
2012-07-11,4536.0934
2012-07-12,4493.4886
2012-07-13,4527.6866
2012-07-16,4560.6029
2012-07-17,4597.4345
2012-07-18,4602.2377
2012-07-19,4619.4606
2012-07-20,4597.4037
2012-07-23,4509.1811
2012-07-24,4499.9439
2012-07-25,4510.1057
2012-07-26,4505.8454
2012-07-27,4572.3163
2012-07-30,4582.8897
2012-07-31,4626.8834
2012-08-01,4616.5676
2012-08-02,4565.8399
2012-08-03,4574.6353
2012-08-06,4584.9782
2012-08-07,4565.3451
2012-08-08,4559.849
2012-08-09,4592.0509
2012-08-10,4610.9221
2012-08-13,4560.2444
2012-08-14,4578.4631
2012-08-15,4588.3105
2012-08-16,4596.4725
2012-08-23,4603.0248
2012-08-24,4578.5021
2012-08-27,4579.0782
2012-08-28,4563.9606
2012-08-29,4495.4663
2012-08-30,4413.6703
2012-08-31,4451.8809
2012-09-03,4509.8845
2012-09-04,4491.632
2012-09-05,4460.2564
2012-09-06,4484.2318
2012-09-07,4531.3556
2012-09-10,4542.0447
2012-09-11,4539.9763
2012-09-12,4568.5153
2012-09-13,4563.5501
2012-09-14,4661.154
2012-09-17,4669.2613
2012-09-18,4630.1493
2012-09-19,4649.3943
2012-09-20,4628.876
2012-09-21,4656.0176
2012-09-24,4610.1522
2012-09-25,4651.5079
2012-09-26,4595.2143
2012-09-27,4636.0683
2012-09-28,4678.5097
2012-10-01,4657.6508
2012-10-02,4670.8114
2012-10-03,4668.919
2012-10-04,4688.7528
2012-10-05,4725.4988
2012-10-08,4674.1044
2012-10-09,4673.5795
2012-10-10,4673.2271
2012-10-11,4682.7672
2012-10-12,4711.3542
2012-10-15,4724.1496
2012-10-16,4741.3897
2012-10-17,4748.5554
2012-10-18,4768.0363
2012-10-19,4747.8546
2012-10-22,4765.3097
2012-10-23,4748.9569
2012-10-24,4756.8536
2012-10-25,4766.0855
2012-10-29,4756.1301
2012-10-30,4786.1547
2012-10-31,4771.0632
2012-11-01,4757.2584
2012-11-02,4762.5978
2012-11-05,4722.6575
2012-11-06,4740.373
2012-11-07,4789.0546
2012-11-08,4763.3303
2012-11-09,4769.4785
2012-11-12,4756.5768
2012-11-13,4769.3304
2012-11-14,4780.6725
2012-11-19,4735.3437
2012-11-20,4734.5451
2012-11-21,4750.8818
2012-11-22,4782.3227
2012-11-23,4795.2469
2012-11-26,4826.3636
2012-11-27,4798.0389
2012-11-28,4755.6182
2012-11-29,4775.7474
2012-11-30,4753.4352
2012-12-03,4769.1428
2012-12-04,4748.1197
2012-12-05,4771.2798
2012-12-06,4781.5843
2012-12-07,4779.3256
2012-12-10,4787.6061
2012-12-11,4797.9888
2012-12-12,4819.9908
2012-12-13,4805.9264
2012-12-14,4795.0784
2012-12-17,4804.9862
2012-12-18,4793.2506
2012-12-19,4763.3917
2012-12-20,4733.3463
2012-12-21,4731.5477
2012-12-26,4761.2623
2012-12-27,4755.5934
2012-12-28,4786.5533
2013-01-02,4822.8066
2013-01-03,4882.0671
2013-01-04,4893.5021
2013-01-07,4873.2849
2013-01-08,4877.5003
2013-01-09,4835.299
2013-01-10,4787.1663
2013-01-11,4775.342
2013-01-14,4865.457
2013-01-15,4890.7564
2013-01-16,4906.7353
2013-01-17,4890.9119
2013-01-18,4949.4595
2013-01-21,4913.8665
2013-01-22,4894.8002
2013-01-23,4892.0503
2013-01-25,4908.6666
2013-01-28,4888.3688
2013-01-29,4923.9498
2013-01-30,4948.0269
2013-01-31,4941.5113
2013-02-01,4970.8491
2013-02-04,4965.4184
2013-02-05,4947.1442
2013-02-06,4978.5061
2013-02-07,4977.2685
2013-02-08,4962.1177
2013-02-11,4967.8403
2013-02-12,5012.9546
2013-02-13,5042.0557
2013-02-14,5057.3642
2013-02-15,5074.4756
2013-02-18,5082.5201
2013-02-19,5061.4076
2013-02-20,5107.5103
2013-02-21,5107.8367
2013-02-22,5127.9256
2013-02-25,5161.7445
2013-02-26,5138.0147
2013-02-27,5205.63
2013-02-28,5293.0433
2013-03-01,5325.8053
2013-03-04,5259.3737
2013-03-05,5281.3168
2013-03-06,5368.052
2013-03-07,5403.2294
2013-03-08,5429.8469
2013-03-11,5403.7898
2013-03-13,5377.9419
2013-03-14,5334.1629
2013-03-15,5382.3535
2013-03-18,5359.476
2013-03-19,5399.3736
2013-03-20,5431.301
2013-03-21,5395.7438
2013-03-22,5295.2286
2013-03-25,5363.4005
2013-03-26,5425.9397
2013-03-27,5517.8115
2013-03-28,5514.5983
2013-04-01,5512.5636
2013-04-02,5522.0653
2013-04-03,5525.4399
2013-04-04,5461.4047
2013-04-05,5463.8843
2013-04-08,5429.8101
2013-04-09,5429.9862
2013-04-10,5407.8978
2013-04-11,5473.0377
2013-04-12,5485.2771
2013-04-15,5444.9735
2013-04-16,5497.9974
2013-04-17,5555.5141
2013-04-18,5582.9766
2013-04-19,5576.6817
2013-04-22,5561.4876
2013-04-23,5527.6171
2013-04-24,5570.4481
2013-04-25,5550.8041
2013-04-26,5556.5189
2013-04-29,5586.4342
2013-04-30,5617.4998
2013-05-01,5673.3727
2013-05-02,5589.4727
2013-05-03,5515.4731
2013-05-06,5568.365
2013-05-07,5640.7172
2013-05-08,5675.8319
2013-05-10,5685.7702
2013-05-13,5649.034
2013-05-14,5685.9324
2013-05-15,5695.0329
2013-05-16,5691.2818
2013-05-17,5749.371
2013-05-20,5821.3932
2013-05-21,5799.1575
2013-05-22,5849.094
2013-05-23,5734.7405
2013-05-24,5787.132
2013-05-27,5725.5636
2013-05-28,5810.5872
2013-05-29,5851.6536
2013-05-30,5810.6661
2013-05-31,5796.2335
2013-06-03,5663.0263
2013-06-04,5693.5365
2013-06-05,5667.9755
2013-06-07,5510.3168
2013-06-10,5423.1335
2013-06-11,5213.5807
2013-06-12,5338.858
2013-06-13,5238.858
2013-06-14,5412.7756
2013-06-17,5430.0267
2013-06-18,5496.0649
2013-06-19,5450.3723
2013-06-20,5262.7332
2013-06-21,5139.6291
2013-06-24,5017.0391
2013-06-25,5037.0029
2013-06-26,5190.9289
2013-06-27,5277.2103
2013-06-28,5400.1592
2013-07-01,5364.6031
2013-07-02,5309.4177
2013-07-03,5141.8931
2013-07-04,5122.4549
2013-07-05,5145.4343
2013-07-08,4939.5301
2013-07-09,4898.7996
2013-07-10,5012.1212
2013-07-11,5132.4984
2013-07-12,5149.9185
2013-07-15,5144.2044
2013-07-16,5173.0616
2013-07-17,5209.8038
2013-07-18,5260.2338
2013-07-19,5252.1966
2013-07-22,5211.991
2013-07-23,5299.0771
2013-07-24,5225.652
2013-07-25,5189.7991
2013-07-26,5156.7593
2013-07-29,5082.9674
2013-07-30,5090.0595
2013-07-31,5080.1505
2013-08-01,5105.0906
2013-08-02,5130.4241
2013-08-12,5091.2007
2013-08-13,5152.1143
2013-08-14,5198.832
2013-08-15,5199.4038
2013-08-16,5069.5232
2013-08-19,4775.3069
2013-08-20,4624.9431
2013-08-21,4673.6103
2013-08-22,4595.8833
2013-08-23,4585.2042
2013-08-26,4525.276
2013-08-27,4333.1592
2013-08-28,4408.7815
2013-08-29,4507.3503
2013-08-30,4608.9922
2013-08-31,4608.9922
2013-09-02,4505.0995
2013-09-03,4571.9873
2013-09-04,4470.3878
2013-09-05,4424.557
2013-09-06,4430.6291
2013-09-09,4571.7342
2013-09-10,4748.2536
2013-09-11,4729.9522
2013-09-12,4761.6445
2013-09-13,4785.3608
2013-09-16,4940.4664
2013-09-17,4921.8791
2013-09-18,4860.5482
2013-09-19,5108.0879
2013-09-20,5032.5198
2013-09-23,5000.7943
2013-09-24,4873.3654
2013-09-25,4812.7369
2013-09-26,4820.3753
2013-09-27,4835.7611
2013-09-30,4709.3459
2013-10-01,4749.0408
2013-10-02,4797.8828
2013-10-03,4824.3876
2013-10-04,4790.0316
2013-10-07,4760.59
2013-10-08,4820.7602
2013-10-09,4851.6763
2013-10-10,4883.8623
2013-10-11,4918.342
2013-10-16,4879.2283
2013-10-17,4917.6898
2013-10-18,4955.8263
2013-10-21,4994.0241
2013-10-22,4924.9363
2013-10-23,4975.2692
2013-10-24,5033.806
2013-10-25,5024.6843
2013-10-28,5040.3784
2013-10-29,4999.0626
2013-10-30,5010.1557
2013-10-31,4935.5767
2013-11-01,4843.4368
2013-11-04,4840.2928
2013-11-06,4852.0888
2013-11-07,4892.7388
2013-11-08,4872.2628
2013-11-11,4822.9119
2013-11-12,4750.9732
2013-11-13,4663.0097
2013-11-14,4741.4496
2013-11-15,4700.3469
2013-11-16,4700.3469
2013-11-17,4700.3469
2013-11-18,4749.7676
2013-11-19,4759.2574
2013-11-20,4707.5021
2013-11-21,4680.4328
2013-11-22,4676.1002
2013-11-23,4676.1002
2013-11-24,4676.1002
2013-11-25,4691.9388
2013-11-26,4596.3869
2013-11-27,4613.8551
2013-11-28,4595.1519
2013-11-29,4636.6014
2013-12-02,4723.1344
2013-12-03,4688.923
2013-12-04,4642.0704
2013-12-05,4621.3676
2013-12-06,4582.2976
2013-12-09,4606.4505
2013-12-10,4665.1522
2013-12-11,4661.5012
2013-12-12,4599.2489
2013-12-13,4557.0267
2013-12-16,4496.3598
2013-12-17,4549.2418
2013-12-18,4573.2471
2013-12-19,4603.1021
2013-12-20,4569.7494
2013-12-23,4552.9695
2013-12-24,4568.4348
2013-12-27,4580.5879
2013-12-30,4636.8878
2014-01-02,4691.441
2014-01-03,4620.0041
2014-01-06,4556.9289
2014-01-07,4521.6613
2014-01-08,4560.9688
2014-01-09,4562.5155
2014-01-10,4630.3196
2014-01-13,4772.7029
2014-01-15,4815.1978
2014-01-16,4785.695
2014-01-17,4792.4503
2014-01-20,4818.924
2014-01-21,4846.1257
2014-01-22,4864.6578
2014-01-23,4884.4755
2014-01-24,4832.5083
2014-01-27,4698.7654
2014-01-28,4716.9405
2014-01-29,4798.3422
2014-01-30,4800.0506
2014-02-03,4774.0924
2014-02-04,4739.2038
2014-02-05,4781.2456
2014-02-06,4829.7461
2014-02-07,4875.8636
2014-02-10,4868.8618
2014-02-11,4897.6914
2014-02-12,4924.1901
2014-02-13,4917.1836
2014-02-14,4939.8518
2014-02-17,5007.7882
2014-02-18,5010.8066
2014-02-19,5037.5157
2014-02-20,5034.4209
2014-02-21,5091.1873
2014-02-24,5070.7704
2014-02-25,5017.7306
2014-02-26,4971.8099
2014-02-27,5017.0496
2014-02-28,5073.6878
2014-03-03,5036.8823
2014-03-04,5065.2634
2014-03-05,5128.9543
2014-03-06,5168.753
2014-03-07,5174.263
2014-03-10,5166.9677
2014-03-11,5204.3048
2014-03-12,5171.795
2014-03-13,5208.4606
2014-03-14,5374.3199
2014-03-17,5386.9754
2014-03-18,5308.2388
2014-03-19,5327.9749
2014-03-20,5187.3082
2014-03-21,5198.6945
2014-03-24,5218.5332
2014-03-25,5193.3607
2014-03-26,5220.3088
2014-03-27,5221.188
2014-03-28,5257.7027
2014-04-01,5374.4107
2014-04-02,5370.5537
2014-04-03,5395.0839
2014-04-04,5365.4923
2014-04-07,5429.5975
2014-04-08,5432.4642
2014-04-10,5221.9373
2014-04-11,5268.7823
2014-04-14,5338.3066
2014-04-15,5351.5074
2014-04-16,5353.3396
2014-04-17,5377.8234
2014-04-21,5362.1413
2014-04-22,5371.8467
2014-04-23,5367.9161
2014-04-24,5367.9161
2014-04-25,5384.6282
2014-04-28,5305.5918
2014-04-29,5325.2759
2014-04-30,5325.2759
2014-05-02,5314.8987
2014-05-05,5322.0121
2014-05-06,5308.9918
2014-05-07,5308.9918
2014-05-08,5318.2856
2014-05-09,5351.4535
2014-05-12,5381.4806
2014-05-13,5380.759
2014-05-14,5455.0032
2014-05-16,5484.9547
2014-05-19,5450.5597
2014-05-20,5325.7074
2014-05-21,5340.1439
2014-05-22,5404.6113
2014-05-23,5411.9359
2014-05-26,5398.3605
2014-05-28,5426.9186
2014-05-30,5337.262
2014-06-02,5338.7369
2014-06-03,5367.4562
2014-06-04,5354.7709
2014-06-05,5352.179
2014-06-06,5352.5756
2014-06-09,5287.3292
2014-06-10,5349.3884
2014-06-11,5378.0665
2014-06-12,5343.4588
2014-06-13,5335.4202
2014-06-16,5335.4202
2014-06-17,5360.3541
2014-06-18,5334.8151
2014-06-19,5296.5998
2014-06-20,5286.1125
2014-06-23,5272.9773
2014-06-24,5293.3638
2014-06-25,5265.1819
2014-06-26,5300.1359
2014-06-27,5271.6337
2014-06-30,5309.3583
2014-07-01,5307.6301
2014-07-02,5324.8611
2014-07-03,5318.5
2014-07-04,5343.8809
2014-07-07,5444.9
2014-07-08,5476.8871
2014-07-10,5572.9707
2014-07-11,5496.855
2014-07-14,5482.7994
2014-07-15,5542.3706
2014-07-16,5597.7243
2014-07-17,5541.0221
2014-07-18,5568.155
2014-07-21,5630.7837
2014-07-22,5571.2444
2014-07-23,5574.8029
2014-07-24,5571.5917
2014-07-25,5566.3888
2014-08-04,5576.0668
2014-08-05,5576.8091
2014-08-06,5516.0677
2014-08-07,5531.6453
2014-08-08,5512.6298
2014-08-11,5576.1173
2014-08-12,5603.7887
2014-08-13,5642.5818
2014-08-14,5629.5305
2014-08-15,5617.8624
2014-08-18,5627.4346
2014-08-19,5636.239
2014-08-20,5660.0566
2014-08-21,5686.915
2014-08-22,5684.4096
2014-08-25,5663.804
2014-08-26,5610.8435
2014-08-27,5627.4461
2014-08-28,5650.3709
2014-08-29,5607.9109
2014-09-01,5634.6432
2014-09-02,5661.0887
2014-09-03,5692.8923
2014-09-04,5667.6276
2014-09-05,5677.9169
2014-09-08,5702.6135
2014-09-09,5644.025
2014-09-10,5581.7385
2014-09-11,5577.2066
2014-09-12,5589.617
2014-09-15,5591.944
2014-09-16,5565.7247
2014-09-17,5630.8704
2014-09-18,5646.773
2014-09-19,5668.9374
2014-09-22,5657.1903
2014-09-23,5621.4718
2014-09-24,5609.4313
2014-09-25,5635.3804
2014-09-26,5544.248
2014-09-29,5543.0152
2014-09-30,5541.7831
2014-10-01,5542.9253
2014-10-02,5397.3923
2014-10-03,5344.3022
2014-10-06,5394.2753
2014-10-07,5439.2118
2014-10-08,5355.1629
2014-10-09,5397.8471
2014-10-10,5364.2257
2014-10-13,5324.4657
2014-10-14,5336.8412
2014-10-15,5378.1455
2014-10-16,5381.7557
2014-10-17,5476.64
2014-10-20,5484.0141
2014-10-21,5477.4549
2014-10-22,5522.448
2014-10-23,5545.7454
2014-10-24,5518.6465
2014-10-27,5470.8678
2014-10-28,5436.3959
2014-10-29,5516.6636
2014-10-30,5508.4761
2014-10-31,5559.7817
2014-11-03,5550.7467
2014-11-04,5528.2566
2014-11-05,5519.676
2014-11-06,5491.1614
2014-11-07,5446.5219
2014-11-10,5433.1347
2014-11-11,5505.8681
2014-11-12,5522.7101
2014-11-13,5534.1017
2014-11-14,5539.6258
2014-11-17,5556.3135
2014-11-18,5605.6896
2014-11-19,5639.0919
2014-11-20,5615.4545
2014-11-21,5651.1548
2014-11-24,5682.3461
2014-11-25,5658.9974
2014-11-26,5666.5656
2014-11-27,5682.578
2014-11-28,5694.6571
2014-12-01,5719.4526
2014-12-02,5744.1176
2014-12-03,5734.3646
2014-12-04,5747.9413
2014-12-05,5749.4729
2014-12-08,5678.4658
2014-12-09,5668.3479
2014-12-10,5722.6023
2014-12-11,5713.7296
2014-12-12,5719.4027
2014-12-15,5661.4781
2014-12-16,5543.9371
2014-12-17,5564.1496
2014-12-18,5646.3762
2014-12-19,5686.5409
2014-12-22,5667.1296
2014-12-23,5684.7763
2014-12-24,5711.6367
2014-12-29,5742.2879
2014-12-30,5773.6323
2015-01-02,5789.6512
2015-01-05,5757.8303
2015-01-06,5705.8245
2015-01-07,5746.542
2015-01-08,5756.5936
2015-01-09,5757.8664
2015-01-12,5722.6782
2015-01-13,5735.1115
2015-01-14,5671.5942
2015-01-15,5708.3326
2015-01-16,5655.8351
2015-01-19,5646.3869
2015-01-20,5656.813
2015-01-21,5702.2518
2015-01-22,5772.9693
2015-01-23,5832.5717
2015-01-26,5753.882
2015-01-27,5783.5394
2015-01-28,5772.1104
2015-01-29,5765.5138
2015-01-30,5793.3185
2015-02-02,5775.0516
2015-02-03,5809.9396
2015-02-04,5803.6637
2015-02-05,5782.6161
2015-02-06,5853.432
2015-02-09,5861.7761
2015-02-10,5833.46
2015-02-11,5845.6942
2015-02-12,5839.7773
2015-02-13,5859.8729
2015-02-16,5802.1888
2015-02-17,5815.7711
2015-02-18,5886.2755
2015-02-20,5898.8521
2015-02-23,5900.2943
2015-02-24,5914.7099
2015-02-25,5939.9866
2015-02-26,5952.0039
2015-02-27,5948.2723
2015-03-02,5962.7399
2015-03-03,5943.6071
2015-03-04,5908.4482
2015-03-05,5906.3706
2015-03-06,5946.1703
2015-03-09,5875.716
2015-03-10,5891.9106
2015-03-11,5825.2248
2015-03-12,5840.1341
2015-03-13,5830.4406
2015-03-16,5834.6975
2015-03-17,5848.2466
2015-03-18,5826.8787
2015-03-19,5876.3187
2015-03-20,5857.1877
2015-03-23,5838.8898
2015-03-24,5838.3852
2015-03-25,5779.3404
2015-03-26,5730.8353
2015-03-27,5768.3592
2015-03-30,5826.7685
2015-03-31,5898.0011
2015-04-01,5853.4053
2015-04-02,5838.022
2015-04-06,5854.4276
2015-04-07,5916.8933
2015-04-08,5890.0215
2015-04-09,5903.5489
2015-04-10,5888.1552
2015-04-13,5845.6849
2015-04-14,5798.9061
2015-04-15,5805.7207
2015-04-16,5814.3478
2015-04-17,5808.1751
2015-04-20,5799.4448
2015-04-21,5857.9265
2015-04-22,5831.536
2015-04-23,5828.1138
2015-04-24,5822.2094
2015-04-27,5631.9544
2015-04-28,5628.3732
2015-04-29,5495.6201
2015-04-30,5460.868
2015-05-04,5502.9317
2015-05-05,5515.5825
2015-05-06,5551.8331
2015-05-07,5534.9725
2015-05-08,5555.6965
2015-05-11,5546.836
2015-05-12,5573.3354
2015-05-13,5623.1059
2015-05-15,5614.7541
2015-05-18,5622.8078
2015-05-19,5661.8298
2015-05-20,5685.6192
2015-05-21,5701.6372
2015-05-22,5709.9373
2015-05-25,5680.4656
2015-05-26,5703.6637
2015-05-27,5646.5515
2015-05-28,5631.8685
2015-05-29,5616.9139
2015-06-01,5598.2069
2015-06-03,5520.7205
2015-06-04,5484.3354
2015-06-05,5480.1263
2015-06-08,5387.9006
2015-06-09,5263.3317
2015-06-10,5295.4219
2015-06-11,5288.6774
2015-06-12,5277.1755
2015-06-15,5160.6983
2015-06-16,5206.6185
2015-06-17,5278.6827
2015-06-18,5282.9097
2015-06-19,5315.7851
2015-06-22,5296.206
2015-06-23,5291.9955
2015-06-24,5306.239
2015-06-25,5273.3045
2015-06-26,5266.065
2015-06-29,5208.4481
2015-06-30,5233.1607
2015-07-01,5222.6433
2015-07-02,5297.2987
2015-07-03,5342.993
2015-07-06,5264.2298
2015-07-07,5272.4722
2015-07-08,5227.3932
2015-07-09,5198.2322
2015-07-10,5232.3619
2015-07-13,5272.3925
2015-07-14,5275.6427
2015-07-15,5242.5077
2015-07-22,5278.5149
2015-07-23,5276.6824
2015-07-24,5219.5973
2015-07-27,5123.7069
2015-07-28,5061.3022
2015-07-29,5061.3657
2015-07-30,5043.4543
2015-07-31,5126.1407
2015-08-03,5122.1989
2015-08-04,5105.497
2015-08-05,5176.5734
2015-08-06,5133.4951
2015-08-07,5098.7593
2015-08-10,5075.3117
2015-08-11,4935.614
2015-08-12,4787.3619
2015-08-13,4908.8072
2015-08-14,4916.7636
2015-08-18,4831.3424
2015-08-19,4806.8258
2015-08-20,4759.7858
2015-08-21,4640.2457
2015-08-24,4448.5237
2015-08-25,4496.1061
2015-08-26,4506.4502
2015-08-27,4711.7446
2015-08-28,4724.0752
2015-08-31,4784.0565
2015-09-01,4686.3949
2015-09-02,4671.4383
2015-09-03,4720.5996
2015-09-04,4691.9159
2015-09-07,4570.7366
2015-09-08,4597.2186
2015-09-09,4633.8835
2015-09-10,4624.4904
2015-09-11,4640.5595
2015-09-14,4662.1695
2015-09-15,4621.3355
2015-09-16,4605.952
2015-09-17,4658.6915
2015-09-18,4661.4311
2015-09-21,4651.2178
2015-09-22,4625.1898
2015-09-23,4529.9004
2015-09-25,4493.5021
2015-09-28,4396.9532
2015-09-29,4459.7968
2015-09-30,4486.3158
2015-10-01,4523.5434
2015-10-02,4482.6986
2015-10-05,4632.788
2015-10-06,4729.8166
2015-10-07,4791.0517
2015-10-08,4795.2144
2015-10-09,4907.7074
2015-10-12,4938.2782
2015-10-13,4785.641
2015-10-15,4821.9065
2015-10-16,4831.0983
2015-10-19,4889.0587
2015-10-20,4913.8374
2015-10-21,4941.3167
2015-10-22,4918.3393
2015-10-23,5003.4062
2015-10-26,5043.5938
2015-10-27,5012.0039
2015-10-28,4961.7869
2015-10-29,4813.6885
2015-10-30,4802.201
2015-11-02,4805.0496
2015-11-03,4879.0843
2015-11-04,4961.9577
2015-11-05,4919.4125
2015-11-06,4906.9465
2015-11-09,4824.038
2015-11-10,4789.8093
2015-11-11,4787.3628
2015-11-12,4805.7915
2015-11-13,4804.4685
2015-11-16,4764.188
2015-11-17,4825.9396
2015-11-18,4824.789
2015-11-19,4857.4446
2015-11-20,4898.7825
2015-11-23,4872.1712
2015-11-24,4869.4683
2015-11-25,4910.0518
2015-11-26,4933.5495
2015-11-27,4883.0106
2015-11-30,4754.7255
2015-12-01,4876.5928
2015-12-02,4876.3998
2015-12-03,4864.063
2015-12-04,4837.7341
2015-12-07,4853.6947
2015-12-08,4798.8825
2015-12-10,4785.7533
2015-12-11,4714.7819
2015-12-14,4689.631
2015-12-15,4722.5841
2015-12-16,4797.1409
2015-12-17,4883.2299
2015-12-18,4804.2151
2015-12-21,4828.0321
2015-12-22,4855.6772
2015-12-23,4847.5992
2015-12-28,4900.8016
2015-12-29,4916.9646
2015-12-30,4988.7808
2016-01-04,4898.647
2016-01-05,4927.512
2016-01-06,4990.4202
2016-01-07,4914.3458
2016-01-08,4935.0584
2016-01-11,4852.5463
2016-01-12,4909.8258
2016-01-13,4941.0536
2016-01-14,4902.9959
2016-01-15,4897.917
2016-01-18,4855.4315
2016-01-19,4885.6945
2016-01-20,4810.3105
2016-01-21,4795.3978
2016-01-22,4841.2218
2016-01-25,4871.3304
2016-01-26,4863.1245
2016-01-27,4927.5052
2016-01-28,4942.9403
2016-01-29,4968.9806
2016-02-01,4958.84
2016-02-02,4932.0486
2016-02-03,4936.962
2016-02-04,5007.6008
2016-02-05,5139.9339
2016-02-09,5101.6554
2016-02-10,5083.5655
2016-02-11,5137.2425
2016-02-12,5076.5436
2016-02-15,5109.716
2016-02-16,5115.6038
2016-02-17,5137.4831
2016-02-18,5148.7989
2016-02-19,5057.41
2016-02-22,5055.9645
2016-02-23,4996.6107
2016-02-24,5015.5799
2016-02-25,5007.6945
2016-02-26,5079.753
2016-02-29,5112.0436
2016-03-01,5121.4849
2016-03-02,5172.2677
2016-03-03,5190.8326
2016-03-04,5199.9672
2016-03-07,5193.891
2016-03-08,5169.7115
2016-03-10,5165.5685
2016-03-11,5196.7584
2016-03-14,5260.1972
2016-03-15,5234.4167
2016-03-16,5249.0119
2016-03-17,5283.9042
2016-03-18,5283.6994
2016-03-21,5280.6296
2016-03-22,5279.7808
2016-03-23,5266.2298
2016-03-24,5230.0604
2016-03-28,5181.3266
2016-03-29,5178.753
2016-03-30,5230.6546
2016-03-31,5261.0051
2016-04-01,5253.3863
2016-04-04,5268.4257
2016-04-05,5256.6509
2016-04-06,5270.6038
2016-04-07,5268.1177
2016-04-08,5252.9244
2016-04-11,5197.2636
2016-04-12,5236.4224
2016-04-13,5266.2062
2016-04-14,5224.0876
2016-04-15,5230.1103
2016-04-18,5280.8812
2016-04-19,5309.7506
2016-04-20,5320.2163
2016-04-21,5337.6909
2016-04-22,5345.3534
2016-04-25,5305.0623
2016-04-26,5249.3633
2016-04-27,5259.5367
2016-04-28,5257.5607
2016-04-29,5244.0756
2016-05-02,5204.9987
2016-05-03,5219.9932
2016-05-04,5219.4165
2016-05-09,5152.2941
2016-05-10,5172.0614
2016-05-11,5215.5806
2016-05-12,5204.7616
2016-05-13,5166.0653
2016-05-16,5137.36
2016-05-17,5145.6547
2016-05-18,5159.8545
2016-05-19,5114.4374
2016-05-20,5127.4993
2016-05-23,5165.6602
2016-05-24,5133.8904
2016-05-25,5208.7654
2016-05-26,5223.0903
2016-05-27,5266.2855
2016-05-30,5281.2054
2016-05-31,5243.5705
2016-06-01,5280.8395
2016-06-02,5264.1155
2016-06-03,5292.3916
2016-06-06,5343.1751
2016-06-07,5381.1239
2016-06-08,5358.8724
2016-06-09,5331.1627
2016-06-10,5303.4107
2016-06-13,5261.9697
2016-06-14,5256.0566
2016-06-15,5271.0877
2016-06-16,5258.9431
2016-06-17,5297.5515
2016-06-20,5334.4194
2016-06-21,5362.1701
2016-06-22,5384.5504
2016-06-23,5356.2833
2016-06-24,5308.3867
2016-06-27,5316.8801
2016-06-28,5357.7478
2016-06-29,5452.6813
2016-06-30,5480.43
2016-07-01,5428.9343
2016-07-11,5523.8748
2016-07-12,5551.3187
2016-07-13,5601.2396
2016-07-14,5556.9739
2016-07-15,5580.5879
2016-07-18,5612.6651
2016-07-19,5656.2742
2016-07-20,5705.0501
2016-07-21,5659.7544
2016-07-22,5645.1772
2016-07-25,5664.1329
2016-07-26,5674.9276
2016-07-27,5732.6652
2016-07-28,5767.2064
2016-07-29,5703.6037
2016-08-01,5831.8004
2016-08-02,5820.4068
2016-08-03,5797.7386
2016-08-04,5823.7138
2016-08-05,5872.472
2016-08-08,5924.1311
2016-08-09,5903.5768
2016-08-10,5885.9229
2016-08-11,5868.6007
2016-08-12,5818.988
2016-08-15,5764.0162
2016-08-16,5812.8026
2016-08-18,5892.9656
2016-08-19,5851.3841
2016-08-22,5844.109
2016-08-23,5830.3383
2016-08-24,5818.0248
2016-08-25,5856.2159
2016-08-26,5836.6891
2016-08-29,5755.9404
2016-08-30,5739.241
2016-08-31,5771.1327
2016-09-01,5712.2452
2016-09-02,5755.6595
2016-09-05,5771.2034
2016-09-06,5789.8955
2016-09-07,5794.1167
2016-09-08,5765.4454
2016-09-09,5672.8721
2016-09-13,5582.3321
2016-09-14,5501.7046
2016-09-15,5635.9607
2016-09-16,5614.2134
2016-09-19,5677.8508
2016-09-20,5650.6129
2016-09-21,5691.8734
2016-09-22,5716.1543
2016-09-23,5708.6938
2016-09-26,5658.4701
2016-09-27,5718.0456
2016-09-28,5717.8896
2016-09-29,5734.3775
2016-09-30,5651.6329
2016-10-03,5754.7412
2016-10-04,5742.4137
2016-10-05,5678.6341
2016-10-06,5667.4559
2016-10-07,5654.9838
2016-10-10,5625.6788
2016-10-11,5649.7155
2016-10-12,5635.5815
2016-10-13,5607.0167
2016-10-14,5650.6679
2016-10-17,5648.1821
2016-10-18,5680.2446
2016-10-19,5660.1164
2016-10-20,5639.4448
2016-10-21,5632.5847
2016-10-24,5654.5508
2016-10-25,5635.9451
2016-10-26,5622.3293
2016-10-27,5640.4963
2016-10-28,5633.6137
2016-10-31,5643.604
2016-11-01,5616.3177
2016-11-02,5597.9127
2016-11-03,5520.6593
2016-11-04,5560.6176
2016-11-07,5600.8056
2016-11-08,5664.6795
2016-11-09,5604.5294
2016-11-10,5660.6853
2016-11-11,5449.4553
2016-11-14,5318.3507
2016-11-15,5274.4291
2016-11-16,5393.0687
2016-11-17,5397.2023
2016-11-18,5377.046
2016-11-21,5363.6514
2016-11-22,5410.3198
2016-11-23,5413.7454
2016-11-24,5316.7593
2016-11-25,5331.4467
2016-11-28,5316.6246
2016-11-29,5344.787
2016-11-30,5366.5081
2016-12-01,5406.9172
2016-12-02,5447.017
2016-12-05,5465.8645
2016-12-06,5474.6589
2016-12-07,5472.0709
2016-12-08,5523.3512
2016-12-09,5522.1668
2016-12-13,5500.8313
2016-12-14,5465.1335
2016-12-15,5449.6635
2016-12-16,5412.8868
2016-12-19,5367.1168
2016-12-20,5319.1025
2016-12-21,5275.4013
2016-12-22,5176.8995
2016-12-23,5160.3182
2016-12-27,5221.4734
2016-12-28,5318.6964
2016-12-29,5389.983
2016-12-30,5379.1908
2017-01-03,5348.9595
2017-01-04,5355.4335
2017-01-05,5384.0848
2017-01-06,5403.6503
2017-01-09,5375.3626
2017-01-10,5388.1211
2017-01-11,5369.0744
2017-01-12,5366.8376
2017-01-13,5354.5271
2017-01-16,5334.6649
2017-01-17,5329.6421
2017-01-18,5356.9308
2017-01-19,5363.4512
2017-01-20,5313.4664
2017-01-23,5296.8793
2017-01-24,5335.6244
2017-01-25,5329.2341
2017-01-26,5359.348
2017-01-27,5360.9317
2017-01-30,5362.6719
2017-01-31,5408.1696
2017-02-01,5361.777
2017-02-02,5381.6104
2017-02-03,5383.2694
2017-02-06,5410.7633
2017-02-07,5382.0308
2017-02-08,5360.0417
2017-02-09,5369.4175
2017-02-10,5382.2789
2017-02-13,5408.6449
2017-02-14,5365.0433
2017-02-16,5342.1708
2017-02-17,5319.863
2017-02-20,5324.9606
2017-02-21,5291.5663
2017-02-22,5305.0674
2017-02-23,5312.3895
2017-02-24,5302.096
2017-02-27,5281.5194
2017-02-28,5293.6974
2017-03-01,5251.4729
2017-03-02,5287.4744
2017-03-03,5274.8415
2017-03-06,5292.7353
2017-03-07,5279.4276
2017-03-08,5270.7401
2017-03-09,5261.5266
2017-03-10,5242.4156
2017-03-13,5258.4897
2017-03-14,5270.2434
2017-03-15,5270.9612
2017-03-16,5339.3392
2017-03-17,5364.0116
2017-03-20,5360.7358
2017-03-21,5375.5203
2017-03-22,5371.7289
2017-03-23,5417.2531
2017-03-24,5421.5043
2017-03-27,5384.3636
2017-03-29,5435.1651
2017-03-30,5441.2347
2017-03-31,5475.2601
2017-04-03,5474.3034
2017-04-04,5513.8944
2017-04-05,5508.5798
2017-04-06,5497.9967
2017-04-07,5465.3993
2017-04-10,5446.4917
2017-04-11,5439.5735
2017-04-12,5466.8718
2017-04-13,5443.2318
2017-04-17,5408.0251
2017-04-18,5435.5604
2017-04-20,5414.4997
2017-04-21,5469.057
2017-04-25,5478.8298
2017-04-26,5512.4847
2017-04-27,5507.1963
2017-04-28,5483.8834
2017-05-02,5451.6299
2017-05-03,5430.4049
2017-05-04,5450.5961
2017-05-05,5470.3952
2017-05-08,5483.3339
2017-05-09,5455.6846
2017-05-10,5399.3443
2017-05-12,5418.6372
2017-05-15,5414.7643
2017-05-16,5391.5124
2017-05-17,5370.1183
2017-05-18,5383.0698
2017-05-19,5497.5813
2017-05-22,5478.6991
2017-05-23,5459.3505
2017-05-24,5435.5612
2017-05-26,5457.5174
2017-05-29,5453.8146
2017-05-30,5444.8504
2017-05-31,5530.8855
2017-06-02,5528.2954
2017-06-05,5499.3258
2017-06-06,5457.7793
2017-06-07,5477.1205
2017-06-08,5457.2399
2017-06-09,5440.4047
2017-06-12,5454.2315
2017-06-13,5463.5761
2017-06-14,5546.2466
2017-06-15,5528.5873
2017-06-16,5504.4079
2017-06-19,5499.8907
2017-06-20,5542.5053
2017-06-21,5560.6919
2017-06-22,5621.931
2017-07-03,5661.0328
2017-07-04,5626.4432
2017-07-05,5575.7578
2017-07-06,5600.6234
2017-07-07,5557.0853
2017-07-10,5516.297
2017-07-11,5517.3741
2017-07-12,5552.0598
2017-07-13,5555.9498
2017-07-14,5567.9789
2017-07-17,5568.6226
2017-07-18,5547.9078
2017-07-19,5531.6971
2017-07-20,5557.8499
2017-07-21,5505.6937
2017-07-24,5519.4203
2017-07-25,5527.0885
2017-07-26,5505.7181
2017-07-27,5540.4028
2017-07-28,5567.8674
2017-07-31,5612.9969
2017-08-01,5560.1342
2017-08-02,5558.9408
2017-08-03,5523.9728
2017-08-04,5510.0954
2017-08-07,5485.366
2017-08-08,5516.1599
2017-08-09,5539.3626
2017-08-10,5539.2836
2017-08-11,5472.3519
2017-08-14,5519.3911
2017-08-15,5540.9169
2017-08-16,5571.8363
2017-08-18,5572.0885
2017-08-21,5549.732
2017-08-22,5569.9634
2017-08-23,5598.8552
2017-08-24,5585.2518
2017-08-25,5602.0237
2017-08-28,5595.9486
2017-08-29,5591.1374
2017-08-30,5592.7318
2017-08-31,5611.0906
2017-09-04,5552.5283
2017-09-05,5564.2785
2017-09-06,5561.6313
2017-09-07,5564.376
2017-09-08,5587.2937
2017-09-11,5586.2853
2017-09-12,5561.3847
2017-09-13,5527.7256
2017-09-14,5531.6964
2017-09-15,5537.3488
2017-09-18,5541.7485
2017-09-19,5565.7953
2017-09-20,5565.3742
2017-09-22,5558.8542
2017-09-25,5535.6068
2017-09-26,5500.442
2017-09-27,5479.8697
2017-09-28,5463.6279
2017-09-29,5532.2283
2017-10-02,5520.1955
2017-10-03,5550.2901
2017-10-04,5572.1151
2017-10-05,5539.0899
2017-10-06,5545.4514
2017-10-09,5543.219
2017-10-10,5539.4968
2017-10-11,5520.5895
2017-10-12,5555.6859
2017-10-13,5559.7021
2017-10-16,5577.39
2017-10-17,5575.7107
2017-10-18,5555.4595
2017-10-19,5544.1828
2017-10-20,5563.1294
2017-10-23,5580.2419
2017-10-24,5573.1073
2017-10-25,5617.7426
2017-10-26,5603.6412
2017-10-27,5578.533
2017-10-30,5581.5659
2017-10-31,5597.7773
2017-11-01,5621.6149
2017-11-02,5624.819
2017-11-03,5638.5828
2017-11-06,5657.5975
2017-11-07,5668.2994
2017-11-08,5659.205
2017-11-09,5650.806
2017-11-10,5629.494
2017-11-13,5628.7312
2017-11-14,5607.6017
2017-11-15,5599.6722
2017-11-16,5645.2298
2017-11-17,5674.6707
2017-11-20,5657.548
2017-11-21,5640.5608
2017-11-22,5683.7265
2017-11-23,5672.3048
2017-11-24,5672.3269
2017-11-27,5660.2536
2017-11-28,5634.3002
2017-11-29,5649.2818
2017-11-30,5581.2735
2017-12-04,5591.1846
2017-12-05,5556.6054
2017-12-06,5581.1886
2017-12-07,5567.5942
2017-12-08,5582.8467
2017-12-11,5562.191
2017-12-12,5567.8039
2017-12-13,5603.3529
2017-12-14,5672.5429
2017-12-15,5663.497
2017-12-18,5668.3878
2017-12-19,5703.6726
2017-12-20,5660.7812
2017-12-21,5707.6485
2017-12-22,5739.9444
2017-12-27,5782.4814
2017-12-28,5821.0263
2017-12-29,5880.4787
2018-01-02,5850.3502
2018-01-03,5777.6995
2018-01-04,5826.0067
2018-01-05,5915.3525
2018-01-08,5919.6311
2018-01-09,5909.4478
2018-01-10,5911.5594
2018-01-11,5918.6423
2018-01-12,5917.0897
2018-01-15,5933.8305
2018-01-16,5984.2631
2018-01-17,6009.9574
2018-01-18,6021.3952
2018-01-19,6026.2245
2018-01-22,6038.1679
2018-01-23,6126.806
2018-01-24,6141.1063
2018-01-25,6146.812
2018-01-26,6187.6047
2018-01-29,6211.038
2018-01-30,6116.3516
2018-01-31,6154.7756
2018-02-01,6147.9186
2018-02-02,6163.8076
2018-02-05,6115.3761
2018-02-06,6009.8137
2018-02-07,6055.2519
2018-02-08,6061.6505
2018-02-09,6007.8788
2018-02-12,6053.6089
2018-02-13,6105.1058
2018-02-14,6111.7352
2018-02-15,6112.8431
2018-02-19,6206.9293
2018-02-20,6175.0657
2018-02-21,6166.8765
2018-02-22,6128.5242
2018-02-23,6148.9909
2018-02-26,6101.784
2018-02-27,6138.0379
2018-02-28,6154.8706
2018-03-01,6150.4991
2018-03-02,6120.3929
2018-03-05,6092.0721
2018-03-06,6050.2772
2018-03-07,5921.5602
2018-03-08,5972.9981
2018-03-09,5974.2187
2018-03-12,6029.1116
2018-03-13,5953.2511
2018-03-14,5904.6282
2018-03-15,5845.0901
2018-03-16,5814.3749
2018-03-19,5805.9262
2018-03-20,5779.6381
2018-03-21,5846.6241
2018-03-22,5797.0555
2018-03-23,5755.0047
2018-03-26,5771.2609
2018-03-27,5792.5994
2018-03-28,5756.706
2018-03-29,5830.0255
2018-04-02,5866.2326
2018-04-03,5859.4508
2018-04-04,5778.1214
2018-04-05,5821.0318
2018-04-06,5816.0893
2018-04-09,5886.7319
2018-04-10,5944.2421
2018-04-11,5967.2416
2018-04-12,5917.9775
2018-04-13,5889.3715
2018-04-15,5889.3715
2018-04-16,5902.2505
2018-04-17,5901.4657
2018-04-18,5922.097
2018-04-19,5955.189
2018-04-20,5948.9435
2018-04-23,5915.1076
2018-04-24,5863.1418
2018-04-25,5741.7723
2018-04-26,5591.2835
2018-04-27,5611.8893
2018-04-30,5696.465
2018-05-02,5691.5885
2018-05-03,5548.4657
2018-05-04,5485.6955
2018-05-07,5550.1896
2018-05-08,5467.3744
2018-05-09,5589.0103
2018-05-11,5643.7054
2018-05-14,5621.75
2018-05-15,5552.0523
2018-05-16,5559.6365
2018-05-17,5563.4748
2018-05-18,5545.5278
2018-05-21,5514.2131
2018-05-22,5529.9567
2018-05-23,5569.1026
2018-05-24,5698.5985
2018-05-25,5721.0194
2018-05-28,5779.3214
2018-05-30,5729.4116
2018-05-31,5727.27
2018-06-04,5756.0954
2018-06-05,5805.2269
2018-06-06,5795.8868
2018-06-07,5817.3564
2018-06-08,5726.4076
2018-06-20,5618.7436
2018-06-21,5553.2285
2018-06-22,5534.8584
2018-06-25,5551.1176
2018-06-26,5507.9429
2018-06-27,5487.2596
2018-06-28,5370.2592
2018-06-29,5496.0365
2018-07-02,5438.0731
2018-07-03,5328.487
2018-07-04,5402.7889
2018-07-05,5409.6657
2018-07-06,5380.0281
2018-07-09,5473.3069
2018-07-10,5537.6184
2018-07-11,5535.2725
2018-07-12,5551.2414
2018-07-13,5575.0381
2018-07-16,5537.5071
2018-07-17,5514.6521
2018-07-18,5556.4408
2018-07-19,5549.853
2018-07-20,5552.6913
2018-07-23,5585.4277
2018-07-24,5598.6681
2018-07-25,5609.4587
2018-07-26,5618.0412
2018-07-27,5655.2538
2018-07-30,5695.6062
2018-07-31,5605.9352
2018-08-01,5684.4683
2018-08-02,5648.3805
2018-08-03,5649.0318
2018-08-06,5711.9634
2018-08-07,5702.7667
2018-08-08,5699.0326
2018-08-09,5673.4553
2018-08-10,5684.7495
2018-08-13,5503.6582
2018-08-14,5415.8571
2018-08-15,5446.225
2018-08-16,5397.2778
2018-08-20,5489.045
2018-08-21,5526.4627
2018-08-23,5566.6539
2018-08-24,5548.2977
2018-08-27,5605.4718
2018-08-28,5610.4447
2018-08-29,5630.1713
2018-08-30,5591.2457
2018-08-31,5576.6566
2018-09-03,5526.3675
2018-09-04,5467.0194
2018-09-05,5267.7876
2018-09-06,5336.0102
2018-09-07,5398.0711
2018-09-10,5381.1451
2018-09-12,5370.5982
2018-09-13,5426.6036
2018-09-14,5488.6289
2018-09-17,5391.5392
2018-09-18,5381.3959
2018-09-19,5422.7294
2018-09-20,5479.9618
2018-09-21,5516.8127
2018-09-24,5450.8979
2018-09-25,5459.7944
2018-09-26,5456.5071
2018-09-27,5499.4347
2018-09-28,5544.4626
2018-10-01,5528.0847
2018-10-02,5466.7141
2018-10-03,5464.028
2018-10-04,5370.1708
2018-10-05,5349.4414
2018-10-08,5357.924
2018-10-09,5375.2265
2018-10-10,5402.5849
2018-10-11,5294.9702
2018-10-12,5332.9748
2018-10-15,5297.9677
2018-10-16,5362.0498
2018-10-17,5422.2444
2018-10-18,5406.7633
2018-10-19,5398.9501
2018-10-22,5413.4548
2018-10-23,5382.298
2018-10-24,5298.8474
2018-10-25,5325.1761
2018-10-26,5338.4205
2018-10-29,5308.3906
2018-10-30,5321.0475
2018-10-31,5364.3982
2018-11-01,5370.7963
2018-11-02,5429.8794
2018-11-05,5439.8396
2018-11-06,5461.9024
2018-11-07,5489.9525
2018-11-08,5528.3482
2018-11-09,5452.6128
2018-11-12,5359.4089
2018-11-13,5397.3185
2018-11-14,5404.3115
2018-11-15,5485.6337
2018-11-16,5543.0438
2018-11-19,5533.9212
2018-11-21,5475.9614
2018-11-22,5505.5547
2018-11-23,5503.218
2018-11-26,5499.0249
2018-11-27,5489.5204
2018-11-28,5467.1919
2018-11-29,5568.3351
2018-11-30,5526.9639
2018-12-03,5591.4268
2018-12-04,5615.5408
2018-12-05,5589.6462
2018-12-06,5560.8799
2018-12-07,5578.8481
2018-12-10,5565.5029
2018-12-11,5536.5247
2018-12-12,5592.5243
2018-12-13,5640.2459
2018-12-14,5626.8257
2018-12-17,5553.8654
2018-12-18,5542.9879
2018-12-19,5606.9479
2018-12-20,5579.3656
2018-12-21,5590.1445
2018-12-26,5544.2749
2018-12-27,5623.5532
2018-12-28,5674.8393
2019-01-02,5612.0002
2019-01-03,5650.7482
2019-01-04,5692.7643
2019-01-07,5716.2486
2019-01-08,5700.1746
2019-01-09,5705.4157
2019-01-10,5752.4145
2019-01-11,5781.9747
2019-01-14,5752.5042
2019-01-15,5814.7684
2019-01-16,5831.5241
2019-01-17,5831.153
2019-01-18,5851.516
2019-01-21,5834.8336
2019-01-22,5837.5273
2019-01-23,5840.3567
2019-01-24,5862.4242
2019-01-25,5884.4737
2019-01-28,5847.7371
2019-01-29,5820.4266
2019-01-30,5837.7196
2019-01-31,5894.497
2019-02-01,5902.3252
2019-02-04,5861.7168
2019-02-06,5923.8635
2019-02-07,5899.3768
2019-02-08,5873.7307
2019-02-11,5842.7308
2019-02-12,5778.6145
2019-02-13,5774.7712
2019-02-14,5760.2083
2019-02-15,5726.3978
2019-02-18,5806.5848
2019-02-19,5821.5883
2019-02-20,5833.7515
2019-02-21,5853.2902
2019-02-22,5829.4042
2019-02-25,5853.1438
2019-02-26,5853.4896
2019-02-27,5836.78
2019-02-28,5765.9375
2019-03-01,5805.6928
2019-03-04,5808.2838
2019-03-05,5808.2838
2019-03-06,5819.1591
2019-03-08,5756.498
2019-03-11,5742.7297
2019-03-12,5738.0424
2019-03-13,5764.9926
2019-03-14,5794.739
2019-03-15,5819.0739
2019-03-18,5853.2098
2019-03-19,5853.2098
2019-03-20,5853.1382
2019-03-21,5884.778
2019-03-22,5903.4184
2019-03-25,5811.1213
2019-03-26,5864.2166
2019-03-27,5832.6225
2019-03-28,5848.1433
2019-03-29,5839.4625
2019-04-01,5819.7991
2019-04-02,5837.3448
2019-04-04,5847.8084
2019-04-05,5833.6881
2019-04-08,5777.6866
2019-04-09,5832.8327
2019-04-10,5809.7894
2019-04-11,5751.957
2019-04-12,5740.7606
2019-04-15,5763.1407
2019-04-16,5793.5877
2019-04-18,5814.2811
2019-04-22,5727.9657
2019-04-23,5765.193
2019-04-24,5754.6457
2019-04-25,5694.2831
2019-04-26,5721.2356
2019-04-29,5741.1648
2019-04-30,5741.8723
2019-05-02,5679.6096
2019-05-03,5638.863
2019-05-06,5575.3325
2019-05-07,5626.7356
2019-05-08,5603.3619
2019-05-09,5525.6993
2019-05-10,5539.8925
2019-05-13,5477.4672
2019-05-14,5466.6919
2019-05-15,5417.1854
2019-05-16,5360.7989
2019-05-17,5319.4755
2019-05-20,5379.243
2019-05-21,5408.5793
2019-05-22,5398.8974
2019-05-23,5467.127
2019-05-24,5475.3305
2019-05-27,5510.7556
2019-05-28,5444.6195
2019-05-29,5485.5198
2019-05-31,5566.1505
2019-06-10,5624.3392
2019-06-11,5622.0659
2019-06-12,5622.5398
2019-06-13,5639.3728
2019-06-14,5624.0498
2019-06-17,5566.6666
2019-06-18,5605.0271
2019-06-19,5670.9351
2019-06-20,5663.7393
2019-06-21,5637.7823
2019-06-24,5605.2812
2019-06-25,5645.4698
2019-06-26,5632.9704
2019-06-27,5679.6948
2019-06-28,5685.7335
2019-07-01,5698.0435
2019-07-02,5709.1208
2019-07-03,5677.8745
2019-07-04,5698.6004
2019-07-05,5685.9473
2019-07-08,5657.0505
2019-07-09,5667.1402
2019-07-10,5690.7408
2019-07-11,5698.1339
2019-07-12,5648.4092
2019-07-15,5667.5276
2019-07-16,5652.2107
2019-07-17,5637.5851
2019-07-18,5638.7961
2019-07-19,5659.1305
2019-07-22,5630.9758
2019-07-23,5620.6514
2019-07-24,5602.1085
2019-07-25,5607.2161
2019-07-26,5545.2194
2019-07-29,5534.868
2019-07-30,5597.8374
2019-07-31,5606.084
2019-08-01,5583.2068
2019-08-02,5541.8219
2019-08-05,5407.6095
2019-08-06,5373.264
2019-08-07,5425.5219
2019-08-08,5484.9062
2019-08-09,5488.8894
2019-08-12,5458.6263
2019-08-13,5426.8555
2019-08-14,5460.8472
2019-08-15,5438.355
2019-08-16,5446.4422
2019-08-19,5462.1803
2019-08-20,5449.6036
2019-08-21,5417.9903
2019-08-22,5411.0741
2019-08-23,5427.6053
2019-08-26,5385.6793
2019-08-27,5416.5068
2019-08-28,5408.4156
2019-08-29,5415.6627
2019-08-30,5448.364
2019-09-02,5416.731
2019-09-03,5386.8688
2019-09-04,5401.2657
2019-09-05,5434.2012
2019-09-06,5445.3882
2019-09-09,5480.3832
2019-09-10,5484.1925
2019-09-11,5530.457
2019-09-12,5501.2806
2019-09-13,5489.273
2019-09-16,5408.9943
2019-09-17,5424.9052
2019-09-18,5448.9743
2019-09-19,5410.204
2019-09-20,5400.3766
2019-09-23,5373.5965
2019-09-24,5309.1863
2019-09-25,5307.7402
2019-09-26,5370.2611
2019-09-27,5340.787
2019-09-30,5315.4522
2019-10-01,5293.3987
2019-10-02,5206.5606
2019-10-03,5202.2162
2019-10-04,5208.0671
2019-10-07,5170.7816
2019-10-08,5206.5185
2019-10-09,5200.7463
2019-10-10,5196.4741
2019-10-11,5256.0719
2019-10-14,5265.0983
2019-10-15,5287.7504
2019-10-16,5295.122
2019-10-17,5310.6722
2019-10-18,5318.1173
2019-10-21,5314.5504
2019-10-22,5330.5533
2019-10-23,5365.0603
2019-10-24,5421.4459
2019-10-25,5370.9795
2019-10-28,5377.5172
2019-10-29,5383.3215
2019-10-30,5387.8198
2019-10-31,5330.8248
2019-11-01,5278.938
2019-11-04,5244.13
2019-11-05,5282.788
2019-11-06,5181.6726
2019-11-07,5087.6976
2019-11-08,5061.3876
2019-11-11,5020.1705
2019-11-12,5036.8166
2019-11-13,5024.0939
2019-11-14,5001.2333
2019-11-15,5003.8252
2019-11-18,4982.8583
2019-11-19,4998.4978
2019-11-20,4999.0394
2019-11-21,4968.3396
2019-11-22,4959.0059
2019-11-25,4935.3021
2019-11-26,4922.0923
2019-11-27,4884.0845
2019-11-28,4797.0827
2019-11-29,4828.3159
2019-12-02,4908.0997
2019-12-03,4902.1765
2019-12-04,4886.4488
2019-12-05,4922.1465
2019-12-06,4947.6167
2019-12-09,4966.0079
2019-12-10,4942.9131
2019-12-11,4929.5967
2019-12-12,4906.2536
2019-12-13,4947.2231
2019-12-16,4953.6913
2019-12-17,4956.4586
2019-12-18,4975.0232
2019-12-19,4947.8703
2019-12-20,4934.5577
2019-12-23,4926.8644
2019-12-26,4918.0165
2019-12-27,4920.9249
2019-12-30,4904.5597
2020-01-02,4877.7442
2020-01-03,4895.3196
2020-01-06,4843.0926
2020-01-07,4841.4716
2020-01-08,4801.9295
2020-01-09,4824.5155
2020-01-10,4833.6962
2020-01-13,4844.7269
2020-01-14,4845.6739
2020-01-15,4796.3651
2020-01-16,4809.9019
2020-01-17,4807.4764
2020-01-20,4764.8282
2020-01-21,4749.007
2020-01-22,4731.8355
2020-01-23,4737.3255
2020-01-24,4732.6163
2020-01-27,4652.3418
2020-01-28,4657.2435
2020-01-29,4651.9655
2020-01-30,4605.7015
2020-01-31,4525.877
2020-02-03,4485.642
2020-02-04,4512.6957
2020-02-05,4533.096
2020-02-06,4548.018
2020-02-07,4548.6666
2020-02-10,4507.4479
2020-02-11,4504.2264
2020-02-12,4462.8199
2020-02-13,4433.7559
2020-02-14,4431.8958
2020-02-17,4432.7925
2020-02-18,4447.6455
2020-02-19,4472.2499
2020-02-20,4487.0591
2020-02-21,4445.327
2020-02-24,4391.407
2020-02-25,4388.7514
2020-02-26,4319.2786
2020-02-27,4235.2759
2020-02-28,4181.291
2020-03-02,4136.5973
2020-03-03,4238.6454
2020-03-04,4320.7498
2020-03-05,4312.6645
2020-03-06,4222.3953
2020-03-09,3979.232
2020-03-10,4026.5707
2020-03-11,3974.7099
2020-03-12,3800.5773
2020-03-13,3804.5028
2020-03-16,3658.8361
2020-03-17,3510.1807
2020-03-18,3413.1123
2020-03-19,3273.4249
2020-03-20,3323.7279
2020-03-23,3192.084
2020-03-24,3151.9632
2020-03-26,3403.1135
2020-03-27,3537.7352
2020-03-30,3439.0205
2020-03-31,3529.155
2020-04-01,3476.5683
2020-04-02,3524.0422
2020-04-03,3574.3855
2020-04-06,3706.2078
2020-04-07,3690.0554
2020-04-08,3584.9107
2020-04-09,3601.4149
2020-04-13,3593.9371
2020-04-14,3654.2864
2020-04-15,3595.9067
2020-04-16,3500.3357
2020-04-17,3591.9052
2020-04-20,3552.1621
2020-04-21,3498.8377
2020-04-22,3535.6777
2020-04-23,3547.3645
2020-04-24,3487.1436
2020-04-27,3501.1453
2020-04-28,3514.8226
2020-04-29,3541.6838
2020-04-30,3630.0925
2020-05-04,3547.8383
2020-05-05,3558.1758
2020-05-06,3543.1362
2020-05-08,3548.1295
2020-05-11,3570.4049
2020-05-12,3523.8674
2020-05-13,3512.9824
2020-05-14,3487.5171
2020-05-15,3487.4069
2020-05-18,3502.5152
2020-05-19,3530.5458
2020-05-20,3523.0673
2020-05-26,3570.2247
2020-05-27,3583.9732
2020-05-28,3613.9058
2020-05-29,3645.9415
2020-06-02,3711.8818
2020-06-03,3777.8314
2020-06-04,3767.0184
2020-06-05,3800.041
2020-06-08,3879.7748
2020-06-09,3857.5685
2020-06-10,3777.8207
2020-06-11,3725.4043
2020-06-12,3742.5268
2020-06-15,3708.9407
2020-06-16,3825.6188
2020-06-17,3829.9105
2020-06-18,3801.4871
2020-06-19,3806.9995
2020-06-22,3787.9242
2020-06-23,3764.6264
2020-06-24,3811.9608
2020-06-25,3768.4614
2020-06-26,3777.3432
2020-06-29,3772.8367
2020-06-30,3774.727
2020-07-01,3774.2553
2020-07-02,3803.2418
2020-07-03,3797.1112
2020-07-06,3810.7684
2020-07-07,3807.4351
2020-07-08,3856.0599
2020-07-09,3841.0208
2020-07-10,3817.652
2020-07-13,3840.7977
2020-07-14,3849.0493
2020-07-15,3848.7031
2020-07-16,3859.6436
2020-07-17,3848.131
2020-07-20,3819.6479
2020-07-21,3867.5361
2020-07-22,3871.5281
2020-07-23,3898.3298
2020-07-24,3854.1133
2020-07-27,3878.9328
2020-07-28,3882.1666
2020-07-29,3878.324
2020-07-30,3904.0043
2020-08-03,3796.0676
2020-08-04,3838.3043
2020-08-05,3890.0749
2020-08-06,3921.6352
2020-08-07,3901.0066
2020-08-10,3913.8048
2020-08-11,3933.41
2020-08-12,3955.4566
2020-08-13,3959.971
2020-08-14,3958.1526
2020-08-18,3995.0731
2020-08-19,3983.6339
2020-08-24,3985.8844
2020-08-25,4026.183
2020-08-26,4025.954
2020-08-27,4024.7351
2020-08-28,4012.607
2020-08-31,3952.6349
2020-09-01,3992.6122
2020-09-02,4002.4695
2020-09-03,3972.4283
2020-09-04,3954.984
2020-09-07,3950.5737
2020-09-08,3949.6071
2020-09-09,3879.208
2020-09-10,3724.8532
2020-09-11,3797.4988
2020-09-14,3885.8162
2020-09-15,3852.2316
2020-09-16,3821.3523
2020-09-17,3795.4148
2020-09-18,3818.265
2020-09-21,3774.6049
2020-09-22,3736.4543
2020-09-23,3723.7543
2020-09-24,3672.1693
2020-09-25,3750.0222
2020-09-28,3727.6468
2020-09-29,3707.2369
2020-09-30,3704.0693
2020-10-01,3770.9256
2020-10-02,3736.0057
2020-10-05,3753.2298
2020-10-06,3782.0404
2020-10-07,3780.5012
2020-10-08,3799.5179
2020-10-09,3805.5358
2020-10-12,3825.7701
2020-10-13,3848.8243
2020-10-14,3893.8411
2020-10-15,3852.5806
2020-10-16,3860.3749
2020-10-19,3880.7113
2020-10-20,3863.2183
2020-10-21,3865.0292
2020-10-22,3856.9859
2020-10-23,3865.7118
2020-10-26,3877.5977
2020-10-27,3861.3972
2020-11-02,3843.4009
2020-11-03,3870.7468
2020-11-04,3830.8109
2020-11-05,3926.4391
2020-11-06,3982.0016
2020-11-09,4005.8748
2020-11-10,4064.4616
2020-11-11,4109.5998
2020-11-12,4085.4521
2020-11-13,4084.7056
2020-11-16,4117.3711
2020-11-17,4143.334
2020-11-18,4161.2067
2020-11-19,4178.7582
2020-11-20,4164.7676
2020-11-23,4235.0518
2020-11-24,4268.9522
2020-11-25,4255.1252
2020-11-26,4323.2512
2020-11-27,4342.6412
2020-11-30,4228.4122
2020-12-01,4297.2424
2020-12-02,4367.4896
2020-12-03,4371.3831
2020-12-04,4368.8586
2020-12-07,4472.8816
2020-12-08,4485.6701
2020-12-10,4478.2102
2020-12-11,4463.0631
2020-12-14,4513.2756
2020-12-15,4514.5587
2020-12-16,4588.1739
2020-12-17,4616.0662
2020-12-18,4625.6836
2020-12-21,4673.844
2020-12-22,4552.9402
2020-12-23,4535.0283
2020-12-28,4591.6876
2020-12-29,4553.9372
2020-12-30,4498.7549
2021-01-04,4581.7625
2021-01-05,4596.8761
2021-01-06,4552.0278
2021-01-07,4610.059
2021-01-08,4666.1469
2021-01-11,4711.6725
2021-01-12,4707.4441
2021-01-13,4746.2607
2021-01-14,4748.6757
2021-01-15,4725.2568
2021-01-18,4725.9855
2021-01-19,4664.0016
2021-01-20,4748.8431
2021-01-21,4734.7047
2021-01-22,4645.1056
2021-01-25,4615.5125
2021-01-26,4532.4819
2021-01-27,4520.0924
2021-01-28,4415.6839
2021-01-29,4339.3014
2021-02-01,4475.2991
2021-02-02,4439.3889
2021-02-03,4450.3992
2021-02-04,4472.4768
2021-02-05,4508.3904
2021-02-08,4558.427
2021-02-09,4516.6578
2021-02-10,4530.8571
2021-02-11,4542.6962
2021-02-15,4573.1367
2021-02-16,4585.7502
2021-02-17,4538.1759
2021-02-18,4520.6817
2021-02-19,4529.9477
2021-02-22,4538.7872
2021-02-23,4557.9049
2021-02-24,4539.6519
2021-02-25,4565.1667
2021-02-26,4522.8928
2021-03-01,4590.5902
2021-03-02,4582.7489
2021-03-03,4582.0673
2021-03-04,4527.1988
2021-03-05,4487.2813
2021-03-08,4484.1301
2021-03-09,4449.0741
2021-03-10,4483.7456
2021-03-12,4538.2275
2021-03-15,4528.883
2021-03-16,4513.6496
2021-03-17,4498.9771
2021-03-18,4536.3683
2021-03-19,4529.3768
2021-03-22,4493.9232
2021-03-23,4463.4768
2021-03-24,4406.5348
2021-03-25,4394.3426
2021-03-26,4445.9455
2021-03-29,4423.5054
2021-03-30,4360.0158
2021-03-31,4311.5112
2021-04-01,4317.8839
2021-04-05,4298.1749
2021-04-06,4332.8732
2021-04-07,4344.2996
2021-04-08,4367.0819
2021-04-09,4360.8852
2021-04-12,4272.9875
2021-04-13,4268.0892
2021-04-14,4335.5108
2021-04-15,4346.9655
2021-04-16,4352.8019
2021-04-19,4338.3313
2021-04-20,4338.5671
2021-04-21,4312.7544
2021-04-22,4309.0545
2021-04-23,4319.2453
2021-04-26,4298.6542
2021-04-27,4288.7848
2021-04-28,4296.7536
2021-04-29,4324.3163
2021-04-30,4310.5291
2021-05-03,4281.1034
2021-05-04,4301.5675
2021-05-05,4307.7828
2021-05-06,4306.0039
2021-05-07,4278.3003
2021-05-10,4318.4501
2021-05-11,4294.4665
2021-05-17,4225.9924
2021-05-18,4237.4446
2021-05-19,4193.3974
2021-05-20,4212.8557
2021-05-21,4192.7745
2021-05-24,4176.8803
2021-05-25,4211.9031
2021-05-27,4222.2256
2021-05-28,4225.0386
2021-05-31,4287.1464
2021-06-02,4353.2326
2021-06-03,4384.9254
2021-06-04,4356.8842
2021-06-07,4359.2419
2021-06-08,4320.4822
2021-06-09,4356.3932
2021-06-10,4382.7878
2021-06-11,4384.3506
2021-06-14,4352.7801
2021-06-15,4336.8307
2021-06-16,4319.8795
2021-06-17,4292.9543
2021-06-18,4243.7739
2021-06-21,4233.7911
2021-06-22,4287.7681
2021-06-23,4257.9744
2021-06-24,4239.0212
2021-06-25,4238.7107
2021-06-28,4179.8544
2021-06-29,4184.4095
2021-06-30,4214.8725
2021-07-01,4211.1161
2021-07-02,4218.5023
2021-07-05,4205.2282
2021-07-06,4244.3019
2021-07-07,4240.9337
2021-07-08,4241.7744
2021-07-09,4238.5679
2021-07-12,4250.271
2021-07-13,4199.2038
2021-07-14,4174.8276
2021-07-15,4216.9433
2021-07-16,4239.4661
2021-07-19,4218.868
2021-07-21,4233.913
2021-07-22,4294.967
2021-07-23,4273.0018
2021-07-26,4275.1936
2021-07-27,4261.0804
2021-07-28,4252.2799
2021-07-29,4269.9111
2021-07-30,4246.0296
2021-08-02,4260.9641
2021-08-03,4289.0229
2021-08-04,4305.4183
2021-08-05,4319.1
2021-08-06,4317.9412
2021-08-09,4270.0267
2021-08-10,4251.7544
2021-08-12,4299.9733
2021-08-13,4293.2751
2021-08-16,4268.6816
2021-08-18,4289.5332
2021-08-19,4212.0557
2021-08-20,4241.3359
2021-08-23,4309.4207
2021-08-24,4289.3964
2021-08-25,4295.3432
2021-08-26,4254.9838
2021-08-27,4241.7613
2021-08-30,4315.7239
2021-08-31,4319.8499
2021-09-01,4297.9511
2021-09-02,4296.368
2021-09-03,4329.6058
2021-09-06,4350.6662
2021-09-07,4344.9198
2021-09-08,4285.8203
2021-09-09,4315.4949
2021-09-10,4332.3356
2021-09-13,4329.7007
2021-09-14,4353.4973
2021-09-15,4347.0586
2021-09-16,4337.9524
2021-09-17,4343.7983
2021-09-20,4303.0758
2021-09-21,4301.5179
2021-09-22,4333.0392
2021-09-23,4338.1148
2021-09-24,4332.6266
2021-09-27,4320.2377
2021-09-28,4318.7418
2021-09-29,4349.5179
2021-09-30,4414.7014
2021-10-01,4395.9032
2021-10-04,4484.1528
2021-10-05,4455.2311
2021-10-06,4525.9484
2021-10-07,4498.7442
2021-10-08,4545.4977
2021-10-11,4546.727
2021-10-12,4558.5389
2021-10-13,4572.8092
2021-10-14,4622.4511
2021-10-15,4625.1209
2021-10-18,4654.4146
2021-10-19,4647.5169
2021-10-21,4621.3254
2021-10-22,4623.7665
2021-10-25,4605.9827
2021-10-26,4614.9737
2021-10-27,4574.9172
2021-10-28,4529.4765
2021-10-29,4571.1317
2021-11-01,4552.1289
2021-11-02,4510.986
2021-11-03,4546.7942
2021-11-04,4572.7509
2021-11-05,4559.6435
2021-11-08,4585.3954
2021-11-09,4599.4225
2021-11-10,4608.5882
2021-11-11,4605.132
2021-11-12,4586.3361
2021-11-15,4566.684
2021-11-16,4592.701
2021-11-17,4604.6705
2021-11-18,4591.3818
2021-11-19,4642.9584
2021-11-22,4642.1261
2021-11-23,4615.9004
2021-11-24,4623.2831
2021-11-25,4644.5373
2021-11-26,4547.5526
2021-11-29,4579.2566
2021-11-30,4525.9793
2021-12-01,4512.8164
2021-12-02,4552.6065
2021-12-03,4534.463
2021-12-06,4562.1691
2021-12-07,4607.0611
2021-12-08,4591.8091
2021-12-09,4621.4442
2021-12-10,4614.9251
2021-12-13,4606.2586
2021-12-14,4584.9772
2021-12-15,4592.2347
2021-12-16,4567.2012
2021-12-17,4569.9161
2021-12-20,4540.8335
2021-12-21,4552.7761
2021-12-22,4530.8636
2021-12-23,4543.8944
2021-12-24,4546.7402
2021-12-27,4548.6927
2021-12-28,4561.1605
2021-12-29,4558.3012
2021-12-30,4537.2733
2022-01-03,4582.8445
2022-01-04,4591.8472
2022-01-05,4554.5712
2022-01-06,4546.9771
2022-01-07,4571.307
2022-01-10,4553.0295
2022-01-11,4503.0727
2022-01-12,4505.2427
2022-01-13,4528.6181
2022-01-14,4537.5634
2022-01-17,4512.3422
2022-01-18,4483.8976
2022-01-19,4467.2223
2022-01-20,4484.8231
2022-01-21,4529.646
2022-01-24,4491.998
2022-01-25,4429.482
2022-01-26,4454.418
2022-01-27,4450.239
2022-01-28,4481.8212
2022-01-31,4467.7076
2022-02-02,4501.8294
2022-02-03,4495.1684
2022-02-04,4507.6979
2022-02-07,4542.4274
2022-02-08,4535.3026
2022-02-09,4557.8962
2022-02-10,4560.1362
2022-02-11,4551.9934
2022-02-14,4515.9672
2022-02-15,4558.2694
2022-02-16,4580.399
2022-02-17,4582.7243
2022-02-18,4610.8976
2022-02-21,4608.9485
2022-02-22,4580.058
2022-02-23,4610.765
2022-02-24,4565.9081
2022-02-25,4600.5245
2022-03-01,4609.1662
2022-03-02,4579.0197
2022-03-04,4634.8965
2022-03-07,4626.1917
2022-03-08,4604.5826
2022-03-09,4623.7386
2022-03-10,4631.931
2022-03-11,4648.9735
2022-03-14,4642.6278
2022-03-15,4608.507
2022-03-16,4654.1483
2022-03-17,4643.5512
2022-03-18,4636.8252
2022-03-21,4646.1995
2022-03-22,4682.2291
2022-03-23,4690.8309
2022-03-24,4741.0121
2022-03-25,4713.3578
2022-03-28,4746.0425
2022-03-29,4713.7291
2022-03-30,4726.0211
2022-03-31,4728.2734
2022-04-01,4740.1532
2022-04-04,4765.3923
2022-04-05,4784.8885
2022-04-06,4754.3655
2022-04-07,4771.075
2022-04-08,4813.0226
2022-04-11,4771.9491
2022-04-12,4780.8636
2022-04-13,4820.0367
2022-04-14,4806.749
2022-04-18,4846.0478
2022-04-19,4813.8375
2022-04-20,4842.4845
2022-04-21,4860.273
2022-04-22,4825.3789
2022-04-25,4815.4888
2022-04-26,4829.482
2022-04-27,4827.6425
2022-04-28,4870.4099
2022-05-09,4711.8069
2022-05-10,4675.6528
2022-05-11,4689.9636
2022-05-12,4572.5478
2022-05-13,4593.5178
2022-05-17,4627.3671
2022-05-18,4670.7729
2022-05-19,4654.831
2022-05-20,4688.5104
2022-05-23,4653.4833
2022-05-24,4694.6012
2022-05-25,4670.363
2022-05-27,4736.8372
2022-05-30,4751.4484
2022-05-31,4820.6663
2022-06-02,4786.8161
2022-06-03,4802.2787
2022-06-06,4782.1438
2022-06-07,4784.2245
2022-06-08,4810.8652
2022-06-09,4789.8304
2022-06-10,4717.8835
2022-06-13,4650.4726
2022-06-14,4668.0435
2022-06-15,4621.2818
2022-06-16,4649.7886
2022-06-17,4600.1631
2022-06-20,4611.3587
2022-06-21,4652.6987
2022-06-22,4612.146
2022-06-23,4614.6868
2022-06-24,4629.8889
2022-06-27,4605.669
2022-06-28,4595.622
2022-06-29,4555.1838
2022-06-30,4530.6722
2022-07-01,4463.0177
2022-07-04,4396.4439
2022-07-05,4447.3795
2022-07-06,4415.5586
2022-07-07,4414.4445
2022-07-08,4454.2441
2022-07-11,4449.9069
2022-07-12,4454.459
2022-07-13,4410.859
2022-07-14,4436.9107
2022-07-15,4411.471
2022-07-18,4432.865
2022-07-19,4473.3769
2022-07-20,4537.0696
2022-07-21,4531.3846
2022-07-22,4543.687
2022-07-25,4531.237
2022-07-26,4544.1292
2022-07-27,4562.6529
2022-07-28,4591.4292
2022-07-29,4595.7533
2022-08-01,4615.5479
2022-08-02,4618.5398
2022-08-03,4653.6579
2022-08-04,4651.1219
2022-08-05,4663.7188
2022-08-08,4672.9678
2022-08-09,4683.2354
2022-08-10,4675.8553
2022-08-11,4711.5308
2022-08-12,4707.578
2022-08-15,4687.0413
2022-08-16,4674.3937
2022-08-18,4696.8456
2022-08-19,4691.3632
2022-08-22,4652.1379
2022-08-23,4689.6477
2022-08-24,4702.997
2022-08-25,4693.5566
2022-08-26,4684.0714
2022-08-29,4682.7956
2022-08-30,4696.5395
2022-08-31,4703.7069
2022-09-01,4698.5652
2022-09-02,4709.1997
2022-09-05,4744.5464
2022-09-06,4753.9528
2022-09-07,4715.3903
2022-09-08,4732.1497
2022-09-09,4732.9503
2022-09-12,4747.1904
2022-09-13,4782.4474
2022-09-14,4765.9615
2022-09-15,4782.3942
2022-09-16,4719.181
2022-09-19,4731.5588
2022-09-20,4721.2737
2022-09-21,4713.9312
2022-09-22,4736.2603
2022-09-23,4714.2707
2022-09-26,4675.8395
2022-09-27,4679.8461
2022-09-28,4648.6201
2022-09-29,4630.0645
2022-09-30,4634.7015
2022-10-03,4630.9475
2022-10-04,4666.0268
2022-10-05,4664.3397
2022-10-06,4666.4192
2022-10-07,4644.2927
2022-10-10,4621.479
2022-10-11,4606.7933
2022-10-12,4599.4653
2022-10-13,4583.2721
2022-10-14,4551.773
2022-10-17,4551.1425
2022-10-18,4549.1985
2022-10-19,4564.9893
2022-10-20,4634.842
2022-10-21,4649.9499
2022-10-24,4681.605
2022-10-25,4674.4021
2022-10-26,4678.1852
2022-10-27,4705.4955
2022-10-28,4691.8538
2022-10-31,4719.2273
2022-11-01,4682.4842
2022-11-02,4656.7261
2022-11-03,4662.8101
2022-11-04,4673.0532
2022-11-07,4701.1554
2022-11-08,4673.9527
2022-11-09,4679.1453
2022-11-10,4631.0884
2022-11-11,4676.7622
2022-11-14,4641.3175
2022-11-15,4648.7653
2022-11-16,4617.0988
2022-11-17,4621.7533
2022-11-18,4628.8288
2022-11-21,4626.3105
2022-11-22,4620.7777
2022-11-23,4639.054
2022-11-24,4656.7751
2022-11-25,4642.0326
2022-11-28,4619.5275
2022-11-29,4631.3957
2022-11-30,4668.0201
2022-12-01,4664.7914
2022-12-02,4654.5884
2022-12-05,4623.3989
2022-12-06,4563.8993
2022-12-07,4525.949
2022-12-08,4533.9475
2022-12-09,4498.9012
2022-12-12,4526.1172
2022-12-13,4548.2988
2022-12-14,4549.4985
2022-12-15,4521.065
2022-12-16,4538.1746
2022-12-19,4520.6939
2022-12-20,4493.7925
2022-12-21,4492.2994
2022-12-22,4503.6535
2022-12-23,4483.8712
2022-12-26,4482.0526
2022-12-27,4487.4742
2022-12-28,4464.6852
2022-12-29,4473.0627
2022-12-30,4469.9725
2023-01-02,4464.6805
2023-01-03,4490.2978
2023-01-04,4448.0192
2023-01-05,4365.1913
2023-01-06,4376.3306
2023-01-09,4382.1487
2023-01-10,4350.8848
2023-01-11,4337.0137
2023-01-12,4367.3244
2023-01-13,4367.42
2023-01-16,4392.3111
2023-01-17,4431.9678
2023-01-18,4429.817
2023-01-19,4464.151
2023-01-20,4478.7243
2023-01-24,4474.0207
2023-01-25,4457.2826
2023-01-26,4486.0693
2023-01-27,4499.5008
2023-01-30,4482.5663
2023-01-31,4464.3494
2023-02-01,4480.8435
2023-02-02,4487.6793
2023-02-03,4501.5846
2023-02-06,4481.1804
2023-02-07,4507.6746
2023-02-08,4512.8679
2023-02-09,4487.1668
2023-02-10,4485.4135
2023-02-13,4487.3696
2023-02-14,4505.1227
2023-02-15,4496.7342
2023-02-16,4487.7127
2023-02-17,4482.2166
2023-02-20,4482.989
2023-02-21,4474.3621
2023-02-22,4437.6412
2023-02-23,4455.796
2023-02-24,4463.065
2023-02-27,4454.2136
2023-02-28,4447.3011
2023-03-01,4454.1981
2023-03-02,4460.8512
2023-03-03,4437.7187
2023-03-06,4431.0111
2023-03-07,4410.5604
2023-03-08,4406.6748
2023-03-09,4424.0772
2023-03-10,4404.1187
2023-03-13,4398.2584
2023-03-14,4322.4213
2023-03-15,4305.1851
2023-03-16,4270.5728
2023-03-17,4330.7795
2023-03-20,4301.711
2023-03-21,4338.6584
2023-03-24,4386.0944
2023-03-27,4375.6005
2023-03-28,4407.8077
2023-03-29,4452.6149
2023-03-30,4434.2401
2023-03-31,4431.7879
2023-04-03,4437.9152
2023-04-04,4435.0485
2023-04-05,4430.6494
2023-04-06,4424.2138
2023-04-10,4412.4428
2023-04-11,4440.2125
2023-04-12,4442.6422
2023-04-13,4443.5076
2023-04-14,4458.1607
2023-04-17,4438.9928
2023-04-18,4456.2207
2023-04-26,4489.001
2023-04-27,4485.0541
2023-04-28,4500.1958
2023-05-02,4464.7543
2023-05-03,4446.0242
2023-05-04,4452.279
2023-05-05,4438.1187
2023-05-08,4440.6598
2023-05-09,4459.1767
2023-05-10,4471.2163
2023-05-11,4450.3402
2023-05-12,4437.4649
2023-05-15,4438.5261
2023-05-16,4411.6614
2023-05-17,4408.9657
2023-05-19,4427.6398
2023-05-22,4439.0012
2023-05-23,4443.9248
2023-05-24,4456.2163
2023-05-25,4444.8843
2023-05-26,4438.693
2023-05-29,4441.6103
2023-05-30,4436.3224
2023-05-31,4422.246
2023-06-05,4445.7267
2023-06-06,4462.308
2023-06-07,4473.7237
2023-06-08,4487.8072
2023-06-09,4500.1633
2023-06-12,4507.8288
2023-06-13,4489.0235
2023-06-14,4482.5376
2023-06-15,4485.6461
2023-06-16,4476.6388
2023-06-19,4458.8944
2023-06-20,4438.5872
2023-06-21,4461.3272
2023-06-22,4436.1724
2023-06-23,4422.9915
2023-06-26,4432.1117
2023-06-27,4427.535
2023-07-03,4444.1103
2023-07-04,4444.3978
2023-07-05,4460.9302
2023-07-06,4472.2608
2023-07-07,4455.6649
2023-07-10,4460.6535
2023-07-11,4489.5921
2023-07-12,4497.0891
2023-07-13,4490.0896
2023-07-14,4514.1681
2023-07-17,4503.6456
2023-07-18,4481.6718
2023-07-20,4502.7813
2023-07-21,4512.2594
2023-07-24,4513.5226
2023-07-25,4501.3144
2023-07-26,4514.202
2023-07-27,4487.7635
2023-07-28,4495.7857
2023-07-31,4509.1422
2023-08-01,4481.2294
2023-08-02,4468.6198
2023-08-03,4496.084
2023-08-04,4482.4849
2023-08-07,4498.9622
2023-08-08,4495.2522
2023-08-09,4500.3371
2023-08-10,4503.4041
2023-08-11,4496.3845
2023-08-14,4508.2555
2023-08-15,4512.3168
2023-08-16,4509.1345
2023-08-18,4486.3222
2023-08-21,4474.5405
2023-08-22,4499.6687
2023-08-23,4500.8778
2023-08-24,4484.5531
2023-08-25,4478.0611
2023-08-28,4485.9591
2023-08-29,4500.6138
2023-08-30,4510.0441
2023-08-31,4495.1254
2023-09-01,4503.7106
2023-09-04,4515.9102
2023-09-05,4513.0461
2023-09-06,4513.7032
2023-09-07,4481.1218
2023-09-08,4468.4736
2023-09-11,4498.0658
2023-09-12,4483.8622
2023-09-13,4485.8917
2023-09-14,4485.516
2023-09-15,4491.1801
2023-09-18,4466.2783
2023-09-19,4493.1591
2023-09-20,4506.5586
2023-09-21,4493.7614
2023-09-22,4516.4437
2023-09-25,4498.4078
2023-09-26,4451.0519
2023-09-27,4462.6743
2023-09-29,4460.4092
2023-10-02,4469.6203
2023-10-03,4456.6857
2023-10-04,4417.6143
2023-10-05,4413.864
2023-10-06,4423.1981
2023-10-09,4422.1046
2023-10-10,4434.9082
2023-10-11,4434.3983
2023-10-12,4435.7728
2023-10-13,4422.4404
2023-10-16,4406.3304
2023-10-17,4414.7466
2023-10-18,4396.1494
2023-10-19,4339.3662
2023-10-20,4341.6687
2023-10-23,4287.8881
2023-10-24,4328.3205
2023-10-25,4328.1195
2023-10-26,4267.8906
2023-10-27,4285.0464
2023-10-30,4250.4248
2023-10-31,4262.9494
2023-11-01,4188.3
2023-11-02,4229.1318
2023-11-03,4239.3866
2023-11-06,4275.3948
2023-11-07,4240.3544
2023-11-08,4216.1366
2023-11-09,4221.1113
2023-11-10,4198.242
2023-11-13,4207.3911
2023-11-14,4217.9481
2023-11-15,4264.6769
2023-11-16,4255.0623
2023-11-17,4252.0911
2023-11-20,4254.0049
2023-11-21,4250.2592
2023-11-22,4231.5929
2023-11-23,4259.8626
2023-11-24,4266.6966
2023-11-27,4269.1088
2023-11-28,4272.587
2023-11-29,4269.183
2023-11-30,4284.5446
2023-12-01,4288.0963
2023-12-04,4283.3143
2023-12-05,4284.8133
2023-12-06,4270.6269
2023-12-07,4256.1757
2023-12-08,4259.8273
2023-12-11,4226.4629
2023-12-12,4238.3831
2023-12-13,4208.8887
2023-12-14,4271.0444
2023-12-15,4268.8289
2023-12-18,4238.3418
2023-12-19,4266.1883
2023-12-20,4278.1198
2023-12-21,4265.6294
2023-12-22,4277.2708
2023-12-27,4281.1085
2023-12-28,4309.0831
2023-12-29,4306.8815
2024-01-02,4317.6457
2024-01-03,4297.7447
2024-01-04,4344.9831
2024-01-05,4340.1561
2024-01-08,4322.3697
2024-01-09,4321.4045
2024-01-10,4334.7295
2024-01-11,4346.0486
2024-01-12,4352.3239
2024-01-15,4347.7788
2024-01-16,4346.3767
2024-01-17,4320.951
2024-01-18,4328.6845
2024-01-19,4324.9171
2024-01-22,4319.1176
2024-01-23,4302.4949
2024-01-24,4281.5857
2024-01-25,4269.009
2024-01-26,4248.7686
2024-01-29,4269.9119
2024-01-30,4288.8754
2024-01-31,4303.4509
2024-02-01,4301.07
2024-02-02,4312.8625
2024-02-05,4285.4374
2024-02-06,4306.469
2024-02-07,4305.9035
2024-02-12,4341.8077
2024-02-13,4312.6157
2024-02-15,4357.5985
2024-02-16,4348.8464
2024-02-19,4315.7755
2024-02-20,4354.1075
2024-02-21,4355.0971
2024-02-22,4366.2595
2024-02-23,4352.8606
2024-02-26,4336.7786
2024-02-27,4341.6055
2024-02-28,4355.8989
2024-02-29,4344.0253
2024-03-01,4344.4234
2024-03-04,4327.4294
2024-03-05,4308.6178
2024-03-06,4330.5543
2024-03-07,4335.7632
2024-03-08,4341.1802
2024-03-13,4356.2924
2024-03-14,4382.1574
2024-03-15,4348.1447
2024-03-18,4342.6706
2024-03-19,4359.0485
2024-03-20,4371.4497
2024-03-21,4376.9209
2024-03-22,4381.5341
2024-03-25,4385.0599
2024-03-26,4367.4523
2024-03-27,4334.9105
2024-03-28,4312.8406
2024-04-01,4248.8297
2024-04-02,4257.6908
2024-04-03,4218.9691
2024-04-04,4249.1648
2024-04-05,4234.8519
2024-04-16,4162.5579
2024-04-17,4125.3885
2024-04-18,4137.3767
2024-04-19,4090.3581
2024-04-22,4091.6326
2024-04-23,4107.3554
2024-04-24,4104.884
2024-04-25,4082.0734
2024-04-26,4011.0614
2024-04-29,4056.5432
2024-04-30,4094.9035
2024-05-02,4016.4976
2024-05-03,4026.9696
2024-05-06,4038.7679
2024-05-07,4020.5624
2024-05-08,4007.8075
2024-05-13,4004.086
2024-05-14,4009.4533
2024-05-15,4024.5217
2024-05-16,4052.602
2024-05-17,4075.7459
2024-05-20,4054.7961
2024-05-21,3999.3082
2024-05-22,4011.7417
2024-05-27,3970.0088
2024-05-28,3998.9142
2024-05-29,3967.4364
2024-05-30,3938.6942
2024-05-31,3918.245
2024-06-03,3963.0148
2024-06-04,3973.4562
2024-06-05,3934.5129
2024-06-06,3958.3715
2024-06-07,3947.3127
2024-06-10,3936.3885
2024-06-11,3894.7567
2024-06-12,3868.6771
2024-06-13,3863.8529
2024-06-14,3813.5272
2024-06-19,3798.8711
2024-06-20,3836.4661
2024-06-21,3887.7082
2024-06-24,3886.7661
2024-06-25,3880.4889
2024-06-26,3883.6363
2024-06-27,3909.4561
2024-06-28,3949.978
2024-07-01,3968.1729
2024-07-02,3961.9834
2024-07-03,3977.791
2024-07-04,3990.243
2024-07-05,4012.9539
2024-07-08,4031.2593
2024-07-09,4046.2403
2024-07-10,4047.828
2024-07-11,4060.7153
2024-07-12,4083.7774
2024-07-15,4066.6345
2024-07-16,4055.3106
2024-07-17,4070.7412
2024-07-18,4098.5686
2024-07-19,4083.2285
2024-07-22,4101.1909
2024-07-23,4092.5712
2024-07-24,4072.5604
2024-07-25,4059.7344
2024-07-26,4079.8845
2024-07-29,4075.2522
2024-07-30,4057.0019
2024-07-31,4077.074
2024-08-01,4103.9469
2024-08-02,4091.9465
2024-08-05,3978.2403
2024-08-06,4012.8236
2024-08-07,4044.6179
2024-08-08,4046.0723
2024-08-09,4065.3594
2024-08-12,4081.4197
2024-08-13,4109.6942
2024-08-14,4142.8465
2024-08-15,4134.2179
2024-08-16,4152.4211
2024-08-19,4158.8654
2024-08-20,4194.688
2024-08-21,4199.7516
2024-08-22,4162.0081
2024-08-23,4202.3836
2024-08-26,4230.5987
2024-08-27,4224.1715
2024-08-28,4247.5988
2024-08-29,4223.9371
2024-08-30,4226.9779
2024-09-02,4241.7195
2024-09-03,4211.8178
2024-09-04,4209.2006
2024-09-05,4234.6073
2024-09-06,4238.4348
2024-09-09,4221.2457
2024-09-10,4242.0258
2024-09-11,4233.7507
2024-09-12,4260.645
2024-09-13,4251.6748
2024-09-17,4274.6566
2024-09-18,4279.9643
2024-09-19,4308.2473
2024-09-20,4289.1577
2024-09-23,4321.4067
2024-09-24,4320.8159
2024-09-25,4298.0876
2024-09-26,4305.3466
2024-09-27,4292.2717
2024-09-30,4239.5242
2024-10-01,4274.6326
2024-10-02,4220.7611
2024-10-03,4220.4399
2024-10-04,4201.8688
2024-10-07,4206.4155
2024-10-08,4230.915
2024-10-09,4199.6464
2024-10-10,4198.4238
2024-10-11,4220.202
2024-10-14,4230.0575
2024-10-15,4254.0418
2024-10-16,4263.1287
2024-10-17,4289.6367
2024-10-18,4295.1322
2024-10-21,4309.0902
2024-10-22,4312.2578
2024-10-23,4308.1228
2024-10-24,4280.8061
2024-10-25,4262.2469
2024-10-28,4235.104
2024-10-29,4224.3241
2024-10-30,4212.1273
2024-10-31,4224.2962
2024-11-01,4184.1989
2024-11-04,4175.1609
2024-11-05,4198.426
2024-11-06,4137.4693
2024-11-07,4109.5261
2024-11-08,4101.4721
2024-11-11,4074.6915
2024-11-12,4089.8489
2024-11-13,4086.502
2024-11-14,4048.6681
2024-11-15,4028.8607
2024-11-18,4008.0846
2024-11-19,4044.2068
2024-11-20,4037.5287
2024-11-21,4019.3196
2024-11-22,4039.749
2024-11-25,4081.7742
2024-11-26,4049.8355
2024-11-28,4019.8023
2024-11-29,4018.4293
2024-12-02,3979.4392
2024-12-03,4037.1171
2024-12-04,4088.0396
2024-12-05,4077.9558
2024-12-06,4090.3116
2024-12-09,4134.8191
2024-12-10,4144.37
2024-12-11,4140.9384
2024-12-12,4102.5335
2024-12-13,4074.576
2024-12-16,4045.6009
2024-12-17,3983.8698
2024-12-18,3958.4682
2024-12-19,3891.3588
2024-12-20,3889.1852
2024-12-23,3939.3831
2024-12-24,3928.8208
2024-12-27,3939.2287
2024-12-30,3964.8704
2025-01-02,3982.2031
2025-01-03,3976.7655
2025-01-06,3936.9658
2025-01-07,3926.8824
2025-01-08,3926.5391
2025-01-09,3926.6418
2025-01-10,3943.1465
2025-01-13,3916.0024
2025-01-14,3896.8755
2025-01-15,3951.6706
2025-01-16,3950.8734
2025-01-17,3958.2827
2025-01-20,3963.0239
2025-01-21,3963.082
2025-01-22,3985.2384
2025-01-23,3975.3299
2025-01-24,3952.6528
2025-01-30,3923.785
2025-01-31,3937.8778
2025-02-03,3888.7684
2025-02-04,3899.0461
2025-02-05,3870.1194
2025-02-06,3810.4002
2025-02-07,3809.4182
2025-02-10,3768.6195
2025-02-11,3723.7879
2025-02-12,3773.7466
2025-02-13,3771.0489
2025-02-14,3787.9106
2025-02-17,3854.6638
2025-02-18,3879.832
2025-02-19,3837.5324
2025-02-20,3832.6395
2025-02-21,3824.1124
2025-02-24,3809.8695
2025-02-25,3738.9285
2025-02-26,3729.8848
2025-02-27,3683.0907
2025-02-28,3581.8504
2025-03-03,3679.0042
2025-03-04,3626.2033
2025-03-05,3679.6923
2025-03-06,3712.203
2025-03-07,3710.3158
2025-03-10,3678.5067
2025-03-11,3643.9578
2025-03-12,3680.6559
2025-03-13,3654.117
2025-03-14,3618.4959
2025-03-17,3623.4809
2025-03-18,3541.1079
2025-03-19,3559.4504
2025-03-20,3550.5913
2025-03-21,3490.107
2025-03-24,3453.5382
2025-03-25,3502.1172
2025-03-26,3608.4978
2025-03-27,3616.6221
2025-04-08,3392.7942
2025-04-09,3388.5768
2025-04-10,3535.2687
2025-04-11,3551.4314
2025-04-14,3648.2561
2025-04-15,3657.5617
2025-04-16,3637.9239
2025-04-17,3657.8144
2025-04-21,3661.4701
2025-04-22,3693.5441
2025-04-23,3741.4739
2025-04-24,3743.1679
2025-04-25,3783.9503
2025-04-28,3797.139
2025-04-29,3818.744
2025-04-30,3824.9318
2025-05-02,3834.3103
2025-05-05,3851.9854
2025-05-06,3876.495
2025-05-07,3894.353
2025-05-08,3859.2854
2025-05-09,3859.4437
2025-05-14,3930.8394
2025-05-15,3963.5483
2025-05-16,3991.858
2025-05-19,4018.7186
2025-05-20,3984.107
2025-05-21,4025.4645
2025-05-22,4037.5974
2025-05-23,4050.8511
2025-05-26,4041.8608
2025-05-27,4044.1888
2025-05-28,4030.9683
2025-06-02,3978.4489
2025-06-03,3973.3613
2025-06-04,3990.257
2025-06-05,3991.7931
2025-06-10,4023.668
2025-06-11,4046.7688
2025-06-12,4042.9629
2025-06-13,4022.8697
2025-06-16,4016.5746
2025-06-17,4027.1696
2025-06-18,4013.6194
2025-06-19,3941.5762
2025-06-20,3906.4073
2025-06-23,3856.0165
2025-06-24,3889.8494
2025-06-25,3854.427
2025-06-26,3886.7289
2025-06-30,3920.9814
2025-07-01,3916.0684
2025-07-02,3904.1986
2025-07-03,3915.2954
2025-07-04,3905.8049
2025-07-07,3915.7452
2025-07-08,3907.7602
2025-07-09,3933.8579
2025-07-10,3966.1922
2025-07-11,3987.1817
2025-07-14,3978.3514
2025-07-15,3988.8068
2025-07-16,3998.5966
2025-07-17,4027.5101
2025-07-18,4029.6781
2025-07-21,4063.0863
2025-07-22,4025.7391
2025-07-23,4060.7217
2025-07-24,4072.4725
2025-07-25,4056.709
2025-07-28,4094.1169
2025-07-29,4109.7636
2025-07-30,4088.1042
2025-07-31,4051.5739
2025-08-01,4081.9192
2025-08-04,4073.2589
2025-08-05,4089.5521
2025-08-06,4104.5609
2025-08-07,4102.2826
2025-08-08,4100.7422
2025-08-11,4130.4495
2025-08-12,4195.1717
2025-08-13,4214.591
2025-08-14,4219.959
2025-08-15,4189.8201
2025-08-19,4199.4799
2025-08-20,4240.1216
2025-08-21,4241.2651
2025-08-22,4231.6743
2025-08-25,4277.8844
2025-08-26,4251.5931
2025-08-27,4246.6009
2025-08-28,4255.77
2025-08-29,4190.7814
2025-09-01,4149.6197
2025-09-02,4198.0444
2025-09-03,4221.8172
2025-09-04,4216.8894
2025-09-08,4168.8125
2025-09-09,4147.293
2025-09-10,4173.0632
2025-09-11,4207.5895
2025-09-12,4252.8167
2025-09-15,4285.5577
2025-09-16,4291.4344
2025-09-17,4318.1925
2025-09-18,4303.4111
2025-09-19,4316.6788
2025-09-22,4324.362
2025-09-23,4375.0621
2025-09-24,4364.955
2025-09-25,4319.1905
2025-09-26,4335.9592
2025-09-29,4352.1473
2025-09-30,4322.5404
2025-10-01,4321.8905
2025-10-02,4337.115
2025-10-03,4352.8224
2025-10-06,4349.5008
2025-10-07,4362.9523
2025-10-08,4382.0929
2025-10-09,4414.0111
2025-10-10,4409.9451
2025-10-13,4390.1357
2025-10-14,4319.1182
2025-10-15,4311.2649
2025-10-16,4335.2644
2025-10-17,4267.9774
2025-10-20,4342.509
2025-10-21,4409.045
2025-10-22,4377.4191
2025-10-23,4439.9472
2025-10-24,4427.3332
2025-10-27,4399.2058
2025-10-28,4405.6905
2025-10-29,4456.7674
2025-10-30,4454.4752
2025-10-31,4438.4977
2025-11-03,4467.9231
2025-11-04,4452.4228
2025-11-05,4482.3874
2025-11-06,4485.9833
2025-11-07,4507.8043
2025-11-10,4526.6027
2025-11-11,4530.3815
2025-11-12,4535.3403
2025-11-13,4528.3388
2025-11-14,4511.5254
2025-11-17,4526.7116
2025-11-18,4494.2471
2025-11-19,4509.5501
2025-11-20,4524.8804
2025-11-21,4524.8148
2025-11-24,4592.5028
2025-11-25,4598.6703
2025-11-26,4666.3547
2025-11-27,4650.6511
2025-11-28,4643.8067
2025-12-01,4665.4559
2025-12-02,4686.635
2025-12-03,4700.3781
2025-12-04,4721.3594
2025-12-05,4728.8684
2025-12-08,4768.5575
2025-12-09,4757.5902
2025-12-10,4783.8347
2025-12-11,4757.3131
2025-12-12,4816.5488
2025-12-15,4832.5899
2025-12-16,4826.0882
2025-12-17,4852.3041
2025-12-18,4827.5806
2025-12-19,4813.6816
2025-12-22,4837.4964
2025-12-23,4797.7098
2025-12-24,4776.4469
2025-12-29,4847.7855
2025-12-30,4838.853
2026-01-02,4879.2815
2026-01-05,4952.3935
2026-01-06,5009.1341
2026-01-07,5027.8985
2026-01-08,5006.065
2026-01-09,5058.8775
2026-01-12,5046.5156
2026-01-13,5067.3326
2026-01-14,5129.7961
2026-01-15,5135.8232
2026-01-19,5128.334
2026-01-20,5146.2807
2026-01-21,5068.8874
2026-01-22,5076.3109
2026-01-23,5077.623
2026-01-26,5068.8371
2026-01-27,5056.3337
2026-01-28,4809.6968
2026-01-29,4729.7003
2026-01-30,4785.1972
2026-02-02,4600.8359
2026-02-03,4726.9984
2026-02-04,4734.6805
2026-02-05,4710.7259
2026-02-06,4631.9472
2026-02-09,4667.4765
2026-02-10,4734.4919
2026-02-11,4807.154
2026-02-12,4819.95
2026-02-13,4798.0254
2026-02-18,4844.1065
2026-02-19,4864.2494
2026-02-20,4861.2757
2026-02-23,4936.5993
2026-02-24,4870.8085
2026-02-25,4922.6483
2026-02-26,4866.6204
2026-02-27,4882.2616
2026-03-02,4818.5965
2026-03-03,4773.4171
2026-03-04,4585.5874
2026-03-05,4650.1162
2026-03-06,4571.7125
2026-03-09,4423.3031
2026-03-10,4507.8148
2026-03-11,4468.7617
2026-03-12,4447.1438
2026-03-13,4351.1387
2026-03-16,4321.7813
2026-03-17,4384.1153
2026-03-25,4468.6784
2026-03-26,4404.4069
2026-03-27,4371.6983
2026-03-30,4380.3439
2026-03-31,4375.3434
2026-04-01,4433.8661
2026-04-02,4374.8792
2026-04-06,4376.8567
2026-04-07,4335.6809
2026-04-08,4471.7993
2026-04-09,4439.4001
2026-04-10,4487.9023
2026-04-13,4491.2948
2026-04-14,4558.7624
2026-04-15,4552.7644
2026-04-16,4557.278
2026-04-17,4575.0322
2026-04-20,4545.9263
2026-04-21,4589.2389
2026-04-22,4618.4252
2026-04-23,4568.639
2026-04-24,4471.9818
2026-04-27,4485.421
2026-04-28,4471.7379
2026-04-29,4483.3371
2026-04-30,4420.9801
2026-05-04,4445.098
2026-05-05,4446.3723
2026-05-06,4473.4693
2026-05-07,4519.1163
2026-05-08,4387.106
2026-05-11,4372.6495
2026-05-12,4371.2977
2026-05-13,4331.7968
2026-05-18,4244.8439
2026-05-19,4113.8826
2026-05-20,4086.8387
2026-05-21,3978.8581
2026-05-22,4044.9798
2026-05-25,4074.9006
2026-05-26,4014.0795
2026-05-29,3999.2937
2026-06-02,4002.9943
2026-06-03,3843.0683
2026-06-04,3797.464
2026-06-05,3681.8923
2026-06-08,3537.8842
2026-06-09,3732.9391
2026-06-10,3801.3177
2026-06-11,3773.2422
2026-06-12,3850.3673
2026-06-15,3995.0402
2026-06-17,3994.5098
2026-06-18,3983.3299
2026-06-19,3958.091
2026-06-22,3930.6098
2026-06-23,3927.7043
2026-06-24,3818.7806
2026-06-25,3880.7653
2026-06-26,3831.2768
2026-06-29,3791.6313
2026-06-30,3703.1005
2026-07-01,3731.5355
2026-07-02,3759.5942
2026-07-03,3841.0204
2026-07-06,3850.845
2026-07-07,3900.6022
2026-07-08,3835.92
2026-07-09,3858.2985
2026-07-10,3879.3129
2026-07-13,3923.9132
2026-07-14,3931.9358
2026-07-15,3942.2979
2026-07-16,3990.4201
2026-07-17,4030.3765
2026-07-20,4062.0336
2026-07-21,4091.0696
2026-07-22,4093.4731
2026-07-23,4084.1401
2026-07-24,3998.1002
2026-07-27,3992.948
2026-07-28,3973.2949
2026-07-29,3954.586
2026-07-30,4013.6159
2026-07-31,4049.6877
2026-08-03,4045.3658
2026-08-04,4097.9212
2026-08-05,4115.5436
2026-08-06,4107.0803
2026-08-07,4148.493
2026-08-10,4129.3759
2026-08-11,4074.805
2026-08-12,4122.1529
2026-08-13,4077.6006
2026-08-14,4112.8033
2026-08-18,4124.4312
2026-08-19,4107.2933
2026-08-20,4163.7155
2026-08-21,4181.9469
2026-08-24,4178.7619
2026-08-26,4118.7024
2026-08-27,4188.9188
2026-08-28,4182.052
2026-08-31,4204.2393
2026-09-01,4236.6099
2026-09-02,4225.0625
2026-09-03,4272.8175
2026-09-04,4255.8768
2026-09-07,4259.8283
2026-09-08,4293.1183
2026-09-09,4298.9392
2026-09-10,4248.9945
2026-09-11,4226.0886
2026-09-14,4228.6884
2026-09-15,4193.7826
2026-09-16,4165.4249
2026-09-17,4182.7867
2026-09-18,4149.3145
2026-09-21,4118.5862
2026-09-22,4067.0723
2026-09-23,4121.9004
2026-09-24,4072.6738
2026-09-25,4029.772
2026-09-28,3987.8597
2026-09-29,3971.7094
2026-09-30,3945.8953
2026-10-01,3910.6124
2026-10-02,3925.1173
2026-10-05,3973.3045
2026-10-06,4006.2579
2026-10-07,3989.2551
2026-10-08,3940.5857
2026-10-09,3968.4234
