bareksa_id,url,uploaded,status,year,operating_expense_pct,checked
3,https://media.bareksa.com/uploads//file_doc/2022/11/AAAEKSF_prospectus.pdf,2022-11,no_row,,,2026-10-09
6,https://media.bareksa.com/uploads//file_doc/2026/06/AADEKEG_prospectus.pdf,2026-06,parsed,2025,6.53,2026-10-09
8,https://media.bareksa.com/uploads//file_doc/2024/05/AAEEKEN_prospectus.pdf,2024-05,parsed,2023,3.71,2026-10-09
9,https://media.bareksa.com/uploads//file_doc/2024/05/AAEEKPN_prospectus.pdf,2024-05,parsed,2023,3.84,2026-10-09
10,https://media.bareksa.com/uploads//file_doc/2026/04/AAFEKCS_prospectus.pdf,2026-04,parsed,2025,7.55,2026-10-09
11,https://media.bareksa.com/uploads//file_doc/2025/07/AACEKCD_prospectus.pdf,2025-07,parsed,2024,2.43,2026-10-09
12,https://media.bareksa.com/uploads//file_doc/2026/04/AAIEKDP_prospectus.pdf,2026-04,parsed,2025,4.87,2026-10-09
14,https://media.bareksa.com/uploads//file_doc/2026/04/AAIEKTB_prospectus.pdf,2026-04,parsed,2025,3.74,2026-10-09
16,https://media.bareksa.com/uploads//file_doc/2026/08/AAKEKDS_prospectus.pdf,2026-08,parsed,2025,4.83,2026-10-09
18,https://media.bareksa.com/uploads//file_doc/2026/08/AAKEKSO_prospectus.pdf,2026-08,parsed,2025,6.15,2026-10-09
19,https://media.bareksa.com/uploads//file_doc/2026/08/AAKESSS_prospectus.pdf,2026-08,parsed,2025,6.00,2026-10-09
25,https://media.bareksa.com/uploads//file_doc/2026/04/AAHEKEQ_prospectus.pdf,2026-04,parsed,2025,2.58,2026-10-09
26,https://media.bareksa.com/uploads//file_doc/2026/04/AAHEKIP_prospectus.pdf,2026-04,parsed,2025,2.74,2026-10-09
27,,,not_found,,,2026-10-09
28,https://media.bareksa.com/uploads//file_doc/2025/07/AAHEKMS_prospectus.pdf,2025-07,parsed,2024,1.37,2026-10-09
29,https://media.bareksa.com/uploads//file_doc/2026/04/AAHEKPO_prospectus.pdf,2026-04,parsed,2025,2.81,2026-10-09
30,https://media.bareksa.com/uploads//file_doc/2026/04/AAHESPS_prospectus.pdf,2026-04,parsed,2025,2.90,2026-10-09
31,https://media.bareksa.com/uploads//file_doc/2026/04/AAHEKSL_prospectus.pdf,2026-04,parsed,2025,4.84,2026-10-09
32,https://media.bareksa.com/uploads//file_doc/2019/08/AAHEKST_prospectus.pdf,2019-08,parsed,2018,2.91,2026-10-09
34,https://media.bareksa.com/uploads//file_doc/2016/03/AAMEKEF_prospectus.pdf,2016-03,no_row,,,2026-10-09
35,https://media.bareksa.com/uploads//file_doc/2025/05/AAMEKEA_prospectus.pdf,2025-05,share_classes,,,2026-10-09
36,https://media.bareksa.com/uploads//file_doc/2025/05/AAMEKID_prospectus.pdf,2025-05,parsed,2024,5.30,2026-10-09
37,https://media.bareksa.com/uploads//file_doc/2025/05/AAMESEG_prospectus.pdf,2025-05,parsed,2024,4.23,2026-10-09
38,https://media.bareksa.com/uploads//file_doc/2026/05/AANESSE_prospectus.pdf,2026-05,scanned,,,2026-10-09
39,,,not_found,,,2026-10-09
40,https://media.bareksa.com/uploads//file_doc/2025/04/AAIEKEP_prospectus.pdf,2025-04,parsed,2024,4.72,2026-10-09
41,https://media.bareksa.com/uploads//file_doc/2019/04/ACGEKPE_prospectus.pdf,2019-04,parsed,2018,4.91,2026-10-09
44,https://media.bareksa.com/uploads//file_doc/2026/08/AAPEKMW_prospectus.pdf,2026-08,parsed,2025,4.20,2026-10-09
46,https://media.bareksa.com/uploads//file_doc/2026/08/AAPEKFX_prospectus.pdf,2026-08,parsed,2025,4.32,2026-10-09
47,https://media.bareksa.com/uploads//file_doc/2026/08/AAPEKKX_prospectus.pdf,2026-08,parsed,2025,2.19,2026-10-09
48,https://media.bareksa.com/uploads//file_doc/2026/08/AAPEKSX_prospectus.pdf,2026-08,share_classes,,,2026-10-09
50,https://media.bareksa.com/uploads//file_doc/2026/09/AASEKVD_prospectus.pdf,2026-09,share_classes,,,2026-10-09
51,https://media.bareksa.com/uploads//file_doc/2018/12/AATEKGF_prospectus.pdf,2018-12,scanned,,,2026-10-09
52,https://media.bareksa.com/uploads//file_doc/2018/12/AATEKMT_prospectus.pdf,2018-12,scanned,,,2026-10-09
54,https://media.bareksa.com/uploads//file_doc/2023/09/AAWEKDY_prospectus.pdf,2023-09,parsed,2022,2.92,2026-10-09
55,https://media.bareksa.com/uploads//file_doc/2023/09/AAWEKHC_prospectus.pdf,2023-09,parsed,2022,3.19,2026-10-09
56,https://media.bareksa.com/uploads//file_doc/2021/09/AAWEKPF_prospectus.pdf,2021-09,scanned,,,2026-10-09
57,https://media.bareksa.com/uploads//file_doc/2023/09/AAWEKSF_prospectus.pdf,2023-09,parsed,2022,3.84,2026-10-09
58,https://media.bareksa.com/uploads//file_doc/2021/09/AAWEKVS_prospectus.pdf,2021-09,scanned,,,2026-10-09
59,https://media.bareksa.com/uploads//file_doc/2019/10/AAXEKEF_prospectus.pdf,2019-10,parsed,2018,5.29,2026-10-09
61,https://media.bareksa.com/uploads//file_doc/2026/04/AAYEKDE_prospectus.pdf,2026-04,parsed,2025,4.78,2026-10-09
62,https://media.bareksa.com/uploads//file_doc/2018/03/AAOEK2P_prospectus.pdf,2018-03,no_row,,,2026-10-09
63,https://media.bareksa.com/uploads//file_doc/2026/05/AAZEKU1_prospectus.pdf,2026-05,share_classes,,,2026-10-09
70,https://media.bareksa.com/uploads//file_doc/2024/03/ABJEKEP_prospectus.pdf,2024-03,parsed,2022,3.89,2026-10-09
71,https://media.bareksa.com/uploads//file_doc/2024/11/ABJESSS_prospectus.pdf,2024-11,no_row,,,2026-10-09
73,https://media.bareksa.com/uploads//file_doc/2016/03/ABMEKAS_prospectus.pdf,2016-03,parsed,2014,4.99,2026-10-09
74,https://media.bareksa.com/uploads//file_doc/2016/11/ABMEKDE_prospectus.pdf,2016-11,no_row,,,2026-10-09
75,https://media.bareksa.com/uploads//file_doc/2026/08/ABMEKIA_prospectus.pdf,2026-08,share_classes,,,2026-10-09
76,https://media.bareksa.com/uploads//file_doc/2026/08/ABMESIS_prospectus.pdf,2026-08,parsed,2025,4.21,2026-10-09
77,https://media.bareksa.com/uploads//file_doc/2026/08/ABMEKID_prospectus.pdf,2026-08,parsed,2025,3.41,2026-10-09
78,https://media.bareksa.com/uploads//file_doc/2026/08/ABMEKEM_prospectus.pdf,2026-08,parsed,2025,1.85,2026-10-09
79,https://media.bareksa.com/uploads//file_doc/2026/08/ABMEKGM_prospectus.pdf,2026-08,share_classes,,,2026-10-09
81,https://media.bareksa.com/uploads//file_doc/2024/09/ABMEKSA_prospectus.pdf,2024-09,share_classes,,,2026-10-09
85,https://media.bareksa.com/uploads//file_doc/2026/07/ABNEKDS_prospectus.pdf,2026-07,parsed,2025,2.91,2026-10-09
86,https://media.bareksa.com/uploads//file_doc/2026/07/ABNEKGI_prospectus.pdf,2026-07,parsed,2025,2.97,2026-10-09
87,https://media.bareksa.com/uploads//file_doc/2024/07/ABNEKIE_prospectus.pdf,2024-07,parsed,2023,1.77,2026-10-09
88,https://media.bareksa.com/uploads//file_doc/2026/03/ABNEKSA_prospectus.pdf,2026-03,parsed,2024,2.91,2026-10-09
89,https://media.bareksa.com/uploads//file_doc/2026/03/ABNEKSM_prospectus.pdf,2026-03,parsed,2024,2.37,2026-10-09
90,https://media.bareksa.com/uploads//file_doc/2026/07/ABNESSA_prospectus.pdf,2026-07,share_classes,,,2026-10-09
91,https://media.bareksa.com/uploads//file_doc/2026/07/ABOEKGI_prospectus.pdf,2026-07,parsed,2025,5.34,2026-10-09
92,https://media.bareksa.com/uploads//file_doc/2024/04/ABOEKMX_prospectus.pdf,2024-04,parsed,2023,7.29,2026-10-09
97,https://media.bareksa.com/uploads//file_doc/2016/03/ABQEKEG_prospectus.pdf,2016-03,no_row,,,2026-10-09
98,https://media.bareksa.com/uploads//file_doc/2025/05/ABLEKDE_prospectus.pdf,2025-05,parsed,2024,3.48,2026-10-09
99,https://media.bareksa.com/uploads//file_doc/2021/02/ABLESDS_prospectus.pdf,2021-02,parsed,2019,2.41,2026-10-09
101,https://media.bareksa.com/uploads//file_doc/2021/02/ABTEKNS_prospectus.pdf,2021-02,no_row,,,2026-10-09
103,https://media.bareksa.com/uploads//file_doc/2019/05/ABVEKIE_prospectus.pdf,2019-05,no_row,,,2026-10-09
105,https://media.bareksa.com/uploads//file_doc/2020/07/ABSEKIS_prospectus.pdf,2020-07,parsed,2019,2.08,2026-10-09
108,https://media.bareksa.com/uploads//file_doc/2024/11/ACCEKDM_prospectus.pdf,2024-11,parsed,2023,3.65,2026-10-09
109,https://media.bareksa.com/uploads//file_doc/2024/11/ACCEKDP_prospectus.pdf,2024-11,parsed,2023,4.01,2026-10-09
110,https://media.bareksa.com/uploads//file_doc/2024/11/ACCESDS_prospectus.pdf,2024-11,parsed,2023,3.69,2026-10-09
113,https://media.bareksa.com/uploads//file_doc/2026/10/ACAESES_prospectus_1790848293.pdf,2026-10,parsed,2025,7.44,2026-10-09
114,https://media.bareksa.com/uploads//file_doc/2026/10/ACAEKSA_prospectus_1790848928.pdf,2026-10,parsed,2025,5.99,2026-10-09
116,https://media.bareksa.com/uploads//file_doc/2019/04/ACGEKSH_prospectus.pdf,2019-04,parsed,2018,4.74,2026-10-09
117,https://media.bareksa.com/uploads//file_doc/2025/05/ACIEKBJ_prospectus.pdf,2025-05,parsed,2024,4.45,2026-10-09
119,https://media.bareksa.com/uploads//file_doc/2026/05/AANEKRC_prospectus.pdf,2026-05,scanned,,,2026-10-09
120,https://media.bareksa.com/uploads//file_doc/2026/07/ABWEKAS_prospectus.pdf,2026-07,share_classes,,,2026-10-09
122,,,not_found,,,2026-10-09
125,https://media.bareksa.com/uploads//file_doc/2026/08/AASEKAN_prospectus.pdf,2026-08,share_classes,,,2026-10-09
126,https://media.bareksa.com/uploads//file_doc/2024/11/ACKEKIE_prospectus.pdf,2024-11,parsed,2023,2.88,2026-10-09
127,https://media.bareksa.com/uploads//file_doc/2024/11/ACKEKSE_prospectus.pdf,2024-11,parsed,2023,5.67,2026-10-09
128,https://media.bareksa.com/uploads//file_doc/2026/07/ACLEKPE_prospectus.pdf,2026-07,parsed,2025,2.75,2026-10-09
129,https://media.bareksa.com/uploads//file_doc/2026/07/ACLEKDI_prospectus.pdf,2026-07,conflict,,,2026-10-09
131,https://media.bareksa.com/uploads//file_doc/2026/07/ACLEKPP_prospectus.pdf,2026-07,parsed,2025,2.03,2026-10-09
132,https://media.bareksa.com/uploads//file_doc/2023/04/ACLEKIE_prospectus.pdf,2023-04,parsed,2021,1.16,2026-10-09
134,https://media.bareksa.com/uploads//file_doc/2026/06/ACOEKDS_prospectus.pdf,2026-06,parsed,2025,4.52,2026-10-09
135,https://media.bareksa.com/uploads//file_doc/2026/06/ACOEKSU_prospectus.pdf,2026-06,parsed,2025,4.24,2026-10-09
136,https://media.bareksa.com/uploads//file_doc/2026/08/ACPEKEF_prospectus.pdf,2026-08,parsed,2025,3.85,2026-10-09
137,,,not_found,,,2026-10-09
138,https://media.bareksa.com/uploads//file_doc/2026/08/ACREKOF_prospectus.pdf,2026-08,parsed,2025,5.73,2026-10-09
139,,,not_found,,,2026-10-09
140,https://media.bareksa.com/uploads//file_doc/2026/05/ACTEKCP_prospectus.pdf,2026-05,share_classes,,,2026-10-09
142,https://media.bareksa.com/uploads//file_doc/2024/05/ACTEKIP_prospectus.pdf,2024-05,parsed,2023,5.71,2026-10-09
143,https://media.bareksa.com/uploads//file_doc/2026/05/ACTEKKL_prospectus.pdf,2026-05,parsed,2025,7.57,2026-10-09
144,https://media.bareksa.com/uploads//file_doc/2026/05/ACTEKKP_prospectus.pdf,2026-05,parsed,2025,7.26,2026-10-09
145,https://media.bareksa.com/uploads//file_doc/2026/09/ACTESSS_prospectus.pdf,2026-09,parsed,2025,7.26,2026-10-09
146,https://media.bareksa.com/uploads//file_doc/2025/05/AAABSAS_prospectus.pdf,2025-05,no_row,,,2026-10-09
147,https://media.bareksa.com/uploads//file_doc/2025/05/AAABKB1_prospectus.pdf,2025-05,no_row,,,2026-10-09
154,https://media.bareksa.com/uploads//file_doc/2026/06/AADBKBF_prospectus.pdf,2026-06,parsed,2025,5.28,2026-10-09
155,https://media.bareksa.com/uploads//file_doc/2018/04/AAFBKCS_prospectus.pdf,2018-04,parsed,2017,5.05,2026-10-09
158,https://media.bareksa.com/uploads//file_doc/2024/05/AAIBKDI_prospectus.pdf,2024-05,parsed,2023,3.85,2026-10-09
161,https://media.bareksa.com/uploads//file_doc/2018/11/AAIBKKA_prospectus.pdf,2018-11,no_row,,,2026-10-09
162,https://media.bareksa.com/uploads//file_doc/2024/05/AAIBKQS_prospectus.pdf,2024-05,parsed,2023,1.96,2026-10-09
166,https://media.bareksa.com/uploads//file_doc/2026/08/AAKBKDD_prospectus.pdf,2026-08,parsed,2025,4.59,2026-10-09
167,https://media.bareksa.com/uploads//file_doc/2022/05/AAKBKPC_prospectus.pdf,2022-05,parsed,2021,2.09,2026-10-09
168,https://media.bareksa.com/uploads//file_doc/2021/07/AAKBKPE_prospectus.pdf,2021-07,parsed,2020,2.29,2026-10-09
169,https://media.bareksa.com/uploads//file_doc/2026/08/AAKBKDA_prospectus.pdf,2026-08,parsed,2025,1.37,2026-10-09
170,https://media.bareksa.com/uploads//file_doc/2020/06/AAGBKDT_prospectus.pdf,2020-06,parsed,2019,4.74,2026-10-09
173,,,not_found,,,2026-10-09
174,https://media.bareksa.com/uploads//file_doc/2026/04/AAHBKPE_prospectus.pdf,2026-04,parsed,2025,1.23,2026-10-09
176,https://media.bareksa.com/uploads//file_doc/2019/08/AAHBKPI_prospectus.pdf,2019-08,parsed,2018,3.11,2026-10-09
179,https://media.bareksa.com/uploads//file_doc/2025/04/AAHBKPS_prospectus.pdf,2025-04,parsed,2024,1.71,2026-10-09
187,https://media.bareksa.com/uploads//file_doc/2023/05/AAMBKBS_prospectus.pdf,2023-05,parsed,2022,3.20,2026-10-09
190,https://media.bareksa.com/uploads//file_doc/2016/03/AANBKBC_prospectus.pdf,2016-03,parsed,2013,5.05,2026-10-09
191,https://media.bareksa.com/uploads//file_doc/2026/05/AANBKDN_prospectus.pdf,2026-05,scanned,,,2026-10-09
192,https://media.bareksa.com/uploads//file_doc/2026/05/AANBSSB_prospectus.pdf,2026-05,scanned,,,2026-10-09
193,https://media.bareksa.com/uploads//file_doc/2023/09/AACBKCG_prospectus.pdf,2023-09,parsed,2022,2.57,2026-10-09
199,https://media.bareksa.com/uploads//file_doc/2026/06/ACOBKFX_prospectus.pdf,2026-06,parsed,2025,2.85,2026-10-09
201,https://media.bareksa.com/uploads//file_doc/2026/08/AAPBKAF_prospectus.pdf,2026-08,parsed,2025,3.42,2026-10-09
202,https://media.bareksa.com/uploads//file_doc/2026/08/AAPBSSB_prospectus.pdf,2026-08,parsed,2025,3.40,2026-10-09
208,,,not_found,,,2026-10-09
213,https://media.bareksa.com/uploads//file_doc/2023/09/AAWBKBF_prospectus.pdf,2023-09,parsed,2022,2.85,2026-10-09
215,https://media.bareksa.com/uploads//file_doc/2023/09/AAWBKMS_prospectus.pdf,2023-09,parsed,2022,2.58,2026-10-09
216,https://media.bareksa.com/uploads//file_doc/2023/09/AAWBKDB_prospectus.pdf,2023-09,scanned,,,2026-10-09
217,https://media.bareksa.com/uploads//file_doc/2022/01/ABDBKG1_prospectus.pdf,2022-01,parsed,2020,2.64,2026-10-09
218,https://media.bareksa.com/uploads//file_doc/2016/04/AAYBKDF_prospectus.pdf,2016-04,scanned,,,2026-10-09
219,https://media.bareksa.com/uploads//file_doc/2017/12/AAYBKDU_prospectus.pdf,2017-12,no_row,,,2026-10-09
221,,,not_found,,,2026-10-09
222,,,not_found,,,2026-10-09
223,,,not_found,,,2026-10-09
224,https://media.bareksa.com/uploads//file_doc/2026/05/AAZBKFP_prospectus.pdf,2026-05,no_row,,,2026-10-09
225,https://media.bareksa.com/uploads//file_doc/2026/05/AAZBKP1_prospectus.pdf,2026-05,parsed,2024,7.00,2026-10-09
228,https://media.bareksa.com/uploads//file_doc/2023/09/ABCBSIS_prospectus.pdf,2023-09,parsed,2022,4.65,2026-10-09
234,,,not_found,,,2026-10-09
235,https://media.bareksa.com/uploads//file_doc/2024/11/ABHBKOF_prospectus.pdf,2024-11,parsed,2023,2.78,2026-10-09
236,https://media.bareksa.com/uploads//file_doc/2023/07/ABIBKFX_prospectus.pdf,2023-07,parsed,2022,4.08,2026-10-09
241,https://media.bareksa.com/uploads//file_doc/2019/07/ABKBKDP_prospectus.pdf,2019-07,no_row,,,2026-10-09
242,https://media.bareksa.com/uploads//file_doc/2024/05/AACBKMB_prospectus.pdf,2024-05,parsed,2023,3.46,2026-10-09
246,https://media.bareksa.com/uploads//file_doc/2022/09/ABMBKAT_prospectus.pdf,2022-09,parsed,2021,0.54,2026-10-09
247,https://media.bareksa.com/uploads//file_doc/2026/08/ABMBSIS_prospectus.pdf,2026-08,parsed,2025,4.17,2026-10-09
248,https://media.bareksa.com/uploads//file_doc/2026/08/ABMBKIA_prospectus.pdf,2026-08,parsed,2025,4.68,2026-10-09
250,https://media.bareksa.com/uploads//file_doc/2026/03/ABNBKC2_prospectus.pdf,2026-03,parsed,2024,2.37,2026-10-09
251,https://media.bareksa.com/uploads//file_doc/2018/04/ABNBKDS_prospectus.pdf,2018-04,scanned,,,2026-10-09
252,https://media.bareksa.com/uploads//file_doc/2026/03/ABNBKDT_prospectus.pdf,2026-03,parsed,2024,3.09,2026-10-09
254,https://media.bareksa.com/uploads//file_doc/2026/07/ABOBKAS_prospectus.pdf,2026-07,parsed,2025,0.67,2026-10-09
255,https://media.bareksa.com/uploads//file_doc/2016/03/ABOBKDB_prospectus.pdf,2016-03,no_row,,,2026-10-09
257,https://media.bareksa.com/uploads//file_doc/2026/07/ABOBKDK_prospectus.pdf,2026-07,parsed,2025,0.83,2026-10-09
261,https://media.bareksa.com/uploads//file_doc/2018/12/ABRBKK2_prospectus.pdf,2018-12,no_row,,,2026-10-09
262,https://media.bareksa.com/uploads//file_doc/2018/12/ABRBKPP_prospectus.pdf,2018-12,no_row,,,2026-10-09
263,https://media.bareksa.com/uploads//file_doc/2018/11/ABLBKDK_prospectus.pdf,2018-11,parsed,2017,2.93,2026-10-09
264,https://media.bareksa.com/uploads//file_doc/2021/02/ABLBKKI_prospectus.pdf,2021-02,parsed,2019,2.36,2026-10-09
265,https://media.bareksa.com/uploads//file_doc/2017/12/ABLBKKK_prospectus.pdf,2017-12,no_row,,,2026-10-09
266,https://media.bareksa.com/uploads//file_doc/2018/11/ABLBSSK_prospectus.pdf,2018-11,parsed,2017,4.22,2026-10-09
268,https://media.bareksa.com/uploads//file_doc/2021/02/ABIBKFK_prospectus.pdf,2021-02,scanned,,,2026-10-09
271,,,not_found,,,2026-10-09
273,https://media.bareksa.com/uploads//file_doc/2019/05/ABVBKBP_prospectus.pdf,2019-05,no_row,,,2026-10-09
274,https://media.bareksa.com/uploads//file_doc/2019/05/ABVBKIB_prospectus.pdf,2019-05,no_row,,,2026-10-09
276,https://media.bareksa.com/uploads//file_doc/2020/10/ABSBKFG_prospectus.pdf,2020-10,parsed,2019,2.63,2026-10-09
280,https://media.bareksa.com/uploads//file_doc/2021/09/ACBBKBF_prospectus.pdf,2021-09,scanned,,,2026-10-09
281,https://media.bareksa.com/uploads//file_doc/2024/11/ACCBKDB_prospectus.pdf,2024-11,parsed,2023,1.16,2026-10-09
282,https://media.bareksa.com/uploads//file_doc/2024/11/ACCBKDP_prospectus.pdf,2024-11,parsed,2023,1.52,2026-10-09
283,https://media.bareksa.com/uploads//file_doc/2024/11/ACCBKPR_prospectus.pdf,2024-11,parsed,2023,1.73,2026-10-09
284,https://media.bareksa.com/uploads//file_doc/2024/11/ACCBSDS_prospectus.pdf,2024-11,parsed,2023,1.54,2026-10-09
285,https://media.bareksa.com/uploads//file_doc/2024/11/ACCBKDU_prospectus.pdf,2024-11,no_row,,,2026-10-09
288,https://media.bareksa.com/uploads//file_doc/2025/05/ACFBKRB_prospectus.pdf,2025-05,parsed,2024,3.49,2026-10-09
289,https://media.bareksa.com/uploads//file_doc/2026/10/ACABSSY_prospectus_1790849105.pdf,2026-10,parsed,2025,3.18,2026-10-09
292,https://media.bareksa.com/uploads//file_doc/2019/04/ACGBKPB_prospectus.pdf,2019-04,parsed,2018,4.74,2026-10-09
294,https://media.bareksa.com/uploads//file_doc/2024/05/ABABKCF_prospectus.pdf,2024-05,parsed,2023,3.30,2026-10-09
296,https://media.bareksa.com/uploads//file_doc/2024/07/AAVBKPR_prospectus.pdf,2024-07,parsed,2022,2.44,2026-10-09
298,https://media.bareksa.com/uploads//file_doc/2025/05/ACIBKPB_prospectus.pdf,2025-05,no_row,,,2026-10-09
300,https://media.bareksa.com/uploads//file_doc/2024/11/ACKBKDB_prospectus.pdf,2024-11,parsed,2023,3.90,2026-10-09
301,https://media.bareksa.com/uploads//file_doc/2024/11/ACKBSSB_prospectus.pdf,2024-11,no_row,,,2026-10-09
303,https://media.bareksa.com/uploads//file_doc/2023/04/ACLBKDC_prospectus.pdf,2023-04,parsed,2021,0.42,2026-10-09
304,https://media.bareksa.com/uploads//file_doc/2026/07/ACLBKDK_prospectus.pdf,2026-07,conflict,,,2026-10-09
305,https://media.bareksa.com/uploads//file_doc/2026/07/ACLEKDP_prospectus.pdf,2026-07,parsed,2025,2.00,2026-10-09
307,https://media.bareksa.com/uploads//file_doc/2026/07/ACLBKT2_prospectus.pdf,2026-07,parsed,2025,2.09,2026-10-09
308,,,not_found,,,2026-10-09
309,https://media.bareksa.com/uploads//file_doc/2026/07/ACLBSSB_prospectus.pdf,2026-07,parsed,2025,2.57,2026-10-09
310,https://media.bareksa.com/uploads//file_doc/2021/02/ACLBKDM_prospectus.pdf,2021-02,scanned,,,2026-10-09
313,https://media.bareksa.com/uploads//file_doc/2026/06/ACOBKSS_prospectus.pdf,2026-06,parsed,2025,3.56,2026-10-09
314,https://media.bareksa.com/uploads//file_doc/2025/05/ACOBKSP_prospectus.pdf,2025-05,parsed,2024,4.95,2026-10-09
315,https://media.bareksa.com/uploads//file_doc/2026/08/ACQBKSB_prospectus.pdf,2026-08,parsed,2025,2.50,2026-10-09
316,https://media.bareksa.com/uploads//file_doc/2026/08/ACPBKFF_prospectus.pdf,2026-08,parsed,2025,3.86,2026-10-09
318,https://media.bareksa.com/uploads//file_doc/2026/08/ACRBKBO_prospectus.pdf,2026-08,no_row,,,2026-10-09
319,,,not_found,,,2026-10-09
323,https://media.bareksa.com/uploads//file_doc/2026/05/ACTBKAF_prospectus.pdf,2026-05,parsed,2025,2.91,2026-10-09
325,https://media.bareksa.com/uploads//file_doc/2026/05/ACTBKK2_prospectus.pdf,2026-05,parsed,2025,6.87,2026-10-09
326,https://media.bareksa.com/uploads//file_doc/2026/05/ACTBSSB_prospectus.pdf,2026-05,parsed,2025,5.99,2026-10-09
330,https://media.bareksa.com/uploads//file_doc/2026/08/ABMFKO2_prospectus.pdf,2026-08,no_row,,,2026-10-09
331,https://media.bareksa.com/uploads//file_doc/2016/03/ABMFKP1_prospectus.pdf,2016-03,parsed,2014,0.50,2026-10-09
332,https://media.bareksa.com/uploads//file_doc/2016/03/ABMFKP2_prospectus.pdf,2016-03,parsed,2014,0.37,2026-10-09
333,https://media.bareksa.com/uploads//file_doc/2026/08/ABMFSDS_prospectus.pdf,2026-08,share_classes,,,2026-10-09
334,https://media.bareksa.com/uploads//file_doc/2026/08/ABMFKDU_prospectus.pdf,2026-08,share_classes,,,2026-10-09
335,https://media.bareksa.com/uploads//file_doc/2016/03/ABMFKIK_prospectus.pdf,2016-03,parsed,2014,1.07,2026-10-09
337,https://media.bareksa.com/uploads//file_doc/2026/03/ABNFKGV_prospectus.pdf,2026-03,parsed,2025,2.33,2026-10-09
338,https://media.bareksa.com/uploads//file_doc/2021/08/ABNFKUT_prospectus.pdf,2021-08,parsed,2020,0.41,2026-10-09
339,https://media.bareksa.com/uploads//file_doc/2026/03/ABNFKI2_prospectus.pdf,2026-03,parsed,2024,2.30,2026-10-09
340,https://media.bareksa.com/uploads//file_doc/2026/07/ABNFKOU_prospectus.pdf,2026-07,parsed,2025,1.69,2026-10-09
341,https://media.bareksa.com/uploads//file_doc/2026/03/ABNFKB2_prospectus.pdf,2026-03,parsed,2024,1.77,2026-10-09
342,https://media.bareksa.com/uploads//file_doc/2026/07/ABOFKAM_prospectus.pdf,2026-07,parsed,2025,2.65,2026-10-09
343,https://media.bareksa.com/uploads//file_doc/2026/06/ABLFKDL_prospectus.pdf,2026-06,parsed,2025,2.84,2026-10-09
344,https://media.bareksa.com/uploads//file_doc/2026/06/ABLFSDS_prospectus.pdf,2026-06,parsed,2025,1.29,2026-10-09
345,https://media.bareksa.com/uploads//file_doc/2021/02/ABLFKDD_prospectus.pdf,2021-02,no_row,,,2026-10-09
346,,,not_found,,,2026-10-09
347,,,not_found,,,2026-10-09
348,,,not_found,,,2026-10-09
349,https://media.bareksa.com/uploads//file_doc/2019/05/ABVFKBF_prospectus.pdf,2019-05,no_row,,,2026-10-09
350,https://media.bareksa.com/uploads//file_doc/2019/05/ABVFKT2_prospectus.pdf,2019-05,no_row,,,2026-10-09
354,https://media.bareksa.com/uploads//file_doc/2020/10/ABSFKT2_prospectus.pdf,2020-10,parsed,2019,1.90,2026-10-09
356,https://media.bareksa.com/uploads//file_doc/2020/10/ABSFKOX_prospectus.pdf,2020-10,parsed,2019,1.85,2026-10-09
357,,,not_found,,,2026-10-09
358,,,not_found,,,2026-10-09
360,https://media.bareksa.com/uploads//file_doc/2026/10/ACAFSAS_prospectus_1790847323.pdf,2026-10,parsed,2025,2.43,2026-10-09
361,https://media.bareksa.com/uploads//file_doc/2026/10/ACAFKDT_prospectus_1790847758.pdf,2026-10,parsed,2025,1.08,2026-10-09
362,https://media.bareksa.com/uploads//file_doc/2026/10/ACAFKS2_prospectus_1790847933.pdf,2026-10,parsed,2025,1.11,2026-10-09
363,https://media.bareksa.com/uploads//file_doc/2024/11/ACCFKU2_prospectus.pdf,2024-11,parsed,2023,1.63,2026-10-09
364,https://media.bareksa.com/uploads//file_doc/2024/02/ACCFKG2_prospectus.pdf,2024-02,scanned,,,2026-10-09
365,https://media.bareksa.com/uploads//file_doc/2026/07/ACIFKOB_prospectus.pdf,2026-07,no_row,,,2026-10-09
366,,,not_found,,,2026-10-09
367,https://media.bareksa.com/uploads//file_doc/2024/03/ACKFKOS_prospectus.pdf,2024-03,no_row,,,2026-10-09
369,https://media.bareksa.com/uploads//file_doc/2024/11/ACKFSSS_prospectus.pdf,2024-11,parsed,2023,2.07,2026-10-09
370,https://media.bareksa.com/uploads//file_doc/2021/06/ACLFKF3_prospectus.pdf,2021-06,parsed,2020,0.24,2026-10-09
371,https://media.bareksa.com/uploads//file_doc/2021/06/ACLFKF2_prospectus.pdf,2021-06,parsed,2020,0.29,2026-10-09
373,https://media.bareksa.com/uploads//file_doc/2023/04/ACLFKOM_prospectus.pdf,2023-04,parsed,2021,0.41,2026-10-09
374,https://media.bareksa.com/uploads//file_doc/2026/07/ACLFKM2_prospectus.pdf,2026-07,parsed,2025,1.49,2026-10-09
375,https://media.bareksa.com/uploads//file_doc/2026/07/ACLFKA2_prospectus.pdf,2026-07,parsed,2025,1.50,2026-10-09
376,https://media.bareksa.com/uploads//file_doc/2026/07/ACLFKG2_prospectus.pdf,2026-07,parsed,2025,1.37,2026-10-09
377,https://media.bareksa.com/uploads//file_doc/2026/07/ACLFKDB_prospectus.pdf,2026-07,share_classes,,,2026-10-09
378,https://media.bareksa.com/uploads//file_doc/2026/06/ACOFKIN_prospectus.pdf,2026-06,parsed,2025,1.85,2026-10-09
379,https://media.bareksa.com/uploads//file_doc/2017/12/ACOFKMP_prospectus.pdf,2017-12,no_row,,,2026-10-09
380,https://media.bareksa.com/uploads//file_doc/2024/07/ACOFKPS_prospectus.pdf,2024-07,conflict,,,2026-10-09
381,https://media.bareksa.com/uploads//file_doc/2026/06/ACOFKDS_prospectus.pdf,2026-06,parsed,2025,2.77,2026-10-09
382,,,not_found,,,2026-10-09
383,https://media.bareksa.com/uploads//file_doc/2026/06/ACOFKDL_prospectus.pdf,2026-06,parsed,2025,1.45,2026-10-09
385,https://media.bareksa.com/uploads//file_doc/2026/08/ACRFKFF_prospectus.pdf,2026-08,parsed,2025,2.85,2026-10-09
386,https://media.bareksa.com/uploads//file_doc/2026/05/ACTFKT2_prospectus.pdf,2026-05,share_classes,,,2026-10-09
388,https://media.bareksa.com/uploads//file_doc/2026/05/ACTFKSP_prospectus.pdf,2026-05,share_classes,,,2026-10-09
390,https://media.bareksa.com/uploads//file_doc/2024/05/ACTFKDT_prospectus.pdf,2024-05,parsed,2023,1.64,2026-10-09
394,https://media.bareksa.com/uploads//file_doc/2017/12/AABFKOJ_prospectus.pdf,2017-12,no_row,,,2026-10-09
395,https://media.bareksa.com/uploads//file_doc/2024/05/AAEFKON_prospectus.pdf,2024-05,parsed,2023,1.71,2026-10-09
396,https://media.bareksa.com/uploads//file_doc/2025/07/AACFKOP_prospectus.pdf,2025-07,parsed,2024,1.02,2026-10-09
397,https://media.bareksa.com/uploads//file_doc/2025/07/AACFKMD_prospectus.pdf,2025-07,parsed,2024,0.99,2026-10-09
398,,,not_found,,,2026-10-09
399,https://media.bareksa.com/uploads//file_doc/2025/05/AAIFKA2_prospectus.pdf,2025-05,parsed,2024,1.08,2026-10-09
400,https://media.bareksa.com/uploads//file_doc/2026/10/AAIFKMK_prospectus.pdf,2026-10,share_classes,,,2026-10-09
401,https://media.bareksa.com/uploads//file_doc/2026/05/AAIFKKS_prospectus.pdf,2026-05,share_classes,,,2026-10-09
402,https://media.bareksa.com/uploads//file_doc/2024/10/AAIFKIP_prospectus.pdf,2024-10,parsed,2023,1.44,2026-10-09
404,https://media.bareksa.com/uploads//file_doc/2025/05/AAKFKOP_prospectus.pdf,2025-05,parsed,2024,0.47,2026-10-09
405,https://media.bareksa.com/uploads//file_doc/2025/05/AAKFKPO_prospectus.pdf,2025-05,parsed,2024,0.35,2026-10-09
406,https://media.bareksa.com/uploads//file_doc/2026/08/AAGFSDN_prospectus.pdf,2026-08,parsed,2025,2.05,2026-10-09
407,https://media.bareksa.com/uploads//file_doc/2018/08/AAGFKB3_prospectus.pdf,2018-08,parsed,2017,2.08,2026-10-09
408,https://media.bareksa.com/uploads//file_doc/2026/04/AAHFKR2_prospectus.pdf,2026-04,parsed,2025,1.58,2026-10-09
409,https://media.bareksa.com/uploads//file_doc/2026/04/AAHFKRP_prospectus.pdf,2026-04,parsed,2025,0.71,2026-10-09
410,https://media.bareksa.com/uploads//file_doc/2026/07/AAHFKP2_prospectus.pdf,2026-07,share_classes,,,2026-10-09
411,,,not_found,,,2026-10-09
414,https://media.bareksa.com/uploads//file_doc/2019/08/AAHFKDA_prospectus.pdf,2019-08,parsed,2018,1.61,2026-10-09
415,https://media.bareksa.com/uploads//file_doc/2026/07/AAHFKPD_prospectus.pdf,2026-07,share_classes,,,2026-10-09
416,https://media.bareksa.com/uploads//file_doc/2023/05/AAMFKTB_prospectus.pdf,2023-05,no_row,,,2026-10-09
417,https://media.bareksa.com/uploads//file_doc/2025/05/AAMFKIA_prospectus.pdf,2025-05,parsed,2024,1.94,2026-10-09
418,https://media.bareksa.com/uploads//file_doc/2025/05/AAMFKPB_prospectus.pdf,2025-05,parsed,2024,0.12,2026-10-09
420,https://media.bareksa.com/uploads//file_doc/2026/08/AAPFKPP_prospectus.pdf,2026-08,parsed,2025,1.69,2026-10-09
422,https://media.bareksa.com/uploads//file_doc/2022/09/AAPFKM2_prospectus.pdf,2022-09,parsed,2021,0.23,2026-10-09
423,,,not_found,,,2026-10-09
425,https://media.bareksa.com/uploads//file_doc/2026/08/AAPFKPU_prospectus.pdf,2026-08,parsed,2025,1.79,2026-10-09
426,https://media.bareksa.com/uploads//file_doc/2018/11/AAPFKMD_prospectus.pdf,2018-11,no_row,,,2026-10-09
428,https://media.bareksa.com/uploads//file_doc/2026/08/AAPFKDR_prospectus.pdf,2026-08,conflict,,,2026-10-09
429,https://media.bareksa.com/uploads//file_doc/2026/08/AASFKHG_prospectus.pdf,2026-08,share_classes,,,2026-10-09
430,https://media.bareksa.com/uploads//file_doc/2026/09/AASFKYD_prospectus.pdf,2026-09,share_classes,,,2026-10-09
432,https://media.bareksa.com/uploads//file_doc/2023/09/AAWFKBF_prospectus.pdf,2023-09,parsed,2022,1.80,2026-10-09
433,https://media.bareksa.com/uploads//file_doc/2019/10/AAXFKI2_prospectus.pdf,2019-10,parsed,2018,0.89,2026-10-09
435,https://media.bareksa.com/uploads//file_doc/2017/12/AAYFKDK_prospectus.pdf,2017-12,no_row,,,2026-10-09
436,https://media.bareksa.com/uploads//file_doc/2017/12/AAYFKDO_prospectus.pdf,2017-12,no_row,,,2026-10-09
437,https://media.bareksa.com/uploads//file_doc/2026/04/AAYFKP2_prospectus.pdf,2026-04,parsed,2025,1.58,2026-10-09
438,,,not_found,,,2026-10-09
439,https://media.bareksa.com/uploads//file_doc/2026/09/ABCFSHJ_prospectus.pdf,2026-09,parsed,2025,1.76,2026-10-09
440,https://media.bareksa.com/uploads//file_doc/2026/09/ABCFKRE_prospectus.pdf,2026-09,parsed,2025,1.80,2026-10-09
441,https://media.bareksa.com/uploads//file_doc/2024/11/ABFFKOP_prospectus.pdf,2024-11,parsed,2023,2.32,2026-10-09
442,https://media.bareksa.com/uploads//file_doc/2021/02/ABIFKOY_prospectus.pdf,2021-02,scanned,,,2026-10-09
443,https://media.bareksa.com/uploads//file_doc/2021/02/ABIFKKR_prospectus.pdf,2021-02,scanned,,,2026-10-09
444,https://media.bareksa.com/uploads//file_doc/2021/02/ABIFKPI_prospectus.pdf,2021-02,scanned,,,2026-10-09
445,https://media.bareksa.com/uploads//file_doc/2020/08/ABJFKFI_prospectus.pdf,2020-08,no_row,,,2026-10-09
446,,,not_found,,,2026-10-09
447,https://media.bareksa.com/uploads//file_doc/2026/08/AAKFKOU_prospectus.pdf,2026-08,parsed,2025,1.80,2026-10-09
448,,,not_found,,,2026-10-09
449,https://media.bareksa.com/uploads//file_doc/2025/05/AAMFKDB_prospectus.pdf,2025-05,parsed,2024,1.71,2026-10-09
451,https://media.bareksa.com/uploads//file_doc/2026/06/ACOFKDP_prospectus.pdf,2026-06,parsed,2025,2.59,2026-10-09
452,https://media.bareksa.com/uploads//file_doc/2026/08/AAPFKG2_prospectus.pdf,2026-08,parsed,2025,1.96,2026-10-09
453,https://media.bareksa.com/uploads//file_doc/2026/04/AAIFKAB_prospectus.pdf,2026-04,share_classes,,,2026-10-09
454,https://media.bareksa.com/uploads//file_doc/2026/08/ABMFKDM_prospectus.pdf,2026-08,share_classes,,,2026-10-09
455,https://media.bareksa.com/uploads//file_doc/2026/07/ABPFKM2_prospectus.pdf,2026-07,parsed,2025,5.13,2026-10-09
456,https://media.bareksa.com/uploads//file_doc/2023/07/ABPFSMS_prospectus.pdf,2023-07,parsed,2022,1.67,2026-10-09
457,https://media.bareksa.com/uploads//file_doc/2018/01/ABPFKO2_prospectus.pdf,2018-01,no_row,,,2026-10-09
458,https://media.bareksa.com/uploads//file_doc/2026/07/ABPFKFX_prospectus.pdf,2026-07,parsed,2025,0.80,2026-10-09
459,https://media.bareksa.com/uploads//file_doc/2026/07/ABPFKR3_prospectus.pdf,2026-07,parsed,2025,1.11,2026-10-09
463,https://media.bareksa.com/uploads//file_doc/2025/05/AAKFKMX_prospectus.pdf,2025-05,parsed,2024,0.16,2026-10-09
465,https://media.bareksa.com/uploads//file_doc/2025/05/AAIFKPF_prospectus.pdf,2025-05,parsed,2024,0.35,2026-10-09
466,https://media.bareksa.com/uploads//file_doc/2021/07/AAKFKOA_prospectus.pdf,2021-07,parsed,2020,0.20,2026-10-09
467,https://media.bareksa.com/uploads//file_doc/2021/07/AAKFKOS_prospectus.pdf,2021-07,parsed,2020,0.21,2026-10-09
468,,,not_found,,,2026-10-09
470,,,not_found,,,2026-10-09
471,https://media.bareksa.com/uploads//file_doc/2024/11/ACKFKCF_prospectus.pdf,2024-11,no_row,,,2026-10-09
472,https://media.bareksa.com/uploads//file_doc/2026/04/AAFESAS_prospectus.pdf,2026-04,parsed,2025,4.33,2026-10-09
473,https://media.bareksa.com/uploads//file_doc/2024/05/AACEKMS_prospectus.pdf,2024-05,parsed,2022,0.44,2026-10-09
476,,,not_found,,,2026-10-09
477,https://media.bareksa.com/uploads//file_doc/2024/11/ABJEKSP_prospectus.pdf,2024-11,no_row,,,2026-10-09
478,https://media.bareksa.com/uploads//file_doc/2026/08/ABMESIE_prospectus.pdf,2026-08,parsed,2025,4.83,2026-10-09
479,https://media.bareksa.com/uploads//file_doc/2017/07/ABQEKDE_prospectus.pdf,2017-07,no_row,,,2026-10-09
480,https://media.bareksa.com/uploads//file_doc/2024/05/ABAEKEM_prospectus.pdf,2024-05,parsed,2023,3.88,2026-10-09
482,https://media.bareksa.com/uploads//file_doc/2026/08/ACPEKSE_prospectus.pdf,2026-08,parsed,2025,4.64,2026-10-09
484,https://media.bareksa.com/uploads//file_doc/2026/04/AAFBSAS_prospectus.pdf,2026-04,parsed,2025,4.93,2026-10-09
485,,,not_found,,,2026-10-09
487,https://media.bareksa.com/uploads//file_doc/2018/04/ABYEKSF_prospectus.pdf,2018-04,parsed,2017,0.34,2026-10-09
490,,,not_found,,,2026-10-09
494,,,not_found,,,2026-10-09
495,https://media.bareksa.com/uploads//file_doc/2017/12/ACWBKCT_prospectus.pdf,2017-12,no_row,,,2026-10-09
496,https://media.bareksa.com/uploads//file_doc/2024/11/ACCBKUD_prospectus.pdf,2024-11,parsed,2023,0.98,2026-10-09
497,https://media.bareksa.com/uploads//file_doc/2021/06/ABMBKDB_prospectus.pdf,2021-06,parsed,2020,3.03,2026-10-09
508,https://media.bareksa.com/uploads//file_doc/2021/04/ACBBSPB_prospectus.pdf,2021-04,scanned,,,2026-10-09
509,,,not_found,,,2026-10-09
510,https://media.bareksa.com/uploads//file_doc/2018/06/ABPEKCG_prospectus.pdf,2018-06,no_row,,,2026-10-09
511,,,not_found,,,2026-10-09
512,https://media.bareksa.com/uploads//file_doc/2026/04/ABNFKDF_prospectus.pdf,2026-04,parsed,2024,1.39,2026-10-09
513,https://media.bareksa.com/uploads//file_doc/2026/07/ABOFKMP_prospectus.pdf,2026-07,parsed,2025,4.17,2026-10-09
514,https://media.bareksa.com/uploads//file_doc/2021/07/ACWFKDT_prospectus.pdf,2021-07,no_row,,,2026-10-09
515,https://media.bareksa.com/uploads//file_doc/2021/09/AAWEKOF_prospectus.pdf,2021-09,scanned,,,2026-10-09
519,https://media.bareksa.com/uploads//file_doc/2023/07/ABOBSAM_prospectus.pdf,2023-07,parsed,2022,4.49,2026-10-09
520,https://media.bareksa.com/uploads//file_doc/2026/08/ACPBKPF_prospectus.pdf,2026-08,no_row,,,2026-10-09
521,,,not_found,,,2026-10-09
523,,,not_found,,,2026-10-09
524,https://media.bareksa.com/uploads//file_doc/2026/08/ABMEKA5_prospectus.pdf,2026-08,parsed,2025,3.84,2026-10-09
525,https://media.bareksa.com/uploads//file_doc/2026/08/ABMEKDF_prospectus.pdf,2026-08,parsed,2025,4.60,2026-10-09
526,https://media.bareksa.com/uploads//file_doc/2017/12/ABPFKOR_prospectus.pdf,2017-12,no_row,,,2026-10-09
527,https://media.bareksa.com/uploads//file_doc/2024/07/AAVFKDP_prospectus.pdf,2024-07,conflict,,,2026-10-09
529,https://media.bareksa.com/uploads//file_doc/2016/03/ACBFKPF_prospectus.pdf,2016-03,scanned,,,2026-10-09
532,https://media.bareksa.com/uploads//file_doc/2024/05/AAEFUSN_prospectus.pdf,2024-05,parsed,2023,1.47,2026-10-09
534,https://media.bareksa.com/uploads//file_doc/2025/05/AAKFKOC_prospectus.pdf,2025-05,parsed,2024,0.23,2026-10-09
535,,,not_found,,,2026-10-09
536,https://media.bareksa.com/uploads//file_doc/2021/02/ACMEKDS_prospectus.pdf,2021-02,scanned,,,2026-10-09
537,https://media.bareksa.com/uploads//file_doc/2022/11/ACSEKSM_prospectus.pdf,2022-11,scanned,,,2026-10-09
539,https://media.bareksa.com/uploads//file_doc/2024/05/ACVBKMN_prospectus.pdf,2024-05,parsed,2023,2.28,2026-10-09
540,https://media.bareksa.com/uploads//file_doc/2024/05/ACVEKEF_prospectus.pdf,2024-05,parsed,2023,3.25,2026-10-09
542,https://media.bareksa.com/uploads//file_doc/2026/09/AAGEKSS_prospectus.pdf,2026-09,parsed,2025,2.20,2026-10-09
544,https://media.bareksa.com/uploads//file_doc/2019/08/AAHEKAT_prospectus.pdf,2019-08,parsed,2018,3.23,2026-10-09
1056,https://media.bareksa.com/uploads//file_doc/2025/05/AAIMKRF_prospectus.pdf,2025-05,parsed,2024,0.51,2026-10-09
1057,https://media.bareksa.com/uploads//file_doc/2026/08/AAKMKKM_prospectus.pdf,2026-08,parsed,2025,1.19,2026-10-09
1058,https://media.bareksa.com/uploads//file_doc/2026/08/AAKMKLQ_prospectus.pdf,2026-08,parsed,2025,0.70,2026-10-09
1059,https://media.bareksa.com/uploads//file_doc/2026/08/AAGMSLC_prospectus.pdf,2026-08,no_row,,,2026-10-09
1060,,,not_found,,,2026-10-09
1061,https://media.bareksa.com/uploads//file_doc/2026/06/ACOMKRP_prospectus.pdf,2026-06,parsed,2025,2.02,2026-10-09
1062,https://media.bareksa.com/uploads//file_doc/2026/08/AAPMKL1_prospectus.pdf,2026-08,parsed,2025,2.53,2026-10-09
1063,https://media.bareksa.com/uploads//file_doc/2025/05/AAPMKL2_prospectus.pdf,2025-05,parsed,2024,1.81,2026-10-09
1064,https://media.bareksa.com/uploads//file_doc/2026/08/AAPMKS2_prospectus.pdf,2026-08,share_classes,,,2026-10-09
1065,https://media.bareksa.com/uploads//file_doc/2026/08/AAPMKS3_prospectus.pdf,2026-08,parsed,2025,0.49,2026-10-09
1066,https://media.bareksa.com/uploads//file_doc/2023/09/AAWMKMM_prospectus.pdf,2023-09,parsed,2022,0.98,2026-10-09
1067,https://media.bareksa.com/uploads//file_doc/2016/03/ABMMKDO_prospectus.pdf,2016-03,no_row,,,2026-10-09
1068,https://media.bareksa.com/uploads//file_doc/2026/08/ABMMKIU_prospectus.pdf,2026-08,share_classes,,,2026-10-09
1069,https://media.bareksa.com/uploads//file_doc/2016/03/ABMMKKP_prospectus.pdf,2016-03,parsed,2014,0.33,2026-10-09
1070,https://media.bareksa.com/uploads//file_doc/2026/07/ABNMKK2_prospectus.pdf,2026-07,parsed,2025,0.91,2026-10-09
1071,https://media.bareksa.com/uploads//file_doc/2026/03/ABNMKIM_prospectus.pdf,2026-03,parsed,2024,0.27,2026-10-09
1072,https://media.bareksa.com/uploads//file_doc/2026/04/AAYMKDU_prospectus.pdf,2026-04,parsed,2025,0.72,2026-10-09
1073,https://media.bareksa.com/uploads//file_doc/2024/04/ABOMKMC_prospectus.pdf,2024-04,parsed,2023,0.72,2026-10-09
1074,https://media.bareksa.com/uploads//file_doc/2022/11/ABIMKCK_prospectus.pdf,2022-11,no_row,,,2026-10-09
1075,https://media.bareksa.com/uploads//file_doc/2019/05/ABVMKIM_prospectus.pdf,2019-05,no_row,,,2026-10-09
1076,https://media.bareksa.com/uploads//file_doc/2019/05/ABVMKKM_prospectus.pdf,2019-05,no_row,,,2026-10-09
1077,https://media.bareksa.com/uploads//file_doc/2020/04/ABSMKDS_prospectus.pdf,2020-04,parsed,2019,0.87,2026-10-09
1078,https://media.bareksa.com/uploads//file_doc/2024/11/ACCMKDL_prospectus.pdf,2024-11,parsed,2023,0.57,2026-10-09
1079,https://media.bareksa.com/uploads//file_doc/2025/05/ACFMKMF_prospectus.pdf,2025-05,no_row,,,2026-10-09
1080,https://media.bareksa.com/uploads//file_doc/2026/08/AAGMKDL_prospectus.pdf,2026-08,share_classes,,,2026-10-09
1081,,,not_found,,,2026-10-09
1082,https://media.bareksa.com/uploads//file_doc/2019/10/AAXMKMF_prospectus.pdf,2019-10,parsed,2018,1.28,2026-10-09
1084,https://media.bareksa.com/uploads//file_doc/2025/05/AAMMKCF_prospectus.pdf,2025-05,parsed,2024,1.32,2026-10-09
1086,https://media.bareksa.com/uploads//file_doc/2026/07/ABPMKDK_prospectus.pdf,2026-07,parsed,2025,0.73,2026-10-09
1087,https://media.bareksa.com/uploads//file_doc/2026/10/ACAMKPU_prospectus_1790848874.pdf,2026-10,parsed,2025,12.20,2026-10-09
1088,https://media.bareksa.com/uploads//file_doc/2026/04/AAIMKDL_prospectus.pdf,2026-04,parsed,2025,2.42,2026-10-09
1089,https://media.bareksa.com/uploads//file_doc/2026/08/AASMKCR_prospectus.pdf,2026-08,share_classes,,,2026-10-09
1090,https://media.bareksa.com/uploads//file_doc/2026/07/ABWMKLF_prospectus.pdf,2026-07,share_classes,,,2026-10-09
1091,,,not_found,,,2026-10-09
1092,https://media.bareksa.com/uploads//file_doc/2026/07/ACLMKDL_prospectus.pdf,2026-07,parsed,2025,1.21,2026-10-09
1093,https://media.bareksa.com/uploads//file_doc/2026/05/ACTMKK2_prospectus.pdf,2026-05,share_classes,,,2026-10-09
1094,https://media.bareksa.com/uploads//file_doc/2025/05/AAIXKBF_prospectus.pdf,2025-05,parsed,2024,0.22,2026-10-09
1095,https://media.bareksa.com/uploads//file_doc/2024/05/ABAXK30_prospectus.pdf,2024-05,parsed,2023,0.70,2026-10-09
1096,https://media.bareksa.com/uploads//file_doc/2024/05/ABAXK45_prospectus.pdf,2024-05,parsed,2023,0.70,2026-10-09
1097,https://media.bareksa.com/uploads//file_doc/2024/05/ABAXKIC_prospectus.pdf,2024-05,parsed,2023,3.34,2026-10-09
1098,https://media.bareksa.com/uploads//file_doc/2024/05/ABAXSSY_prospectus.pdf,2024-05,no_row,,,2026-10-09
1099,https://media.bareksa.com/uploads//file_doc/2023/07/ABAXK18_prospectus.pdf,2023-07,conflict,,,2026-10-09
1100,https://media.bareksa.com/uploads//file_doc/2026/08/AAPISSY_prospectus.pdf,2026-08,parsed,2025,1.60,2026-10-09
1101,https://media.bareksa.com/uploads//file_doc/2025/05/ABZIK27_prospectus.pdf,2025-05,no_row,,,2026-10-09
1102,https://media.bareksa.com/uploads//file_doc/2023/07/ABIIK45_prospectus.pdf,2023-07,parsed,2022,1.19,2026-10-09
1103,https://media.bareksa.com/uploads//file_doc/2017/12/ABWIK45_prospectus.pdf,2017-12,no_row,,,2026-10-09
1104,https://media.bareksa.com/uploads//file_doc/2025/07/AAMIK30_prospectus.pdf,2025-07,share_classes,,,2026-10-09
1105,https://media.bareksa.com/uploads//file_doc/2019/11/ABIIK30_prospectus.pdf,2019-11,scanned,,,2026-10-09
1110,,,not_found,,,2026-10-09
1111,,,not_found,,,2026-10-09
1113,,,not_found,,,2026-10-09
1114,,,not_found,,,2026-10-09
1115,,,not_found,,,2026-10-09
1116,,,not_found,,,2026-10-09
1118,,,not_found,,,2026-10-09
1121,,,not_found,,,2026-10-09
1122,,,not_found,,,2026-10-09
1123,,,not_found,,,2026-10-09
1125,,,not_found,,,2026-10-09
1127,,,not_found,,,2026-10-09
1128,,,not_found,,,2026-10-09
1129,,,not_found,,,2026-10-09
1131,,,not_found,,,2026-10-09
1132,,,not_found,,,2026-10-09
1133,,,not_found,,,2026-10-09
1134,,,not_found,,,2026-10-09
1137,,,not_found,,,2026-10-09
1138,,,not_found,,,2026-10-09
1139,https://media.bareksa.com/uploads//file_doc/2025/05/AAKTKAG_prospectus.pdf,2025-05,parsed,2024,1.33,2026-10-09
1140,,,not_found,,,2026-10-09
1143,,,not_found,,,2026-10-09
1144,,,not_found,,,2026-10-09
1151,,,not_found,,,2026-10-09
1154,,,not_found,,,2026-10-09
1155,,,not_found,,,2026-10-09
1156,,,not_found,,,2026-10-09
1157,,,not_found,,,2026-10-09
1158,,,not_found,,,2026-10-09
1160,,,not_found,,,2026-10-09
1161,,,not_found,,,2026-10-09
1163,,,not_found,,,2026-10-09
1164,,,not_found,,,2026-10-09
1165,,,not_found,,,2026-10-09
1166,,,not_found,,,2026-10-09
1167,,,not_found,,,2026-10-09
1169,,,not_found,,,2026-10-09
1171,,,not_found,,,2026-10-09
1181,,,not_found,,,2026-10-09
1194,,,not_found,,,2026-10-09
1195,,,not_found,,,2026-10-09
1198,,,not_found,,,2026-10-09
1199,,,not_found,,,2026-10-09
1200,,,not_found,,,2026-10-09
1201,,,not_found,,,2026-10-09
1203,,,not_found,,,2026-10-09
1205,,,not_found,,,2026-10-09
1206,,,not_found,,,2026-10-09
1208,,,not_found,,,2026-10-09
1210,,,not_found,,,2026-10-09
1211,,,not_found,,,2026-10-09
1217,,,not_found,,,2026-10-09
1220,,,not_found,,,2026-10-09
1221,,,not_found,,,2026-10-09
1222,,,not_found,,,2026-10-09
1227,,,not_found,,,2026-10-09
1236,,,not_found,,,2026-10-09
1239,,,not_found,,,2026-10-09
1241,,,not_found,,,2026-10-09
1250,https://media.bareksa.com/uploads//file_doc/2019/07/ABSTKIO_prospectus.pdf,2019-07,parsed,2018,0.40,2026-10-09
1252,https://media.bareksa.com/uploads//file_doc/2019/07/ABSTKIQ_prospectus.pdf,2019-07,parsed,2018,0.35,2026-10-09
1253,,,not_found,,,2026-10-09
1262,,,not_found,,,2026-10-09
1266,,,not_found,,,2026-10-09
1267,,,not_found,,,2026-10-09
1268,,,not_found,,,2026-10-09
1269,,,not_found,,,2026-10-09
1270,,,not_found,,,2026-10-09
1272,,,not_found,,,2026-10-09
1275,,,not_found,,,2026-10-09
1276,,,not_found,,,2026-10-09
1277,,,not_found,,,2026-10-09
1282,,,not_found,,,2026-10-09
1283,,,not_found,,,2026-10-09
1292,,,not_found,,,2026-10-09
1293,,,not_found,,,2026-10-09
1298,,,not_found,,,2026-10-09
1299,,,not_found,,,2026-10-09
1301,,,not_found,,,2026-10-09
1302,,,not_found,,,2026-10-09
1303,,,not_found,,,2026-10-09
1304,,,not_found,,,2026-10-09
1306,,,not_found,,,2026-10-09
1307,,,not_found,,,2026-10-09
1308,,,not_found,,,2026-10-09
1311,,,not_found,,,2026-10-09
1316,,,not_found,,,2026-10-09
1317,,,not_found,,,2026-10-09
1318,,,not_found,,,2026-10-09
1320,,,not_found,,,2026-10-09
1321,,,not_found,,,2026-10-09
1327,,,not_found,,,2026-10-09
1335,,,not_found,,,2026-10-09
1336,,,not_found,,,2026-10-09
1341,,,not_found,,,2026-10-09
1342,,,not_found,,,2026-10-09
1349,,,not_found,,,2026-10-09
1350,,,not_found,,,2026-10-09
1352,,,not_found,,,2026-10-09
1354,,,not_found,,,2026-10-09
1357,,,not_found,,,2026-10-09
1358,,,not_found,,,2026-10-09
1359,,,not_found,,,2026-10-09
1364,,,not_found,,,2026-10-09
1365,,,not_found,,,2026-10-09
1368,,,not_found,,,2026-10-09
1371,,,not_found,,,2026-10-09
1372,,,not_found,,,2026-10-09
1373,,,not_found,,,2026-10-09
1375,,,not_found,,,2026-10-09
1376,,,not_found,,,2026-10-09
1377,,,not_found,,,2026-10-09
1378,,,not_found,,,2026-10-09
1379,,,not_found,,,2026-10-09
1381,,,not_found,,,2026-10-09
1567,,,not_found,,,2026-10-09
1568,https://media.bareksa.com/uploads//file_doc/2016/03/ABMMKKA_prospectus.pdf,2016-03,no_row,,,2026-10-09
1569,https://media.bareksa.com/uploads//file_doc/2026/06/ABLMKDL_prospectus.pdf,2026-06,parsed,2025,0.59,2026-10-09
1570,,,not_found,,,2026-10-09
1572,,,not_found,,,2026-10-09
1573,,,not_found,,,2026-10-09
1574,,,not_found,,,2026-10-09
1579,,,not_found,,,2026-10-09
1580,,,not_found,,,2026-10-09
1581,,,not_found,,,2026-10-09
1583,,,not_found,,,2026-10-09
1585,,,not_found,,,2026-10-09
1588,,,not_found,,,2026-10-09
1590,,,not_found,,,2026-10-09
1591,,,not_found,,,2026-10-09
1595,,,not_found,,,2026-10-09
1597,,,not_found,,,2026-10-09
1598,,,not_found,,,2026-10-09
1599,,,not_found,,,2026-10-09
1600,,,not_found,,,2026-10-09
1601,,,not_found,,,2026-10-09
1603,,,not_found,,,2026-10-09
1605,,,not_found,,,2026-10-09
1606,,,not_found,,,2026-10-09
1607,,,not_found,,,2026-10-09
1616,,,not_found,,,2026-10-09
1617,,,not_found,,,2026-10-09
1619,,,not_found,,,2026-10-09
1639,,,not_found,,,2026-10-09
1641,https://media.bareksa.com/uploads//file_doc/2025/05/AAKIK45_prospectus.pdf,2025-05,parsed,2024,2.90,2026-10-09
1644,,,not_found,,,2026-10-09
1646,,,not_found,,,2026-10-09
1647,,,not_found,,,2026-10-09
1649,,,not_found,,,2026-10-09
1651,https://media.bareksa.com/uploads//file_doc/2026/04/AAFFKPB_prospectus.pdf,2026-04,parsed,2025,1.58,2026-10-09
1652,,,not_found,,,2026-10-09
1653,,,not_found,,,2026-10-09
1656,,,not_found,,,2026-10-09
1661,https://media.bareksa.com/uploads//file_doc/2016/03/AAMFKFR_prospectus.pdf,2016-03,no_row,,,2026-10-09
1662,https://media.bareksa.com/uploads//file_doc/2018/03/AAMBSBG_prospectus.pdf,2018-03,no_row,,,2026-10-09
1664,,,not_found,,,2026-10-09
1665,,,not_found,,,2026-10-09
1666,,,not_found,,,2026-10-09
1667,,,not_found,,,2026-10-09
1671,,,not_found,,,2026-10-09
1672,https://media.bareksa.com/uploads//file_doc/2026/07/ACLBKDB_prospectus.pdf,2026-07,parsed,2025,2.37,2026-10-09
1673,https://media.bareksa.com/uploads//file_doc/2024/11/ACCEKDU_prospectus.pdf,2024-11,parsed,2023,3.78,2026-10-09
1675,,,not_found,,,2026-10-09
1676,,,not_found,,,2026-10-09
1677,,,not_found,,,2026-10-09
1678,,,not_found,,,2026-10-09
1679,,,not_found,,,2026-10-09
1680,https://media.bareksa.com/uploads//file_doc/2026/05/AANFKBD_prospectus.pdf,2026-05,scanned,,,2026-10-09
1681,https://media.bareksa.com/uploads//file_doc/2026/08/ACRFKLY_prospectus.pdf,2026-08,parsed,2025,0.52,2026-10-09
1683,,,not_found,,,2026-10-09
1684,,,not_found,,,2026-10-09
1688,,,not_found,,,2026-10-09
1690,https://media.bareksa.com/uploads//file_doc/2018/04/ABNBKAB_prospectus.pdf,2018-04,no_row,,,2026-10-09
1691,,,not_found,,,2026-10-09
1692,,,not_found,,,2026-10-09
1693,,,not_found,,,2026-10-09
1694,,,not_found,,,2026-10-09
1695,https://media.bareksa.com/uploads//file_doc/2015/10/AAGFKPT_prospectus.pdf,2015-10,no_row,,,2026-10-09
1696,,,not_found,,,2026-10-09
1697,,,not_found,,,2026-10-09
1698,,,not_found,,,2026-10-09
1699,https://media.bareksa.com/uploads//file_doc/2024/11/ABJEKGF_prospectus.pdf,2024-11,no_row,,,2026-10-09
1700,https://media.bareksa.com/uploads//file_doc/2025/05/ACOBSKB_prospectus.pdf,2025-05,parsed,2024,5.04,2026-10-09
1701,https://media.bareksa.com/uploads//file_doc/2026/06/ACOESUG_prospectus.pdf,2026-06,parsed,2025,4.58,2026-10-09
1705,https://media.bareksa.com/uploads//file_doc/2017/12/ACUEKQ1_prospectus.pdf,2017-12,scanned,,,2026-10-09
1706,,,not_found,,,2026-10-09
1707,,,not_found,,,2026-10-09
1708,https://media.bareksa.com/uploads//file_doc/2026/05/AAZESEQ_prospectus.pdf,2026-05,parsed,2024,4.92,2026-10-09
1710,,,not_found,,,2026-10-09
1711,https://media.bareksa.com/uploads//file_doc/2026/06/AAIMKLD_prospectus.pdf,2026-06,parsed,2025,0.72,2026-10-09
1712,,,not_found,,,2026-10-09
1713,https://media.bareksa.com/uploads//file_doc/2025/05/AAIEKPF_prospectus.pdf,2025-05,share_classes,,,2026-10-09
1714,,,not_found,,,2026-10-09
1715,,,not_found,,,2026-10-09
1716,https://media.bareksa.com/uploads//file_doc/2024/08/AAMFKPI_prospectus.pdf,2024-08,no_row,,,2026-10-09
1717,,,not_found,,,2026-10-09
1719,,,not_found,,,2026-10-09
1720,,,not_found,,,2026-10-09
1721,https://media.bareksa.com/uploads//file_doc/2016/03/ACREKMA_prospectus.pdf,2016-03,no_row,,,2026-10-09
1722,https://media.bareksa.com/uploads//file_doc/2024/08/AAPESSS_prospectus.pdf,2024-08,parsed,2023,3.62,2026-10-09
1723,https://media.bareksa.com/uploads//file_doc/2025/07/AAHFKPX_prospectus.pdf,2025-07,no_row,,,2026-10-09
1724,,,not_found,,,2026-10-09
1725,https://media.bareksa.com/uploads//file_doc/2024/05/ABAXKSK_prospectus.pdf,2024-05,parsed,2023,1.47,2026-10-09
1726,,,not_found,,,2026-10-09
1727,https://media.bareksa.com/uploads//file_doc/2026/08/ACPEKMF_prospectus.pdf,2026-08,parsed,2025,5.17,2026-10-09
1729,,,not_found,,,2026-10-09
1731,,,not_found,,,2026-10-09
1732,,,not_found,,,2026-10-09
1734,,,not_found,,,2026-10-09
1737,https://media.bareksa.com/uploads//file_doc/2026/04/AAZBKP2_prospectus.pdf,2026-04,parsed,2025,3.17,2026-10-09
1738,https://media.bareksa.com/uploads//file_doc/2026/09/ABCEKWH_prospectus.pdf,2026-09,parsed,2025,3.41,2026-10-09
1739,https://media.bareksa.com/uploads//file_doc/2023/04/ACLBKOU_prospectus.pdf,2023-04,parsed,2021,0.35,2026-10-09
1740,https://media.bareksa.com/uploads//file_doc/2025/05/AAKTKGI_prospectus.pdf,2025-05,parsed,2024,0.15,2026-10-09
1741,https://media.bareksa.com/uploads//file_doc/2022/09/AAPTKPB_prospectus.pdf,2022-09,parsed,2021,0.29,2026-10-09
1742,https://media.bareksa.com/uploads//file_doc/2026/08/ACPMKMF_prospectus.pdf,2026-08,parsed,2025,1.23,2026-10-09
1746,,,not_found,,,2026-10-09
1747,,,not_found,,,2026-10-09
1750,,,not_found,,,2026-10-09
1751,,,not_found,,,2026-10-09
1752,,,not_found,,,2026-10-09
1756,,,not_found,,,2026-10-09
1757,,,not_found,,,2026-10-09
1758,,,not_found,,,2026-10-09
1760,https://media.bareksa.com/uploads//file_doc/2024/05/ABAXKIF_prospectus.pdf,2024-05,parsed,2023,3.80,2026-10-09
1761,https://media.bareksa.com/uploads//file_doc/2026/05/AAZEKSD_prospectus.pdf,2026-05,parsed,2024,5.89,2026-10-09
1762,,,not_found,,,2026-10-09
1763,,,not_found,,,2026-10-09
1764,,,not_found,,,2026-10-09
1765,,,not_found,,,2026-10-09
1766,,,not_found,,,2026-10-09
1768,https://media.bareksa.com/uploads//file_doc/2019/04/ACGESSY_prospectus.pdf,2019-04,parsed,2018,4.96,2026-10-09
1769,https://media.bareksa.com/uploads//file_doc/2019/04/ACGESSI_prospectus.pdf,2019-04,parsed,2018,4.89,2026-10-09
1770,https://media.bareksa.com/uploads//file_doc/2017/12/ACYEKIS_prospectus.pdf,2017-12,no_row,,,2026-10-09
1772,https://media.bareksa.com/uploads//file_doc/2025/07/AAFFKPI_prospectus.pdf,2025-07,parsed,2024,0.93,2026-10-09
1773,,,not_found,,,2026-10-09
1774,,,not_found,,,2026-10-09
1775,,,not_found,,,2026-10-09
1776,,,not_found,,,2026-10-09
1777,,,not_found,,,2026-10-09
1778,,,not_found,,,2026-10-09
1779,,,not_found,,,2026-10-09
1780,,,not_found,,,2026-10-09
1781,,,not_found,,,2026-10-09
1782,,,not_found,,,2026-10-09
1783,,,not_found,,,2026-10-09
1784,,,not_found,,,2026-10-09
1785,,,not_found,,,2026-10-09
1786,,,not_found,,,2026-10-09
1787,https://media.bareksa.com/uploads//file_doc/2016/03/ABMMSKS_prospectus.pdf,2016-03,no_row,,,2026-10-09
1788,https://media.bareksa.com/uploads//file_doc/2023/05/AAMEKSE_prospectus.pdf,2023-05,parsed,2022,6.15,2026-10-09
1789,,,not_found,,,2026-10-09
1790,,,not_found,,,2026-10-09
1791,,,not_found,,,2026-10-09
1792,,,not_found,,,2026-10-09
1793,,,not_found,,,2026-10-09
1794,,,not_found,,,2026-10-09
1795,,,not_found,,,2026-10-09
1798,,,not_found,,,2026-10-09
1800,,,not_found,,,2026-10-09
1801,,,not_found,,,2026-10-09
1802,,,not_found,,,2026-10-09
1803,https://media.bareksa.com/uploads//file_doc/2026/04/AAIMSLK_prospectus.pdf,2026-04,parsed,2025,1.87,2026-10-09
1804,,,not_found,,,2026-10-09
1805,,,not_found,,,2026-10-09
1806,,,not_found,,,2026-10-09
1807,,,not_found,,,2026-10-09
1808,https://media.bareksa.com/uploads//file_doc/2016/04/AAFTKPA_prospectus.pdf,2016-04,no_row,,,2026-10-09
1809,,,not_found,,,2026-10-09
1810,,,not_found,,,2026-10-09
1811,,,not_found,,,2026-10-09
1812,,,not_found,,,2026-10-09
1813,,,not_found,,,2026-10-09
1814,,,not_found,,,2026-10-09
1815,https://media.bareksa.com/uploads//file_doc/2026/04/AAIESIC_prospectus.pdf,2026-04,parsed,2025,3.73,2026-10-09
1816,,,not_found,,,2026-10-09
1817,,,not_found,,,2026-10-09
1818,,,not_found,,,2026-10-09
1819,,,not_found,,,2026-10-09
1821,,,not_found,,,2026-10-09
1822,,,not_found,,,2026-10-09
1823,,,not_found,,,2026-10-09
1824,,,not_found,,,2026-10-09
1825,https://media.bareksa.com/uploads//file_doc/2025/05/AANEKCA_prospectus.pdf,2025-05,scanned,,,2026-10-09
1826,,,not_found,,,2026-10-09
1827,https://media.bareksa.com/uploads//file_doc/2023/07/APBMSDK_prospectus.pdf,2023-07,parsed,2022,3.06,2026-10-09
1828,https://media.bareksa.com/uploads//file_doc/2026/09/ACAMKDT_prospectus.pdf,2026-09,parsed,2025,0.55,2026-10-09
1830,,,not_found,,,2026-10-09
1831,,,not_found,,,2026-10-09
1832,,,not_found,,,2026-10-09
1833,https://media.bareksa.com/uploads//file_doc/2024/11/ACKEKEE_prospectus.pdf,2024-11,no_row,,,2026-10-09
1834,https://media.bareksa.com/uploads//file_doc/2026/08/AAGMKUK_prospectus.pdf,2026-08,parsed,2025,0.65,2026-10-09
1835,,,not_found,,,2026-10-09
1836,,,not_found,,,2026-10-09
1837,https://media.bareksa.com/uploads//file_doc/2021/08/ACZTKP1_prospectus.pdf,2021-08,no_row,,,2026-10-09
1838,https://media.bareksa.com/uploads//file_doc/2017/12/ACZTKP2_prospectus.pdf,2017-12,no_row,,,2026-10-09
1839,,,not_found,,,2026-10-09
1840,,,not_found,,,2026-10-09
1841,,,not_found,,,2026-10-09
1842,,,not_found,,,2026-10-09
1843,https://media.bareksa.com/uploads//file_doc/2016/03/AAYMSGM_prospectus.pdf,2016-03,partial_year,,,2026-10-09
1844,,,not_found,,,2026-10-09
1845,,,not_found,,,2026-10-09
1846,https://media.bareksa.com/uploads//file_doc/2017/12/ABLIM36_prospectus.pdf,2017-12,no_row,,,2026-10-09
1847,,,not_found,,,2026-10-09
1848,,,not_found,,,2026-10-09
1849,,,not_found,,,2026-10-09
1850,https://media.bareksa.com/uploads//file_doc/2024/05/AAKMKBC_prospectus.pdf,2024-05,conflict,,,2026-10-09
1851,https://media.bareksa.com/uploads//file_doc/2024/11/AAXBKGK_prospectus.pdf,2024-11,no_row,,,2026-10-09
1852,,,not_found,,,2026-10-09
1853,https://media.bareksa.com/uploads//file_doc/2025/05/AAPEKDM_prospectus.pdf,2025-05,parsed,2024,1.74,2026-10-09
1854,https://media.bareksa.com/uploads//file_doc/2024/11/ACCEKDT_prospectus.pdf,2024-11,parsed,2023,3.76,2026-10-09
1855,,,not_found,,,2026-10-09
1856,,,not_found,,,2026-10-09
1857,https://media.bareksa.com/uploads//file_doc/2016/03/ACFEKPP_prospectus.pdf,2016-03,no_row,,,2026-10-09
1858,,,not_found,,,2026-10-09
1859,https://media.bareksa.com/uploads//file_doc/2026/10/AAIFSSS_prospectus.pdf,2026-10,parsed,2025,0.60,2026-10-09
1860,https://media.bareksa.com/uploads//file_doc/2025/05/AAKFKOO_prospectus.pdf,2025-05,parsed,2024,0.95,2026-10-09
1861,,,not_found,,,2026-10-09
1862,,,not_found,,,2026-10-09
1863,,,not_found,,,2026-10-09
1864,,,not_found,,,2026-10-09
1865,https://media.bareksa.com/uploads//file_doc/2019/07/ABKEKEP_prospectus.pdf,2019-07,no_row,,,2026-10-09
1866,https://media.bareksa.com/uploads//file_doc/2020/02/ADAEKDE_prospectus.pdf,2020-02,no_row,,,2026-10-09
1868,https://media.bareksa.com/uploads//file_doc/2018/12/AATMSBS_prospectus.pdf,2018-12,no_row,,,2026-10-09
1869,,,not_found,,,2026-10-09
1870,,,not_found,,,2026-10-09
1871,https://media.bareksa.com/uploads//file_doc/2026/09/AASFKIF_prospectus.pdf,2026-09,share_classes,,,2026-10-09
1872,https://media.bareksa.com/uploads//file_doc/2024/05/AAEEKUE_prospectus.pdf,2024-05,parsed,2023,4.74,2026-10-09
1873,https://media.bareksa.com/uploads//file_doc/2025/05/ACIEKBG_prospectus.pdf,2025-05,no_row,,,2026-10-09
1874,https://media.bareksa.com/uploads//file_doc/2025/05/AAIFKIS_prospectus.pdf,2025-05,no_row,,,2026-10-09
1875,https://media.bareksa.com/uploads//file_doc/2023/09/AAXEKFF_prospectus.pdf,2023-09,no_row,,,2026-10-09
1876,,,not_found,,,2026-10-09
1877,https://media.bareksa.com/uploads//file_doc/2026/05/AANMKDC_prospectus.pdf,2026-05,scanned,,,2026-10-09
1878,https://media.bareksa.com/uploads//file_doc/2026/08/ACRMKSK_prospectus.pdf,2026-08,parsed,2025,1.41,2026-10-09
1879,https://media.bareksa.com/uploads//file_doc/2026/07/ADBMKVM_prospectus.pdf,2026-07,no_row,,,2026-10-09
1881,,,not_found,,,2026-10-09
1882,,,not_found,,,2026-10-09
1883,,,not_found,,,2026-10-09
1884,,,not_found,,,2026-10-09
1885,,,not_found,,,2026-10-09
1886,,,not_found,,,2026-10-09
1887,,,not_found,,,2026-10-09
1888,,,not_found,,,2026-10-09
1889,,,not_found,,,2026-10-09
1890,,,not_found,,,2026-10-09
1891,,,not_found,,,2026-10-09
1892,,,not_found,,,2026-10-09
1893,,,not_found,,,2026-10-09
1894,,,not_found,,,2026-10-09
1895,,,not_found,,,2026-10-09
1896,,,not_found,,,2026-10-09
1897,,,not_found,,,2026-10-09
1898,https://media.bareksa.com/uploads//file_doc/2023/09/ACAMSPP_prospectus.pdf,2023-09,no_row,,,2026-10-09
1899,https://media.bareksa.com/uploads//file_doc/2025/05/AAKFKOJ_prospectus.pdf,2025-05,parsed,2024,0.49,2026-10-09
1900,,,not_found,,,2026-10-09
1934,,,not_found,,,2026-10-09
1935,,,not_found,,,2026-10-09
1936,,,not_found,,,2026-10-09
1937,,,not_found,,,2026-10-09
1938,,,not_found,,,2026-10-09
1939,,,not_found,,,2026-10-09
1941,,,not_found,,,2026-10-09
1942,,,not_found,,,2026-10-09
1943,,,not_found,,,2026-10-09
1944,,,not_found,,,2026-10-09
1945,https://media.bareksa.com/uploads//file_doc/2025/05/AAKTK18_prospectus.pdf,2025-05,parsed,2024,0.32,2026-10-09
1946,,,not_found,,,2026-10-09
1947,,,not_found,,,2026-10-09
1948,,,not_found,,,2026-10-09
1949,,,not_found,,,2026-10-09
1952,https://media.bareksa.com/uploads//file_doc/2025/05/AAIFKIF_prospectus.pdf,2025-05,no_row,,,2026-10-09
1954,https://media.bareksa.com/uploads//file_doc/2021/07/AAKFKBG_prospectus.pdf,2021-07,parsed,2020,0.21,2026-10-09
1956,https://media.bareksa.com/uploads//file_doc/2023/04/ACLFKIO_prospectus.pdf,2023-04,parsed,2021,0.42,2026-10-09
1957,https://media.bareksa.com/uploads//file_doc/2025/05/AAIFKPI_prospectus.pdf,2025-05,parsed,2024,0.66,2026-10-09
1958,https://media.bareksa.com/uploads//file_doc/2026/08/AAPFKP2_prospectus.pdf,2026-08,parsed,2025,0.27,2026-10-09
1959,https://media.bareksa.com/uploads//file_doc/2026/07/ADBBKVJ_prospectus.pdf,2026-07,no_row,,,2026-10-09
1960,,,not_found,,,2026-10-09
1961,,,not_found,,,2026-10-09
1962,,,not_found,,,2026-10-09
1963,,,not_found,,,2026-10-09
1964,,,not_found,,,2026-10-09
1965,,,not_found,,,2026-10-09
1966,,,not_found,,,2026-10-09
1967,,,not_found,,,2026-10-09
1968,,,not_found,,,2026-10-09
1969,,,not_found,,,2026-10-09
1970,,,not_found,,,2026-10-09
1971,,,not_found,,,2026-10-09
1973,,,not_found,,,2026-10-09
1974,,,not_found,,,2026-10-09
1975,,,not_found,,,2026-10-09
1976,,,not_found,,,2026-10-09
1977,,,not_found,,,2026-10-09
1979,,,not_found,,,2026-10-09
1980,,,not_found,,,2026-10-09
1981,,,not_found,,,2026-10-09
1982,,,not_found,,,2026-10-09
1983,,,not_found,,,2026-10-09
1984,,,not_found,,,2026-10-09
1987,https://media.bareksa.com/uploads//file_doc/2026/05/AAZMKHM_prospectus.pdf,2026-05,no_row,,,2026-10-09
1988,,,not_found,,,2026-10-09
1990,,,not_found,,,2026-10-09
1991,,,not_found,,,2026-10-09
1992,,,not_found,,,2026-10-09
1993,,,not_found,,,2026-10-09
1994,,,not_found,,,2026-10-09
1996,https://media.bareksa.com/uploads//file_doc/2025/05/ACOEKSH_prospectus.pdf,2025-05,parsed,2024,5.60,2026-10-09
1997,https://media.bareksa.com/uploads//file_doc/2018/10/AAKTK12_prospectus.pdf,2018-10,parsed,2017,0.60,2026-10-09
1998,,,not_found,,,2026-10-09
1999,,,not_found,,,2026-10-09
2000,,,not_found,,,2026-10-09
2001,,,not_found,,,2026-10-09
2002,,,not_found,,,2026-10-09
2003,,,not_found,,,2026-10-09
2004,,,not_found,,,2026-10-09
2005,,,not_found,,,2026-10-09
2006,https://media.bareksa.com/uploads//file_doc/2024/11/ACZMKSP_prospectus.pdf,2024-11,parsed,2023,1.79,2026-10-09
2007,,,not_found,,,2026-10-09
2010,,,not_found,,,2026-10-09
2011,,,not_found,,,2026-10-09
2012,,,not_found,,,2026-10-09
2013,,,not_found,,,2026-10-09
2014,,,not_found,,,2026-10-09
2015,,,not_found,,,2026-10-09
2016,https://media.bareksa.com/uploads//file_doc/2024/11/ABJEKSM_prospectus.pdf,2024-11,parsed,2023,5.55,2026-10-09
2018,,,not_found,,,2026-10-09
2019,,,not_found,,,2026-10-09
2020,https://media.bareksa.com/uploads//file_doc/2017/12/ACAMKMU_prospectus.pdf,2017-12,scanned,,,2026-10-09
2021,,,not_found,,,2026-10-09
2022,,,not_found,,,2026-10-09
2023,https://media.bareksa.com/uploads//file_doc/2026/09/ABCMKMK_prospectus.pdf,2026-09,parsed,2025,0.71,2026-10-09
2024,https://media.bareksa.com/uploads//file_doc/2026/09/ABCMSMS_prospectus.pdf,2026-09,parsed,2025,0.75,2026-10-09
2029,https://media.bareksa.com/uploads//file_doc/2021/07/AAKFKPL_prospectus.pdf,2021-07,parsed,2020,0.82,2026-10-09
2030,,,not_found,,,2026-10-09
2032,,,not_found,,,2026-10-09
2034,,,not_found,,,2026-10-09
2035,,,not_found,,,2026-10-09
2036,,,not_found,,,2026-10-09
2037,https://media.bareksa.com/uploads//file_doc/2024/05/ABAXKIS_prospectus.pdf,2024-05,parsed,2023,0.71,2026-10-09
2038,,,not_found,,,2026-10-09
2039,,,not_found,,,2026-10-09
2040,https://media.bareksa.com/uploads//file_doc/2026/04/ADGEKPE_prospectus.pdf,2026-04,parsed,2025,5.54,2026-10-09
2043,,,not_found,,,2026-10-09
2044,,,not_found,,,2026-10-09
2045,,,not_found,,,2026-10-09
2046,,,not_found,,,2026-10-09
2047,https://media.bareksa.com/uploads//file_doc/2026/08/ACPEKSD_prospectus.pdf,2026-08,parsed,2025,2.94,2026-10-09
2048,https://media.bareksa.com/uploads//file_doc/2018/10/AAKTK23_prospectus.pdf,2018-10,parsed,2017,0.13,2026-10-09
2049,,,not_found,,,2026-10-09
2050,,,not_found,,,2026-10-09
2051,,,not_found,,,2026-10-09
2052,,,not_found,,,2026-10-09
2053,,,not_found,,,2026-10-09
2054,,,not_found,,,2026-10-09
2055,,,not_found,,,2026-10-09
2056,,,not_found,,,2026-10-09
2058,,,not_found,,,2026-10-09
2059,,,not_found,,,2026-10-09
2061,https://media.bareksa.com/uploads//file_doc/2019/04/AAYESMS_prospectus.pdf,2019-04,no_row,,,2026-10-09
2062,https://media.bareksa.com/uploads//file_doc/2022/11/AAGESSM_prospectus.pdf,2022-11,parsed,2021,5.45,2026-10-09
2063,,,not_found,,,2026-10-09
2064,,,not_found,,,2026-10-09
2066,,,not_found,,,2026-10-09
2067,,,not_found,,,2026-10-09
2068,,,not_found,,,2026-10-09
2070,https://media.bareksa.com/uploads//file_doc/2018/04/ABYEKOB_prospectus.pdf,2018-04,partial_year,,,2026-10-09
2071,,,not_found,,,2026-10-09
2072,https://media.bareksa.com/uploads//file_doc/2026/09/ADIFKMO_prospectus.pdf,2026-09,no_row,,,2026-10-09
2073,https://media.bareksa.com/uploads//file_doc/2026/09/ADIEKMS_prospectus.pdf,2026-09,parsed,2025,3.24,2026-10-09
2074,,,not_found,,,2026-10-09
2075,,,not_found,,,2026-10-09
2076,https://media.bareksa.com/uploads//file_doc/2024/05/ACTEKBB_prospectus.pdf,2024-05,no_row,,,2026-10-09
2077,,,not_found,,,2026-10-09
2079,,,not_found,,,2026-10-09
2080,,,not_found,,,2026-10-09
2081,,,not_found,,,2026-10-09
2082,https://media.bareksa.com/uploads//file_doc/2025/05/AAIFKBR_prospectus.pdf,2025-05,parsed,2024,0.21,2026-10-09
2085,https://media.bareksa.com/uploads//file_doc/2026/07/ACLEKSP_prospectus.pdf,2026-07,parsed,2025,1.48,2026-10-09
2086,https://media.bareksa.com/uploads//file_doc/2024/11/ABJEKLS_prospectus.pdf,2024-11,no_row,,,2026-10-09
2088,https://media.bareksa.com/uploads//file_doc/2024/07/ABNEKMU_prospectus.pdf,2024-07,share_classes,,,2026-10-09
2089,,,not_found,,,2026-10-09
2090,,,not_found,,,2026-10-09
2091,,,not_found,,,2026-10-09
2092,,,not_found,,,2026-10-09
2093,,,not_found,,,2026-10-09
2094,,,not_found,,,2026-10-09
2095,,,not_found,,,2026-10-09
2096,,,not_found,,,2026-10-09
2097,,,not_found,,,2026-10-09
2098,,,not_found,,,2026-10-09
2099,,,not_found,,,2026-10-09
2100,,,not_found,,,2026-10-09
2101,https://media.bareksa.com/uploads//file_doc/2019/01/ABMTK41_prospectus.pdf,2019-01,parsed,2017,0.80,2026-10-09
2102,,,not_found,,,2026-10-09
2104,,,not_found,,,2026-10-09
2105,https://media.bareksa.com/uploads//file_doc/2026/08/ACJFFCF_prospectus.pdf,2026-08,parsed,2025,2.01,2026-10-09
2106,https://media.bareksa.com/uploads//file_doc/2026/08/ACJMKCM_prospectus.pdf,2026-08,parsed,2025,1.62,2026-10-09
2107,https://media.bareksa.com/uploads//file_doc/2025/05/AAKMKKG_prospectus.pdf,2025-05,parsed,2024,1.54,2026-10-09
2108,,,not_found,,,2026-10-09
2109,,,not_found,,,2026-10-09
2110,,,not_found,,,2026-10-09
2111,,,not_found,,,2026-10-09
2112,,,not_found,,,2026-10-09
2113,,,not_found,,,2026-10-09
2114,https://media.bareksa.com/uploads//file_doc/2020/04/AAYBKDB_prospectus.pdf,2020-04,no_row,,,2026-10-09
2115,,,not_found,,,2026-10-09
2116,,,not_found,,,2026-10-09
2117,,,not_found,,,2026-10-09
2118,,,not_found,,,2026-10-09
2119,,,not_found,,,2026-10-09
2120,,,not_found,,,2026-10-09
2123,https://media.bareksa.com/uploads//file_doc/2023/11/AAPFSDB_prospectus.pdf,2023-11,parsed,2022,0.23,2026-10-09
2125,,,not_found,,,2026-10-09
2126,,,not_found,,,2026-10-09
2127,,,not_found,,,2026-10-09
2128,,,not_found,,,2026-10-09
2131,,,not_found,,,2026-10-09
2132,,,not_found,,,2026-10-09
2133,,,not_found,,,2026-10-09
2134,,,not_found,,,2026-10-09
2135,https://media.bareksa.com/uploads//file_doc/2026/05/AAZTKHP_prospectus.pdf,2026-05,parsed,2025,1.38,2026-10-09
2136,,,not_found,,,2026-10-09
2137,,,not_found,,,2026-10-09
2138,,,not_found,,,2026-10-09
2139,,,not_found,,,2026-10-09
2141,,,not_found,,,2026-10-09
2142,https://media.bareksa.com/uploads//file_doc/2021/07/ACWEFRS_prospectus.pdf,2021-07,no_row,,,2026-10-09
2144,,,not_found,,,2026-10-09
2145,,,not_found,,,2026-10-09
2146,,,not_found,,,2026-10-09
2147,,,not_found,,,2026-10-09
2148,,,not_found,,,2026-10-09
2149,https://media.bareksa.com/uploads//file_doc/2018/03/ABVEKPI_prospectus.pdf,2018-03,no_row,,,2026-10-09
2151,https://media.bareksa.com/uploads//file_doc/2026/10/ACAEKPU_prospectus_1790848949.pdf,2026-10,parsed,2025,4.22,2026-10-09
2152,,,not_found,,,2026-10-09
2153,,,not_found,,,2026-10-09
2154,,,not_found,,,2026-10-09
2155,https://media.bareksa.com/uploads//file_doc/2026/08/AAGESCS_prospectus.pdf,2026-08,share_classes,,,2026-10-09
2156,https://media.bareksa.com/uploads//file_doc/2026/05/ABNEKAP_prospectus.pdf,2026-05,no_row,,,2026-10-09
2157,https://media.bareksa.com/uploads//file_doc/2024/11/ACCFKPB_prospectus.pdf,2024-11,parsed,2023,2.17,2026-10-09
2158,,,not_found,,,2026-10-09
2159,,,not_found,,,2026-10-09
2160,,,not_found,,,2026-10-09
2161,,,not_found,,,2026-10-09
2162,,,not_found,,,2026-10-09
2163,,,not_found,,,2026-10-09
2164,,,not_found,,,2026-10-09
2165,,,not_found,,,2026-10-09
2166,https://media.bareksa.com/uploads//file_doc/2019/10/ADCBSTB_prospectus.pdf,2019-10,scanned,,,2026-10-09
2167,,,not_found,,,2026-10-09
2168,,,not_found,,,2026-10-09
2169,https://media.bareksa.com/uploads//file_doc/2018/10/AAKTK31_prospectus.pdf,2018-10,parsed,2017,0.14,2026-10-09
2170,,,not_found,,,2026-10-09
2171,,,not_found,,,2026-10-09
2172,,,not_found,,,2026-10-09
2173,,,not_found,,,2026-10-09
2174,https://media.bareksa.com/uploads//file_doc/2026/07/ACLESGS_prospectus.pdf,2026-07,parsed,2025,1.97,2026-10-09
2175,,,not_found,,,2026-10-09
2176,https://media.bareksa.com/uploads//file_doc/2024/09/ABLMSSB_prospectus.pdf,2024-09,parsed,2023,2.63,2026-10-09
2177,,,not_found,,,2026-10-09
2178,,,not_found,,,2026-10-09
2179,,,not_found,,,2026-10-09
2180,,,not_found,,,2026-10-09
2181,,,not_found,,,2026-10-09
2182,https://media.bareksa.com/uploads//file_doc/2024/11/ACCEKIB_prospectus.pdf,2024-11,parsed,2023,4.07,2026-10-09
2183,,,not_found,,,2026-10-09
2184,,,not_found,,,2026-10-09
2185,,,not_found,,,2026-10-09
2186,https://media.bareksa.com/uploads//file_doc/2025/05/ACIBKVF_prospectus.pdf,2025-05,parsed,2024,2.97,2026-10-09
2187,https://media.bareksa.com/uploads//file_doc/2024/09/ABLFKSN_prospectus.pdf,2024-09,parsed,2023,2.31,2026-10-09
2188,https://media.bareksa.com/uploads//file_doc/2023/09/AAKFKOG_prospectus.pdf,2023-09,parsed,2022,1.08,2026-10-09
2189,https://media.bareksa.com/uploads//file_doc/2026/09/ABCFKFD_prospectus.pdf,2026-09,parsed,2025,1.18,2026-10-09
2190,https://media.bareksa.com/uploads//file_doc/2024/05/ACVFKBF_prospectus.pdf,2024-05,parsed,2023,0.97,2026-10-09
2191,,,not_found,,,2026-10-09
2193,https://media.bareksa.com/uploads//file_doc/2026/05/AANEKGE_prospectus.pdf,2026-05,scanned,,,2026-10-09
2194,https://media.bareksa.com/uploads//file_doc/2020/10/ABSESAP_prospectus.pdf,2020-10,parsed,2019,3.74,2026-10-09
2195,,,not_found,,,2026-10-09
2196,,,not_found,,,2026-10-09
2197,,,not_found,,,2026-10-09
2198,https://media.bareksa.com/uploads//file_doc/2019/01/AAPTK27_prospectus.pdf,2019-01,no_row,,,2026-10-09
2199,,,not_found,,,2026-10-09
2200,,,not_found,,,2026-10-09
2201,,,not_found,,,2026-10-09
2202,,,not_found,,,2026-10-09
2203,,,not_found,,,2026-10-09
2204,,,not_found,,,2026-10-09
2205,,,not_found,,,2026-10-09
2206,,,not_found,,,2026-10-09
2207,,,not_found,,,2026-10-09
2208,https://media.bareksa.com/uploads//file_doc/2018/04/ABYEKAE_prospectus.pdf,2018-04,parsed,2017,1.19,2026-10-09
2209,https://media.bareksa.com/uploads//file_doc/2026/09/ADIMKPU_prospectus.pdf,2026-09,parsed,2025,1.47,2026-10-09
2210,,,not_found,,,2026-10-09
2211,,,not_found,,,2026-10-09
2214,,,not_found,,,2026-10-09
2215,,,not_found,,,2026-10-09
2216,,,not_found,,,2026-10-09
2217,https://media.bareksa.com/uploads//file_doc/2019/07/ABKTKL3_prospectus.pdf,2019-07,no_row,,,2026-10-09
2218,,,not_found,,,2026-10-09
2219,,,not_found,,,2026-10-09
2220,,,not_found,,,2026-10-09
2221,,,not_found,,,2026-10-09
2222,,,not_found,,,2026-10-09
2223,https://media.bareksa.com/uploads//file_doc/2023/07/ABPFKMS_prospectus.pdf,2023-07,parsed,2022,1.32,2026-10-09
2224,,,not_found,,,2026-10-09
2226,https://media.bareksa.com/uploads//file_doc/2025/10/ACTFKTN_prospectus.pdf,2025-10,parsed,2024,0.45,2026-10-09
2227,https://media.bareksa.com/uploads//file_doc/2021/07/AAKMKGM_prospectus.pdf,2021-07,no_row,,,2026-10-09
2228,,,not_found,,,2026-10-09
2229,https://media.bareksa.com/uploads//file_doc/2024/05/ABAMKU2_prospectus.pdf,2024-05,parsed,2023,0.05,2026-10-09
2234,https://media.bareksa.com/uploads//file_doc/2021/04/ACBFKFI_prospectus.pdf,2021-04,scanned,,,2026-10-09
2235,,,not_found,,,2026-10-09
2236,https://media.bareksa.com/uploads//file_doc/2019/07/ABKFKLO_prospectus.pdf,2019-07,no_row,,,2026-10-09
2237,https://media.bareksa.com/uploads//file_doc/2026/08/AAGBKPB_prospectus.pdf,2026-08,parsed,2025,2.63,2026-10-09
2238,,,not_found,,,2026-10-09
2239,,,not_found,,,2026-10-09
2240,https://media.bareksa.com/uploads//file_doc/2026/08/ACQFKI2_prospectus.pdf,2026-08,conflict,,,2026-10-09
2241,,,not_found,,,2026-10-09
2242,,,not_found,,,2026-10-09
2243,,,not_found,,,2026-10-09
2244,,,not_found,,,2026-10-09
2245,https://media.bareksa.com/uploads//file_doc/2019/10/ACZTKP3_prospectus.pdf,2019-10,no_row,,,2026-10-09
2246,,,not_found,,,2026-10-09
2247,,,not_found,,,2026-10-09
2248,,,not_found,,,2026-10-09
2249,,,not_found,,,2026-10-09
2250,,,not_found,,,2026-10-09
2251,https://media.bareksa.com/uploads//file_doc/2025/05/AAKTKBC_prospectus.pdf,2025-05,parsed,2024,0.32,2026-10-09
2252,https://media.bareksa.com/uploads//file_doc/2018/10/AAKTK39_prospectus.pdf,2018-10,parsed,2017,0.12,2026-10-09
2253,,,not_found,,,2026-10-09
2254,,,not_found,,,2026-10-09
2255,,,not_found,,,2026-10-09
2256,,,not_found,,,2026-10-09
2257,https://media.bareksa.com/uploads//file_doc/2026/05/AAZFKGV_prospectus.pdf,2026-05,parsed,2024,1.48,2026-10-09
2258,,,not_found,,,2026-10-09
2259,,,not_found,,,2026-10-09
2260,https://media.bareksa.com/uploads//file_doc/2021/09/ABJBKIF_prospectus.pdf,2021-09,parsed,2020,2.22,2026-10-09
2261,,,not_found,,,2026-10-09
2262,,,not_found,,,2026-10-09
2263,https://media.bareksa.com/uploads//file_doc/2026/09/ACAFKB2_prospectus_1790759696.pdf,2026-09,parsed,2025,4.19,2026-10-09
2264,https://media.bareksa.com/uploads//file_doc/2026/10/ACAFKB1_prospectus_1790848341.pdf,2026-10,parsed,2025,1.17,2026-10-09
2265,https://media.bareksa.com/uploads//file_doc/2026/09/ADIBKMB_prospectus.pdf,2026-09,parsed,2025,2.63,2026-10-09
2267,,,not_found,,,2026-10-09
2268,,,not_found,,,2026-10-09
2270,https://media.bareksa.com/uploads//file_doc/2021/04/AAPTK34_prospectus.pdf,2021-04,no_row,,,2026-10-09
2271,,,not_found,,,2026-10-09
2272,,,not_found,,,2026-10-09
2273,,,not_found,,,2026-10-09
2274,https://media.bareksa.com/uploads//file_doc/2020/02/ACJEKCE_prospectus.pdf,2020-02,no_row,,,2026-10-09
2275,https://media.bareksa.com/uploads//file_doc/2020/02/ACJBKBF_prospectus.pdf,2020-02,no_row,,,2026-10-09
2276,,,not_found,,,2026-10-09
2277,,,not_found,,,2026-10-09
2278,,,not_found,,,2026-10-09
2279,,,not_found,,,2026-10-09
2280,,,not_found,,,2026-10-09
2281,https://media.bareksa.com/uploads//file_doc/2026/07/ABWFKF2_prospectus.pdf,2026-07,parsed,2025,1.05,2026-10-09
2282,https://media.bareksa.com/uploads//file_doc/2025/05/ADJFKPS_prospectus.pdf,2025-05,parsed,2024,1.18,2026-10-09
2284,https://media.bareksa.com/uploads//file_doc/2026/08/AAGFKTN_prospectus.pdf,2026-08,parsed,2025,2.14,2026-10-09
2287,https://media.bareksa.com/uploads//file_doc/2025/05/AAPFKTM_prospectus.pdf,2025-05,parsed,2024,0.78,2026-10-09
2288,https://media.bareksa.com/uploads//file_doc/2026/05/AAZFKUP_prospectus.pdf,2026-05,parsed,2025,1.60,2026-10-09
2290,,,not_found,,,2026-10-09
2291,,,not_found,,,2026-10-09
2292,,,not_found,,,2026-10-09
2293,,,not_found,,,2026-10-09
2294,,,not_found,,,2026-10-09
2295,,,not_found,,,2026-10-09
2296,,,not_found,,,2026-10-09
2297,,,not_found,,,2026-10-09
2298,,,not_found,,,2026-10-09
2299,https://media.bareksa.com/uploads//file_doc/2020/08/ABJTSS1_prospectus.pdf,2020-08,no_row,,,2026-10-09
2300,,,not_found,,,2026-10-09
2301,,,not_found,,,2026-10-09
2302,,,not_found,,,2026-10-09
2303,https://media.bareksa.com/uploads//file_doc/2019/01/ABMTK53_prospectus.pdf,2019-01,parsed,2017,0.81,2026-10-09
2306,,,not_found,,,2026-10-09
2307,,,not_found,,,2026-10-09
2309,,,not_found,,,2026-10-09
2310,,,not_found,,,2026-10-09
2311,,,not_found,,,2026-10-09
2312,,,not_found,,,2026-10-09
2314,https://media.bareksa.com/uploads//file_doc/2025/05/AAMESIS_prospectus.pdf,2025-05,parsed,2024,11.43,2026-10-09
2315,https://media.bareksa.com/uploads//file_doc/2024/07/ACREKPL_prospectus.pdf,2024-07,parsed,2023,3.54,2026-10-09
2316,https://media.bareksa.com/uploads//file_doc/2020/05/ADBFKVO_prospectus.pdf,2020-05,no_row,,,2026-10-09
2317,,,not_found,,,2026-10-09
2319,https://media.bareksa.com/uploads//file_doc/2018/04/ABYEKML_prospectus.pdf,2018-04,parsed,2017,2.16,2026-10-09
2320,,,not_found,,,2026-10-09
2322,https://media.bareksa.com/uploads//file_doc/2025/05/ACIMKDL_prospectus.pdf,2025-05,no_row,,,2026-10-09
2323,,,not_found,,,2026-10-09
2324,,,not_found,,,2026-10-09
2325,,,not_found,,,2026-10-09
2326,,,not_found,,,2026-10-09
2327,,,not_found,,,2026-10-09
2328,,,not_found,,,2026-10-09
2331,https://media.bareksa.com/uploads//file_doc/2023/11/AAPTK36_prospectus.pdf,2023-11,no_row,,,2026-10-09
2332,https://media.bareksa.com/uploads//file_doc/2021/04/AAPTK37_prospectus.pdf,2021-04,no_row,,,2026-10-09
2333,https://media.bareksa.com/uploads//file_doc/2024/03/ADGXKPE_prospectus.pdf,2024-03,parsed,2022,1.69,2026-10-09
2334,,,not_found,,,2026-10-09
2335,,,not_found,,,2026-10-09
2336,,,not_found,,,2026-10-09
2337,https://media.bareksa.com/uploads//file_doc/2025/05/ADJEKEM_prospectus.pdf,2025-05,parsed,2024,3.00,2026-10-09
2338,https://media.bareksa.com/uploads//file_doc/2025/05/ADJEKEI_prospectus.pdf,2025-05,parsed,2024,4.25,2026-10-09
2339,https://media.bareksa.com/uploads//file_doc/2021/02/ABTBKN1_prospectus.pdf,2021-02,no_row,,,2026-10-09
2340,,,not_found,,,2026-10-09
2343,https://media.bareksa.com/uploads//file_doc/2026/08/AAGFSAR_prospectus.pdf,2026-08,parsed,2025,2.03,2026-10-09
2344,https://media.bareksa.com/uploads//file_doc/2026/09/ABCFKGF_prospectus.pdf,2026-09,parsed,2025,0.84,2026-10-09
2345,https://media.bareksa.com/uploads//file_doc/2022/05/AAKBKCM_prospectus.pdf,2022-05,parsed,2021,0.28,2026-10-09
2346,https://media.bareksa.com/uploads//file_doc/2026/08/ABMESGS_prospectus.pdf,2026-08,share_classes,,,2026-10-09
2348,,,not_found,,,2026-10-09
2349,,,not_found,,,2026-10-09
2350,,,not_found,,,2026-10-09
2351,,,not_found,,,2026-10-09
2352,,,not_found,,,2026-10-09
2353,,,not_found,,,2026-10-09
2354,,,not_found,,,2026-10-09
2355,https://media.bareksa.com/uploads//file_doc/2023/09/AAWFKLT_prospectus.pdf,2023-09,parsed,2022,1.18,2026-10-09
2356,https://media.bareksa.com/uploads//file_doc/2017/12/ACYFKQS_prospectus.pdf,2017-12,scanned,,,2026-10-09
2357,https://media.bareksa.com/uploads//file_doc/2025/05/ADJFKSB_prospectus.pdf,2025-05,parsed,2024,1.86,2026-10-09
2358,https://media.bareksa.com/uploads//file_doc/2025/05/ADJBKSB_prospectus.pdf,2025-05,parsed,2024,2.56,2026-10-09
2359,https://media.bareksa.com/uploads//file_doc/2025/05/ADJMKSL_prospectus.pdf,2025-05,parsed,2024,1.04,2026-10-09
2360,https://media.bareksa.com/uploads//file_doc/2024/05/AAEMKAN_prospectus.pdf,2024-05,parsed,2023,0.70,2026-10-09
2361,https://media.bareksa.com/uploads//file_doc/2024/11/ACABSSN_prospectus.pdf,2024-11,parsed,2023,1.22,2026-10-09
2362,,,not_found,,,2026-10-09
2363,https://media.bareksa.com/uploads//file_doc/2026/06/ACOEKMK_prospectus.pdf,2026-06,parsed,2025,4.56,2026-10-09
2364,,,not_found,,,2026-10-09
2365,,,not_found,,,2026-10-09
2366,,,not_found,,,2026-10-09
2367,,,not_found,,,2026-10-09
2368,,,not_found,,,2026-10-09
2369,,,not_found,,,2026-10-09
2370,,,not_found,,,2026-10-09
2371,,,not_found,,,2026-10-09
2372,https://media.bareksa.com/uploads//file_doc/2023/11/AAPTK38_prospectus.pdf,2023-11,no_row,,,2026-10-09
2373,,,not_found,,,2026-10-09
2374,https://media.bareksa.com/uploads//file_doc/2026/04/ADGMKPM_prospectus.pdf,2026-04,parsed,2025,1.82,2026-10-09
2375,,,not_found,,,2026-10-09
2376,https://media.bareksa.com/uploads//file_doc/2025/05/AAKFSBS_prospectus.pdf,2025-05,parsed,2024,0.87,2026-10-09
2377,https://media.bareksa.com/uploads//file_doc/2026/09/ABCFSSA_prospectus.pdf,2026-09,parsed,2024,0.65,2026-10-09
2378,https://media.bareksa.com/uploads//file_doc/2025/07/AAFFSIF_prospectus.pdf,2025-07,parsed,2024,1.22,2026-10-09
2379,,,not_found,,,2026-10-09
2380,,,not_found,,,2026-10-09
2381,,,not_found,,,2026-10-09
2382,,,not_found,,,2026-10-09
2384,,,not_found,,,2026-10-09
2385,https://media.bareksa.com/uploads//file_doc/2018/11/ABREKAS_prospectus.pdf,2018-11,no_row,,,2026-10-09
2386,,,not_found,,,2026-10-09
2387,https://media.bareksa.com/uploads//file_doc/2026/05/AAZBKUB_prospectus.pdf,2026-05,parsed,2025,2.01,2026-10-09
2388,,,not_found,,,2026-10-09
2390,https://media.bareksa.com/uploads//file_doc/2024/11/ACKFKDO_prospectus.pdf,2024-11,parsed,2023,1.95,2026-10-09
2391,,,not_found,,,2026-10-09
2392,,,not_found,,,2026-10-09
2396,,,not_found,,,2026-10-09
2397,,,not_found,,,2026-10-09
2398,,,not_found,,,2026-10-09
2399,,,not_found,,,2026-10-09
2401,,,not_found,,,2026-10-09
2402,,,not_found,,,2026-10-09
2403,,,not_found,,,2026-10-09
2404,,,not_found,,,2026-10-09
2405,https://media.bareksa.com/uploads//file_doc/2021/02/ABIIKKI_prospectus.pdf,2021-02,scanned,,,2026-10-09
2406,,,not_found,,,2026-10-09
2407,,,not_found,,,2026-10-09
2408,,,not_found,,,2026-10-09
2409,https://media.bareksa.com/uploads//file_doc/2017/12/ACFEKEX_prospectus.pdf,2017-12,no_row,,,2026-10-09
2410,https://media.bareksa.com/uploads//file_doc/2020/06/AAREKDB_prospectus.pdf,2020-06,scanned,,,2026-10-09
2411,https://media.bareksa.com/uploads//file_doc/2024/11/AAYMKS2_prospectus.pdf,2024-11,scanned,,,2026-10-09
2412,,,not_found,,,2026-10-09
2413,,,not_found,,,2026-10-09
2414,,,not_found,,,2026-10-09
2415,,,not_found,,,2026-10-09
2416,,,not_found,,,2026-10-09
2418,,,not_found,,,2026-10-09
2419,https://media.bareksa.com/uploads//file_doc/2026/04/ADGFKPB_prospectus.pdf,2026-04,parsed,2025,2.98,2026-10-09
2420,,,not_found,,,2026-10-09
2421,,,not_found,,,2026-10-09
2422,,,not_found,,,2026-10-09
2423,,,not_found,,,2026-10-09
2424,https://media.bareksa.com/uploads//file_doc/2018/10/ABYFSCL_prospectus.pdf,2018-10,parsed,2017,0.56,2026-10-09
2425,https://media.bareksa.com/uploads//file_doc/2022/05/ABCBKGM_prospectus.pdf,2022-05,parsed,2021,1.62,2026-10-09
2426,https://media.bareksa.com/uploads//file_doc/2026/04/AAIFSMS_prospectus.pdf,2026-04,parsed,2025,1.60,2026-10-09
2427,,,not_found,,,2026-10-09
2428,,,not_found,,,2026-10-09
2429,,,not_found,,,2026-10-09
2430,,,not_found,,,2026-10-09
2431,,,not_found,,,2026-10-09
2433,,,not_found,,,2026-10-09
2434,https://media.bareksa.com/uploads//file_doc/2026/07/ADBBKDS_prospectus.pdf,2026-07,no_row,,,2026-10-09
2437,,,not_found,,,2026-10-09
2438,https://media.bareksa.com/uploads//file_doc/2020/06/AARESDA_prospectus.pdf,2020-06,unreadable,,,2026-10-09
2439,,,not_found,,,2026-10-09
2440,,,not_found,,,2026-10-09
2441,,,not_found,,,2026-10-09
2442,,,not_found,,,2026-10-09
2443,,,not_found,,,2026-10-09
2444,,,not_found,,,2026-10-09
2445,,,not_found,,,2026-10-09
2446,,,not_found,,,2026-10-09
2447,,,not_found,,,2026-10-09
2448,,,not_found,,,2026-10-09
2449,,,not_found,,,2026-10-09
2450,,,not_found,,,2026-10-09
2451,,,not_found,,,2026-10-09
2452,https://media.bareksa.com/uploads//file_doc/2026/08/ACPFKBF_prospectus.pdf,2026-08,parsed,2025,1.54,2026-10-09
2453,,,not_found,,,2026-10-09
2454,,,not_found,,,2026-10-09
2455,,,not_found,,,2026-10-09
2456,,,not_found,,,2026-10-09
2457,,,not_found,,,2026-10-09
2458,https://media.bareksa.com/uploads//file_doc/2024/04/AAOEKES_prospectus.pdf,2024-04,parsed,2023,2.92,2026-10-09
2459,,,not_found,,,2026-10-09
2460,,,not_found,,,2026-10-09
2461,https://media.bareksa.com/uploads//file_doc/2026/08/AAGFKMR_prospectus.pdf,2026-08,parsed,2025,1.80,2026-10-09
2462,,,not_found,,,2026-10-09
2463,https://media.bareksa.com/uploads//file_doc/2019/03/ACSEKMT_prospectus.pdf,2019-03,scanned,,,2026-10-09
2464,,,not_found,,,2026-10-09
2465,,,not_found,,,2026-10-09
2466,https://media.bareksa.com/uploads//file_doc/2017/12/ACGMKPL_prospectus.pdf,2017-12,no_row,,,2026-10-09
2467,,,not_found,,,2026-10-09
2468,,,not_found,,,2026-10-09
2469,,,not_found,,,2026-10-09
2470,,,not_found,,,2026-10-09
2471,,,not_found,,,2026-10-09
2472,https://media.bareksa.com/uploads//file_doc/2026/05/ACTMSS1_prospectus.pdf,2026-05,parsed,2025,0.73,2026-10-09
2473,https://media.bareksa.com/uploads//file_doc/2025/05/AAMMKBR_prospectus.pdf,2025-05,parsed,2024,1.22,2026-10-09
2474,https://media.bareksa.com/uploads//file_doc/2021/09/ABJTKLD_prospectus.pdf,2021-09,parsed,2020,0.66,2026-10-09
2475,,,not_found,,,2026-10-09
2476,,,not_found,,,2026-10-09
2479,https://media.bareksa.com/uploads//file_doc/2022/11/ACSESBS_prospectus.pdf,2022-11,scanned,,,2026-10-09
2480,https://media.bareksa.com/uploads//file_doc/2020/06/ABJFKIN_prospectus.pdf,2020-06,scanned,,,2026-10-09
2481,https://media.bareksa.com/uploads//file_doc/2024/11/ADKFKOP_prospectus.pdf,2024-11,scanned,,,2026-10-09
2482,,,not_found,,,2026-10-09
2483,https://media.bareksa.com/uploads//file_doc/2026/05/AAZMKUD_prospectus.pdf,2026-05,parsed,2025,1.53,2026-10-09
2485,https://media.bareksa.com/uploads//file_doc/2025/05/AADFSS1_prospectus.pdf,2025-05,parsed,2024,1.28,2026-10-09
2486,,,not_found,,,2026-10-09
2487,,,not_found,,,2026-10-09
2488,,,not_found,,,2026-10-09
2489,,,not_found,,,2026-10-09
2490,,,not_found,,,2026-10-09
2491,,,not_found,,,2026-10-09
2493,,,not_found,,,2026-10-09
2494,,,not_found,,,2026-10-09
2495,https://media.bareksa.com/uploads//file_doc/2025/05/AAPFKIS_prospectus.pdf,2025-05,parsed,2024,2.49,2026-10-09
2496,https://media.bareksa.com/uploads//file_doc/2026/07/ABWEKTM_prospectus.pdf,2026-07,share_classes,,,2026-10-09
2497,https://media.bareksa.com/uploads//file_doc/2026/10/ACAFK90_prospectus_1790848964.pdf,2026-10,parsed,2025,0.24,2026-10-09
2498,,,not_found,,,2026-10-09
2499,https://media.bareksa.com/uploads//file_doc/2024/11/ABJFKMX_prospectus.pdf,2024-11,parsed,2023,1.35,2026-10-09
2500,https://media.bareksa.com/uploads//file_doc/2026/06/ADKMKPU_prospectus.pdf,2026-06,parsed,2025,1.53,2026-10-09
2501,,,not_found,,,2026-10-09
2502,https://media.bareksa.com/uploads//file_doc/2024/05/ABAXKSB_prospectus.pdf,2024-05,parsed,2023,0.60,2026-10-09
2503,,,not_found,,,2026-10-09
2504,,,not_found,,,2026-10-09
2505,,,not_found,,,2026-10-09
2506,,,not_found,,,2026-10-09
2507,https://media.bareksa.com/uploads//file_doc/2026/08/ACJEKOE_prospectus.pdf,2026-08,parsed,2025,2.85,2026-10-09
2508,https://media.bareksa.com/uploads//file_doc/2020/02/ACJESSE_prospectus.pdf,2020-02,no_row,,,2026-10-09
2509,https://media.bareksa.com/uploads//file_doc/2024/11/ACKMKSK_prospectus.pdf,2024-11,parsed,2023,0.51,2026-10-09
2510,https://media.bareksa.com/uploads//file_doc/2018/04/ABYEKFE_prospectus.pdf,2018-04,no_row,,,2026-10-09
2511,https://media.bareksa.com/uploads//file_doc/2026/09/AAIFSGG_prospectus.pdf,2026-09,parsed,2025,1.73,2026-10-09
2512,https://media.bareksa.com/uploads//file_doc/2026/09/ADIESID_prospectus.pdf,2026-09,parsed,2025,1.78,2026-10-09
2513,,,not_found,,,2026-10-09
2514,,,not_found,,,2026-10-09
2515,,,not_found,,,2026-10-09
2516,,,not_found,,,2026-10-09
2517,,,not_found,,,2026-10-09
2518,https://media.bareksa.com/uploads//file_doc/2026/08/ACPMKAP_prospectus.pdf,2026-08,parsed,2025,4.65,2026-10-09
2519,https://media.bareksa.com/uploads//file_doc/2019/02/AAOMKKG_prospectus.pdf,2019-02,no_row,,,2026-10-09
2520,,,not_found,,,2026-10-09
2521,https://media.bareksa.com/uploads//file_doc/2017/12/ACGFKSB_prospectus.pdf,2017-12,no_row,,,2026-10-09
2524,,,not_found,,,2026-10-09
2525,,,not_found,,,2026-10-09
2526,,,not_found,,,2026-10-09
2527,,,not_found,,,2026-10-09
2528,,,not_found,,,2026-10-09
2529,,,not_found,,,2026-10-09
2530,,,not_found,,,2026-10-09
2531,,,not_found,,,2026-10-09
2532,,,not_found,,,2026-10-09
2533,,,not_found,,,2026-10-09
2534,,,not_found,,,2026-10-09
2535,https://media.bareksa.com/uploads//file_doc/2024/11/ADKBKSK_prospectus.pdf,2024-11,scanned,,,2026-10-09
2536,,,not_found,,,2026-10-09
2538,,,not_found,,,2026-10-09
2539,,,not_found,,,2026-10-09
2540,https://media.bareksa.com/uploads//file_doc/2023/06/ACGEKSE_prospectus.pdf,2023-06,no_row,,,2026-10-09
2542,https://media.bareksa.com/uploads//file_doc/2023/09/ACAMKKP_prospectus.pdf,2023-09,scanned,,,2026-10-09
2543,,,not_found,,,2026-10-09
2544,,,not_found,,,2026-10-09
2545,,,not_found,,,2026-10-09
2546,https://media.bareksa.com/uploads//file_doc/2026/07/ADBEKPE_prospectus.pdf,2026-07,no_row,,,2026-10-09
2547,https://media.bareksa.com/uploads//file_doc/2025/07/ABMMSBR_prospectus.pdf,2025-07,parsed,2024,1.08,2026-10-09
2548,https://media.bareksa.com/uploads//file_doc/2026/08/ACRFKPM_prospectus.pdf,2026-08,no_row,,,2026-10-09
2549,https://media.bareksa.com/uploads//file_doc/2024/11/ACFFKGV_prospectus.pdf,2024-11,no_row,,,2026-10-09
2550,,,not_found,,,2026-10-09
2551,https://media.bareksa.com/uploads//file_doc/2024/11/ACCEKP1_prospectus.pdf,2024-11,parsed,2023,2.49,2026-10-09
2553,,,not_found,,,2026-10-09
2554,,,not_found,,,2026-10-09
2555,,,not_found,,,2026-10-09
2556,,,not_found,,,2026-10-09
2557,,,not_found,,,2026-10-09
2558,,,not_found,,,2026-10-09
2559,,,not_found,,,2026-10-09
2561,,,not_found,,,2026-10-09
2562,,,not_found,,,2026-10-09
2563,,,not_found,,,2026-10-09
2564,https://media.bareksa.com/uploads//file_doc/2025/05/ACIEKMC_prospectus.pdf,2025-05,parsed,2024,5.91,2026-10-09
2565,https://media.bareksa.com/uploads//file_doc/2021/02/ABOFSPS_prospectus.pdf,2021-02,no_row,,,2026-10-09
2567,https://media.bareksa.com/uploads//file_doc/2026/04/AAFMKKM_prospectus.pdf,2026-04,parsed,2025,0.56,2026-10-09
2568,,,not_found,,,2026-10-09
2569,https://media.bareksa.com/uploads//file_doc/2023/07/ABOMSMS_prospectus.pdf,2023-07,parsed,2022,0.74,2026-10-09
2570,https://media.bareksa.com/uploads//file_doc/2021/08/ACZTKD4_prospectus.pdf,2021-08,no_row,,,2026-10-09
2571,,,not_found,,,2026-10-09
2572,,,not_found,,,2026-10-09
2573,,,not_found,,,2026-10-09
2574,https://media.bareksa.com/uploads//file_doc/2025/05/AAKEKSJ_prospectus.pdf,2025-05,parsed,2024,1.63,2026-10-09
2575,https://media.bareksa.com/uploads//file_doc/2026/09/AASFSAM_prospectus.pdf,2026-09,share_classes,,,2026-10-09
2576,https://media.bareksa.com/uploads//file_doc/2026/04/AAFEJSF_prospectus.pdf,2026-04,share_classes,,,2026-10-09
2577,https://media.bareksa.com/uploads//file_doc/2020/02/ACJMKLQ_prospectus.pdf,2020-02,no_row,,,2026-10-09
2578,,,not_found,,,2026-10-09
2579,,,not_found,,,2026-10-09
2580,,,not_found,,,2026-10-09
2581,,,not_found,,,2026-10-09
2582,,,not_found,,,2026-10-09
2583,,,not_found,,,2026-10-09
2584,,,not_found,,,2026-10-09
2585,,,not_found,,,2026-10-09
2586,,,not_found,,,2026-10-09
2587,,,not_found,,,2026-10-09
2588,,,not_found,,,2026-10-09
2589,https://media.bareksa.com/uploads//file_doc/2023/09/ABSTKBK_prospectus.pdf,2023-09,no_row,,,2026-10-09
2592,,,not_found,,,2026-10-09
2593,,,not_found,,,2026-10-09
2594,,,not_found,,,2026-10-09
2595,,,not_found,,,2026-10-09
2596,,,not_found,,,2026-10-09
2597,,,not_found,,,2026-10-09
2598,,,not_found,,,2026-10-09
2599,,,not_found,,,2026-10-09
2600,,,not_found,,,2026-10-09
2601,,,not_found,,,2026-10-09
2602,,,not_found,,,2026-10-09
2603,,,not_found,,,2026-10-09
2604,,,not_found,,,2026-10-09
2605,,,not_found,,,2026-10-09
2606,https://media.bareksa.com/uploads//file_doc/2024/06/ACREKBP_prospectus.pdf,2024-06,scanned,,,2026-10-09
2607,,,not_found,,,2026-10-09
2608,,,not_found,,,2026-10-09
2610,https://media.bareksa.com/uploads//file_doc/2023/06/AAFTKS1_prospectus.pdf,2023-06,parsed,2022,1.71,2026-10-09
2611,,,not_found,,,2026-10-09
2612,,,not_found,,,2026-10-09
2613,,,not_found,,,2026-10-09
2614,,,not_found,,,2026-10-09
2615,,,not_found,,,2026-10-09
2616,,,not_found,,,2026-10-09
2617,,,not_found,,,2026-10-09
2618,https://media.bareksa.com/uploads//file_doc/2026/03/ABNFSMS_prospectus.pdf,2026-03,parsed,2024,1.78,2026-10-09
2619,https://media.bareksa.com/uploads//file_doc/2019/11/ADGESPS_prospectus.pdf,2019-11,scanned,,,2026-10-09
2620,https://media.bareksa.com/uploads//file_doc/2023/05/AAMFKP3_prospectus.pdf,2023-05,parsed,2022,1.91,2026-10-09
2621,,,not_found,,,2026-10-09
2622,https://media.bareksa.com/uploads//file_doc/2019/01/ABMTK87_prospectus.pdf,2019-01,no_row,,,2026-10-09
2623,,,not_found,,,2026-10-09
2624,,,not_found,,,2026-10-09
2625,,,not_found,,,2026-10-09
2626,,,not_found,,,2026-10-09
2627,,,not_found,,,2026-10-09
2628,,,not_found,,,2026-10-09
2629,,,not_found,,,2026-10-09
2630,,,not_found,,,2026-10-09
2631,,,not_found,,,2026-10-09
2632,,,not_found,,,2026-10-09
2633,https://media.bareksa.com/uploads//file_doc/2026/08/AASESSA_prospectus.pdf,2026-08,share_classes,,,2026-10-09
2634,https://media.bareksa.com/uploads//file_doc/2023/09/ACZBKDF_prospectus.pdf,2023-09,no_row,,,2026-10-09
2635,https://media.bareksa.com/uploads//file_doc/2024/03/ADGXKHD_prospectus.pdf,2024-03,parsed,2022,2.91,2026-10-09
2636,https://media.bareksa.com/uploads//file_doc/2026/06/ACOFSFS_prospectus.pdf,2026-06,parsed,2025,2.01,2026-10-09
2637,,,not_found,,,2026-10-09
2639,https://media.bareksa.com/uploads//file_doc/2021/02/ADGXKLC_prospectus.pdf,2021-02,no_row,,,2026-10-09
2640,https://media.bareksa.com/uploads//file_doc/2019/02/AADBKRB_prospectus.pdf,2019-02,no_row,,,2026-10-09
2641,,,not_found,,,2026-10-09
2643,https://media.bareksa.com/uploads//file_doc/2024/11/ACKFKSF_prospectus.pdf,2024-11,no_row,,,2026-10-09
2644,https://media.bareksa.com/uploads//file_doc/2019/01/AADBKMH_prospectus.pdf,2019-01,no_row,,,2026-10-09
2645,https://media.bareksa.com/uploads//file_doc/2018/02/ABGFKKD_prospectus.pdf,2018-02,no_row,,,2026-10-09
2646,https://media.bareksa.com/uploads//file_doc/2019/05/AADBKKB_prospectus.pdf,2019-05,no_row,,,2026-10-09
2647,,,not_found,,,2026-10-09
2648,https://media.bareksa.com/uploads//file_doc/2024/05/AAFMKKI_prospectus.pdf,2024-05,parsed,2023,1.10,2026-10-09
2649,,,not_found,,,2026-10-09
2650,,,not_found,,,2026-10-09
2651,https://media.bareksa.com/uploads//file_doc/2022/05/ABOTKT6_prospectus.pdf,2022-05,parsed,2021,2.04,2026-10-09
2652,,,not_found,,,2026-10-09
2653,,,not_found,,,2026-10-09
2654,,,not_found,,,2026-10-09
2655,,,not_found,,,2026-10-09
2656,,,not_found,,,2026-10-09
2657,,,not_found,,,2026-10-09
2658,https://media.bareksa.com/uploads//file_doc/2021/04/AAPTK51_prospectus.pdf,2021-04,no_row,,,2026-10-09
2659,,,not_found,,,2026-10-09
2661,https://media.bareksa.com/uploads//file_doc/2020/02/ACJBKOB_prospectus.pdf,2020-02,no_row,,,2026-10-09
2662,,,not_found,,,2026-10-09
2663,,,not_found,,,2026-10-09
2664,,,not_found,,,2026-10-09
2665,,,not_found,,,2026-10-09
2666,https://media.bareksa.com/uploads//file_doc/2024/11/ACKBKPV_prospectus.pdf,2024-11,parsed,2023,2.73,2026-10-09
2671,,,not_found,,,2026-10-09
2672,,,not_found,,,2026-10-09
2673,https://media.bareksa.com/uploads//file_doc/2024/11/ADKFKOU_prospectus.pdf,2024-11,scanned,,,2026-10-09
2674,,,not_found,,,2026-10-09
2675,https://media.bareksa.com/uploads//file_doc/2023/09/ABSTKPB_prospectus.pdf,2023-09,parsed,2022,0.68,2026-10-09
2676,,,not_found,,,2026-10-09
2677,,,not_found,,,2026-10-09
2680,,,not_found,,,2026-10-09
2681,,,not_found,,,2026-10-09
2682,,,not_found,,,2026-10-09
2683,,,not_found,,,2026-10-09
2684,,,not_found,,,2026-10-09
2685,https://media.bareksa.com/uploads//file_doc/2024/11/ADKFKPS_prospectus.pdf,2024-11,scanned,,,2026-10-09
2686,https://media.bareksa.com/uploads//file_doc/2023/11/ACUMKMI_prospectus.pdf,2023-11,no_row,,,2026-10-09
2687,,,not_found,,,2026-10-09
2688,https://media.bareksa.com/uploads//file_doc/2021/12/AAFTKS2_prospectus.pdf,2021-12,parsed,2020,0.88,2026-10-09
2689,,,not_found,,,2026-10-09
2690,https://media.bareksa.com/uploads//file_doc/2025/05/AAIFKRG_prospectus.pdf,2025-05,parsed,2024,0.21,2026-10-09
2691,,,not_found,,,2026-10-09
2692,,,not_found,,,2026-10-09
2693,https://media.bareksa.com/uploads//file_doc/2025/05/AAPFKMT_prospectus.pdf,2025-05,parsed,2024,0.21,2026-10-09
2695,https://media.bareksa.com/uploads//file_doc/2026/09/ACQFKSF_prospectus.pdf,2026-09,parsed,2025,1.93,2026-10-09
2696,,,not_found,,,2026-10-09
2697,,,not_found,,,2026-10-09
2698,,,not_found,,,2026-10-09
2700,,,not_found,,,2026-10-09
2701,,,not_found,,,2026-10-09
2702,,,not_found,,,2026-10-09
2703,,,not_found,,,2026-10-09
2704,,,not_found,,,2026-10-09
2705,https://media.bareksa.com/uploads//file_doc/2019/10/AAXBKLP_prospectus.pdf,2019-10,no_row,,,2026-10-09
2706,,,not_found,,,2026-10-09
2707,,,not_found,,,2026-10-09
2708,https://media.bareksa.com/uploads//file_doc/2025/10/ACTFKPM_prospectus.pdf,2025-10,parsed,2024,0.34,2026-10-09
2709,https://media.bareksa.com/uploads//file_doc/2021/08/AAMMSCS_prospectus.pdf,2021-08,parsed,2020,0.14,2026-10-09
2710,,,not_found,,,2026-10-09
2711,,,not_found,,,2026-10-09
2712,,,not_found,,,2026-10-09
2713,,,not_found,,,2026-10-09
2714,https://media.bareksa.com/uploads//file_doc/2019/01/AAPTK47_prospectus.pdf,2019-01,no_row,,,2026-10-09
2715,https://media.bareksa.com/uploads//file_doc/2025/05/AAKFKPS_prospectus.pdf,2025-05,parsed,2024,0.40,2026-10-09
2716,https://media.bareksa.com/uploads//file_doc/2021/08/ABFBKB1_prospectus.pdf,2021-08,parsed,2020,2.30,2026-10-09
2717,,,not_found,,,2026-10-09
2718,,,not_found,,,2026-10-09
2719,,,not_found,,,2026-10-09
2720,https://media.bareksa.com/uploads//file_doc/2024/08/ADMEKDE_prospectus.pdf,2024-08,no_row,,,2026-10-09
2721,https://media.bareksa.com/uploads//file_doc/2026/04/AAFFSBR_prospectus.pdf,2026-04,parsed,2025,2.00,2026-10-09
2722,https://media.bareksa.com/uploads//file_doc/2026/07/ADBEKVM_prospectus.pdf,2026-07,no_row,,,2026-10-09
2723,,,not_found,,,2026-10-09
2724,,,not_found,,,2026-10-09
2725,,,not_found,,,2026-10-09
2726,,,not_found,,,2026-10-09
2727,,,not_found,,,2026-10-09
2728,,,not_found,,,2026-10-09
2729,https://media.bareksa.com/uploads//file_doc/2026/08/ACPBKCT_prospectus.pdf,2026-08,parsed,2025,3.87,2026-10-09
2730,https://media.bareksa.com/uploads//file_doc/2018/04/ABYMKKR_prospectus.pdf,2018-04,no_row,,,2026-10-09
2731,,,not_found,,,2026-10-09
2732,,,not_found,,,2026-10-09
2733,https://media.bareksa.com/uploads//file_doc/2026/06/AADMKAM_prospectus.pdf,2026-06,parsed,2025,1.74,2026-10-09
2734,https://media.bareksa.com/uploads//file_doc/2025/05/AAIMKPS_prospectus.pdf,2025-05,parsed,2024,0.61,2026-10-09
2735,,,not_found,,,2026-10-09
2736,,,not_found,,,2026-10-09
2737,,,not_found,,,2026-10-09
2738,,,not_found,,,2026-10-09
2739,https://media.bareksa.com/uploads//file_doc/2025/05/AAMFKP4_prospectus.pdf,2025-05,parsed,2024,0.23,2026-10-09
2740,https://media.bareksa.com/uploads//file_doc/2025/05/AAMFSS2_prospectus.pdf,2025-05,parsed,2024,0.23,2026-10-09
2741,,,not_found,,,2026-10-09
2742,,,not_found,,,2026-10-09
2743,,,not_found,,,2026-10-09
2744,,,not_found,,,2026-10-09
2745,,,not_found,,,2026-10-09
2746,,,not_found,,,2026-10-09
2747,,,not_found,,,2026-10-09
2748,,,not_found,,,2026-10-09
2749,,,not_found,,,2026-10-09
2750,,,not_found,,,2026-10-09
2751,,,not_found,,,2026-10-09
2752,,,not_found,,,2026-10-09
2753,,,not_found,,,2026-10-09
2754,https://media.bareksa.com/uploads//file_doc/2021/04/AAPTK50_prospectus.pdf,2021-04,no_row,,,2026-10-09
2755,https://media.bareksa.com/uploads//file_doc/2021/07/AAKFKS1_prospectus.pdf,2021-07,parsed,2020,0.20,2026-10-09
2756,https://media.bareksa.com/uploads//file_doc/2021/07/AAKFKS2_prospectus.pdf,2021-07,parsed,2020,0.21,2026-10-09
2757,,,not_found,,,2026-10-09
2758,,,not_found,,,2026-10-09
2759,https://media.bareksa.com/uploads//file_doc/2024/11/ACKEKBT_prospectus.pdf,2024-11,parsed,2023,5.42,2026-10-09
2760,,,not_found,,,2026-10-09
2761,https://media.bareksa.com/uploads//file_doc/2024/11/AAYBKMB_prospectus.pdf,2024-11,scanned,,,2026-10-09
2762,https://media.bareksa.com/uploads//file_doc/2026/06/ADKBKDC_prospectus.pdf,2026-06,parsed,2025,2.57,2026-10-09
2763,,,not_found,,,2026-10-09
2764,https://media.bareksa.com/uploads//file_doc/2025/10/ACTFKPN_prospectus.pdf,2025-10,parsed,2024,0.35,2026-10-09
2765,,,not_found,,,2026-10-09
2766,https://media.bareksa.com/uploads//file_doc/2026/08/AAPFKNI_prospectus.pdf,2026-08,parsed,2025,0.21,2026-10-09
2767,https://media.bareksa.com/uploads//file_doc/2021/07/AAEEKNU_prospectus.pdf,2021-07,parsed,2020,0.85,2026-10-09
2768,https://media.bareksa.com/uploads//file_doc/2018/10/ACUFKF1_prospectus.pdf,2018-10,no_row,,,2026-10-09
2769,,,not_found,,,2026-10-09
2770,,,not_found,,,2026-10-09
2771,,,not_found,,,2026-10-09
2772,,,not_found,,,2026-10-09
2773,,,not_found,,,2026-10-09
2774,,,not_found,,,2026-10-09
2775,,,not_found,,,2026-10-09
2776,,,not_found,,,2026-10-09
2777,https://media.bareksa.com/uploads//file_doc/2021/04/AAPTSTS_prospectus.pdf,2021-04,no_row,,,2026-10-09
2778,,,not_found,,,2026-10-09
2779,,,not_found,,,2026-10-09
2780,,,not_found,,,2026-10-09
2781,,,not_found,,,2026-10-09
2782,,,not_found,,,2026-10-09
2783,,,not_found,,,2026-10-09
2784,,,not_found,,,2026-10-09
2785,,,not_found,,,2026-10-09
2786,,,not_found,,,2026-10-09
2787,,,not_found,,,2026-10-09
2788,,,not_found,,,2026-10-09
2789,,,not_found,,,2026-10-09
2790,https://media.bareksa.com/uploads//file_doc/2018/02/ABGESMX_prospectus.pdf,2018-02,no_row,,,2026-10-09
2791,,,not_found,,,2026-10-09
2792,https://media.bareksa.com/uploads//file_doc/2021/08/ADGXSES_prospectus.pdf,2021-08,parsed,2020,2.10,2026-10-09
2793,,,not_found,,,2026-10-09
2794,https://media.bareksa.com/uploads//file_doc/2024/11/ABJBKPG_prospectus.pdf,2024-11,parsed,2023,2.84,2026-10-09
2795,,,not_found,,,2026-10-09
2796,,,not_found,,,2026-10-09
2797,,,not_found,,,2026-10-09
2798,,,not_found,,,2026-10-09
2799,,,not_found,,,2026-10-09
2800,https://media.bareksa.com/uploads//file_doc/2019/01/AAPTK39_prospectus.pdf,2019-01,no_row,,,2026-10-09
2801,,,not_found,,,2026-10-09
2802,,,not_found,,,2026-10-09
2803,,,not_found,,,2026-10-09
2804,,,not_found,,,2026-10-09
2805,,,not_found,,,2026-10-09
2806,,,not_found,,,2026-10-09
2807,,,not_found,,,2026-10-09
2808,,,not_found,,,2026-10-09
2809,,,not_found,,,2026-10-09
2810,,,not_found,,,2026-10-09
2811,https://media.bareksa.com/uploads//file_doc/2024/01/ACCTKP1_prospectus.pdf,2024-01,parsed,2022,1.18,2026-10-09
2812,,,not_found,,,2026-10-09
2813,,,not_found,,,2026-10-09
2814,,,not_found,,,2026-10-09
2815,,,not_found,,,2026-10-09
2816,https://media.bareksa.com/uploads//file_doc/2019/07/ABKTKL4_prospectus.pdf,2019-07,no_row,,,2026-10-09
2817,,,not_found,,,2026-10-09
2818,,,not_found,,,2026-10-09
2819,,,not_found,,,2026-10-09
2820,,,not_found,,,2026-10-09
2821,,,not_found,,,2026-10-09
2822,,,not_found,,,2026-10-09
2823,,,not_found,,,2026-10-09
2824,,,not_found,,,2026-10-09
2825,,,not_found,,,2026-10-09
2826,,,not_found,,,2026-10-09
2827,,,not_found,,,2026-10-09
2828,,,not_found,,,2026-10-09
2829,,,not_found,,,2026-10-09
2830,,,not_found,,,2026-10-09
2831,,,not_found,,,2026-10-09
2832,,,not_found,,,2026-10-09
2833,,,not_found,,,2026-10-09
2834,,,not_found,,,2026-10-09
2835,,,not_found,,,2026-10-09
2836,,,not_found,,,2026-10-09
2837,,,not_found,,,2026-10-09
2838,,,not_found,,,2026-10-09
2839,,,not_found,,,2026-10-09
2840,,,not_found,,,2026-10-09
2841,,,not_found,,,2026-10-09
2842,,,not_found,,,2026-10-09
2843,,,not_found,,,2026-10-09
2844,,,not_found,,,2026-10-09
2845,,,not_found,,,2026-10-09
2846,,,not_found,,,2026-10-09
2847,,,not_found,,,2026-10-09
2848,,,not_found,,,2026-10-09
2849,,,not_found,,,2026-10-09
2850,,,not_found,,,2026-10-09
2851,,,not_found,,,2026-10-09
2852,,,not_found,,,2026-10-09
2853,,,not_found,,,2026-10-09
2854,,,not_found,,,2026-10-09
2855,,,not_found,,,2026-10-09
2856,,,not_found,,,2026-10-09
2857,https://media.bareksa.com/uploads//file_doc/2019/01/ABMTK69_prospectus.pdf,2019-01,no_row,,,2026-10-09
2858,,,not_found,,,2026-10-09
2859,,,not_found,,,2026-10-09
2860,,,not_found,,,2026-10-09
2861,,,not_found,,,2026-10-09
2862,,,not_found,,,2026-10-09
2863,,,not_found,,,2026-10-09
2864,,,not_found,,,2026-10-09
2865,,,not_found,,,2026-10-09
2866,,,not_found,,,2026-10-09
2867,,,not_found,,,2026-10-09
2868,,,not_found,,,2026-10-09
2869,,,not_found,,,2026-10-09
2870,,,not_found,,,2026-10-09
2871,,,not_found,,,2026-10-09
2872,https://media.bareksa.com/uploads//file_doc/2025/05/AAIEKST_prospectus.pdf,2025-05,parsed,2024,1.16,2026-10-09
2873,,,not_found,,,2026-10-09
2874,https://media.bareksa.com/uploads//file_doc/2024/11/ABFFKTL_prospectus.pdf,2024-11,parsed,2023,1.74,2026-10-09
2875,https://media.bareksa.com/uploads//file_doc/2026/08/AAGFKIH_prospectus.pdf,2026-08,no_row,,,2026-10-09
2876,,,not_found,,,2026-10-09
2877,https://media.bareksa.com/uploads//file_doc/2026/09/ACQMKSM_prospectus.pdf,2026-09,conflict,,,2026-10-09
2878,https://media.bareksa.com/uploads//file_doc/2018/02/ACQEKE2_prospectus.pdf,2018-02,no_row,,,2026-10-09
2879,,,not_found,,,2026-10-09
2880,,,not_found,,,2026-10-09
2881,,,not_found,,,2026-10-09
2882,,,not_found,,,2026-10-09
2883,,,not_found,,,2026-10-09
2884,https://media.bareksa.com/uploads//file_doc/2024/05/AAKEKCM_prospectus.pdf,2024-05,parsed,2023,1.74,2026-10-09
2885,,,not_found,,,2026-10-09
2886,https://media.bareksa.com/uploads//file_doc/2025/05/AAPEKEU_prospectus.pdf,2025-05,parsed,2023,1.82,2026-10-09
2887,https://media.bareksa.com/uploads//file_doc/2026/08/AAKFKPP_prospectus.pdf,2026-08,parsed,2025,1.78,2026-10-09
2888,,,not_found,,,2026-10-09
2889,https://media.bareksa.com/uploads//file_doc/2021/08/ABNMKKU_prospectus.pdf,2021-08,parsed,2020,0.16,2026-10-09
2890,https://media.bareksa.com/uploads//file_doc/2026/08/ABMMSMS_prospectus.pdf,2026-08,share_classes,,,2026-10-09
2891,,,not_found,,,2026-10-09
2892,,,not_found,,,2026-10-09
2893,,,not_found,,,2026-10-09
2894,https://media.bareksa.com/uploads//file_doc/2024/05/AAKTK88_prospectus.pdf,2024-05,parsed,2021,0.28,2026-10-09
2895,,,not_found,,,2026-10-09
2896,,,not_found,,,2026-10-09
2897,,,not_found,,,2026-10-09
2898,,,not_found,,,2026-10-09
2899,,,not_found,,,2026-10-09
2900,,,not_found,,,2026-10-09
2901,,,not_found,,,2026-10-09
2902,,,not_found,,,2026-10-09
2903,,,not_found,,,2026-10-09
2904,,,not_found,,,2026-10-09
2905,,,not_found,,,2026-10-09
2906,,,not_found,,,2026-10-09
2907,https://media.bareksa.com/uploads//file_doc/2025/05/AAIESUS_prospectus.pdf,2025-05,no_row,,,2026-10-09
2908,,,not_found,,,2026-10-09
2909,https://media.bareksa.com/uploads//file_doc/2021/04/AAPMKP4_prospectus.pdf,2021-04,no_row,,,2026-10-09
2910,,,not_found,,,2026-10-09
2911,https://media.bareksa.com/uploads//file_doc/2026/09/ADIFSRI_prospectus.pdf,2026-09,parsed,2025,1.69,2026-10-09
2912,https://media.bareksa.com/uploads//file_doc/2025/05/AAMFSS3_prospectus.pdf,2025-05,parsed,2024,0.34,2026-10-09
2913,https://media.bareksa.com/uploads//file_doc/2026/08/ACRMSMS_prospectus.pdf,2026-08,parsed,2025,1.59,2026-10-09
2914,https://media.bareksa.com/uploads//file_doc/2026/07/ADBMSMS_prospectus.pdf,2026-07,no_row,,,2026-10-09
2915,https://media.bareksa.com/uploads//file_doc/2021/08/ACZTKT5_prospectus.pdf,2021-08,no_row,,,2026-10-09
2916,https://media.bareksa.com/uploads//file_doc/2019/01/AAPTK49_prospectus.pdf,2019-01,no_row,,,2026-10-09
2917,,,not_found,,,2026-10-09
2918,,,not_found,,,2026-10-09
2919,https://media.bareksa.com/uploads//file_doc/2024/09/ABLEKSM_prospectus.pdf,2024-09,parsed,2023,3.90,2026-10-09
2920,,,not_found,,,2026-10-09
2921,https://media.bareksa.com/uploads//file_doc/2018/12/AATMKMB_prospectus.pdf,2018-12,no_row,,,2026-10-09
2922,,,not_found,,,2026-10-09
2923,,,not_found,,,2026-10-09
2924,,,not_found,,,2026-10-09
2925,https://media.bareksa.com/uploads//file_doc/2023/09/AAXBKMX_prospectus.pdf,2023-09,no_row,,,2026-10-09
2926,,,not_found,,,2026-10-09
2928,,,not_found,,,2026-10-09
2929,,,not_found,,,2026-10-09
2930,,,not_found,,,2026-10-09
2931,,,not_found,,,2026-10-09
2932,https://media.bareksa.com/uploads//file_doc/2021/02/ABIESKP_prospectus.pdf,2021-02,scanned,,,2026-10-09
2933,https://media.bareksa.com/uploads//file_doc/2018/07/ADAESBG_prospectus.pdf,2018-07,scanned,,,2026-10-09
2934,https://media.bareksa.com/uploads//file_doc/2025/05/AAKFSOG_prospectus.pdf,2025-05,parsed,2024,1.11,2026-10-09
2935,,,not_found,,,2026-10-09
2936,https://media.bareksa.com/uploads//file_doc/2022/11/ABIFSMR_prospectus.pdf,2022-11,no_row,,,2026-10-09
2938,https://media.bareksa.com/uploads//file_doc/2024/11/ACAMKLK_prospectus.pdf,2024-11,scanned,,,2026-10-09
2939,https://media.bareksa.com/uploads//file_doc/2026/07/ABIIKSK_prospectus.pdf,2026-07,parsed,2025,2.19,2026-10-09
2940,,,not_found,,,2026-10-09
2941,,,not_found,,,2026-10-09
2942,,,not_found,,,2026-10-09
2943,,,not_found,,,2026-10-09
2944,,,not_found,,,2026-10-09
2945,,,not_found,,,2026-10-09
2946,,,not_found,,,2026-10-09
2947,,,not_found,,,2026-10-09
2948,https://media.bareksa.com/uploads//file_doc/2021/04/AAPTK48_prospectus.pdf,2021-04,no_row,,,2026-10-09
2949,https://media.bareksa.com/uploads//file_doc/2021/04/ABCTK17_prospectus.pdf,2021-04,no_row,,,2026-10-09
2950,,,not_found,,,2026-10-09
2951,,,not_found,,,2026-10-09
2952,,,not_found,,,2026-10-09
2953,,,not_found,,,2026-10-09
2954,,,not_found,,,2026-10-09
2955,https://media.bareksa.com/uploads//file_doc/2021/07/ACWFKPM_prospectus.pdf,2021-07,no_row,,,2026-10-09
2956,https://media.bareksa.com/uploads//file_doc/2024/05/AAEFKNS_prospectus.pdf,2024-05,parsed,2023,1.38,2026-10-09
2957,,,not_found,,,2026-10-09
2958,,,not_found,,,2026-10-09
2959,https://media.bareksa.com/uploads//file_doc/2023/06/AAFMSKS_prospectus.pdf,2023-06,no_row,,,2026-10-09
2960,,,not_found,,,2026-10-09
2961,,,not_found,,,2026-10-09
2962,,,not_found,,,2026-10-09
2963,,,not_found,,,2026-10-09
2964,,,not_found,,,2026-10-09
2965,,,not_found,,,2026-10-09
2966,,,not_found,,,2026-10-09
2967,,,not_found,,,2026-10-09
2968,,,not_found,,,2026-10-09
2969,https://media.bareksa.com/uploads//file_doc/2019/02/AAOMSCS_prospectus.pdf,2019-02,no_row,,,2026-10-09
2970,https://media.bareksa.com/uploads//file_doc/2021/07/ACWMKPU_prospectus.pdf,2021-07,no_row,,,2026-10-09
2971,,,not_found,,,2026-10-09
2972,,,not_found,,,2026-10-09
2973,https://media.bareksa.com/uploads//file_doc/2021/04/AAPTK52_prospectus.pdf,2021-04,no_row,,,2026-10-09
2974,https://media.bareksa.com/uploads//file_doc/2019/01/AAFTSAM_prospectus.pdf,2019-01,no_row,,,2026-10-09
2975,https://media.bareksa.com/uploads//file_doc/2026/08/ACJMSCS_prospectus.pdf,2026-08,no_row,,,2026-10-09
2976,,,not_found,,,2026-10-09
2977,,,not_found,,,2026-10-09
2978,,,not_found,,,2026-10-09
2979,,,not_found,,,2026-10-09
2980,,,not_found,,,2026-10-09
2981,,,not_found,,,2026-10-09
2982,,,not_found,,,2026-10-09
2983,,,not_found,,,2026-10-09
2984,,,not_found,,,2026-10-09
2985,https://media.bareksa.com/uploads//file_doc/2025/05/AEMMKDL_prospectus.pdf,2025-05,no_row,,,2026-10-09
2986,,,not_found,,,2026-10-09
2987,https://media.bareksa.com/uploads//file_doc/2019/10/ADCBSPU_prospectus.pdf,2019-10,scanned,,,2026-10-09
2988,,,not_found,,,2026-10-09
2990,,,not_found,,,2026-10-09
2991,,,not_found,,,2026-10-09
2993,,,not_found,,,2026-10-09
2994,https://media.bareksa.com/uploads//file_doc/2026/05/AAZEKPG_prospectus.pdf,2026-05,parsed,2025,6.44,2026-10-09
2995,,,not_found,,,2026-10-09
2996,,,not_found,,,2026-10-09
2997,,,not_found,,,2026-10-09
2998,https://media.bareksa.com/uploads//file_doc/2026/04/AAFIKAV_prospectus.pdf,2026-04,parsed,2025,1.58,2026-10-09
2999,https://media.bareksa.com/uploads//file_doc/2018/10/AAKTK75_prospectus.pdf,2018-10,no_row,,,2026-10-09
3000,,,not_found,,,2026-10-09
3001,,,not_found,,,2026-10-09
3002,,,not_found,,,2026-10-09
3003,,,not_found,,,2026-10-09
3004,,,not_found,,,2026-10-09
3005,,,not_found,,,2026-10-09
3006,https://media.bareksa.com/uploads//file_doc/2022/11/ACUTKV4_prospectus.pdf,2022-11,no_row,,,2026-10-09
3007,https://media.bareksa.com/uploads//file_doc/2024/11/ACKBKNC_prospectus.pdf,2024-11,parsed,2023,7.33,2026-10-09
3008,https://media.bareksa.com/uploads//file_doc/2022/09/ACRESSH_prospectus.pdf,2022-09,parsed,2021,4.08,2026-10-09
3009,,,not_found,,,2026-10-09
3010,,,not_found,,,2026-10-09
3013,,,not_found,,,2026-10-09
3014,https://media.bareksa.com/uploads//file_doc/2026/08/ABFIKBN_prospectus.pdf,2026-08,parsed,2025,1.38,2026-10-09
3015,https://media.bareksa.com/uploads//file_doc/2024/11/ACCIKPN_prospectus.pdf,2024-11,parsed,2023,3.89,2026-10-09
3016,,,not_found,,,2026-10-09
3017,,,not_found,,,2026-10-09
3018,https://media.bareksa.com/uploads//file_doc/2018/06/AAYTK15_prospectus.pdf,2018-06,no_row,,,2026-10-09
3019,,,not_found,,,2026-10-09
3020,,,not_found,,,2026-10-09
3021,,,not_found,,,2026-10-09
3022,,,not_found,,,2026-10-09
3023,,,not_found,,,2026-10-09
3024,,,not_found,,,2026-10-09
3025,,,not_found,,,2026-10-09
3026,https://media.bareksa.com/uploads//file_doc/2026/07/ADBFSSY_prospectus.pdf,2026-07,no_row,,,2026-10-09
3027,,,not_found,,,2026-10-09
3028,,,not_found,,,2026-10-09
3029,,,not_found,,,2026-10-09
3030,,,not_found,,,2026-10-09
3031,,,not_found,,,2026-10-09
3032,,,not_found,,,2026-10-09
3033,,,not_found,,,2026-10-09
3034,,,not_found,,,2026-10-09
3035,https://media.bareksa.com/uploads//file_doc/2026/09/ADIMSMP_prospectus.pdf,2026-09,no_row,,,2026-10-09
3036,,,not_found,,,2026-10-09
3037,,,not_found,,,2026-10-09
3038,https://media.bareksa.com/uploads//file_doc/2024/06/ACQBKB2_prospectus.pdf,2024-06,parsed,2023,1.49,2026-10-09
3039,,,not_found,,,2026-10-09
3040,,,not_found,,,2026-10-09
3041,,,not_found,,,2026-10-09
3042,https://media.bareksa.com/uploads//file_doc/2019/11/ACYEKPR_prospectus.pdf,2019-11,scanned,,,2026-10-09
3043,,,not_found,,,2026-10-09
3044,https://media.bareksa.com/uploads//file_doc/2024/11/ACCMSLS_prospectus.pdf,2024-11,parsed,2023,0.54,2026-10-09
3046,,,not_found,,,2026-10-09
3049,,,not_found,,,2026-10-09
3050,https://media.bareksa.com/uploads//file_doc/2025/05/AADEKME_prospectus.pdf,2025-05,parsed,2024,2.44,2026-10-09
3051,,,not_found,,,2026-10-09
3052,,,not_found,,,2026-10-09
3053,https://media.bareksa.com/uploads//file_doc/2018/12/ABREKPS_prospectus.pdf,2018-12,no_row,,,2026-10-09
3054,,,not_found,,,2026-10-09
3055,,,not_found,,,2026-10-09
3056,https://media.bareksa.com/uploads//file_doc/2019/02/AADFKMR_prospectus.pdf,2019-02,no_row,,,2026-10-09
3057,,,not_found,,,2026-10-09
3058,,,not_found,,,2026-10-09
3059,,,not_found,,,2026-10-09
3060,,,not_found,,,2026-10-09
3061,,,not_found,,,2026-10-09
3062,,,not_found,,,2026-10-09
3063,,,not_found,,,2026-10-09
3064,,,not_found,,,2026-10-09
3065,,,not_found,,,2026-10-09
3066,,,not_found,,,2026-10-09
3067,https://media.bareksa.com/uploads//file_doc/2023/09/ABCIK30_prospectus.pdf,2023-09,parsed,2022,7.55,2026-10-09
3070,,,not_found,,,2026-10-09
3071,,,not_found,,,2026-10-09
3072,https://media.bareksa.com/uploads//file_doc/2019/11/ABITKPG_prospectus.pdf,2019-11,scanned,,,2026-10-09
3073,,,not_found,,,2026-10-09
3074,,,not_found,,,2026-10-09
3075,,,not_found,,,2026-10-09
3076,https://media.bareksa.com/uploads//file_doc/2024/03/ADGXKEE_prospectus.pdf,2024-03,parsed,2022,2.12,2026-10-09
3077,https://media.bareksa.com/uploads//file_doc/2025/05/AAIEKEX_prospectus.pdf,2025-05,parsed,2024,1.79,2026-10-09
3079,,,not_found,,,2026-10-09
3080,https://media.bareksa.com/uploads//file_doc/2024/04/ADGMSMS_prospectus.pdf,2024-04,parsed,2023,2.11,2026-10-09
3081,,,not_found,,,2026-10-09
3082,,,not_found,,,2026-10-09
3085,https://media.bareksa.com/uploads//file_doc/2025/05/AAIMKBC_prospectus.pdf,2025-05,parsed,2024,0.27,2026-10-09
3086,https://media.bareksa.com/uploads//file_doc/2024/07/ABNEKEU_prospectus.pdf,2024-07,parsed,2023,0.65,2026-10-09
3087,,,not_found,,,2026-10-09
3088,,,not_found,,,2026-10-09
3089,https://media.bareksa.com/uploads//file_doc/2019/03/ADMMKAL_prospectus.pdf,2019-03,no_row,,,2026-10-09
3090,,,not_found,,,2026-10-09
3091,https://media.bareksa.com/uploads//file_doc/2024/11/ADLFKOO_prospectus.pdf,2024-11,scanned,,,2026-10-09
3092,,,not_found,,,2026-10-09
3093,,,not_found,,,2026-10-09
3094,,,not_found,,,2026-10-09
3095,,,not_found,,,2026-10-09
3096,,,not_found,,,2026-10-09
3097,,,not_found,,,2026-10-09
3098,,,not_found,,,2026-10-09
3099,,,not_found,,,2026-10-09
3100,,,not_found,,,2026-10-09
3101,,,not_found,,,2026-10-09
3102,,,not_found,,,2026-10-09
3103,,,not_found,,,2026-10-09
3104,,,not_found,,,2026-10-09
3105,https://media.bareksa.com/uploads//file_doc/2021/04/AAPTK54_prospectus.pdf,2021-04,no_row,,,2026-10-09
3106,,,not_found,,,2026-10-09
3107,https://media.bareksa.com/uploads//file_doc/2019/07/ABKTKT5_prospectus.pdf,2019-07,no_row,,,2026-10-09
3108,,,not_found,,,2026-10-09
3109,https://media.bareksa.com/uploads//file_doc/2019/07/ABKMKDL_prospectus.pdf,2019-07,no_row,,,2026-10-09
3113,https://media.bareksa.com/uploads//file_doc/2021/08/ACZTKT7_prospectus.pdf,2021-08,no_row,,,2026-10-09
3114,,,not_found,,,2026-10-09
3115,,,not_found,,,2026-10-09
3116,,,not_found,,,2026-10-09
3117,,,not_found,,,2026-10-09
3118,,,not_found,,,2026-10-09
3119,https://media.bareksa.com/uploads//file_doc/2024/11/ACKMSDL_prospectus.pdf,2024-11,no_row,,,2026-10-09
3120,,,not_found,,,2026-10-09
3121,,,not_found,,,2026-10-09
3122,https://media.bareksa.com/uploads//file_doc/2025/05/AAKFKOB_prospectus.pdf,2025-05,parsed,2024,0.28,2026-10-09
3123,https://media.bareksa.com/uploads//file_doc/2024/03/ACOBSBS_prospectus.pdf,2024-03,parsed,2022,3.69,2026-10-09
3124,https://media.bareksa.com/uploads//file_doc/2026/08/ABMMKM2_prospectus.pdf,2026-08,parsed,2025,1.15,2026-10-09
3125,,,not_found,,,2026-10-09
3126,https://media.bareksa.com/uploads//file_doc/2026/07/ACLFKFI_prospectus.pdf,2026-07,parsed,2025,1.44,2026-10-09
3127,,,not_found,,,2026-10-09
3128,,,not_found,,,2026-10-09
3129,https://media.bareksa.com/uploads//file_doc/2020/11/ADMBKAB_prospectus.pdf,2020-11,scanned,,,2026-10-09
3130,,,not_found,,,2026-10-09
3131,,,not_found,,,2026-10-09
3132,,,not_found,,,2026-10-09
3133,https://media.bareksa.com/uploads//file_doc/2018/06/ABPTK18_prospectus.pdf,2018-06,no_row,,,2026-10-09
3134,,,not_found,,,2026-10-09
3135,https://media.bareksa.com/uploads//file_doc/2026/09/ABCIK1L_prospectus.pdf,2026-09,parsed,2025,2.74,2026-10-09
3136,,,not_found,,,2026-10-09
3137,,,not_found,,,2026-10-09
3138,,,not_found,,,2026-10-09
3139,,,not_found,,,2026-10-09
3140,https://media.bareksa.com/uploads//file_doc/2021/08/AEMTKA1_prospectus.pdf,2021-08,no_row,,,2026-10-09
3141,,,not_found,,,2026-10-09
3142,,,not_found,,,2026-10-09
3143,,,not_found,,,2026-10-09
3144,,,not_found,,,2026-10-09
3145,,,not_found,,,2026-10-09
3146,https://media.bareksa.com/uploads//file_doc/2022/05/AAKBKBB_prospectus.pdf,2022-05,parsed,2021,1.27,2026-10-09
3147,,,not_found,,,2026-10-09
3148,https://media.bareksa.com/uploads//file_doc/2021/08/ACZTKVI_prospectus.pdf,2021-08,no_row,,,2026-10-09
3149,,,not_found,,,2026-10-09
3150,https://media.bareksa.com/uploads//file_doc/2024/03/ADGBKBF_prospectus.pdf,2024-03,no_row,,,2026-10-09
3151,,,not_found,,,2026-10-09
3152,,,not_found,,,2026-10-09
3153,,,not_found,,,2026-10-09
3154,,,not_found,,,2026-10-09
3155,,,not_found,,,2026-10-09
3157,,,not_found,,,2026-10-09
3160,,,not_found,,,2026-10-09
3161,,,not_found,,,2026-10-09
3162,https://media.bareksa.com/uploads//file_doc/2021/07/AAKFSSS_prospectus.pdf,2021-07,parsed,2020,0.52,2026-10-09
3163,,,not_found,,,2026-10-09
3164,,,not_found,,,2026-10-09
3166,,,not_found,,,2026-10-09
3167,https://media.bareksa.com/uploads//file_doc/2019/11/ABITKC1_prospectus.pdf,2019-11,scanned,,,2026-10-09
3168,https://media.bareksa.com/uploads//file_doc/2021/07/AAEEKN2_prospectus.pdf,2021-07,parsed,2020,0.86,2026-10-09
3169,,,not_found,,,2026-10-09
3170,,,not_found,,,2026-10-09
3171,,,not_found,,,2026-10-09
3172,,,not_found,,,2026-10-09
3173,https://media.bareksa.com/uploads//file_doc/2024/08/ADMEKAE_prospectus.pdf,2024-08,scanned,,,2026-10-09
3174,,,not_found,,,2026-10-09
3175,https://media.bareksa.com/uploads//file_doc/2019/01/ABMTK11_prospectus.pdf,2019-01,no_row,,,2026-10-09
3176,https://media.bareksa.com/uploads//file_doc/2023/09/AAXEKAF_prospectus.pdf,2023-09,no_row,,,2026-10-09
3177,,,not_found,,,2026-10-09
3178,,,not_found,,,2026-10-09
3179,,,not_found,,,2026-10-09
3182,,,not_found,,,2026-10-09
3183,https://media.bareksa.com/uploads//file_doc/2020/02/ADEBSSB_prospectus.pdf,2020-02,no_row,,,2026-10-09
3184,https://media.bareksa.com/uploads//file_doc/2026/08/AAKXKBX_prospectus.pdf,2026-08,parsed,2025,1.05,2026-10-09
3185,https://media.bareksa.com/uploads//file_doc/2026/08/AAPXK40_prospectus.pdf,2026-08,parsed,2025,1.30,2026-10-09
3186,https://media.bareksa.com/uploads//file_doc/2026/09/ABCMKRC_prospectus.pdf,2026-09,no_row,,,2026-10-09
3187,,,not_found,,,2026-10-09
3190,https://media.bareksa.com/uploads//file_doc/2021/12/AAFTKS3_prospectus.pdf,2021-12,parsed,2020,0.95,2026-10-09
3191,,,not_found,,,2026-10-09
3192,,,not_found,,,2026-10-09
3193,,,not_found,,,2026-10-09
3194,,,not_found,,,2026-10-09
3195,,,not_found,,,2026-10-09
3196,,,not_found,,,2026-10-09
3197,,,not_found,,,2026-10-09
3198,,,not_found,,,2026-10-09
3199,,,not_found,,,2026-10-09
3200,,,not_found,,,2026-10-09
3201,,,not_found,,,2026-10-09
3202,https://media.bareksa.com/uploads//file_doc/2026/06/ACOIKSK_prospectus.pdf,2026-06,parsed,2025,1.90,2026-10-09
3203,,,not_found,,,2026-10-09
3204,,,not_found,,,2026-10-09
3205,,,not_found,,,2026-10-09
3206,,,not_found,,,2026-10-09
3207,,,not_found,,,2026-10-09
3208,,,not_found,,,2026-10-09
3209,,,not_found,,,2026-10-09
3210,,,not_found,,,2026-10-09
3212,,,not_found,,,2026-10-09
3213,,,not_found,,,2026-10-09
3214,https://media.bareksa.com/uploads//file_doc/2021/02/ABITKS1_prospectus.pdf,2021-02,scanned,,,2026-10-09
3215,,,not_found,,,2026-10-09
3216,,,not_found,,,2026-10-09
3217,,,not_found,,,2026-10-09
3218,https://media.bareksa.com/uploads//file_doc/2025/04/AAGXKEQ_prospectus.pdf,2025-04,parsed,2024,1.10,2026-10-09
3219,https://media.bareksa.com/uploads//file_doc/2018/12/AAKTKU6_prospectus.pdf,2018-12,no_row,,,2026-10-09
3220,,,not_found,,,2026-10-09
3221,,,not_found,,,2026-10-09
3222,https://media.bareksa.com/uploads//file_doc/2024/05/AAFFKSJ_prospectus.pdf,2024-05,no_row,,,2026-10-09
3223,https://media.bareksa.com/uploads//file_doc/2026/05/ACBEKSK_prospectus.pdf,2026-05,scanned,,,2026-10-09
3224,https://media.bareksa.com/uploads//file_doc/2021/03/ACCTKII_prospectus.pdf,2021-03,no_row,,,2026-10-09
3225,,,not_found,,,2026-10-09
3226,,,not_found,,,2026-10-09
3227,https://media.bareksa.com/uploads//file_doc/2021/08/ADGXK30_prospectus.pdf,2021-08,parsed,2020,3.15,2026-10-09
3228,,,not_found,,,2026-10-09
3229,https://media.bareksa.com/uploads//file_doc/2021/06/ACCTKO3_prospectus.pdf,2021-06,parsed,2020,0.58,2026-10-09
3230,,,not_found,,,2026-10-09
3231,https://media.bareksa.com/uploads//file_doc/2025/05/AAKTKXI_prospectus.pdf,2025-05,parsed,2024,0.05,2026-10-09
3232,,,not_found,,,2026-10-09
3233,https://media.bareksa.com/uploads//file_doc/2019/04/AAOESAS_prospectus.pdf,2019-04,no_row,,,2026-10-09
3234,,,not_found,,,2026-10-09
3235,,,not_found,,,2026-10-09
3236,,,not_found,,,2026-10-09
3237,,,not_found,,,2026-10-09
3238,,,not_found,,,2026-10-09
3239,,,not_found,,,2026-10-09
3240,,,not_found,,,2026-10-09
3241,,,not_found,,,2026-10-09
3242,https://media.bareksa.com/uploads//file_doc/2024/05/AAHIKID_prospectus.pdf,2024-05,no_row,,,2026-10-09
3243,,,not_found,,,2026-10-09
3244,https://media.bareksa.com/uploads//file_doc/2026/08/ACRIKSM_prospectus.pdf,2026-08,parsed,2025,2.93,2026-10-09
3245,https://media.bareksa.com/uploads//file_doc/2021/07/AAKFSS2_prospectus.pdf,2021-07,parsed,2020,0.56,2026-10-09
3246,,,not_found,,,2026-10-09
3247,https://media.bareksa.com/uploads//file_doc/2020/01/AAFTSBR_prospectus.pdf,2020-01,no_row,,,2026-10-09
3248,https://media.bareksa.com/uploads//file_doc/2020/11/ADMESSE_prospectus.pdf,2020-11,scanned,,,2026-10-09
3249,,,not_found,,,2026-10-09
3250,,,not_found,,,2026-10-09
3252,,,not_found,,,2026-10-09
3253,https://media.bareksa.com/uploads//file_doc/2025/05/AAMBKBF_prospectus.pdf,2025-05,parsed,2024,1.98,2026-10-09
3254,https://media.bareksa.com/uploads//file_doc/2023/06/AAFTKS4_prospectus.pdf,2023-06,parsed,2022,3.10,2026-10-09
3255,,,not_found,,,2026-10-09
3256,,,not_found,,,2026-10-09
3257,,,not_found,,,2026-10-09
3258,,,not_found,,,2026-10-09
3259,,,not_found,,,2026-10-09
3260,,,not_found,,,2026-10-09
3261,https://media.bareksa.com/uploads//file_doc/2022/06/ACLTKPV_prospectus.pdf,2022-06,parsed,2021,0.34,2026-10-09
3262,https://media.bareksa.com/uploads//file_doc/2024/11/ACKFKPM_prospectus.pdf,2024-11,parsed,2023,0.38,2026-10-09
3263,,,not_found,,,2026-10-09
3264,https://media.bareksa.com/uploads//file_doc/2021/03/ACCTK22_prospectus.pdf,2021-03,no_row,,,2026-10-09
3265,https://media.bareksa.com/uploads//file_doc/2024/11/ACKBKCS_prospectus.pdf,2024-11,no_row,,,2026-10-09
3266,https://media.bareksa.com/uploads//file_doc/2025/07/AAHFKBR_prospectus.pdf,2025-07,parsed,2024,0.45,2026-10-09
3267,https://media.bareksa.com/uploads//file_doc/2023/05/AANMKSR_prospectus.pdf,2023-05,scanned,,,2026-10-09
3268,https://media.bareksa.com/uploads//file_doc/2020/03/ADCEKSB_prospectus.pdf,2020-03,scanned,,,2026-10-09
3269,,,not_found,,,2026-10-09
3270,,,not_found,,,2026-10-09
3271,,,not_found,,,2026-10-09
3272,,,not_found,,,2026-10-09
3273,,,not_found,,,2026-10-09
3274,https://media.bareksa.com/uploads//file_doc/2020/03/ADCESSB_prospectus.pdf,2020-03,scanned,,,2026-10-09
3275,https://media.bareksa.com/uploads//file_doc/2020/11/ADMEKSE_prospectus.pdf,2020-11,scanned,,,2026-10-09
3276,https://media.bareksa.com/uploads//file_doc/2025/07/AAHFKCM_prospectus.pdf,2025-07,parsed,2024,0.94,2026-10-09
3277,https://media.bareksa.com/uploads//file_doc/2021/07/AAEEKNN_prospectus.pdf,2021-07,no_row,,,2026-10-09
3278,,,not_found,,,2026-10-09
3279,https://media.bareksa.com/uploads//file_doc/2026/08/AAPMSSR_prospectus.pdf,2026-08,parsed,2025,0.63,2026-10-09
3280,,,not_found,,,2026-10-09
3281,,,not_found,,,2026-10-09
3282,,,not_found,,,2026-10-09
3283,,,not_found,,,2026-10-09
3284,,,not_found,,,2026-10-09
3285,,,not_found,,,2026-10-09
3286,,,not_found,,,2026-10-09
3287,https://media.bareksa.com/uploads//file_doc/2018/12/AAKTKU8_prospectus.pdf,2018-12,no_row,,,2026-10-09
3288,https://media.bareksa.com/uploads//file_doc/2023/07/ABPFSPT_prospectus.pdf,2023-07,parsed,2022,1.34,2026-10-09
3289,https://media.bareksa.com/uploads//file_doc/2026/09/ADIEKGM_prospectus.pdf,2026-09,parsed,2025,2.35,2026-10-09
3290,,,not_found,,,2026-10-09
3291,,,not_found,,,2026-10-09
3292,,,not_found,,,2026-10-09
3293,,,not_found,,,2026-10-09
3294,,,not_found,,,2026-10-09
3296,,,not_found,,,2026-10-09
3297,https://media.bareksa.com/uploads//file_doc/2019/08/AEMEKDS_prospectus.pdf,2019-08,no_row,,,2026-10-09
3298,,,not_found,,,2026-10-09
3299,,,not_found,,,2026-10-09
3300,https://media.bareksa.com/uploads//file_doc/2021/04/ACBMKMM_prospectus.pdf,2021-04,scanned,,,2026-10-09
3301,,,not_found,,,2026-10-09
3302,,,not_found,,,2026-10-09
3303,https://media.bareksa.com/uploads//file_doc/2025/05/AANBKKB_prospectus.pdf,2025-05,scanned,,,2026-10-09
3304,,,not_found,,,2026-10-09
3305,https://media.bareksa.com/uploads//file_doc/2025/05/AAKTK2I_prospectus.pdf,2025-05,parsed,2024,0.97,2026-10-09
3306,,,not_found,,,2026-10-09
3307,,,not_found,,,2026-10-09
3308,,,not_found,,,2026-10-09
3309,,,not_found,,,2026-10-09
3310,https://media.bareksa.com/uploads//file_doc/2024/05/AAEEKNS_prospectus.pdf,2024-05,parsed,2023,4.38,2026-10-09
3311,,,not_found,,,2026-10-09
3312,https://media.bareksa.com/uploads//file_doc/2021/08/AEMTKP3_prospectus.pdf,2021-08,no_row,,,2026-10-09
3313,,,not_found,,,2026-10-09
3314,,,not_found,,,2026-10-09
3315,,,not_found,,,2026-10-09
3316,,,not_found,,,2026-10-09
3317,,,not_found,,,2026-10-09
3318,,,not_found,,,2026-10-09
3319,https://media.bareksa.com/uploads//file_doc/2025/05/ADJFKPT_prospectus.pdf,2025-05,parsed,2024,1.16,2026-10-09
3320,,,not_found,,,2026-10-09
3321,https://media.bareksa.com/uploads//file_doc/2021/07/AAEFKNU_prospectus.pdf,2021-07,no_row,,,2026-10-09
3322,,,not_found,,,2026-10-09
3323,,,not_found,,,2026-10-09
3324,,,not_found,,,2026-10-09
3325,,,not_found,,,2026-10-09
3326,,,not_found,,,2026-10-09
3327,,,not_found,,,2026-10-09
3328,,,not_found,,,2026-10-09
3329,,,not_found,,,2026-10-09
3330,,,not_found,,,2026-10-09
3331,,,not_found,,,2026-10-09
3332,https://media.bareksa.com/uploads//file_doc/2023/09/AAWIKFS_prospectus.pdf,2023-09,scanned,,,2026-10-09
3333,,,not_found,,,2026-10-09
3334,,,not_found,,,2026-10-09
3335,,,not_found,,,2026-10-09
3336,,,not_found,,,2026-10-09
3337,,,not_found,,,2026-10-09
3338,https://media.bareksa.com/uploads//file_doc/2026/03/ABNMSKS_prospectus.pdf,2026-03,parsed,2024,0.93,2026-10-09
3339,,,not_found,,,2026-10-09
3340,,,not_found,,,2026-10-09
3341,,,not_found,,,2026-10-09
3342,,,not_found,,,2026-10-09
3343,,,not_found,,,2026-10-09
3344,,,not_found,,,2026-10-09
3345,https://media.bareksa.com/uploads//file_doc/2020/03/ADCESUG_prospectus.pdf,2020-03,scanned,,,2026-10-09
3346,,,not_found,,,2026-10-09
3347,,,not_found,,,2026-10-09
3348,,,not_found,,,2026-10-09
3349,,,not_found,,,2026-10-09
3350,,,not_found,,,2026-10-09
3351,,,not_found,,,2026-10-09
3352,,,not_found,,,2026-10-09
3353,https://media.bareksa.com/uploads//file_doc/2024/03/ADGXKFT_prospectus.pdf,2024-03,parsed,2022,1.86,2026-10-09
3354,,,not_found,,,2026-10-09
3355,https://media.bareksa.com/uploads//file_doc/2023/11/AAPTK60_prospectus.pdf,2023-11,no_row,,,2026-10-09
3356,,,not_found,,,2026-10-09
3357,,,not_found,,,2026-10-09
3358,,,not_found,,,2026-10-09
3359,,,not_found,,,2026-10-09
3360,,,not_found,,,2026-10-09
3361,,,not_found,,,2026-10-09
3362,,,not_found,,,2026-10-09
3363,,,not_found,,,2026-10-09
3364,,,not_found,,,2026-10-09
3365,,,not_found,,,2026-10-09
3366,,,not_found,,,2026-10-09
3367,,,not_found,,,2026-10-09
3368,,,not_found,,,2026-10-09
3369,https://media.bareksa.com/uploads//file_doc/2024/05/AAVTKS5_prospectus.pdf,2024-05,parsed,2023,1.47,2026-10-09
3370,,,not_found,,,2026-10-09
3371,,,not_found,,,2026-10-09
3372,,,not_found,,,2026-10-09
3373,,,not_found,,,2026-10-09
3374,,,not_found,,,2026-10-09
3375,,,not_found,,,2026-10-09
3376,,,not_found,,,2026-10-09
3377,,,not_found,,,2026-10-09
3378,,,not_found,,,2026-10-09
3379,https://media.bareksa.com/uploads//file_doc/2019/11/ABITKT1_prospectus.pdf,2019-11,scanned,,,2026-10-09
3380,,,not_found,,,2026-10-09
3381,,,not_found,,,2026-10-09
3382,https://media.bareksa.com/uploads//file_doc/2024/08/ADMESSA_prospectus.pdf,2024-08,no_row,,,2026-10-09
3383,,,not_found,,,2026-10-09
3384,,,not_found,,,2026-10-09
3385,,,not_found,,,2026-10-09
3386,,,not_found,,,2026-10-09
3387,https://media.bareksa.com/uploads//file_doc/2019/01/ABCTK36_prospectus.pdf,2019-01,no_row,,,2026-10-09
3388,,,not_found,,,2026-10-09
3389,,,not_found,,,2026-10-09
3390,,,not_found,,,2026-10-09
3391,,,not_found,,,2026-10-09
3392,https://media.bareksa.com/uploads//file_doc/2020/11/ADMEKSP_prospectus.pdf,2020-11,scanned,,,2026-10-09
3393,,,not_found,,,2026-10-09
3394,,,not_found,,,2026-10-09
3395,,,not_found,,,2026-10-09
3396,,,not_found,,,2026-10-09
3397,https://media.bareksa.com/uploads//file_doc/2026/08/ACPMSSM_prospectus.pdf,2026-08,parsed,2025,1.20,2026-10-09
3398,https://media.bareksa.com/uploads//file_doc/2018/12/AATESBS_prospectus.pdf,2018-12,no_row,,,2026-10-09
3399,,,not_found,,,2026-10-09
3400,https://media.bareksa.com/uploads//file_doc/2024/11/ABHFKBO_prospectus.pdf,2024-11,parsed,2023,2.04,2026-10-09
3401,,,not_found,,,2026-10-09
3402,,,not_found,,,2026-10-09
3403,,,not_found,,,2026-10-09
3404,https://media.bareksa.com/uploads//file_doc/2021/06/ACCTKP9_prospectus.pdf,2021-06,no_row,,,2026-10-09
3405,,,not_found,,,2026-10-09
3406,,,not_found,,,2026-10-09
3564,,,not_found,,,2026-10-09
3565,https://media.bareksa.com/uploads//file_doc/2021/04/ACBBKF2_prospectus.pdf,2021-04,scanned,,,2026-10-09
3566,,,not_found,,,2026-10-09
3567,,,not_found,,,2026-10-09
3568,https://media.bareksa.com/uploads//file_doc/2026/08/ADEBKGR_prospectus.pdf,2026-08,parsed,2025,2.81,2026-10-09
3569,,,not_found,,,2026-10-09
3570,https://media.bareksa.com/uploads//file_doc/2024/05/AAFTKS6_prospectus.pdf,2024-05,parsed,2023,1.61,2026-10-09
3571,,,not_found,,,2026-10-09
3572,,,not_found,,,2026-10-09
3573,,,not_found,,,2026-10-09
3574,,,not_found,,,2026-10-09
3575,https://media.bareksa.com/uploads//file_doc/2021/02/ABIFKMB_prospectus.pdf,2021-02,scanned,,,2026-10-09
3576,https://media.bareksa.com/uploads//file_doc/2023/11/ACUBKIB_prospectus.pdf,2023-11,no_row,,,2026-10-09
3577,,,not_found,,,2026-10-09
3578,https://media.bareksa.com/uploads//file_doc/2024/11/ACZEKPR_prospectus.pdf,2024-11,no_row,,,2026-10-09
3579,,,not_found,,,2026-10-09
3580,,,not_found,,,2026-10-09
3581,,,not_found,,,2026-10-09
3582,,,not_found,,,2026-10-09
3583,,,not_found,,,2026-10-09
3584,,,not_found,,,2026-10-09
3585,https://media.bareksa.com/uploads//file_doc/2022/11/ADBEKVD_prospectus.pdf,2022-11,no_row,,,2026-10-09
3586,,,not_found,,,2026-10-09
3587,https://media.bareksa.com/uploads//file_doc/2023/07/ADEMKCF_prospectus.pdf,2023-07,parsed,2022,0.61,2026-10-09
3588,,,not_found,,,2026-10-09
3589,,,not_found,,,2026-10-09
3590,,,not_found,,,2026-10-09
3591,https://media.bareksa.com/uploads//file_doc/2023/05/ABMIK45_prospectus.pdf,2023-05,parsed,2022,0.92,2026-10-09
3592,,,not_found,,,2026-10-09
3593,,,not_found,,,2026-10-09
3594,,,not_found,,,2026-10-09
3595,https://media.bareksa.com/uploads//file_doc/2021/06/ACCTKO8_prospectus.pdf,2021-06,parsed,2020,1.36,2026-10-09
3596,,,not_found,,,2026-10-09
3597,,,not_found,,,2026-10-09
3598,https://media.bareksa.com/uploads//file_doc/2019/10/ACZTKD8_prospectus.pdf,2019-10,no_row,,,2026-10-09
3599,,,not_found,,,2026-10-09
3600,,,not_found,,,2026-10-09
3601,,,not_found,,,2026-10-09
3602,https://media.bareksa.com/uploads//file_doc/2021/07/AAKFKST_prospectus.pdf,2021-07,parsed,2020,0.32,2026-10-09
3603,,,not_found,,,2026-10-09
3604,,,not_found,,,2026-10-09
3605,,,not_found,,,2026-10-09
3606,,,not_found,,,2026-10-09
3607,https://media.bareksa.com/uploads//file_doc/2025/05/ADJFKMA_prospectus.pdf,2025-05,parsed,2024,1.48,2026-10-09
3608,,,not_found,,,2026-10-09
3609,,,not_found,,,2026-10-09
3610,,,not_found,,,2026-10-09
3611,,,not_found,,,2026-10-09
3612,,,not_found,,,2026-10-09
3613,,,not_found,,,2026-10-09
3614,,,not_found,,,2026-10-09
3615,,,not_found,,,2026-10-09
3616,,,not_found,,,2026-10-09
3617,,,not_found,,,2026-10-09
3618,,,not_found,,,2026-10-09
3619,,,not_found,,,2026-10-09
3620,,,not_found,,,2026-10-09
3621,,,not_found,,,2026-10-09
3622,,,not_found,,,2026-10-09
3623,,,not_found,,,2026-10-09
3624,https://media.bareksa.com/uploads//file_doc/2026/04/AAHIKSK_prospectus.pdf,2026-04,share_classes,,,2026-10-09
3625,,,not_found,,,2026-10-09
3626,,,not_found,,,2026-10-09
3627,,,not_found,,,2026-10-09
3628,https://media.bareksa.com/uploads//file_doc/2025/05/ACIBKRO_prospectus.pdf,2025-05,no_row,,,2026-10-09
3629,https://media.bareksa.com/uploads//file_doc/2019/02/ABRESSS_prospectus.pdf,2019-02,no_row,,,2026-10-09
3630,https://media.bareksa.com/uploads//file_doc/2026/05/AANEKSU_prospectus.pdf,2026-05,scanned,,,2026-10-09
3631,https://media.bareksa.com/uploads//file_doc/2026/05/AANESUS_prospectus.pdf,2026-05,scanned,,,2026-10-09
3632,,,not_found,,,2026-10-09
3633,https://media.bareksa.com/uploads//file_doc/2021/08/AEMFKT1_prospectus.pdf,2021-08,no_row,,,2026-10-09
3634,,,not_found,,,2026-10-09
3635,,,not_found,,,2026-10-09
3636,,,not_found,,,2026-10-09
3637,,,not_found,,,2026-10-09
3638,,,not_found,,,2026-10-09
3640,https://media.bareksa.com/uploads//file_doc/2024/03/ACOESSE_prospectus.pdf,2024-03,parsed,2022,1.91,2026-10-09
3641,,,not_found,,,2026-10-09
3642,https://media.bareksa.com/uploads//file_doc/2026/10/ACAFSKF_prospectus_1790848403.pdf,2026-10,parsed,2025,1.13,2026-10-09
3643,,,not_found,,,2026-10-09
3644,,,not_found,,,2026-10-09
3645,https://media.bareksa.com/uploads//file_doc/2026/05/AAZFKTP_prospectus.pdf,2026-05,parsed,2024,2.86,2026-10-09
3646,,,not_found,,,2026-10-09
3647,,,not_found,,,2026-10-09
3648,,,not_found,,,2026-10-09
3649,,,not_found,,,2026-10-09
3650,https://media.bareksa.com/uploads//file_doc/2024/05/AAFTSS2_prospectus.pdf,2024-05,no_row,,,2026-10-09
3651,,,not_found,,,2026-10-09
3652,,,not_found,,,2026-10-09
3653,,,not_found,,,2026-10-09
3654,,,not_found,,,2026-10-09
3655,,,not_found,,,2026-10-09
3656,https://media.bareksa.com/uploads//file_doc/2026/10/ACAMSPA_prospectus_1790847379.pdf,2026-10,parsed,2025,0.26,2026-10-09
3657,,,not_found,,,2026-10-09
3658,,,not_found,,,2026-10-09
3659,,,not_found,,,2026-10-09
3660,https://media.bareksa.com/uploads//file_doc/2026/09/AASMSKH_prospectus.pdf,2026-09,share_classes,,,2026-10-09
3661,,,not_found,,,2026-10-09
3662,,,not_found,,,2026-10-09
3663,,,not_found,,,2026-10-09
3664,,,not_found,,,2026-10-09
3665,,,not_found,,,2026-10-09
3666,https://media.bareksa.com/uploads//file_doc/2024/05/ABAXK20_prospectus.pdf,2024-05,parsed,2023,1.72,2026-10-09
3667,https://media.bareksa.com/uploads//file_doc/2024/05/ABAXKIG_prospectus.pdf,2024-05,parsed,2023,1.48,2026-10-09
3668,https://media.bareksa.com/uploads//file_doc/2019/05/AADBSMB_prospectus.pdf,2019-05,no_row,,,2026-10-09
3669,,,not_found,,,2026-10-09
3670,,,not_found,,,2026-10-09
3671,,,not_found,,,2026-10-09
3672,https://media.bareksa.com/uploads//file_doc/2021/02/ABITKC2_prospectus.pdf,2021-02,scanned,,,2026-10-09
3673,,,not_found,,,2026-10-09
3674,https://media.bareksa.com/uploads//file_doc/2019/02/ADAEKGM_prospectus.pdf,2019-02,no_row,,,2026-10-09
3675,,,not_found,,,2026-10-09
3676,,,not_found,,,2026-10-09
3677,,,not_found,,,2026-10-09
3678,,,not_found,,,2026-10-09
3679,,,not_found,,,2026-10-09
3680,,,not_found,,,2026-10-09
3681,,,not_found,,,2026-10-09
3682,,,not_found,,,2026-10-09
3683,https://media.bareksa.com/uploads//file_doc/2026/05/AANMSKS_prospectus.pdf,2026-05,scanned,,,2026-10-09
3684,,,not_found,,,2026-10-09
3685,,,not_found,,,2026-10-09
3686,,,not_found,,,2026-10-09
3687,,,not_found,,,2026-10-09
3688,https://media.bareksa.com/uploads//file_doc/2024/11/ADKFKDU_prospectus.pdf,2024-11,scanned,,,2026-10-09
3689,,,not_found,,,2026-10-09
3690,,,not_found,,,2026-10-09
3691,https://media.bareksa.com/uploads//file_doc/2021/06/ACCTKX2_prospectus.pdf,2021-06,parsed,2020,0.98,2026-10-09
3692,,,not_found,,,2026-10-09
3693,https://media.bareksa.com/uploads//file_doc/2021/12/AAFTKS7_prospectus.pdf,2021-12,parsed,2020,1.13,2026-10-09
3694,,,not_found,,,2026-10-09
3695,,,not_found,,,2026-10-09
3696,https://media.bareksa.com/uploads//file_doc/2021/06/AJMMKUI_prospectus.pdf,2021-06,no_row,,,2026-10-09
3697,https://media.bareksa.com/uploads//file_doc/2020/06/AAREKEP_prospectus.pdf,2020-06,scanned,,,2026-10-09
3698,,,not_found,,,2026-10-09
3699,https://media.bareksa.com/uploads//file_doc/2021/08/AEMTKP5_prospectus.pdf,2021-08,no_row,,,2026-10-09
3700,,,not_found,,,2026-10-09
3701,,,not_found,,,2026-10-09
3702,,,not_found,,,2026-10-09
3703,https://media.bareksa.com/uploads//file_doc/2025/05/AADFKFI_prospectus.pdf,2025-05,parsed,2024,1.30,2026-10-09
3704,,,not_found,,,2026-10-09
3705,,,not_found,,,2026-10-09
3706,,,not_found,,,2026-10-09
3707,,,not_found,,,2026-10-09
3708,,,not_found,,,2026-10-09
3709,,,not_found,,,2026-10-09
3710,,,not_found,,,2026-10-09
3711,https://media.bareksa.com/uploads//file_doc/2026/08/AAPFKPT_prospectus.pdf,2026-08,parsed,2025,1.82,2026-10-09
3712,,,not_found,,,2026-10-09
3713,https://media.bareksa.com/uploads//file_doc/2021/06/AJMBKIC_prospectus.pdf,2021-06,no_row,,,2026-10-09
3714,,,not_found,,,2026-10-09
3715,,,not_found,,,2026-10-09
3716,https://media.bareksa.com/uploads//file_doc/2020/06/AARESSP_prospectus.pdf,2020-06,scanned,,,2026-10-09
3717,,,not_found,,,2026-10-09
3718,https://media.bareksa.com/uploads//file_doc/2025/07/AAHIKIF_prospectus.pdf,2025-07,parsed,2024,1.72,2026-10-09
3719,https://media.bareksa.com/uploads//file_doc/2025/05/AAKXK30_prospectus.pdf,2025-05,parsed,2024,1.14,2026-10-09
3720,https://media.bareksa.com/uploads//file_doc/2025/07/AAFMKLQ_prospectus.pdf,2025-07,parsed,2024,1.63,2026-10-09
3721,https://media.bareksa.com/uploads//file_doc/2020/03/ADCMSMU_prospectus.pdf,2020-03,no_row,,,2026-10-09
3722,,,not_found,,,2026-10-09
3723,,,not_found,,,2026-10-09
3724,,,not_found,,,2026-10-09
3725,https://media.bareksa.com/uploads//file_doc/2021/07/AAEEKSN_prospectus.pdf,2021-07,no_row,,,2026-10-09
3726,,,not_found,,,2026-10-09
3727,https://media.bareksa.com/uploads//file_doc/2023/09/ADJTKG2_prospectus.pdf,2023-09,parsed,2022,1.16,2026-10-09
3728,https://media.bareksa.com/uploads//file_doc/2024/05/AAFFKBF_prospectus.pdf,2024-05,no_row,,,2026-10-09
3729,,,not_found,,,2026-10-09
3730,https://media.bareksa.com/uploads//file_doc/2025/05/AFFIKIL_prospectus.pdf,2025-05,parsed,2024,3.06,2026-10-09
3731,https://media.bareksa.com/uploads//file_doc/2021/12/AAFTKS8_prospectus.pdf,2021-12,parsed,2020,0.96,2026-10-09
3732,,,not_found,,,2026-10-09
3733,,,not_found,,,2026-10-09
3734,,,not_found,,,2026-10-09
3735,,,not_found,,,2026-10-09
3736,,,not_found,,,2026-10-09
3737,,,not_found,,,2026-10-09
3738,,,not_found,,,2026-10-09
3739,https://media.bareksa.com/uploads//file_doc/2026/08/AAKXKSK_prospectus.pdf,2026-08,parsed,2025,1.18,2026-10-09
3740,https://media.bareksa.com/uploads//file_doc/2026/03/ALMMKMM_prospectus.pdf,2026-03,parsed,2025,0.61,2026-10-09
3741,,,not_found,,,2026-10-09
3742,https://media.bareksa.com/uploads//file_doc/2021/04/AAPTKG1_prospectus.pdf,2021-04,no_row,,,2026-10-09
3743,https://media.bareksa.com/uploads//file_doc/2022/11/AAGFKMY_prospectus.pdf,2022-11,parsed,2021,3.96,2026-10-09
3744,,,not_found,,,2026-10-09
3745,,,not_found,,,2026-10-09
3746,,,not_found,,,2026-10-09
3747,https://media.bareksa.com/uploads//file_doc/2021/08/ACZTKIX_prospectus.pdf,2021-08,no_row,,,2026-10-09
3748,,,not_found,,,2026-10-09
3749,,,not_found,,,2026-10-09
3750,,,not_found,,,2026-10-09
3751,https://media.bareksa.com/uploads//file_doc/2020/03/ADCESAS_prospectus.pdf,2020-03,no_row,,,2026-10-09
3752,,,not_found,,,2026-10-09
3753,,,not_found,,,2026-10-09
3754,,,not_found,,,2026-10-09
3755,https://media.bareksa.com/uploads//file_doc/2026/10/ACAMSFL_prospectus_1790848735.pdf,2026-10,parsed,2025,0.86,2026-10-09
3756,,,not_found,,,2026-10-09
3757,,,not_found,,,2026-10-09
3758,,,not_found,,,2026-10-09
3759,,,not_found,,,2026-10-09
3760,https://media.bareksa.com/uploads//file_doc/2021/06/AJMEKSI_prospectus.pdf,2021-06,no_row,,,2026-10-09
3761,,,not_found,,,2026-10-09
3762,,,not_found,,,2026-10-09
3763,,,not_found,,,2026-10-09
3764,https://media.bareksa.com/uploads//file_doc/2021/06/AJMMKUA_prospectus.pdf,2021-06,no_row,,,2026-10-09
3765,https://media.bareksa.com/uploads//file_doc/2026/03/ACTBKAS_prospectus.pdf,2026-03,share_classes,,,2026-10-09
3766,,,not_found,,,2026-10-09
3767,,,not_found,,,2026-10-09
3768,https://media.bareksa.com/uploads//file_doc/2024/11/ABJFSSI_prospectus.pdf,2024-11,parsed,2023,1.51,2026-10-09
3769,https://media.bareksa.com/uploads//file_doc/2025/05/ABMMSSE_prospectus.pdf,2025-05,parsed,2024,2.09,2026-10-09
3770,https://media.bareksa.com/uploads//file_doc/2021/04/AAPTK62_prospectus.pdf,2021-04,no_row,,,2026-10-09
3771,,,not_found,,,2026-10-09
3775,,,not_found,,,2026-10-09
3776,,,not_found,,,2026-10-09
3777,https://media.bareksa.com/uploads//file_doc/2022/11/ABITKS2_prospectus.pdf,2022-11,no_row,,,2026-10-09
3778,https://media.bareksa.com/uploads//file_doc/2021/04/ACFXKEI_prospectus.pdf,2021-04,parsed,2020,1.82,2026-10-09
3779,,,not_found,,,2026-10-09
3780,,,not_found,,,2026-10-09
3781,,,not_found,,,2026-10-09
3782,,,not_found,,,2026-10-09
3783,,,not_found,,,2026-10-09
3784,https://media.bareksa.com/uploads//file_doc/2026/03/ALMBKBF_prospectus.pdf,2026-03,parsed,2025,6.01,2026-10-09
3785,https://media.bareksa.com/uploads//file_doc/2026/08/ACPBSBF_prospectus.pdf,2026-08,parsed,2025,3.56,2026-10-09
3786,,,not_found,,,2026-10-09
3787,https://media.bareksa.com/uploads//file_doc/2026/05/ACTFKIP_prospectus.pdf,2026-05,parsed,2025,2.33,2026-10-09
3788,,,not_found,,,2026-10-09
3789,https://media.bareksa.com/uploads//file_doc/2024/11/ACCXKDI_prospectus.pdf,2024-11,no_row,,,2026-10-09
3790,,,not_found,,,2026-10-09
3791,,,not_found,,,2026-10-09
3792,,,not_found,,,2026-10-09
3793,,,not_found,,,2026-10-09
3794,,,not_found,,,2026-10-09
3795,,,not_found,,,2026-10-09
3796,,,not_found,,,2026-10-09
3797,https://media.bareksa.com/uploads//file_doc/2023/06/AAFTKS9_prospectus.pdf,2023-06,parsed,2022,0.33,2026-10-09
3798,https://media.bareksa.com/uploads//file_doc/2024/08/ADMBKBA_prospectus.pdf,2024-08,scanned,,,2026-10-09
3799,https://media.bareksa.com/uploads//file_doc/2021/04/ACFMKFM_prospectus.pdf,2021-04,parsed,2020,0.39,2026-10-09
3800,,,not_found,,,2026-10-09
3801,,,not_found,,,2026-10-09
3802,https://media.bareksa.com/uploads//file_doc/2024/11/ACKFKST_prospectus.pdf,2024-11,parsed,2023,0.80,2026-10-09
3803,https://media.bareksa.com/uploads//file_doc/2021/07/AAEBKPV_prospectus.pdf,2021-07,no_row,,,2026-10-09
3804,,,not_found,,,2026-10-09
3805,,,not_found,,,2026-10-09
3806,,,not_found,,,2026-10-09
3807,https://media.bareksa.com/uploads//file_doc/2023/06/AAFTKF2_prospectus.pdf,2023-06,parsed,2022,0.39,2026-10-09
3808,,,not_found,,,2026-10-09
3809,https://media.bareksa.com/uploads//file_doc/2021/04/AAPMSDH_prospectus.pdf,2021-04,no_row,,,2026-10-09
3810,,,not_found,,,2026-10-09
3811,,,not_found,,,2026-10-09
3812,,,not_found,,,2026-10-09
3813,https://media.bareksa.com/uploads//file_doc/2021/07/AAEFKSN_prospectus.pdf,2021-07,no_row,,,2026-10-09
3814,,,not_found,,,2026-10-09
3815,,,not_found,,,2026-10-09
3816,,,not_found,,,2026-10-09
3817,,,not_found,,,2026-10-09
3818,,,not_found,,,2026-10-09
3819,https://media.bareksa.com/uploads//file_doc/2026/10/ACAMSPM_prospectus_1790848785.pdf,2026-10,parsed,2025,1.52,2026-10-09
3820,https://media.bareksa.com/uploads//file_doc/2026/08/AAPBKRG_prospectus.pdf,2026-08,share_classes,,,2026-10-09
3821,,,not_found,,,2026-10-09
3822,https://media.bareksa.com/uploads//file_doc/2019/07/ABRMSKH_prospectus.pdf,2019-07,no_row,,,2026-10-09
3823,,,not_found,,,2026-10-09
3824,,,not_found,,,2026-10-09
3825,https://media.bareksa.com/uploads//file_doc/2022/05/ABOTK13_prospectus.pdf,2022-05,parsed,2021,1.51,2026-10-09
3826,,,not_found,,,2026-10-09
3827,,,not_found,,,2026-10-09
3828,,,not_found,,,2026-10-09
3829,,,not_found,,,2026-10-09
3830,,,not_found,,,2026-10-09
3831,https://media.bareksa.com/uploads//file_doc/2021/07/AAEXKLA_prospectus.pdf,2021-07,parsed,2020,1.64,2026-10-09
3832,https://media.bareksa.com/uploads//file_doc/2021/04/ABNTSM1_prospectus.pdf,2021-04,scanned,,,2026-10-09
3833,,,not_found,,,2026-10-09
3834,,,not_found,,,2026-10-09
3835,https://media.bareksa.com/uploads//file_doc/2021/04/AAPTSMS_prospectus.pdf,2021-04,no_row,,,2026-10-09
3836,,,not_found,,,2026-10-09
3837,https://media.bareksa.com/uploads//file_doc/2022/11/ABITKC3_prospectus.pdf,2022-11,no_row,,,2026-10-09
3838,,,not_found,,,2026-10-09
3839,,,not_found,,,2026-10-09
3840,,,not_found,,,2026-10-09
3841,,,not_found,,,2026-10-09
3842,,,not_found,,,2026-10-09
3843,,,not_found,,,2026-10-09
3844,https://media.bareksa.com/uploads//file_doc/2026/09/ADIXKGI_prospectus.pdf,2026-09,parsed,2025,2.43,2026-10-09
3845,https://media.bareksa.com/uploads//file_doc/2021/04/AAPTK64_prospectus.pdf,2021-04,no_row,,,2026-10-09
3847,,,not_found,,,2026-10-09
3848,,,not_found,,,2026-10-09
3849,,,not_found,,,2026-10-09
3850,,,not_found,,,2026-10-09
3851,https://media.bareksa.com/uploads//file_doc/2024/05/AAHMSUS_prospectus.pdf,2024-05,scanned,,,2026-10-09
3852,,,not_found,,,2026-10-09
3853,,,not_found,,,2026-10-09
3854,,,not_found,,,2026-10-09
3855,,,not_found,,,2026-10-09
3856,,,not_found,,,2026-10-09
3857,https://media.bareksa.com/uploads//file_doc/2024/09/ABMFKON_prospectus.pdf,2024-09,parsed,2023,1.88,2026-10-09
3858,,,not_found,,,2026-10-09
3859,,,not_found,,,2026-10-09
3860,,,not_found,,,2026-10-09
3861,,,not_found,,,2026-10-09
3862,,,not_found,,,2026-10-09
3863,,,not_found,,,2026-10-09
3864,,,not_found,,,2026-10-09
3865,,,not_found,,,2026-10-09
3866,,,not_found,,,2026-10-09
3867,,,not_found,,,2026-10-09
3868,,,not_found,,,2026-10-09
3869,,,not_found,,,2026-10-09
3870,https://media.bareksa.com/uploads//file_doc/2021/02/ACMMKDK_prospectus.pdf,2021-02,scanned,,,2026-10-09
3871,https://media.bareksa.com/uploads//file_doc/2021/07/AAKFKBF_prospectus.pdf,2021-07,parsed,2020,0.21,2026-10-09
3872,,,not_found,,,2026-10-09
3873,,,not_found,,,2026-10-09
3874,https://media.bareksa.com/uploads//file_doc/2022/06/ACLEKEU_prospectus.pdf,2022-06,parsed,2021,1.29,2026-10-09
3875,,,not_found,,,2026-10-09
3877,,,not_found,,,2026-10-09
3878,,,not_found,,,2026-10-09
3879,,,not_found,,,2026-10-09
3880,,,not_found,,,2026-10-09
3881,,,not_found,,,2026-10-09
3882,,,not_found,,,2026-10-09
3883,,,not_found,,,2026-10-09
3884,https://media.bareksa.com/uploads//file_doc/2023/06/AAFTKP3_prospectus.pdf,2023-06,parsed,2022,0.36,2026-10-09
3885,,,not_found,,,2026-10-09
3886,,,not_found,,,2026-10-09
3887,https://media.bareksa.com/uploads//file_doc/2021/06/AJMMKUK_prospectus.pdf,2021-06,no_row,,,2026-10-09
3888,,,not_found,,,2026-10-09
3889,https://media.bareksa.com/uploads//file_doc/2019/11/ABITKG2_prospectus.pdf,2019-11,scanned,,,2026-10-09
3890,https://media.bareksa.com/uploads//file_doc/2022/09/AAPTK2G_prospectus.pdf,2022-09,parsed,2021,1.52,2026-10-09
3891,,,not_found,,,2026-10-09
3892,https://media.bareksa.com/uploads//file_doc/2021/06/ACCTK24_prospectus.pdf,2021-06,parsed,2020,0.70,2026-10-09
3893,https://media.bareksa.com/uploads//file_doc/2024/08/AAHFSSN_prospectus.pdf,2024-08,scanned,,,2026-10-09
3894,,,not_found,,,2026-10-09
3895,,,not_found,,,2026-10-09
3896,https://media.bareksa.com/uploads//file_doc/2024/11/ACCIKSK_prospectus.pdf,2024-11,parsed,2023,3.23,2026-10-09
3897,,,not_found,,,2026-10-09
3898,,,not_found,,,2026-10-09
3900,,,not_found,,,2026-10-09
3901,https://media.bareksa.com/uploads//file_doc/2024/11/ABJMKMM_prospectus.pdf,2024-11,parsed,2023,1.73,2026-10-09
3902,,,not_found,,,2026-10-09
3903,https://media.bareksa.com/uploads//file_doc/2024/11/ACKPKH2_prospectus.pdf,2024-11,parsed,2022,1.63,2026-10-09
3904,,,not_found,,,2026-10-09
3905,,,not_found,,,2026-10-09
3906,,,not_found,,,2026-10-09
3907,,,not_found,,,2026-10-09
3908,,,not_found,,,2026-10-09
3909,,,not_found,,,2026-10-09
3910,,,not_found,,,2026-10-09
3911,,,not_found,,,2026-10-09
3912,,,not_found,,,2026-10-09
3913,https://media.bareksa.com/uploads//file_doc/2022/11/ABITKS3_prospectus.pdf,2022-11,no_row,,,2026-10-09
3914,,,not_found,,,2026-10-09
3915,,,not_found,,,2026-10-09
3916,,,not_found,,,2026-10-09
3917,,,not_found,,,2026-10-09
3918,,,not_found,,,2026-10-09
3919,,,not_found,,,2026-10-09
3920,https://media.bareksa.com/uploads//file_doc/2023/06/AAFTK10_prospectus.pdf,2023-06,parsed,2022,0.66,2026-10-09
3921,,,not_found,,,2026-10-09
3922,https://media.bareksa.com/uploads//file_doc/2026/10/ACAMSF2_prospectus_1790848760.pdf,2026-10,parsed,2025,2.13,2026-10-09
3923,,,not_found,,,2026-10-09
3924,,,not_found,,,2026-10-09
3925,,,not_found,,,2026-10-09
3926,https://media.bareksa.com/uploads//file_doc/2026/08/AAKEKIP_prospectus.pdf,2026-08,parsed,2025,3.23,2026-10-09
3927,,,not_found,,,2026-10-09
3928,https://media.bareksa.com/uploads//file_doc/2022/05/AAKFKB2_prospectus.pdf,2022-05,parsed,2021,0.38,2026-10-09
3929,,,not_found,,,2026-10-09
3930,,,not_found,,,2026-10-09
3931,,,not_found,,,2026-10-09
3932,,,not_found,,,2026-10-09
3933,,,not_found,,,2026-10-09
3934,https://media.bareksa.com/uploads//file_doc/2020/06/AAREKP2_prospectus.pdf,2020-06,unreadable,,,2026-10-09
3935,https://media.bareksa.com/uploads//file_doc/2021/09/ACOXSJI_prospectus.pdf,2021-09,no_row,,,2026-10-09
3936,,,not_found,,,2026-10-09
3937,,,not_found,,,2026-10-09
3938,,,not_found,,,2026-10-09
3939,,,not_found,,,2026-10-09
3940,,,not_found,,,2026-10-09
3941,,,not_found,,,2026-10-09
3942,https://media.bareksa.com/uploads//file_doc/2026/07/ABNFKI1_prospectus.pdf,2026-07,share_classes,,,2026-10-09
3943,,,not_found,,,2026-10-09
3944,https://media.bareksa.com/uploads//file_doc/2026/08/AASEKAB_prospectus.pdf,2026-08,share_classes,,,2026-10-09
3945,https://media.bareksa.com/uploads//file_doc/2026/09/AASEKVB_prospectus.pdf,2026-09,share_classes,,,2026-10-09
3946,,,not_found,,,2026-10-09
3947,,,not_found,,,2026-10-09
3948,,,not_found,,,2026-10-09
3949,https://media.bareksa.com/uploads//file_doc/2020/03/ADCESDS_prospectus.pdf,2020-03,no_row,,,2026-10-09
3950,https://media.bareksa.com/uploads//file_doc/2025/05/AAIXK27_prospectus.pdf,2025-05,parsed,2024,1.08,2026-10-09
3951,https://media.bareksa.com/uploads//file_doc/2021/03/ACAXK45_prospectus.pdf,2021-03,scanned,,,2026-10-09
3952,,,not_found,,,2026-10-09
3953,,,not_found,,,2026-10-09
3954,,,not_found,,,2026-10-09
3955,,,not_found,,,2026-10-09
3956,https://media.bareksa.com/uploads//file_doc/2021/07/AAEEKEP_prospectus.pdf,2021-07,parsed,2020,1.46,2026-10-09
3957,,,not_found,,,2026-10-09
3958,,,not_found,,,2026-10-09
3959,,,not_found,,,2026-10-09
3960,,,not_found,,,2026-10-09
3961,,,not_found,,,2026-10-09
3962,https://media.bareksa.com/uploads//file_doc/2021/06/ACCTK13_prospectus.pdf,2021-06,parsed,2020,1.05,2026-10-09
3963,,,not_found,,,2026-10-09
3964,,,not_found,,,2026-10-09
3965,https://media.bareksa.com/uploads//file_doc/2023/09/AAKBKMC_prospectus.pdf,2023-09,parsed,2022,2.60,2026-10-09
3966,,,not_found,,,2026-10-09
3967,,,not_found,,,2026-10-09
3968,,,not_found,,,2026-10-09
3969,https://media.bareksa.com/uploads//file_doc/2023/06/AAFXKBI_prospectus.pdf,2023-06,parsed,2022,1.28,2026-10-09
3970,,,not_found,,,2026-10-09
3971,,,not_found,,,2026-10-09
3972,,,not_found,,,2026-10-09
3973,,,not_found,,,2026-10-09
3974,,,not_found,,,2026-10-09
3975,,,not_found,,,2026-10-09
3976,,,not_found,,,2026-10-09
3977,https://media.bareksa.com/uploads//file_doc/2021/12/ABBBKTS_prospectus.pdf,2021-12,no_row,,,2026-10-09
3978,,,not_found,,,2026-10-09
3979,,,not_found,,,2026-10-09
3980,,,not_found,,,2026-10-09
3981,,,not_found,,,2026-10-09
3982,,,not_found,,,2026-10-09
3983,,,not_found,,,2026-10-09
3984,,,not_found,,,2026-10-09
3985,,,not_found,,,2026-10-09
3986,,,not_found,,,2026-10-09
3987,https://media.bareksa.com/uploads//file_doc/2021/07/AAKFKNG_prospectus.pdf,2021-07,parsed,2020,0.69,2026-10-09
3988,,,not_found,,,2026-10-09
3989,,,not_found,,,2026-10-09
3990,,,not_found,,,2026-10-09
3991,https://media.bareksa.com/uploads//file_doc/2023/11/AAPTKS1_prospectus.pdf,2023-11,parsed,2022,0.22,2026-10-09
3992,,,not_found,,,2026-10-09
3993,https://media.bareksa.com/uploads//file_doc/2025/05/ANPXK30_prospectus.pdf,2025-05,parsed,2023,2.15,2026-10-09
3994,https://media.bareksa.com/uploads//file_doc/2024/11/ACCFKPU_prospectus.pdf,2024-11,parsed,2023,2.05,2026-10-09
3995,,,not_found,,,2026-10-09
3996,,,not_found,,,2026-10-09
3997,,,not_found,,,2026-10-09
3998,,,not_found,,,2026-10-09
3999,,,not_found,,,2026-10-09
4000,,,not_found,,,2026-10-09
4001,,,not_found,,,2026-10-09
4002,https://media.bareksa.com/uploads//file_doc/2023/11/AAPTK63_prospectus.pdf,2023-11,no_row,,,2026-10-09
4003,https://media.bareksa.com/uploads//file_doc/2019/12/ACFMSDS_prospectus.pdf,2019-12,no_row,,,2026-10-09
4004,https://media.bareksa.com/uploads//file_doc/2025/05/AAKTKPM_prospectus.pdf,2025-05,parsed,2024,0.04,2026-10-09
4005,,,not_found,,,2026-10-09
4006,,,not_found,,,2026-10-09
4007,https://media.bareksa.com/uploads//file_doc/2026/08/AASMKRB_prospectus.pdf,2026-08,share_classes,,,2026-10-09
4008,,,not_found,,,2026-10-09
4009,https://media.bareksa.com/uploads//file_doc/2025/05/ACLMSDL_prospectus.pdf,2025-05,parsed,2024,1.33,2026-10-09
4010,https://media.bareksa.com/uploads//file_doc/2020/11/AADFKFX_prospectus.pdf,2020-11,no_row,,,2026-10-09
4011,,,not_found,,,2026-10-09
4012,,,not_found,,,2026-10-09
4013,https://media.bareksa.com/uploads//file_doc/2021/04/AAPTK71_prospectus.pdf,2021-04,no_row,,,2026-10-09
4014,,,not_found,,,2026-10-09
4015,https://media.bareksa.com/uploads//file_doc/2026/08/AASFSAB_prospectus.pdf,2026-08,share_classes,,,2026-10-09
4016,https://media.bareksa.com/uploads//file_doc/2025/05/AANXK45_prospectus.pdf,2025-05,scanned,,,2026-10-09
4017,,,not_found,,,2026-10-09
4018,,,not_found,,,2026-10-09
4019,,,not_found,,,2026-10-09
4020,,,not_found,,,2026-10-09
4021,,,not_found,,,2026-10-09
4022,,,not_found,,,2026-10-09
4023,https://media.bareksa.com/uploads//file_doc/2023/06/AAFTK12_prospectus.pdf,2023-06,parsed,2022,1.97,2026-10-09
4024,https://media.bareksa.com/uploads//file_doc/2026/07/ADBMKDL_prospectus.pdf,2026-07,no_row,,,2026-10-09
4025,,,not_found,,,2026-10-09
4026,,,not_found,,,2026-10-09
4027,https://media.bareksa.com/uploads//file_doc/2021/03/ACYFKFI_prospectus.pdf,2021-03,no_row,,,2026-10-09
4028,,,not_found,,,2026-10-09
4029,,,not_found,,,2026-10-09
4030,https://media.bareksa.com/uploads//file_doc/2024/10/AEMXK30_prospectus.pdf,2024-10,no_row,,,2026-10-09
4031,,,not_found,,,2026-10-09
4032,,,not_found,,,2026-10-09
4033,https://media.bareksa.com/uploads//file_doc/2026/05/ACTFSTS_prospectus.pdf,2026-05,share_classes,,,2026-10-09
4034,https://media.bareksa.com/uploads//file_doc/2025/07/AAFFKOB_prospectus.pdf,2025-07,parsed,2024,1.49,2026-10-09
4035,,,not_found,,,2026-10-09
4036,,,not_found,,,2026-10-09
4037,,,not_found,,,2026-10-09
4038,,,not_found,,,2026-10-09
4039,https://media.bareksa.com/uploads//file_doc/2026/08/AAPES20_prospectus.pdf,2026-08,parsed,2025,4.29,2026-10-09
4040,,,not_found,,,2026-10-09
4041,,,not_found,,,2026-10-09
4042,,,not_found,,,2026-10-09
4043,https://media.bareksa.com/uploads//file_doc/2026/04/ANPEKEF_prospectus.pdf,2026-04,no_row,,,2026-10-09
4044,https://media.bareksa.com/uploads//file_doc/2026/04/ANPFKIF_prospectus.pdf,2026-04,parsed,2025,1.93,2026-10-09
4045,https://media.bareksa.com/uploads//file_doc/2026/04/ANPMKMF_prospectus.pdf,2026-04,no_row,,,2026-10-09
4046,https://media.bareksa.com/uploads//file_doc/2022/05/ABOTK14_prospectus.pdf,2022-05,parsed,2021,2.00,2026-10-09
4047,,,not_found,,,2026-10-09
4048,,,not_found,,,2026-10-09
4049,,,not_found,,,2026-10-09
4050,https://media.bareksa.com/uploads//file_doc/2023/06/AAFTK11_prospectus.pdf,2023-06,parsed,2022,1.57,2026-10-09
4051,,,not_found,,,2026-10-09
4052,,,not_found,,,2026-10-09
4053,,,not_found,,,2026-10-09
4054,,,not_found,,,2026-10-09
4055,,,not_found,,,2026-10-09
4056,,,not_found,,,2026-10-09
4057,,,not_found,,,2026-10-09
4058,https://media.bareksa.com/uploads//file_doc/2021/04/AAPTK65_prospectus.pdf,2021-04,no_row,,,2026-10-09
4059,,,not_found,,,2026-10-09
4060,,,not_found,,,2026-10-09
4061,,,not_found,,,2026-10-09
4062,,,not_found,,,2026-10-09
4063,,,not_found,,,2026-10-09
4064,https://media.bareksa.com/uploads//file_doc/2021/06/AJMMKKY_prospectus.pdf,2021-06,no_row,,,2026-10-09
4065,https://media.bareksa.com/uploads//file_doc/2024/03/ABJMSPU_prospectus.pdf,2024-03,no_row,,,2026-10-09
4066,,,not_found,,,2026-10-09
4067,,,not_found,,,2026-10-09
4068,https://media.bareksa.com/uploads//file_doc/2021/07/ADLSKEA_prospectus.pdf,2021-07,scanned,,,2026-10-09
4069,,,not_found,,,2026-10-09
4070,https://media.bareksa.com/uploads//file_doc/2025/07/AAGXKLI_prospectus.pdf,2025-07,no_row,,,2026-10-09
4071,https://media.bareksa.com/uploads//file_doc/2023/04/ACLMKPU_prospectus.pdf,2023-04,parsed,2021,0.93,2026-10-09
4072,https://media.bareksa.com/uploads//file_doc/2025/05/AAKMKKN_prospectus.pdf,2025-05,parsed,2024,1.73,2026-10-09
4073,,,not_found,,,2026-10-09
4074,,,not_found,,,2026-10-09
4075,,,not_found,,,2026-10-09
4076,,,not_found,,,2026-10-09
4077,,,not_found,,,2026-10-09
4078,https://media.bareksa.com/uploads//file_doc/2022/11/ABITKS5_prospectus.pdf,2022-11,no_row,,,2026-10-09
4079,https://media.bareksa.com/uploads//file_doc/2021/04/AAPTK66_prospectus.pdf,2021-04,no_row,,,2026-10-09
4080,https://media.bareksa.com/uploads//file_doc/2024/03/ACKPKTL_prospectus.pdf,2024-03,no_row,,,2026-10-09
4081,,,not_found,,,2026-10-09
4082,https://media.bareksa.com/uploads//file_doc/2021/04/AAPSKM2_prospectus.pdf,2021-04,no_row,,,2026-10-09
4083,,,not_found,,,2026-10-09
4084,,,not_found,,,2026-10-09
4085,https://media.bareksa.com/uploads//file_doc/2026/09/ADIBSKI_prospectus.pdf,2026-09,parsed,2025,2.67,2026-10-09
4086,,,not_found,,,2026-10-09
4087,https://media.bareksa.com/uploads//file_doc/2026/04/AAHESGC_prospectus.pdf,2026-04,share_classes,,,2026-10-09
4088,,,not_found,,,2026-10-09
4089,,,not_found,,,2026-10-09
4090,,,not_found,,,2026-10-09
4091,,,not_found,,,2026-10-09
4092,,,not_found,,,2026-10-09
4093,https://media.bareksa.com/uploads//file_doc/2026/04/AAZESBK_prospectus.pdf,2026-04,share_classes,,,2026-10-09
4094,,,not_found,,,2026-10-09
4095,,,not_found,,,2026-10-09
4096,,,not_found,,,2026-10-09
4097,,,not_found,,,2026-10-09
4098,,,not_found,,,2026-10-09
4099,,,not_found,,,2026-10-09
4100,https://media.bareksa.com/uploads//file_doc/2026/08/ACPFKSF_prospectus.pdf,2026-08,parsed,2025,1.30,2026-10-09
4101,,,not_found,,,2026-10-09
4102,,,not_found,,,2026-10-09
4103,,,not_found,,,2026-10-09
4104,https://media.bareksa.com/uploads//file_doc/2021/04/AAPTSO3_prospectus.pdf,2021-04,no_row,,,2026-10-09
4105,https://media.bareksa.com/uploads//file_doc/2024/03/ABJMKUO_prospectus.pdf,2024-03,no_row,,,2026-10-09
4106,https://media.bareksa.com/uploads//file_doc/2024/05/ABAXKLC_prospectus.pdf,2024-05,parsed,2023,1.66,2026-10-09
4107,https://media.bareksa.com/uploads//file_doc/2025/07/AAFEKGF_prospectus.pdf,2025-07,parsed,2024,7.43,2026-10-09
4108,,,not_found,,,2026-10-09
4109,,,not_found,,,2026-10-09
4110,https://media.bareksa.com/uploads//file_doc/2026/05/AAFMSLS_prospectus.pdf,2026-05,parsed,2025,0.36,2026-10-09
4112,,,not_found,,,2026-10-09
4113,,,not_found,,,2026-10-09
4114,https://media.bareksa.com/uploads//file_doc/2021/04/AAPSKM3_prospectus.pdf,2021-04,no_row,,,2026-10-09
4115,,,not_found,,,2026-10-09
4116,https://media.bareksa.com/uploads//file_doc/2026/04/AAIMSKG_prospectus.pdf,2026-04,parsed,2025,1.50,2026-10-09
4117,,,not_found,,,2026-10-09
4118,,,not_found,,,2026-10-09
4119,,,not_found,,,2026-10-09
4120,,,not_found,,,2026-10-09
4121,,,not_found,,,2026-10-09
4122,,,not_found,,,2026-10-09
4123,https://media.bareksa.com/uploads//file_doc/2026/07/ABNEKI1_prospectus.pdf,2026-07,share_classes,,,2026-10-09
4124,,,not_found,,,2026-10-09
4125,,,not_found,,,2026-10-09
4126,https://media.bareksa.com/uploads//file_doc/2022/05/ABOTK15_prospectus.pdf,2022-05,parsed,2021,2.22,2026-10-09
4127,,,not_found,,,2026-10-09
4128,,,not_found,,,2026-10-09
4129,https://media.bareksa.com/uploads//file_doc/2023/11/AAPTK72_prospectus.pdf,2023-11,parsed,2022,0.92,2026-10-09
4130,,,not_found,,,2026-10-09
4131,https://media.bareksa.com/uploads//file_doc/2023/11/AAPTK68_prospectus.pdf,2023-11,no_row,,,2026-10-09
4132,https://media.bareksa.com/uploads//file_doc/2024/11/APMEKEF_prospectus.pdf,2024-11,parsed,2023,9.09,2026-10-09
4133,,,not_found,,,2026-10-09
4134,https://media.bareksa.com/uploads//file_doc/2026/03/ABNFKA2_prospectus.pdf,2026-03,share_classes,,,2026-10-09
4135,,,not_found,,,2026-10-09
4136,,,not_found,,,2026-10-09
4137,,,not_found,,,2026-10-09
4138,,,not_found,,,2026-10-09
4139,,,not_found,,,2026-10-09
4140,,,not_found,,,2026-10-09
4141,,,not_found,,,2026-10-09
4142,,,not_found,,,2026-10-09
4143,,,not_found,,,2026-10-09
4144,https://media.bareksa.com/uploads//file_doc/2021/08/AEMTKP8_prospectus.pdf,2021-08,no_row,,,2026-10-09
4145,https://media.bareksa.com/uploads//file_doc/2025/05/AAKBKPR_prospectus.pdf,2025-05,parsed,2024,2.17,2026-10-09
4146,https://media.bareksa.com/uploads//file_doc/2024/05/AAFTK13_prospectus.pdf,2024-05,parsed,2023,1.19,2026-10-09
4147,,,not_found,,,2026-10-09
4148,,,not_found,,,2026-10-09
4149,,,not_found,,,2026-10-09
4150,,,not_found,,,2026-10-09
4151,https://media.bareksa.com/uploads//file_doc/2023/07/ACRXKSG_prospectus.pdf,2023-07,parsed,2021,4.07,2026-10-09
4152,,,not_found,,,2026-10-09
4153,,,not_found,,,2026-10-09
4154,,,not_found,,,2026-10-09
4155,https://media.bareksa.com/uploads//file_doc/2024/11/ACKXKSK_prospectus.pdf,2024-11,parsed,2023,2.71,2026-10-09
4156,https://media.bareksa.com/uploads//file_doc/2026/05/ACTFKNS_prospectus.pdf,2026-05,parsed,2025,1.13,2026-10-09
4157,,,not_found,,,2026-10-09
4158,,,not_found,,,2026-10-09
4159,https://media.bareksa.com/uploads//file_doc/2021/04/AAPTK70_prospectus.pdf,2021-04,no_row,,,2026-10-09
4160,,,not_found,,,2026-10-09
4161,,,not_found,,,2026-10-09
4162,https://media.bareksa.com/uploads//file_doc/2024/11/ACAMKP2_prospectus.pdf,2024-11,parsed,2023,1.46,2026-10-09
4163,https://media.bareksa.com/uploads//file_doc/2023/09/ABCXKFI_prospectus.pdf,2023-09,parsed,2022,2.34,2026-10-09
4164,https://media.bareksa.com/uploads//file_doc/2024/05/AAFTK4S_prospectus.pdf,2024-05,parsed,2023,1.24,2026-10-09
4165,https://media.bareksa.com/uploads//file_doc/2025/05/AAIFKFI_prospectus.pdf,2025-05,no_row,,,2026-10-09
4166,https://media.bareksa.com/uploads//file_doc/2026/08/AASESKA_prospectus.pdf,2026-08,share_classes,,,2026-10-09
4167,,,not_found,,,2026-10-09
4168,,,not_found,,,2026-10-09
4169,,,not_found,,,2026-10-09
4170,,,not_found,,,2026-10-09
4171,https://media.bareksa.com/uploads//file_doc/2023/06/AAFMKUD_prospectus.pdf,2023-06,no_row,,,2026-10-09
4172,,,not_found,,,2026-10-09
4173,https://media.bareksa.com/uploads//file_doc/2024/05/ABAXKID_prospectus.pdf,2024-05,parsed,2023,2.95,2026-10-09
4174,https://media.bareksa.com/uploads//file_doc/2026/10/ACAFKDO_prospectus_1790847853.pdf,2026-10,parsed,2025,1.93,2026-10-09
4175,,,not_found,,,2026-10-09
4176,,,not_found,,,2026-10-09
4177,,,not_found,,,2026-10-09
4178,,,not_found,,,2026-10-09
4179,https://media.bareksa.com/uploads//file_doc/2026/05/ACTMKK1_prospectus.pdf,2026-05,no_row,,,2026-10-09
4180,https://media.bareksa.com/uploads//file_doc/2026/04/AAIFKSK_prospectus.pdf,2026-04,share_classes,,,2026-10-09
4181,,,not_found,,,2026-10-09
4182,,,not_found,,,2026-10-09
4183,,,not_found,,,2026-10-09
4184,https://media.bareksa.com/uploads//file_doc/2021/08/ABNMSMI_prospectus.pdf,2021-08,partial_year,,,2026-10-09
4185,https://media.bareksa.com/uploads//file_doc/2021/04/AAPTK73_prospectus.pdf,2021-04,no_row,,,2026-10-09
4186,,,not_found,,,2026-10-09
4187,https://media.bareksa.com/uploads//file_doc/2025/05/AAKTKBM_prospectus.pdf,2025-05,parsed,2024,0.91,2026-10-09
4188,,,not_found,,,2026-10-09
4189,,,not_found,,,2026-10-09
4190,https://media.bareksa.com/uploads//file_doc/2023/06/AAFBKST_prospectus.pdf,2023-06,parsed,2022,1.52,2026-10-09
4191,https://media.bareksa.com/uploads//file_doc/2022/09/AAPTSIV_prospectus.pdf,2022-09,parsed,2021,1.01,2026-10-09
4192,,,not_found,,,2026-10-09
4193,,,not_found,,,2026-10-09
4194,https://media.bareksa.com/uploads//file_doc/2021/06/ACCTK15_prospectus.pdf,2021-06,no_row,,,2026-10-09
4195,,,not_found,,,2026-10-09
4196,,,not_found,,,2026-10-09
4197,,,not_found,,,2026-10-09
4198,https://media.bareksa.com/uploads//file_doc/2021/08/AEMTKP7_prospectus.pdf,2021-08,no_row,,,2026-10-09
4199,https://media.bareksa.com/uploads//file_doc/2025/05/AAIFKPU_prospectus.pdf,2025-05,share_classes,,,2026-10-09
4200,https://media.bareksa.com/uploads//file_doc/2025/10/ACTFKNR_prospectus.pdf,2025-10,parsed,2024,0.16,2026-10-09
4201,,,not_found,,,2026-10-09
4202,,,not_found,,,2026-10-09
4203,,,not_found,,,2026-10-09
4204,,,not_found,,,2026-10-09
4205,,,not_found,,,2026-10-09
4206,https://media.bareksa.com/uploads//file_doc/2024/05/AAKTKMW_prospectus.pdf,2024-05,parsed,2022,0.09,2026-10-09
4207,https://media.bareksa.com/uploads//file_doc/2021/06/ACCTK16_prospectus.pdf,2021-06,no_row,,,2026-10-09
4208,https://media.bareksa.com/uploads//file_doc/2026/03/ABNFK2I_prospectus.pdf,2026-03,share_classes,,,2026-10-09
4209,,,not_found,,,2026-10-09
4210,,,not_found,,,2026-10-09
4211,https://media.bareksa.com/uploads//file_doc/2021/04/AAPTK74_prospectus.pdf,2021-04,no_row,,,2026-10-09
4212,,,not_found,,,2026-10-09
4213,,,not_found,,,2026-10-09
4214,https://media.bareksa.com/uploads//file_doc/2024/05/AAKTKMU_prospectus.pdf,2024-05,parsed,2022,0.09,2026-10-09
4215,,,not_found,,,2026-10-09
4216,,,not_found,,,2026-10-09
4217,,,not_found,,,2026-10-09
4218,,,not_found,,,2026-10-09
4219,,,not_found,,,2026-10-09
4220,https://media.bareksa.com/uploads//file_doc/2021/04/AAPTSM4_prospectus.pdf,2021-04,no_row,,,2026-10-09
4221,,,not_found,,,2026-10-09
4222,,,not_found,,,2026-10-09
4223,,,not_found,,,2026-10-09
4224,,,not_found,,,2026-10-09
4225,,,not_found,,,2026-10-09
4226,https://media.bareksa.com/uploads//file_doc/2026/08/ACPBKBL_prospectus.pdf,2026-08,parsed,2025,2.86,2026-10-09
4227,https://media.bareksa.com/uploads//file_doc/2024/11/ACKESSH_prospectus.pdf,2024-11,parsed,2023,3.56,2026-10-09
4228,,,not_found,,,2026-10-09
4229,https://media.bareksa.com/uploads//file_doc/2021/04/ABNTSM2_prospectus.pdf,2021-04,no_row,,,2026-10-09
4230,,,not_found,,,2026-10-09
4231,https://media.bareksa.com/uploads//file_doc/2021/04/AAPTK75_prospectus.pdf,2021-04,no_row,,,2026-10-09
4232,,,not_found,,,2026-10-09
4233,,,not_found,,,2026-10-09
4234,,,not_found,,,2026-10-09
4235,,,not_found,,,2026-10-09
4236,,,not_found,,,2026-10-09
4237,https://media.bareksa.com/uploads//file_doc/2024/11/ACCTK17_prospectus.pdf,2024-11,parsed,2023,0.20,2026-10-09
4238,,,not_found,,,2026-10-09
4239,,,not_found,,,2026-10-09
4240,,,not_found,,,2026-10-09
4241,,,not_found,,,2026-10-09
4242,,,not_found,,,2026-10-09
4243,,,not_found,,,2026-10-09
4244,,,not_found,,,2026-10-09
4245,,,not_found,,,2026-10-09
4246,,,not_found,,,2026-10-09
4247,,,not_found,,,2026-10-09
4248,,,not_found,,,2026-10-09
4249,,,not_found,,,2026-10-09
4250,,,not_found,,,2026-10-09
4251,,,not_found,,,2026-10-09
4252,,,not_found,,,2026-10-09
4253,,,not_found,,,2026-10-09
4254,,,not_found,,,2026-10-09
4255,https://media.bareksa.com/uploads//file_doc/2024/11/AAYFKNG_prospectus.pdf,2024-11,scanned,,,2026-10-09
4256,,,not_found,,,2026-10-09
4257,,,not_found,,,2026-10-09
4258,,,not_found,,,2026-10-09
4259,https://media.bareksa.com/uploads//file_doc/2025/05/ABZMKMM_prospectus.pdf,2025-05,no_row,,,2026-10-09
4260,https://media.bareksa.com/uploads//file_doc/2024/10/AADMSMM_prospectus.pdf,2024-10,parsed,2022,1.12,2026-10-09
4261,,,not_found,,,2026-10-09
4262,,,not_found,,,2026-10-09
4263,,,not_found,,,2026-10-09
4264,https://media.bareksa.com/uploads//file_doc/2026/04/AAIFKGD_prospectus.pdf,2026-04,share_classes,,,2026-10-09
4265,,,not_found,,,2026-10-09
4266,,,not_found,,,2026-10-09
4267,,,not_found,,,2026-10-09
4268,,,not_found,,,2026-10-09
4269,,,not_found,,,2026-10-09
4270,https://media.bareksa.com/uploads//file_doc/2026/03/ABNES1A_prospectus.pdf,2026-03,share_classes,,,2026-10-09
4271,,,not_found,,,2026-10-09
4272,,,not_found,,,2026-10-09
4273,https://media.bareksa.com/uploads//file_doc/2025/05/ABNMKOB_prospectus.pdf,2025-05,parsed,2024,1.45,2026-10-09
4274,https://media.bareksa.com/uploads//file_doc/2025/05/ANPXKIE_prospectus.pdf,2025-05,parsed,2023,0.71,2026-10-09
4275,,,not_found,,,2026-10-09
4276,,,not_found,,,2026-10-09
4277,,,not_found,,,2026-10-09
4278,,,not_found,,,2026-10-09
4279,,,not_found,,,2026-10-09
4280,,,not_found,,,2026-10-09
4281,,,not_found,,,2026-10-09
4282,https://media.bareksa.com/uploads//file_doc/2024/11/ACAMKDM_prospectus.pdf,2024-11,scanned,,,2026-10-09
4283,,,not_found,,,2026-10-09
4284,,,not_found,,,2026-10-09
4285,https://media.bareksa.com/uploads//file_doc/2024/05/AAKTK2G_prospectus.pdf,2024-05,parsed,2022,0.10,2026-10-09
4286,https://media.bareksa.com/uploads//file_doc/2023/07/AEMTKP9_prospectus.pdf,2023-07,no_row,,,2026-10-09
4287,,,not_found,,,2026-10-09
4288,https://media.bareksa.com/uploads//file_doc/2021/06/ACCTK20_prospectus.pdf,2021-06,no_row,,,2026-10-09
4289,https://media.bareksa.com/uploads//file_doc/2022/05/ABOTK16_prospectus.pdf,2022-05,parsed,2021,2.15,2026-10-09
4290,,,not_found,,,2026-10-09
4291,,,not_found,,,2026-10-09
4292,https://media.bareksa.com/uploads//file_doc/2022/11/ABZTKO3_prospectus.pdf,2022-11,no_row,,,2026-10-09
4293,,,not_found,,,2026-10-09
4294,,,not_found,,,2026-10-09
4295,,,not_found,,,2026-10-09
4296,https://media.bareksa.com/uploads//file_doc/2022/09/AAPXKSR_prospectus.pdf,2022-09,parsed,2021,2.04,2026-10-09
4297,https://media.bareksa.com/uploads//file_doc/2021/04/AAPTK69_prospectus.pdf,2021-04,no_row,,,2026-10-09
4298,https://media.bareksa.com/uploads//file_doc/2021/08/ABNMKII_prospectus.pdf,2021-08,no_row,,,2026-10-09
4299,https://media.bareksa.com/uploads//file_doc/2026/04/ABNFKF1_prospectus.pdf,2026-04,share_classes,,,2026-10-09
4300,,,not_found,,,2026-10-09
4301,,,not_found,,,2026-10-09
4302,https://media.bareksa.com/uploads//file_doc/2022/11/ACQTKII_prospectus.pdf,2022-11,no_row,,,2026-10-09
4303,https://media.bareksa.com/uploads//file_doc/2026/10/ACAFSSN_prospectus_1790849064.pdf,2026-10,parsed,2025,2.37,2026-10-09
4304,https://media.bareksa.com/uploads//file_doc/2026/04/AAZEKTE_prospectus.pdf,2026-04,parsed,2024,6.98,2026-10-09
4305,https://media.bareksa.com/uploads//file_doc/2023/09/ACAPSVI_prospectus.pdf,2023-09,parsed,2022,0.49,2026-10-09
4306,,,not_found,,,2026-10-09
4307,https://media.bareksa.com/uploads//file_doc/2025/05/AAMMSS2_prospectus.pdf,2025-05,parsed,2024,0.95,2026-10-09
4308,https://media.bareksa.com/uploads//file_doc/2023/11/ACQTKIX_prospectus.pdf,2023-11,no_row,,,2026-10-09
4309,,,not_found,,,2026-10-09
4310,https://media.bareksa.com/uploads//file_doc/2026/08/ACQMKII_prospectus.pdf,2026-08,conflict,,,2026-10-09
4311,https://media.bareksa.com/uploads//file_doc/2025/10/AAKESEU_prospectus.pdf,2025-10,parsed,2024,4.04,2026-10-09
4312,https://media.bareksa.com/uploads//file_doc/2023/07/AEMTK10_prospectus.pdf,2023-07,no_row,,,2026-10-09
4313,https://media.bareksa.com/uploads//file_doc/2023/09/AAEFKFX_prospectus.pdf,2023-09,parsed,2022,0.26,2026-10-09
4314,https://media.bareksa.com/uploads//file_doc/2022/11/ABZTKO1_prospectus.pdf,2022-11,no_row,,,2026-10-09
4315,,,not_found,,,2026-10-09
4316,https://media.bareksa.com/uploads//file_doc/2024/11/ACFMSBM_prospectus.pdf,2024-11,parsed,2023,1.62,2026-10-09
4317,https://media.bareksa.com/uploads//file_doc/2024/11/APMBKDV_prospectus.pdf,2024-11,parsed,2023,2.73,2026-10-09
4318,https://media.bareksa.com/uploads//file_doc/2023/11/ACQTKPX_prospectus.pdf,2023-11,no_row,,,2026-10-09
4319,https://media.bareksa.com/uploads//file_doc/2026/05/ACTIKLV_prospectus.pdf,2026-05,share_classes,,,2026-10-09
4320,,,not_found,,,2026-10-09
4321,,,not_found,,,2026-10-09
4322,,,not_found,,,2026-10-09
4323,,,not_found,,,2026-10-09
4324,https://media.bareksa.com/uploads//file_doc/2023/09/ACAPSO7_prospectus.pdf,2023-09,parsed,2022,0.46,2026-10-09
4325,,,not_found,,,2026-10-09
4326,,,not_found,,,2026-10-09
4327,https://media.bareksa.com/uploads//file_doc/2025/05/AAMFSFS_prospectus.pdf,2025-05,parsed,2024,1.25,2026-10-09
4328,https://media.bareksa.com/uploads//file_doc/2024/05/ABAXKIE_prospectus.pdf,2024-05,parsed,2023,1.84,2026-10-09
4329,https://media.bareksa.com/uploads//file_doc/2024/11/ACZFKON_prospectus.pdf,2024-11,no_row,,,2026-10-09
4330,,,not_found,,,2026-10-09
4331,,,not_found,,,2026-10-09
4332,,,not_found,,,2026-10-09
4333,,,not_found,,,2026-10-09
4334,https://media.bareksa.com/uploads//file_doc/2025/05/ABZMKDR_prospectus.pdf,2025-05,no_row,,,2026-10-09
4335,https://media.bareksa.com/uploads//file_doc/2025/05/ABZFKMN_prospectus.pdf,2025-05,no_row,,,2026-10-09
4336,,,not_found,,,2026-10-09
4337,,,not_found,,,2026-10-09
4338,,,not_found,,,2026-10-09
4339,,,not_found,,,2026-10-09
4340,https://media.bareksa.com/uploads//file_doc/2026/08/AASFSFA_prospectus.pdf,2026-08,share_classes,,,2026-10-09
4341,https://media.bareksa.com/uploads//file_doc/2026/08/ACQMSMM_prospectus.pdf,2026-08,parsed,2025,1.16,2026-10-09
4342,,,not_found,,,2026-10-09
4343,,,not_found,,,2026-10-09
4344,,,not_found,,,2026-10-09
4345,https://media.bareksa.com/uploads//file_doc/2023/07/ARMEKSA_prospectus.pdf,2023-07,no_row,,,2026-10-09
4346,https://media.bareksa.com/uploads//file_doc/2023/07/ARMFKOM_prospectus.pdf,2023-07,no_row,,,2026-10-09
4347,https://media.bareksa.com/uploads//file_doc/2023/07/ARMMKPU_prospectus.pdf,2023-07,no_row,,,2026-10-09
4348,https://media.bareksa.com/uploads//file_doc/2024/01/ACCTK19_prospectus.pdf,2024-01,no_row,,,2026-10-09
4349,https://media.bareksa.com/uploads//file_doc/2024/11/ACKMSLF_prospectus.pdf,2024-11,no_row,,,2026-10-09
4350,,,not_found,,,2026-10-09
4351,https://media.bareksa.com/uploads//file_doc/2024/05/AAKTK3B_prospectus.pdf,2024-05,parsed,2023,0.08,2026-10-09
4352,,,not_found,,,2026-10-09
4353,,,not_found,,,2026-10-09
4354,https://media.bareksa.com/uploads//file_doc/2026/08/ACQESUS_prospectus.pdf,2026-08,parsed,2025,3.18,2026-10-09
4355,https://media.bareksa.com/uploads//file_doc/2026/04/AAHIK30_prospectus.pdf,2026-04,parsed,2025,1.67,2026-10-09
4356,https://media.bareksa.com/uploads//file_doc/2026/07/ABNMKI1_prospectus.pdf,2026-07,share_classes,,,2026-10-09
4357,,,not_found,,,2026-10-09
4358,,,not_found,,,2026-10-09
4359,https://media.bareksa.com/uploads//file_doc/2024/08/ACLTKP6_prospectus.pdf,2024-08,parsed,2023,0.20,2026-10-09
4360,https://media.bareksa.com/uploads//file_doc/2022/05/ABOTK17_prospectus.pdf,2022-05,no_row,,,2026-10-09
4361,,,not_found,,,2026-10-09
4362,,,not_found,,,2026-10-09
4363,,,not_found,,,2026-10-09
4364,https://media.bareksa.com/uploads//file_doc/2025/07/AAHFKOK_prospectus.pdf,2025-07,parsed,2024,0.27,2026-10-09
4365,,,not_found,,,2026-10-09
4366,https://media.bareksa.com/uploads//file_doc/2025/05/ACRMSOB_prospectus.pdf,2025-05,parsed,2024,1.25,2026-10-09
4367,,,not_found,,,2026-10-09
4368,,,not_found,,,2026-10-09
4369,,,not_found,,,2026-10-09
4370,,,not_found,,,2026-10-09
4371,https://media.bareksa.com/uploads//file_doc/2023/11/ABZTKO5_prospectus.pdf,2023-11,no_row,,,2026-10-09
4372,https://media.bareksa.com/uploads//file_doc/2022/11/ACQTKIV_prospectus.pdf,2022-11,no_row,,,2026-10-09
4373,,,not_found,,,2026-10-09
4374,https://media.bareksa.com/uploads//file_doc/2025/05/ABZFKON_prospectus.pdf,2025-05,parsed,2024,3.12,2026-10-09
4375,https://media.bareksa.com/uploads//file_doc/2024/05/AAKTK9M_prospectus.pdf,2024-05,parsed,2023,0.11,2026-10-09
4376,,,not_found,,,2026-10-09
4377,,,not_found,,,2026-10-09
4378,https://media.bareksa.com/uploads//file_doc/2022/05/AAKEKEF_prospectus.pdf,2022-05,no_row,,,2026-10-09
4379,,,not_found,,,2026-10-09
4380,,,not_found,,,2026-10-09
4381,,,not_found,,,2026-10-09
4382,,,not_found,,,2026-10-09
4383,,,not_found,,,2026-10-09
4384,https://media.bareksa.com/uploads//file_doc/2021/08/ABNFKBU_prospectus.pdf,2021-08,no_row,,,2026-10-09
4385,,,not_found,,,2026-10-09
4386,https://media.bareksa.com/uploads//file_doc/2026/07/ABNMKI3_prospectus.pdf,2026-07,share_classes,,,2026-10-09
4387,,,not_found,,,2026-10-09
4388,,,not_found,,,2026-10-09
4389,,,not_found,,,2026-10-09
4390,https://media.bareksa.com/uploads//file_doc/2022/06/ACLFKII_prospectus.pdf,2022-06,partial_year,,,2026-10-09
4391,https://media.bareksa.com/uploads//file_doc/2025/05/ABZEKSA_prospectus.pdf,2025-05,no_row,,,2026-10-09
4392,,,not_found,,,2026-10-09
4393,https://media.bareksa.com/uploads//file_doc/2025/05/AAIESEU_prospectus.pdf,2025-05,parsed,2024,4.09,2026-10-09
4394,https://media.bareksa.com/uploads//file_doc/2026/07/ABNESA5_prospectus.pdf,2026-07,share_classes,,,2026-10-09
4395,,,not_found,,,2026-10-09
4396,,,not_found,,,2026-10-09
4397,,,not_found,,,2026-10-09
4398,https://media.bareksa.com/uploads//file_doc/2023/11/ACQTK12_prospectus.pdf,2023-11,no_row,,,2026-10-09
4399,https://media.bareksa.com/uploads//file_doc/2025/05/AAIFKAF_prospectus.pdf,2025-05,parsed,2024,0.41,2026-10-09
4400,,,not_found,,,2026-10-09
4401,,,not_found,,,2026-10-09
4402,,,not_found,,,2026-10-09
4403,,,not_found,,,2026-10-09
4404,https://media.bareksa.com/uploads//file_doc/2026/08/ACQTKXI_prospectus.pdf,2026-08,parsed,2025,1.06,2026-10-09
4405,https://media.bareksa.com/uploads//file_doc/2026/04/AAIFSMO_prospectus.pdf,2026-04,parsed,2025,1.61,2026-10-09
4406,https://media.bareksa.com/uploads//file_doc/2024/08/ANPTKF1_prospectus.pdf,2024-08,parsed,2023,0.24,2026-10-09
4407,https://media.bareksa.com/uploads//file_doc/2025/05/ANPTKFP_prospectus.pdf,2025-05,parsed,2023,0.42,2026-10-09
4408,,,not_found,,,2026-10-09
4409,,,not_found,,,2026-10-09
4410,,,not_found,,,2026-10-09
4411,,,not_found,,,2026-10-09
4412,,,not_found,,,2026-10-09
4413,https://media.bareksa.com/uploads//file_doc/2023/09/AAEFKPN_prospectus.pdf,2023-09,parsed,2022,2.03,2026-10-09
4414,https://media.bareksa.com/uploads//file_doc/2024/05/AAHXK30_prospectus.pdf,2024-05,parsed,2023,2.08,2026-10-09
4415,https://media.bareksa.com/uploads//file_doc/2024/05/AAFTK14_prospectus.pdf,2024-05,no_row,,,2026-10-09
4416,https://media.bareksa.com/uploads//file_doc/2026/04/AAHES50_prospectus.pdf,2026-04,parsed,2025,2.22,2026-10-09
4417,https://media.bareksa.com/uploads//file_doc/2025/05/ACQTK13_prospectus.pdf,2025-05,parsed,2023,1.20,2026-10-09
4418,https://media.bareksa.com/uploads//file_doc/2024/11/ACAMKM2_prospectus.pdf,2024-11,scanned,,,2026-10-09
4419,,,not_found,,,2026-10-09
4420,,,not_found,,,2026-10-09
4421,,,not_found,,,2026-10-09
4422,,,not_found,,,2026-10-09
4423,,,not_found,,,2026-10-09
4424,,,not_found,,,2026-10-09
4425,,,not_found,,,2026-10-09
4426,,,not_found,,,2026-10-09
4428,,,not_found,,,2026-10-09
4429,,,not_found,,,2026-10-09
4430,https://media.bareksa.com/uploads//file_doc/2026/09/AASFKKC_prospectus.pdf,2026-09,share_classes,,,2026-10-09
4431,https://media.bareksa.com/uploads//file_doc/2026/08/ADEMKCS_prospectus.pdf,2026-08,parsed,2025,0.91,2026-10-09
4432,,,not_found,,,2026-10-09
4433,,,not_found,,,2026-10-09
4434,,,not_found,,,2026-10-09
4435,,,not_found,,,2026-10-09
4436,,,not_found,,,2026-10-09
4437,,,not_found,,,2026-10-09
4438,https://media.bareksa.com/uploads//file_doc/2024/05/AAEEKSF_prospectus.pdf,2024-05,parsed,2023,4.38,2026-10-09
4439,https://media.bareksa.com/uploads//file_doc/2026/08/ACPEKFE_prospectus.pdf,2026-08,parsed,2025,4.02,2026-10-09
4440,,,not_found,,,2026-10-09
4441,,,not_found,,,2026-10-09
4442,,,not_found,,,2026-10-09
4443,,,not_found,,,2026-10-09
4444,,,not_found,,,2026-10-09
4445,https://media.bareksa.com/uploads//file_doc/2026/08/ACPFKIF_prospectus.pdf,2026-08,parsed,2025,1.23,2026-10-09
4446,,,not_found,,,2026-10-09
4447,https://media.bareksa.com/uploads//file_doc/2026/08/ACPFSSF_prospectus.pdf,2026-08,parsed,2025,1.50,2026-10-09
4448,https://media.bareksa.com/uploads//file_doc/2024/02/ACCTK2P_prospectus.pdf,2024-02,parsed,2022,1.80,2026-10-09
4449,,,not_found,,,2026-10-09
4450,https://media.bareksa.com/uploads//file_doc/2024/11/ADLMKLK_prospectus.pdf,2024-11,scanned,,,2026-10-09
4451,https://media.bareksa.com/uploads//file_doc/2022/05/AAKMKTM_prospectus.pdf,2022-05,no_row,,,2026-10-09
4452,https://media.bareksa.com/uploads//file_doc/2025/05/AAMEKEE_prospectus.pdf,2025-05,share_classes,,,2026-10-09
4453,,,not_found,,,2026-10-09
4454,,,not_found,,,2026-10-09
4455,https://media.bareksa.com/uploads//file_doc/2024/11/ACCIKIB_prospectus.pdf,2024-11,parsed,2023,3.39,2026-10-09
4456,https://media.bareksa.com/uploads//file_doc/2026/08/AAKMSKS_prospectus.pdf,2026-08,share_classes,,,2026-10-09
4457,https://media.bareksa.com/uploads//file_doc/2022/05/ABOTK18_prospectus.pdf,2022-05,no_row,,,2026-10-09
4458,,,not_found,,,2026-10-09
4459,https://media.bareksa.com/uploads//file_doc/2024/05/AAFMSSR_prospectus.pdf,2024-05,no_row,,,2026-10-09
4460,,,not_found,,,2026-10-09
4461,,,not_found,,,2026-10-09
4462,https://media.bareksa.com/uploads//file_doc/2025/07/AOMFKAS_prospectus.pdf,2025-07,parsed,2024,1.40,2026-10-09
4463,,,not_found,,,2026-10-09
4464,,,not_found,,,2026-10-09
4465,,,not_found,,,2026-10-09
4466,,,not_found,,,2026-10-09
4467,,,not_found,,,2026-10-09
4468,,,not_found,,,2026-10-09
4469,,,not_found,,,2026-10-09
4470,,,not_found,,,2026-10-09
4471,,,not_found,,,2026-10-09
4472,,,not_found,,,2026-10-09
4473,,,not_found,,,2026-10-09
4474,,,not_found,,,2026-10-09
4475,https://media.bareksa.com/uploads//file_doc/2026/08/AAKESUE_prospectus.pdf,2026-08,parsed,2025,4.94,2026-10-09
4476,https://media.bareksa.com/uploads//file_doc/2024/02/ACCTK23_prospectus.pdf,2024-02,no_row,,,2026-10-09
4477,,,not_found,,,2026-10-09
4478,,,not_found,,,2026-10-09
4479,https://media.bareksa.com/uploads//file_doc/2026/08/AAKEKDR_prospectus.pdf,2026-08,parsed,2025,4.95,2026-10-09
4480,https://media.bareksa.com/uploads//file_doc/2024/11/ARNBKCD_prospectus.pdf,2024-11,parsed,2023,4.69,2026-10-09
4481,https://media.bareksa.com/uploads//file_doc/2026/08/AAGIKR1_prospectus.pdf,2026-08,parsed,2025,1.35,2026-10-09
4482,,,not_found,,,2026-10-09
4483,https://media.bareksa.com/uploads//file_doc/2023/09/ACAMSF3_prospectus.pdf,2023-09,no_row,,,2026-10-09
4484,,,not_found,,,2026-10-09
4485,,,not_found,,,2026-10-09
4486,,,not_found,,,2026-10-09
4487,,,not_found,,,2026-10-09
4488,,,not_found,,,2026-10-09
4489,https://media.bareksa.com/uploads//file_doc/2025/05/AAIFSTQ_prospectus.pdf,2025-05,parsed,2024,0.18,2026-10-09
4490,,,not_found,,,2026-10-09
4491,,,not_found,,,2026-10-09
4492,https://media.bareksa.com/uploads//file_doc/2024/07/ABOMKPU_prospectus.pdf,2024-07,parsed,2022,0.33,2026-10-09
4493,https://media.bareksa.com/uploads//file_doc/2025/05/AAIIK30_prospectus.pdf,2025-05,parsed,2024,0.90,2026-10-09
4494,https://media.bareksa.com/uploads//file_doc/2025/07/AOMMSUS_prospectus.pdf,2025-07,parsed,2024,0.61,2026-10-09
4495,https://media.bareksa.com/uploads//file_doc/2024/11/ADLBKKO_prospectus.pdf,2024-11,scanned,,,2026-10-09
4496,https://media.bareksa.com/uploads//file_doc/2026/08/AASIKLA_prospectus.pdf,2026-08,share_classes,,,2026-10-09
4497,https://media.bareksa.com/uploads//file_doc/2025/05/AAKEKTM_prospectus.pdf,2025-05,parsed,2024,1.77,2026-10-09
4498,https://media.bareksa.com/uploads//file_doc/2024/05/ABAFKO2_prospectus.pdf,2024-05,parsed,2023,0.60,2026-10-09
4499,https://media.bareksa.com/uploads//file_doc/2024/11/ARNMKLP_prospectus.pdf,2024-11,parsed,2023,1.49,2026-10-09
4500,,,not_found,,,2026-10-09
4501,,,not_found,,,2026-10-09
4502,https://media.bareksa.com/uploads//file_doc/2026/04/AAGESK1_prospectus.pdf,2026-04,share_classes,,,2026-10-09
4503,,,not_found,,,2026-10-09
4504,https://media.bareksa.com/uploads//file_doc/2026/07/ABNMKD1_prospectus.pdf,2026-07,share_classes,,,2026-10-09
4505,,,not_found,,,2026-10-09
4506,,,not_found,,,2026-10-09
4507,https://media.bareksa.com/uploads//file_doc/2025/05/ABZEKED_prospectus.pdf,2025-05,no_row,,,2026-10-09
4508,https://media.bareksa.com/uploads//file_doc/2023/09/AAFMKKP_prospectus.pdf,2023-09,no_row,,,2026-10-09
4509,https://media.bareksa.com/uploads//file_doc/2026/04/AAIFSKA_prospectus.pdf,2026-04,parsed,2025,0.40,2026-10-09
4510,https://media.bareksa.com/uploads//file_doc/2026/03/ABNFKD1_prospectus.pdf,2026-03,share_classes,,,2026-10-09
4511,,,not_found,,,2026-10-09
4512,,,not_found,,,2026-10-09
4513,https://media.bareksa.com/uploads//file_doc/2025/10/ACTBKPM_prospectus.pdf,2025-10,no_row,,,2026-10-09
4514,,,not_found,,,2026-10-09
4515,https://media.bareksa.com/uploads//file_doc/2026/08/AAKESTC_prospectus.pdf,2026-08,parsed,2025,3.19,2026-10-09
4516,,,not_found,,,2026-10-09
4517,https://media.bareksa.com/uploads//file_doc/2022/05/ABOTK19_prospectus.pdf,2022-05,no_row,,,2026-10-09
4518,,,not_found,,,2026-10-09
4519,https://media.bareksa.com/uploads//file_doc/2025/05/AAKTK3V_prospectus.pdf,2025-05,parsed,2024,0.73,2026-10-09
4520,https://media.bareksa.com/uploads//file_doc/2024/11/ACCTKP4_prospectus.pdf,2024-11,parsed,2023,1.66,2026-10-09
4521,,,not_found,,,2026-10-09
4522,,,not_found,,,2026-10-09
4523,,,not_found,,,2026-10-09
4524,,,not_found,,,2026-10-09
4525,,,not_found,,,2026-10-09
4526,https://media.bareksa.com/uploads//file_doc/2023/11/ACQTK16_prospectus.pdf,2023-11,no_row,,,2026-10-09
4527,,,not_found,,,2026-10-09
4528,,,not_found,,,2026-10-09
4529,https://media.bareksa.com/uploads//file_doc/2026/08/ABMMKMU_prospectus.pdf,2026-08,parsed,2025,0.47,2026-10-09
4530,,,not_found,,,2026-10-09
4531,,,not_found,,,2026-10-09
4532,,,not_found,,,2026-10-09
4533,,,not_found,,,2026-10-09
4534,,,not_found,,,2026-10-09
4535,https://media.bareksa.com/uploads//file_doc/2025/07/AOMEKGR_prospectus.pdf,2025-07,parsed,2024,1.73,2026-10-09
4536,,,not_found,,,2026-10-09
4537,,,not_found,,,2026-10-09
4538,https://media.bareksa.com/uploads//file_doc/2026/08/ABMESGB_prospectus.pdf,2026-08,share_classes,,,2026-10-09
4539,https://media.bareksa.com/uploads//file_doc/2024/11/ACCTK26_prospectus.pdf,2024-11,parsed,2023,0.23,2026-10-09
4540,https://media.bareksa.com/uploads//file_doc/2026/04/AAIFSMD_prospectus.pdf,2026-04,parsed,2025,2.36,2026-10-09
4541,https://media.bareksa.com/uploads//file_doc/2024/11/ACKEKNA_prospectus.pdf,2024-11,share_classes,,,2026-10-09
4542,,,not_found,,,2026-10-09
4543,https://media.bareksa.com/uploads//file_doc/2025/05/ADJMKP2_prospectus.pdf,2025-05,parsed,2024,0.27,2026-10-09
4544,,,not_found,,,2026-10-09
4545,https://media.bareksa.com/uploads//file_doc/2026/08/ACXXKEL_prospectus.pdf,2026-08,no_row,,,2026-10-09
4546,https://media.bareksa.com/uploads//file_doc/2026/08/ABMIKKA_prospectus.pdf,2026-08,share_classes,,,2026-10-09
4547,,,not_found,,,2026-10-09
4548,https://media.bareksa.com/uploads//file_doc/2024/05/AAKTKB9_prospectus.pdf,2024-05,parsed,2023,0.72,2026-10-09
4549,,,not_found,,,2026-10-09
4550,,,not_found,,,2026-10-09
4551,,,not_found,,,2026-10-09
4552,https://media.bareksa.com/uploads//file_doc/2026/04/AAIFSMT_prospectus.pdf,2026-04,no_row,,,2026-10-09
4553,,,not_found,,,2026-10-09
4554,,,not_found,,,2026-10-09
4555,,,not_found,,,2026-10-09
4556,https://media.bareksa.com/uploads//file_doc/2026/09/AASEKVC_prospectus.pdf,2026-09,share_classes,,,2026-10-09
4557,https://media.bareksa.com/uploads//file_doc/2024/05/AAFTK15_prospectus.pdf,2024-05,parsed,2023,1.21,2026-10-09
4558,https://media.bareksa.com/uploads//file_doc/2024/05/AAFMSAM_prospectus.pdf,2024-05,parsed,2023,1.17,2026-10-09
4559,,,not_found,,,2026-10-09
4560,,,not_found,,,2026-10-09
4561,,,not_found,,,2026-10-09
4562,,,not_found,,,2026-10-09
4563,,,not_found,,,2026-10-09
4564,,,not_found,,,2026-10-09
4565,,,not_found,,,2026-10-09
4566,https://media.bareksa.com/uploads//file_doc/2025/05/AAIMSHL_prospectus.pdf,2025-05,no_row,,,2026-10-09
4567,https://media.bareksa.com/uploads//file_doc/2023/09/AAEMSUS_prospectus.pdf,2023-09,partial_year,,,2026-10-09
4568,https://media.bareksa.com/uploads//file_doc/2026/08/AAPIKKB_prospectus.pdf,2026-08,share_classes,,,2026-10-09
4569,https://media.bareksa.com/uploads//file_doc/2025/07/AAFMSSI_prospectus.pdf,2025-07,parsed,2024,1.70,2026-10-09
4570,https://media.bareksa.com/uploads//file_doc/2024/05/AAFMKPM_prospectus.pdf,2024-05,parsed,2023,0.19,2026-10-09
4571,https://media.bareksa.com/uploads//file_doc/2026/08/ACQBKB3_prospectus.pdf,2026-08,parsed,2025,1.72,2026-10-09
4572,,,not_found,,,2026-10-09
4573,,,not_found,,,2026-10-09
4574,,,not_found,,,2026-10-09
4575,,,not_found,,,2026-10-09
4576,https://media.bareksa.com/uploads//file_doc/2025/05/AAIESSU_prospectus.pdf,2025-05,parsed,2024,5.72,2026-10-09
4577,https://media.bareksa.com/uploads//file_doc/2026/08/ABMESKB_prospectus.pdf,2026-08,share_classes,,,2026-10-09
4578,https://media.bareksa.com/uploads//file_doc/2026/08/ABMIKKB_prospectus.pdf,2026-08,share_classes,,,2026-10-09
4579,https://media.bareksa.com/uploads//file_doc/2023/09/ACAPSIX_prospectus.pdf,2023-09,no_row,,,2026-10-09
4580,,,not_found,,,2026-10-09
4581,,,not_found,,,2026-10-09
4582,,,not_found,,,2026-10-09
4583,https://media.bareksa.com/uploads//file_doc/2023/09/ACATS40_prospectus.pdf,2023-09,scanned,,,2026-10-09
4584,https://media.bareksa.com/uploads//file_doc/2024/11/ACCTK28_prospectus.pdf,2024-11,parsed,2023,1.32,2026-10-09
4585,,,not_found,,,2026-10-09
4586,,,not_found,,,2026-10-09
4587,https://media.bareksa.com/uploads//file_doc/2024/05/AAFTSB5_prospectus.pdf,2024-05,parsed,2023,1.14,2026-10-09
4588,https://media.bareksa.com/uploads//file_doc/2024/11/ACCIK3C_prospectus.pdf,2024-11,no_row,,,2026-10-09
4589,https://media.bareksa.com/uploads//file_doc/2023/11/ACQTK18_prospectus.pdf,2023-11,no_row,,,2026-10-09
4590,,,not_found,,,2026-10-09
4591,https://media.bareksa.com/uploads//file_doc/2026/08/AAGIKDR_prospectus.pdf,2026-08,no_row,,,2026-10-09
4592,https://media.bareksa.com/uploads//file_doc/2025/05/AAIMLGL_prospectus.pdf,2025-05,parsed,2024,1.16,2026-10-09
4593,,,not_found,,,2026-10-09
4594,,,not_found,,,2026-10-09
4595,,,not_found,,,2026-10-09
4596,,,not_found,,,2026-10-09
4597,https://media.bareksa.com/uploads//file_doc/2026/08/AAPIKKA_prospectus.pdf,2026-08,share_classes,,,2026-10-09
4598,,,not_found,,,2026-10-09
4599,https://media.bareksa.com/uploads//file_doc/2026/07/ADBFKFI_prospectus.pdf,2026-07,no_row,,,2026-10-09
4600,https://media.bareksa.com/uploads//file_doc/2026/06/ACOFKOP_prospectus.pdf,2026-06,conflict,,,2026-10-09
4601,https://media.bareksa.com/uploads//file_doc/2023/09/ACAPSSX_prospectus.pdf,2023-09,no_row,,,2026-10-09
4602,https://media.bareksa.com/uploads//file_doc/2025/05/AAIEKKS_prospectus.pdf,2025-05,parsed,2024,3.77,2026-10-09
4603,,,not_found,,,2026-10-09
4604,https://media.bareksa.com/uploads//file_doc/2026/04/AAIFKKI_prospectus.pdf,2026-04,share_classes,,,2026-10-09
4605,https://media.bareksa.com/uploads//file_doc/2026/08/ACQFKI3_prospectus.pdf,2026-08,parsed,2025,1.33,2026-10-09
4606,,,not_found,,,2026-10-09
4607,https://media.bareksa.com/uploads//file_doc/2023/11/ACQTK17_prospectus.pdf,2023-11,no_row,,,2026-10-09
4608,,,not_found,,,2026-10-09
4609,,,not_found,,,2026-10-09
4610,,,not_found,,,2026-10-09
4611,https://media.bareksa.com/uploads//file_doc/2024/11/ACKEKKS_prospectus.pdf,2024-11,share_classes,,,2026-10-09
4612,https://media.bareksa.com/uploads//file_doc/2025/05/ANPBKBF_prospectus.pdf,2025-05,no_row,,,2026-10-09
4613,,,not_found,,,2026-10-09
4614,https://media.bareksa.com/uploads//file_doc/2024/11/ACCTK29_prospectus.pdf,2024-11,parsed,2023,1.12,2026-10-09
4615,,,not_found,,,2026-10-09
4616,https://media.bareksa.com/uploads//file_doc/2026/08/AAKFKUB_prospectus.pdf,2026-08,parsed,2025,1.31,2026-10-09
4617,https://media.bareksa.com/uploads//file_doc/2026/08/AAPMKGP_prospectus.pdf,2026-08,parsed,2025,0.81,2026-10-09
4618,https://media.bareksa.com/uploads//file_doc/2025/05/AAKTKP7_prospectus.pdf,2025-05,parsed,2024,0.97,2026-10-09
4619,https://media.bareksa.com/uploads//file_doc/2026/07/ABNMKM1_prospectus.pdf,2026-07,share_classes,,,2026-10-09
4620,,,not_found,,,2026-10-09
4621,,,not_found,,,2026-10-09
4622,https://media.bareksa.com/uploads//file_doc/2024/10/AANMKUG_prospectus.pdf,2024-10,scanned,,,2026-10-09
4623,,,not_found,,,2026-10-09
4624,,,not_found,,,2026-10-09
4625,,,not_found,,,2026-10-09
4626,,,not_found,,,2026-10-09
4627,https://media.bareksa.com/uploads//file_doc/2024/09/ABMEKSB_prospectus.pdf,2024-09,share_classes,,,2026-10-09
4628,,,not_found,,,2026-10-09
4629,https://media.bareksa.com/uploads//file_doc/2025/05/AAAMKCS_prospectus.pdf,2025-05,no_row,,,2026-10-09
4630,,,not_found,,,2026-10-09
4631,https://media.bareksa.com/uploads//file_doc/2024/07/ABNEKA1_prospectus.pdf,2024-07,share_classes,,,2026-10-09
4632,,,not_found,,,2026-10-09
4633,,,not_found,,,2026-10-09
4634,,,not_found,,,2026-10-09
4635,https://media.bareksa.com/uploads//file_doc/2024/05/ACTBKSN_prospectus.pdf,2024-05,no_row,,,2026-10-09
4636,,,not_found,,,2026-10-09
4637,,,not_found,,,2026-10-09
4638,https://media.bareksa.com/uploads//file_doc/2026/08/AAPMKKB_prospectus.pdf,2026-08,share_classes,,,2026-10-09
4639,https://media.bareksa.com/uploads//file_doc/2026/08/ACPIKID_prospectus.pdf,2026-08,parsed,2025,2.29,2026-10-09
4640,,,not_found,,,2026-10-09
4641,https://media.bareksa.com/uploads//file_doc/2026/09/ACAFKOB_prospectus.pdf,2026-09,parsed,2025,1.22,2026-10-09
4642,https://media.bareksa.com/uploads//file_doc/2025/05/ACQTK19_prospectus.pdf,2025-05,parsed,2024,1.67,2026-10-09
4643,https://media.bareksa.com/uploads//file_doc/2024/11/ACCTK30_prospectus.pdf,2024-11,partial_year,,,2026-10-09
4644,,,not_found,,,2026-10-09
4645,https://media.bareksa.com/uploads//file_doc/2024/05/ACTBKAB_prospectus.pdf,2024-05,parsed,2023,3.15,2026-10-09
4646,,,not_found,,,2026-10-09
4647,,,not_found,,,2026-10-09
4648,https://media.bareksa.com/uploads//file_doc/2023/09/ACAPKAG_prospectus.pdf,2023-09,partial_year,,,2026-10-09
4649,https://media.bareksa.com/uploads//file_doc/2026/04/AAIFSKI_prospectus.pdf,2026-04,parsed,2025,2.12,2026-10-09
4650,https://media.bareksa.com/uploads//file_doc/2026/08/AASFSKC_prospectus.pdf,2026-08,share_classes,,,2026-10-09
4651,,,not_found,,,2026-10-09
4652,,,not_found,,,2026-10-09
4653,https://media.bareksa.com/uploads//file_doc/2026/08/AAGIKK1_prospectus.pdf,2026-08,parsed,2024,0.05,2026-10-09
4654,https://media.bareksa.com/uploads//file_doc/2025/05/AAIFSND_prospectus.pdf,2025-05,parsed,2024,2.61,2026-10-09
4655,,,not_found,,,2026-10-09
4656,,,not_found,,,2026-10-09
4657,https://media.bareksa.com/uploads//file_doc/2023/09/ACAPKVC_prospectus.pdf,2023-09,no_row,,,2026-10-09
4658,https://media.bareksa.com/uploads//file_doc/2025/05/AAKTKMX_prospectus.pdf,2025-05,parsed,2024,0.75,2026-10-09
4659,,,not_found,,,2026-10-09
4660,,,not_found,,,2026-10-09
4661,https://media.bareksa.com/uploads//file_doc/2026/07/ABNFKKI_prospectus.pdf,2026-07,share_classes,,,2026-10-09
4662,https://media.bareksa.com/uploads//file_doc/2025/05/AAKBKCC_prospectus.pdf,2025-05,share_classes,,,2026-10-09
4663,,,not_found,,,2026-10-09
4664,,,not_found,,,2026-10-09
4665,,,not_found,,,2026-10-09
4666,https://media.bareksa.com/uploads//file_doc/2023/11/ACUFKGF_prospectus.pdf,2023-11,no_row,,,2026-10-09
4667,https://media.bareksa.com/uploads//file_doc/2024/11/ACCTK31_prospectus.pdf,2024-11,partial_year,,,2026-10-09
4668,,,not_found,,,2026-10-09
4669,,,not_found,,,2026-10-09
4670,,,not_found,,,2026-10-09
4671,https://media.bareksa.com/uploads//file_doc/2023/09/ACATK44_prospectus.pdf,2023-09,scanned,,,2026-10-09
4672,https://media.bareksa.com/uploads//file_doc/2026/08/AAGFKR1_prospectus.pdf,2026-08,parsed,2025,2.01,2026-10-09
4673,,,not_found,,,2026-10-09
4674,,,not_found,,,2026-10-09
4675,,,not_found,,,2026-10-09
4676,https://media.bareksa.com/uploads//file_doc/2024/09/ABMXK45_prospectus.pdf,2024-09,no_row,,,2026-10-09
4677,,,not_found,,,2026-10-09
4678,https://media.bareksa.com/uploads//file_doc/2025/07/AOMMKSG_prospectus.pdf,2025-07,parsed,2024,0.60,2026-10-09
4679,https://media.bareksa.com/uploads//file_doc/2026/08/ACQFKNP_prospectus.pdf,2026-08,parsed,2025,1.40,2026-10-09
4680,https://media.bareksa.com/uploads//file_doc/2026/04/AAHFKD1_prospectus.pdf,2026-04,share_classes,,,2026-10-09
4681,,,not_found,,,2026-10-09
4682,https://media.bareksa.com/uploads//file_doc/2023/09/AAEBKBN_prospectus.pdf,2023-09,no_row,,,2026-10-09
4683,,,not_found,,,2026-10-09
4684,https://media.bareksa.com/uploads//file_doc/2026/04/AAHEKK1_prospectus.pdf,2026-04,share_classes,,,2026-10-09
4685,,,not_found,,,2026-10-09
4686,https://media.bareksa.com/uploads//file_doc/2026/08/ACQFKI4_prospectus.pdf,2026-08,conflict,,,2026-10-09
4687,,,not_found,,,2026-10-09
4688,,,not_found,,,2026-10-09
4689,,,not_found,,,2026-10-09
4690,,,not_found,,,2026-10-09
4691,,,not_found,,,2026-10-09
4692,https://media.bareksa.com/uploads//file_doc/2026/08/ACPESSE_prospectus.pdf,2026-08,parsed,2025,4.20,2026-10-09
4693,,,not_found,,,2026-10-09
4694,https://media.bareksa.com/uploads//file_doc/2025/05/AAMESAE_prospectus.pdf,2025-05,parsed,2024,4.96,2026-10-09
4695,https://media.bareksa.com/uploads//file_doc/2024/02/ACCASGL_prospectus.pdf,2024-02,no_row,,,2026-10-09
4696,,,not_found,,,2026-10-09
4697,https://media.bareksa.com/uploads//file_doc/2025/05/ACQTK21_prospectus.pdf,2025-05,parsed,2024,1.58,2026-10-09
4698,,,not_found,,,2026-10-09
4699,https://media.bareksa.com/uploads//file_doc/2026/08/ABMEKBB_prospectus.pdf,2026-08,share_classes,,,2026-10-09
4700,,,not_found,,,2026-10-09
4701,,,not_found,,,2026-10-09
4702,https://media.bareksa.com/uploads//file_doc/2025/05/AAKTK5M_prospectus.pdf,2025-05,parsed,2024,0.77,2026-10-09
4703,,,not_found,,,2026-10-09
4704,,,not_found,,,2026-10-09
4705,https://media.bareksa.com/uploads//file_doc/2025/10/ACTFSSP_prospectus.pdf,2025-10,parsed,2024,1.99,2026-10-09
4706,,,not_found,,,2026-10-09
4707,https://media.bareksa.com/uploads//file_doc/2023/09/ACAPS11_prospectus.pdf,2023-09,no_row,,,2026-10-09
4708,https://media.bareksa.com/uploads//file_doc/2024/07/ABNEKS1_prospectus.pdf,2024-07,share_classes,,,2026-10-09
4709,https://media.bareksa.com/uploads//file_doc/2024/07/ABNEKE1_prospectus.pdf,2024-07,share_classes,,,2026-10-09
4710,https://media.bareksa.com/uploads//file_doc/2024/11/ARNEKSB_prospectus.pdf,2024-11,partial_year,,,2026-10-09
4711,,,not_found,,,2026-10-09
4712,,,not_found,,,2026-10-09
4713,https://media.bareksa.com/uploads//file_doc/2026/10/ACAIK15_prospectus_1790848427.pdf,2026-10,no_row,,,2026-10-09
4714,,,not_found,,,2026-10-09
4715,https://media.bareksa.com/uploads//file_doc/2026/07/ADBMKOR_prospectus.pdf,2026-07,no_row,,,2026-10-09
4716,,,not_found,,,2026-10-09
4717,https://media.bareksa.com/uploads//file_doc/2026/08/AAGIK1R_prospectus.pdf,2026-08,parsed,2024,0.87,2026-10-09
4718,https://media.bareksa.com/uploads//file_doc/2025/07/AAGISR1_prospectus.pdf,2025-07,parsed,2024,2.24,2026-10-09
4719,https://media.bareksa.com/uploads//file_doc/2025/07/AAGISI2_prospectus.pdf,2025-07,parsed,2024,2.24,2026-10-09
4720,https://media.bareksa.com/uploads//file_doc/2026/09/ADIXKGV_prospectus.pdf,2026-09,parsed,2025,1.61,2026-10-09
4721,https://media.bareksa.com/uploads//file_doc/2024/05/AAHIKR1_prospectus.pdf,2024-05,no_row,,,2026-10-09
4722,https://media.bareksa.com/uploads//file_doc/2024/11/ACCTK32_prospectus.pdf,2024-11,partial_year,,,2026-10-09
4723,,,not_found,,,2026-10-09
4724,,,not_found,,,2026-10-09
4725,https://media.bareksa.com/uploads//file_doc/2026/05/ACTMK2B_prospectus.pdf,2026-05,share_classes,,,2026-10-09
4726,https://media.bareksa.com/uploads//file_doc/2026/08/ACQMKDN_prospectus.pdf,2026-08,conflict,,,2026-10-09
4727,,,not_found,,,2026-10-09
4728,,,not_found,,,2026-10-09
4729,,,not_found,,,2026-10-09
4730,,,not_found,,,2026-10-09
4731,,,not_found,,,2026-10-09
4732,,,not_found,,,2026-10-09
4733,,,not_found,,,2026-10-09
4734,,,not_found,,,2026-10-09
4735,,,not_found,,,2026-10-09
4736,https://media.bareksa.com/uploads//file_doc/2024/11/ACCTK33_prospectus.pdf,2024-11,partial_year,,,2026-10-09
4737,,,not_found,,,2026-10-09
4738,,,not_found,,,2026-10-09
4739,https://media.bareksa.com/uploads//file_doc/2026/08/ACQIK15_prospectus.pdf,2026-08,conflict,,,2026-10-09
4740,https://media.bareksa.com/uploads//file_doc/2026/08/ACXFSFI_prospectus.pdf,2026-08,no_row,,,2026-10-09
4741,https://media.bareksa.com/uploads//file_doc/2024/07/ABNEKU1_prospectus.pdf,2024-07,share_classes,,,2026-10-09
4742,,,not_found,,,2026-10-09
4743,,,not_found,,,2026-10-09
4744,,,not_found,,,2026-10-09
4745,https://media.bareksa.com/uploads//file_doc/2026/08/AASEKAC_prospectus.pdf,2026-08,share_classes,,,2026-10-09
4746,,,not_found,,,2026-10-09
4747,https://media.bareksa.com/uploads//file_doc/2026/08/AAKFKBO_prospectus.pdf,2026-08,parsed,2025,2.05,2026-10-09
4748,,,not_found,,,2026-10-09
4749,https://media.bareksa.com/uploads//file_doc/2024/05/ABABKKA_prospectus.pdf,2024-05,share_classes,,,2026-10-09
4750,https://media.bareksa.com/uploads//file_doc/2024/05/ABABKKB_prospectus.pdf,2024-05,share_classes,,,2026-10-09
4751,https://media.bareksa.com/uploads//file_doc/2023/09/ACATK42_prospectus.pdf,2023-09,no_row,,,2026-10-09
4752,https://media.bareksa.com/uploads//file_doc/2024/11/ACKFKKS_prospectus.pdf,2024-11,share_classes,,,2026-10-09
4753,,,not_found,,,2026-10-09
4754,,,not_found,,,2026-10-09
4755,,,not_found,,,2026-10-09
4756,https://media.bareksa.com/uploads//file_doc/2026/08/ACREKKA_prospectus.pdf,2026-08,parsed,2025,5.21,2026-10-09
4757,https://media.bareksa.com/uploads//file_doc/2023/11/AOMEKSE_prospectus.pdf,2023-11,scanned,,,2026-10-09
4758,https://media.bareksa.com/uploads//file_doc/2024/11/ACKFKKA_prospectus.pdf,2024-11,share_classes,,,2026-10-09
4759,,,not_found,,,2026-10-09
4760,,,not_found,,,2026-10-09
4761,,,not_found,,,2026-10-09
4762,https://media.bareksa.com/uploads//file_doc/2026/08/ABMESKA_prospectus.pdf,2026-08,share_classes,,,2026-10-09
4763,,,not_found,,,2026-10-09
4764,,,not_found,,,2026-10-09
4765,https://media.bareksa.com/uploads//file_doc/2026/08/ACQFKDB_prospectus.pdf,2026-08,parsed,2025,1.09,2026-10-09
4766,,,not_found,,,2026-10-09
4767,https://media.bareksa.com/uploads//file_doc/2024/11/ACCTK34_prospectus.pdf,2024-11,partial_year,,,2026-10-09
4768,,,not_found,,,2026-10-09
4769,,,not_found,,,2026-10-09
4770,,,not_found,,,2026-10-09
4771,,,not_found,,,2026-10-09
4772,,,not_found,,,2026-10-09
4773,https://media.bareksa.com/uploads//file_doc/2026/07/ABWESED_prospectus.pdf,2026-07,share_classes,,,2026-10-09
4774,https://media.bareksa.com/uploads//file_doc/2026/07/ABWFKUI_prospectus.pdf,2026-07,share_classes,,,2026-10-09
4775,,,not_found,,,2026-10-09
4776,,,not_found,,,2026-10-09
4777,,,not_found,,,2026-10-09
4778,,,not_found,,,2026-10-09
4779,,,not_found,,,2026-10-09
4780,https://media.bareksa.com/uploads//file_doc/2025/04/AAGIKKI_prospectus.pdf,2025-04,partial_year,,,2026-10-09
4781,,,not_found,,,2026-10-09
4782,https://media.bareksa.com/uploads//file_doc/2026/03/ABNFKM1_prospectus.pdf,2026-03,share_classes,,,2026-10-09
4783,https://media.bareksa.com/uploads//file_doc/2024/11/AAYFSOB_prospectus.pdf,2024-11,scanned,,,2026-10-09
4784,https://media.bareksa.com/uploads//file_doc/2026/08/ACRFKRA_prospectus.pdf,2026-08,parsed,2025,2.72,2026-10-09
4785,https://media.bareksa.com/uploads//file_doc/2026/08/ACQFSAS_prospectus.pdf,2026-08,parsed,2025,1.95,2026-10-09
4786,https://media.bareksa.com/uploads//file_doc/2025/05/AAIMKK1_prospectus.pdf,2025-05,share_classes,,,2026-10-09
4787,,,not_found,,,2026-10-09
4788,,,not_found,,,2026-10-09
4789,,,not_found,,,2026-10-09
4790,,,not_found,,,2026-10-09
4791,https://media.bareksa.com/uploads//file_doc/2026/03/ABNEST1_prospectus.pdf,2026-03,share_classes,,,2026-10-09
4792,,,not_found,,,2026-10-09
4793,,,not_found,,,2026-10-09
4794,,,not_found,,,2026-10-09
4795,https://media.bareksa.com/uploads//file_doc/2025/05/ANPXKEI_prospectus.pdf,2025-05,partial_year,,,2026-10-09
4796,,,not_found,,,2026-10-09
4797,https://media.bareksa.com/uploads//file_doc/2025/05/AAKIKIG_prospectus.pdf,2025-05,parsed,2024,2.85,2026-10-09
4798,,,not_found,,,2026-10-09
4799,https://media.bareksa.com/uploads//file_doc/2026/07/ACLTKO7_prospectus.pdf,2026-07,parsed,2025,0.18,2026-10-09
4800,,,not_found,,,2026-10-09
4801,,,not_found,,,2026-10-09
4802,,,not_found,,,2026-10-09
4803,,,not_found,,,2026-10-09
4804,,,not_found,,,2026-10-09
4805,https://media.bareksa.com/uploads//file_doc/2024/05/AAFTKA4_prospectus.pdf,2024-05,no_row,,,2026-10-09
4806,,,not_found,,,2026-10-09
4807,https://media.bareksa.com/uploads//file_doc/2024/11/AAYMSCF_prospectus.pdf,2024-11,scanned,,,2026-10-09
4808,,,not_found,,,2026-10-09
4809,https://media.bareksa.com/uploads//file_doc/2026/09/ACAFK2D_prospectus_1790759697.pdf,2026-09,parsed,2025,1.81,2026-10-09
4810,https://media.bareksa.com/uploads//file_doc/2025/05/AAIMKEF_prospectus.pdf,2025-05,parsed,2024,0.61,2026-10-09
4811,,,not_found,,,2026-10-09
4812,https://media.bareksa.com/uploads//file_doc/2026/08/ACRIKUA_prospectus.pdf,2026-08,share_classes,,,2026-10-09
4813,,,not_found,,,2026-10-09
4814,https://media.bareksa.com/uploads//file_doc/2024/11/ACCTK35_prospectus.pdf,2024-11,no_row,,,2026-10-09
4815,,,not_found,,,2026-10-09
4816,https://media.bareksa.com/uploads//file_doc/2026/04/AAYIKIF_prospectus.pdf,2026-04,share_classes,,,2026-10-09
4817,https://media.bareksa.com/uploads//file_doc/2024/11/ACKTK10_prospectus.pdf,2024-11,no_row,,,2026-10-09
4818,https://media.bareksa.com/uploads//file_doc/2026/05/AAZBKKA_prospectus.pdf,2026-05,share_classes,,,2026-10-09
4819,https://media.bareksa.com/uploads//file_doc/2026/10/ACAFSKD_prospectus_1790847325.pdf,2026-10,parsed,2025,1.01,2026-10-09
4820,https://media.bareksa.com/uploads//file_doc/2025/05/AAIFKIK_prospectus.pdf,2025-05,conflict,,,2026-10-09
4821,https://media.bareksa.com/uploads//file_doc/2026/05/AAZBKKB_prospectus.pdf,2026-05,share_classes,,,2026-10-09
4822,https://media.bareksa.com/uploads//file_doc/2025/05/AAKTKV3_prospectus.pdf,2025-05,partial_year,,,2026-10-09
4823,https://media.bareksa.com/uploads//file_doc/2025/05/AAIFKUI_prospectus.pdf,2025-05,partial_year,,,2026-10-09
4824,https://media.bareksa.com/uploads//file_doc/2026/03/ABNEST2_prospectus.pdf,2026-03,share_classes,,,2026-10-09
4825,https://media.bareksa.com/uploads//file_doc/2025/05/ACQTK23_prospectus.pdf,2025-05,no_row,,,2026-10-09
4826,https://media.bareksa.com/uploads//file_doc/2026/08/ACRFSSF_prospectus.pdf,2026-08,parsed,2025,1.94,2026-10-09
4827,https://media.bareksa.com/uploads//file_doc/2026/04/AAFFKSF_prospectus.pdf,2026-04,parsed,2025,2.09,2026-10-09
4828,,,not_found,,,2026-10-09
4829,,,not_found,,,2026-10-09
4830,https://media.bareksa.com/uploads//file_doc/2026/08/ACPESES_prospectus.pdf,2026-08,parsed,2025,3.40,2026-10-09
4831,https://media.bareksa.com/uploads//file_doc/2026/04/ANPFKFP_prospectus.pdf,2026-04,parsed,2025,1.47,2026-10-09
4832,,,not_found,,,2026-10-09
4833,https://media.bareksa.com/uploads//file_doc/2025/05/ACIMKBF_prospectus.pdf,2025-05,no_row,,,2026-10-09
4837,,,not_found,,,2026-10-09
4838,https://media.bareksa.com/uploads//file_doc/2026/05/AAZBKKC_prospectus.pdf,2026-05,share_classes,,,2026-10-09
4839,,,not_found,,,2026-10-09
4840,,,not_found,,,2026-10-09
4841,https://media.bareksa.com/uploads//file_doc/2024/11/ACCTK36_prospectus.pdf,2024-11,no_row,,,2026-10-09
4842,,,not_found,,,2026-10-09
4843,,,not_found,,,2026-10-09
4844,,,not_found,,,2026-10-09
4845,,,not_found,,,2026-10-09
4846,,,not_found,,,2026-10-09
4847,,,not_found,,,2026-10-09
4848,,,not_found,,,2026-10-09
4849,https://media.bareksa.com/uploads//file_doc/2024/05/AAFTKF3_prospectus.pdf,2024-05,no_row,,,2026-10-09
4850,https://media.bareksa.com/uploads//file_doc/2024/05/AAFTSB6_prospectus.pdf,2024-05,no_row,,,2026-10-09
4851,https://media.bareksa.com/uploads//file_doc/2024/05/AAFFSAS_prospectus.pdf,2024-05,no_row,,,2026-10-09
4852,,,not_found,,,2026-10-09
4853,https://media.bareksa.com/uploads//file_doc/2026/08/AAGIKP1_prospectus.pdf,2026-08,parsed,2025,1.51,2026-10-09
4854,,,not_found,,,2026-10-09
4855,,,not_found,,,2026-10-09
4856,,,not_found,,,2026-10-09
4857,,,not_found,,,2026-10-09
4858,,,not_found,,,2026-10-09
4859,https://media.bareksa.com/uploads//file_doc/2026/04/AAFEKSB_prospectus.pdf,2026-04,share_classes,,,2026-10-09
4860,,,not_found,,,2026-10-09
4861,https://media.bareksa.com/uploads//file_doc/2026/04/AAFEKSD_prospectus.pdf,2026-04,share_classes,,,2026-10-09
4862,https://media.bareksa.com/uploads//file_doc/2025/05/ADJIK30_prospectus.pdf,2025-05,partial_year,,,2026-10-09
4863,,,not_found,,,2026-10-09
4864,,,not_found,,,2026-10-09
4865,https://media.bareksa.com/uploads//file_doc/2026/02/ABMMSKB_prospectus.pdf,2026-02,share_classes,,,2026-10-09
4866,https://media.bareksa.com/uploads//file_doc/2026/02/ABMMSKC_prospectus.pdf,2026-02,share_classes,,,2026-10-09
4867,,,not_found,,,2026-10-09
4868,,,not_found,,,2026-10-09
4869,https://media.bareksa.com/uploads//file_doc/2026/07/ABNMKA2_prospectus.pdf,2026-07,share_classes,,,2026-10-09
4870,https://media.bareksa.com/uploads//file_doc/2024/11/ARNFKSP_prospectus.pdf,2024-11,no_row,,,2026-10-09
4871,,,not_found,,,2026-10-09
4872,https://media.bareksa.com/uploads//file_doc/2024/10/AEMFKFI_prospectus.pdf,2024-10,no_row,,,2026-10-09
4873,https://media.bareksa.com/uploads//file_doc/2026/08/ABMMKKC_prospectus.pdf,2026-08,share_classes,,,2026-10-09
4874,,,not_found,,,2026-10-09
4875,,,not_found,,,2026-10-09
4876,,,not_found,,,2026-10-09
4877,https://media.bareksa.com/uploads//file_doc/2025/05/AAAFKBF_prospectus.pdf,2025-05,no_row,,,2026-10-09
4878,,,not_found,,,2026-10-09
4879,https://media.bareksa.com/uploads//file_doc/2024/11/ACCIKSB_prospectus.pdf,2024-11,partial_year,,,2026-10-09
4880,,,not_found,,,2026-10-09
4881,https://media.bareksa.com/uploads//file_doc/2025/05/AAAEKFE_prospectus.pdf,2025-05,no_row,,,2026-10-09
4882,https://media.bareksa.com/uploads//file_doc/2026/08/ABMFKKD_prospectus.pdf,2026-08,share_classes,,,2026-10-09
4883,https://media.bareksa.com/uploads//file_doc/2024/09/AIMEKPO_prospectus.pdf,2024-09,no_row,,,2026-10-09
4884,https://media.bareksa.com/uploads//file_doc/2024/09/AIMIKSO_prospectus.pdf,2024-09,no_row,,,2026-10-09
4885,,,not_found,,,2026-10-09
4886,,,not_found,,,2026-10-09
4887,,,not_found,,,2026-10-09
4888,,,not_found,,,2026-10-09
4889,,,not_found,,,2026-10-09
4890,https://media.bareksa.com/uploads//file_doc/2024/07/ACREKPB_prospectus.pdf,2024-07,partial_year,,,2026-10-09
4891,https://media.bareksa.com/uploads//file_doc/2025/05/AAKTK6M_prospectus.pdf,2025-05,no_row,,,2026-10-09
4892,https://media.bareksa.com/uploads//file_doc/2026/03/ACTBKBK_prospectus.pdf,2026-03,share_classes,,,2026-10-09
4893,,,not_found,,,2026-10-09
4894,https://media.bareksa.com/uploads//file_doc/2026/08/AAKFSOS_prospectus.pdf,2026-08,parsed,2025,1.94,2026-10-09
4895,,,not_found,,,2026-10-09
4896,,,not_found,,,2026-10-09
4897,,,not_found,,,2026-10-09
4898,https://media.bareksa.com/uploads//file_doc/2026/08/ABMXKSK_prospectus.pdf,2026-08,parsed,2025,0.91,2026-10-09
4899,https://media.bareksa.com/uploads//file_doc/2025/07/AAFFKSS_prospectus.pdf,2025-07,partial_year,,,2026-10-09
4900,https://media.bareksa.com/uploads//file_doc/2025/05/AAKESIN_prospectus.pdf,2025-05,partial_year,,,2026-10-09
4901,,,not_found,,,2026-10-09
4902,https://media.bareksa.com/uploads//file_doc/2025/10/ACTFKKA_prospectus.pdf,2025-10,no_row,,,2026-10-09
4903,,,not_found,,,2026-10-09
4904,https://media.bareksa.com/uploads//file_doc/2025/10/ACTFKKC_prospectus.pdf,2025-10,no_row,,,2026-10-09
4905,https://media.bareksa.com/uploads//file_doc/2025/05/ACQTK24_prospectus.pdf,2025-05,no_row,,,2026-10-09
4906,https://media.bareksa.com/uploads//file_doc/2024/11/ACCTK37_prospectus.pdf,2024-11,no_row,,,2026-10-09
4907,https://media.bareksa.com/uploads//file_doc/2026/08/ACQEKHC_prospectus.pdf,2026-08,parsed,2025,3.70,2026-10-09
4908,,,not_found,,,2026-10-09
4909,,,not_found,,,2026-10-09
4910,,,not_found,,,2026-10-09
4911,,,not_found,,,2026-10-09
4912,,,not_found,,,2026-10-09
4913,https://media.bareksa.com/uploads//file_doc/2026/05/AAZTSS3_prospectus.pdf,2026-05,partial_year,,,2026-10-09
4914,,,not_found,,,2026-10-09
4915,,,not_found,,,2026-10-09
4916,https://media.bareksa.com/uploads//file_doc/2026/08/ACQIKPF_prospectus.pdf,2026-08,conflict,,,2026-10-09
4917,,,not_found,,,2026-10-09
4918,https://media.bareksa.com/uploads//file_doc/2025/07/AAFFKGL_prospectus.pdf,2025-07,partial_year,,,2026-10-09
4919,https://media.bareksa.com/uploads//file_doc/2025/07/AAFFKPL_prospectus.pdf,2025-07,partial_year,,,2026-10-09
4920,,,not_found,,,2026-10-09
4921,,,not_found,,,2026-10-09
4922,,,not_found,,,2026-10-09
4923,,,not_found,,,2026-10-09
4924,,,not_found,,,2026-10-09
4925,,,not_found,,,2026-10-09
4926,https://media.bareksa.com/uploads//file_doc/2025/09/ACRBKKA_prospectus.pdf,2025-09,no_row,,,2026-10-09
4927,,,not_found,,,2026-10-09
4928,https://media.bareksa.com/uploads//file_doc/2026/07/ACRMKKO_prospectus.pdf,2026-07,no_row,,,2026-10-09
4929,https://media.bareksa.com/uploads//file_doc/2025/05/AAKTKS1_prospectus.pdf,2025-05,partial_year,,,2026-10-09
4930,https://media.bareksa.com/uploads//file_doc/2026/08/AAGMKI1_prospectus.pdf,2026-08,share_classes,,,2026-10-09
4931,,,not_found,,,2026-10-09
4932,https://media.bareksa.com/uploads//file_doc/2025/05/AAKTKV7_prospectus.pdf,2025-05,partial_year,,,2026-10-09
4933,,,not_found,,,2026-10-09
4934,,,not_found,,,2026-10-09
4935,https://media.bareksa.com/uploads//file_doc/2025/05/AAAMSCS_prospectus.pdf,2025-05,no_row,,,2026-10-09
4936,https://media.bareksa.com/uploads//file_doc/2025/05/ABZESUS_prospectus.pdf,2025-05,partial_year,,,2026-10-09
4937,,,not_found,,,2026-10-09
4938,,,not_found,,,2026-10-09
4939,,,not_found,,,2026-10-09
4940,,,not_found,,,2026-10-09
4941,,,not_found,,,2026-10-09
4942,,,not_found,,,2026-10-09
4943,,,not_found,,,2026-10-09
4944,https://media.bareksa.com/uploads//file_doc/2025/05/AAKTKV9_prospectus.pdf,2025-05,partial_year,,,2026-10-09
4945,https://media.bareksa.com/uploads//file_doc/2026/08/ACPMKMM_prospectus.pdf,2026-08,parsed,2025,1.01,2026-10-09
4946,,,not_found,,,2026-10-09
4947,,,not_found,,,2026-10-09
4948,,,not_found,,,2026-10-09
4949,,,not_found,,,2026-10-09
4950,,,not_found,,,2026-10-09
4951,https://media.bareksa.com/uploads//file_doc/2026/08/ACPBKAI_prospectus.pdf,2026-08,parsed,2025,13.22,2026-10-09
4952,,,not_found,,,2026-10-09
4953,https://media.bareksa.com/uploads//file_doc/2024/11/ACCTK39_prospectus.pdf,2024-11,no_row,,,2026-10-09
4954,,,not_found,,,2026-10-09
4955,https://media.bareksa.com/uploads//file_doc/2026/08/AAKMSKB_prospectus.pdf,2026-08,share_classes,,,2026-10-09
4956,https://media.bareksa.com/uploads//file_doc/2026/08/AAKMSKC_prospectus.pdf,2026-08,share_classes,,,2026-10-09
4957,,,not_found,,,2026-10-09
4958,https://media.bareksa.com/uploads//file_doc/2026/08/ACQFKDN_prospectus.pdf,2026-08,conflict,,,2026-10-09
4959,,,not_found,,,2026-10-09
4960,,,not_found,,,2026-10-09
4961,,,not_found,,,2026-10-09
4962,,,not_found,,,2026-10-09
4963,,,not_found,,,2026-10-09
4964,,,not_found,,,2026-10-09
4965,,,not_found,,,2026-10-09
4966,,,not_found,,,2026-10-09
4967,https://media.bareksa.com/uploads//file_doc/2026/08/ACXFKRG_prospectus.pdf,2026-08,parsed,2025,2.53,2026-10-09
4968,https://media.bareksa.com/uploads//file_doc/2025/05/AAIMKPL_prospectus.pdf,2025-05,share_classes,,,2026-10-09
4969,,,not_found,,,2026-10-09
4970,,,not_found,,,2026-10-09
4971,https://media.bareksa.com/uploads//file_doc/2026/06/ANPESTF_prospectus.pdf,2026-06,parsed,2025,3.67,2026-10-09
4972,,,not_found,,,2026-10-09
4973,https://media.bareksa.com/uploads//file_doc/2026/08/AASIKEC_prospectus.pdf,2026-08,share_classes,,,2026-10-09
4974,,,not_found,,,2026-10-09
4975,,,not_found,,,2026-10-09
4976,,,not_found,,,2026-10-09
4977,https://media.bareksa.com/uploads//file_doc/2025/05/AAKTK5B_prospectus.pdf,2025-05,partial_year,,,2026-10-09
4978,,,not_found,,,2026-10-09
4979,,,not_found,,,2026-10-09
4980,,,not_found,,,2026-10-09
4981,,,not_found,,,2026-10-09
4982,,,not_found,,,2026-10-09
4983,,,not_found,,,2026-10-09
4984,,,not_found,,,2026-10-09
4985,,,not_found,,,2026-10-09
4986,,,not_found,,,2026-10-09
4987,https://media.bareksa.com/uploads//file_doc/2026/08/ABMFK2B_prospectus.pdf,2026-08,share_classes,,,2026-10-09
4988,,,not_found,,,2026-10-09
4989,,,not_found,,,2026-10-09
4990,,,not_found,,,2026-10-09
4991,https://media.bareksa.com/uploads//file_doc/2026/10/ACAFSKB_prospectus_1790847324.pdf,2026-10,parsed,2025,0.01,2026-10-09
4992,https://media.bareksa.com/uploads//file_doc/2026/09/ACAFK2B_prospectus_1790759696.pdf,2026-09,parsed,2025,3.19,2026-10-09
4993,,,not_found,,,2026-10-09
4994,,,not_found,,,2026-10-09
4995,https://media.bareksa.com/uploads//file_doc/2026/08/ACQIKDN_prospectus.pdf,2026-08,conflict,,,2026-10-09
4996,,,not_found,,,2026-10-09
4997,,,not_found,,,2026-10-09
4998,,,not_found,,,2026-10-09
4999,,,not_found,,,2026-10-09
5000,,,not_found,,,2026-10-09
5001,,,not_found,,,2026-10-09
5002,,,not_found,,,2026-10-09
5003,,,not_found,,,2026-10-09
5004,,,not_found,,,2026-10-09
5005,,,not_found,,,2026-10-09
5006,https://media.bareksa.com/uploads//file_doc/2026/09/ABCFKKB_prospectus.pdf,2026-09,share_classes,,,2026-10-09
5007,https://media.bareksa.com/uploads//file_doc/2026/05/AAZTKPF_prospectus.pdf,2026-05,no_row,,,2026-10-09
5008,,,not_found,,,2026-10-09
5009,https://media.bareksa.com/uploads//file_doc/2026/05/ACTFKBK_prospectus.pdf,2026-05,share_classes,,,2026-10-09
5010,,,not_found,,,2026-10-09
5011,,,not_found,,,2026-10-09
5012,https://media.bareksa.com/uploads//file_doc/2025/10/ACTFKMA_prospectus.pdf,2025-10,no_row,,,2026-10-09
5013,https://media.bareksa.com/uploads//file_doc/2025/10/ACTFKMB_prospectus.pdf,2025-10,no_row,,,2026-10-09
5014,,,not_found,,,2026-10-09
5015,https://media.bareksa.com/uploads//file_doc/2025/05/AAKTK6O_prospectus.pdf,2025-05,no_row,,,2026-10-09
5016,https://media.bareksa.com/uploads//file_doc/2025/02/ACXTK12_prospectus.pdf,2025-02,no_row,,,2026-10-09
5017,https://media.bareksa.com/uploads//file_doc/2026/08/AAPBKKB_prospectus.pdf,2026-08,share_classes,,,2026-10-09
5018,,,not_found,,,2026-10-09
5019,,,not_found,,,2026-10-09
5020,https://media.bareksa.com/uploads//file_doc/2025/03/ABCTS10_prospectus.pdf,2025-03,scanned,,,2026-10-09
5021,https://media.bareksa.com/uploads//file_doc/2025/05/AAIXKIG_prospectus.pdf,2025-05,no_row,,,2026-10-09
5022,https://media.bareksa.com/uploads//file_doc/2025/07/AOMFSSO_prospectus.pdf,2025-07,scanned,,,2026-10-09
5023,https://media.bareksa.com/uploads//file_doc/2025/05/AAYIKKC_prospectus.pdf,2025-05,no_row,,,2026-10-09
5024,,,not_found,,,2026-10-09
5025,https://media.bareksa.com/uploads//file_doc/2026/08/ACPBKKA_prospectus.pdf,2026-08,partial_year,,,2026-10-09
5026,,,not_found,,,2026-10-09
5027,,,not_found,,,2026-10-09
5028,https://media.bareksa.com/uploads//file_doc/2026/08/ACPBKSA_prospectus.pdf,2026-08,partial_year,,,2026-10-09
5029,https://media.bareksa.com/uploads//file_doc/2026/08/ACPBKSC_prospectus.pdf,2026-08,partial_year,,,2026-10-09
5030,,,not_found,,,2026-10-09
5031,,,not_found,,,2026-10-09
5032,,,not_found,,,2026-10-09
5033,,,not_found,,,2026-10-09
5034,,,not_found,,,2026-10-09
5035,,,not_found,,,2026-10-09
5036,,,not_found,,,2026-10-09
5037,,,not_found,,,2026-10-09
5038,,,not_found,,,2026-10-09
5039,,,not_found,,,2026-10-09
5040,,,not_found,,,2026-10-09
5041,,,not_found,,,2026-10-09
5042,,,not_found,,,2026-10-09
5043,,,not_found,,,2026-10-09
5044,https://media.bareksa.com/uploads//file_doc/2026/03/ABNMKKA_prospectus.pdf,2026-03,no_row,,,2026-10-09
5045,,,not_found,,,2026-10-09
5046,https://media.bareksa.com/uploads//file_doc/2025/05/AAKIKPB_prospectus.pdf,2025-05,no_row,,,2026-10-09
5047,,,not_found,,,2026-10-09
5048,,,not_found,,,2026-10-09
5049,https://media.bareksa.com/uploads//file_doc/2025/05/ABZTKP1_prospectus.pdf,2025-05,no_row,,,2026-10-09
5050,https://media.bareksa.com/uploads//file_doc/2026/04/ABNFKF2_prospectus.pdf,2026-04,share_classes,,,2026-10-09
5051,,,not_found,,,2026-10-09
5052,https://media.bareksa.com/uploads//file_doc/2026/08/ACPFKAA_prospectus.pdf,2026-08,partial_year,,,2026-10-09
5053,https://media.bareksa.com/uploads//file_doc/2026/05/AAZTSP4_prospectus.pdf,2026-05,no_row,,,2026-10-09
5054,https://media.bareksa.com/uploads//file_doc/2026/04/AAHFKUI_prospectus.pdf,2026-04,share_classes,,,2026-10-09
5055,,,not_found,,,2026-10-09
5056,,,not_found,,,2026-10-09
5057,https://media.bareksa.com/uploads//file_doc/2026/04/ABNFK1I_prospectus.pdf,2026-04,share_classes,,,2026-10-09
5058,https://media.bareksa.com/uploads//file_doc/2026/08/ACQFKKP_prospectus.pdf,2026-08,conflict,,,2026-10-09
5059,https://media.bareksa.com/uploads//file_doc/2025/10/ACTIKKM_prospectus.pdf,2025-10,no_row,,,2026-10-09
5060,,,not_found,,,2026-10-09
5061,https://media.bareksa.com/uploads//file_doc/2026/08/AAGFKT1_prospectus.pdf,2026-08,partial_year,,,2026-10-09
5062,https://media.bareksa.com/uploads//file_doc/2026/10/ACAFKDM_prospectus_1790847681.pdf,2026-10,conflict,,,2026-10-09
5063,,,not_found,,,2026-10-09
5064,,,not_found,,,2026-10-09
5065,https://media.bareksa.com/uploads//file_doc/2026/03/ACTBKKP_prospectus.pdf,2026-03,share_classes,,,2026-10-09
5066,,,not_found,,,2026-10-09
5067,https://media.bareksa.com/uploads//file_doc/2025/07/AACEKTT_prospectus.pdf,2025-07,no_row,,,2026-10-09
5068,,,not_found,,,2026-10-09
5069,,,not_found,,,2026-10-09
5070,,,not_found,,,2026-10-09
5071,,,not_found,,,2026-10-09
5072,,,not_found,,,2026-10-09
5073,,,not_found,,,2026-10-09
5074,,,not_found,,,2026-10-09
5075,,,not_found,,,2026-10-09
5076,,,not_found,,,2026-10-09
5077,,,not_found,,,2026-10-09
5078,https://media.bareksa.com/uploads//file_doc/2026/06/AAPMKLD_prospectus.pdf,2026-06,no_row,,,2026-10-09
5079,,,not_found,,,2026-10-09
5080,,,not_found,,,2026-10-09
5081,,,not_found,,,2026-10-09
5082,,,not_found,,,2026-10-09
5083,https://media.bareksa.com/uploads//file_doc/2026/05/ACTFSTB_prospectus.pdf,2026-05,share_classes,,,2026-10-09
5084,https://media.bareksa.com/uploads//file_doc/2026/06/ANPFSFS_prospectus.pdf,2026-06,no_row,,,2026-10-09
5085,https://media.bareksa.com/uploads//file_doc/2025/08/ACXTK15_prospectus.pdf,2025-08,no_row,,,2026-10-09
5086,,,not_found,,,2026-10-09
5087,https://media.bareksa.com/uploads//file_doc/2026/08/ACQFKBH_prospectus.pdf,2026-08,conflict,,,2026-10-09
5088,,,not_found,,,2026-10-09
5089,https://media.bareksa.com/uploads//file_doc/2026/09/AASBSKA_prospectus.pdf,2026-09,share_classes,,,2026-10-09
5092,https://media.bareksa.com/uploads//file_doc/2026/08/ACQFKPR_prospectus.pdf,2026-08,conflict,,,2026-10-09
5093,,,not_found,,,2026-10-09
5094,,,not_found,,,2026-10-09
5095,https://media.bareksa.com/uploads//file_doc/2026/08/ACJFKGM_prospectus.pdf,2026-08,no_row,,,2026-10-09
5096,https://media.bareksa.com/uploads//file_doc/2026/08/ACJMKLI_prospectus.pdf,2026-08,no_row,,,2026-10-09
5097,,,not_found,,,2026-10-09
5098,,,not_found,,,2026-10-09
5099,https://media.bareksa.com/uploads//file_doc/2026/04/ABNFK2A_prospectus.pdf,2026-04,share_classes,,,2026-10-09
5100,,,not_found,,,2026-10-09
5101,https://media.bareksa.com/uploads//file_doc/2026/08/ACQMKPD_prospectus.pdf,2026-08,conflict,,,2026-10-09
5102,,,not_found,,,2026-10-09
5103,,,not_found,,,2026-10-09
5104,https://media.bareksa.com/uploads//file_doc/2026/08/AAKESFR_prospectus.pdf,2026-08,no_row,,,2026-10-09
5105,,,not_found,,,2026-10-09
5106,,,not_found,,,2026-10-09
5107,https://media.bareksa.com/uploads//file_doc/2026/03/ACTBKKC_prospectus.pdf,2026-03,share_classes,,,2026-10-09
5108,,,not_found,,,2026-10-09
5109,,,not_found,,,2026-10-09
5110,,,not_found,,,2026-10-09
5111,,,not_found,,,2026-10-09
5112,,,not_found,,,2026-10-09
5113,,,not_found,,,2026-10-09
5114,,,not_found,,,2026-10-09
5115,,,not_found,,,2026-10-09
5116,,,not_found,,,2026-10-09
5117,,,not_found,,,2026-10-09
5118,,,not_found,,,2026-10-09
5119,https://media.bareksa.com/uploads//file_doc/2026/08/ACQFSHJ_prospectus.pdf,2026-08,no_row,,,2026-10-09
5120,,,not_found,,,2026-10-09
5121,https://media.bareksa.com/uploads//file_doc/2026/08/AASESMA_prospectus.pdf,2026-08,share_classes,,,2026-10-09
5122,,,not_found,,,2026-10-09
5123,,,not_found,,,2026-10-09
5124,,,not_found,,,2026-10-09
5125,,,not_found,,,2026-10-09
5126,,,not_found,,,2026-10-09
5127,,,not_found,,,2026-10-09
5128,https://media.bareksa.com/uploads//file_doc/2026/08/ACQMKBU_prospectus.pdf,2026-08,no_row,,,2026-10-09
5129,https://media.bareksa.com/uploads//file_doc/2026/08/ACQMKBP_prospectus.pdf,2026-08,no_row,,,2026-10-09
5130,,,not_found,,,2026-10-09
5131,,,not_found,,,2026-10-09
5132,,,not_found,,,2026-10-09
5133,,,not_found,,,2026-10-09
5134,,,not_found,,,2026-10-09
5135,,,not_found,,,2026-10-09
5136,https://media.bareksa.com/uploads//file_doc/2026/08/ACRESTB_prospectus.pdf,2026-08,no_row,,,2026-10-09
5137,https://media.bareksa.com/uploads//file_doc/2026/08/AAKMKMM_prospectus.pdf,2026-08,partial_year,,,2026-10-09
5138,,,not_found,,,2026-10-09
5139,https://media.bareksa.com/uploads//file_doc/2026/08/ABMIKAK_prospectus.pdf,2026-08,no_row,,,2026-10-09
5140,,,not_found,,,2026-10-09
5141,,,not_found,,,2026-10-09
5142,,,not_found,,,2026-10-09
5143,https://media.bareksa.com/uploads//file_doc/2026/08/ACPEKSP_prospectus.pdf,2026-08,no_row,,,2026-10-09
5144,,,not_found,,,2026-10-09
5145,,,not_found,,,2026-10-09
5146,,,not_found,,,2026-10-09
5147,https://media.bareksa.com/uploads//file_doc/2026/07/ACRISTA_prospectus.pdf,2026-07,no_row,,,2026-10-09
5148,,,not_found,,,2026-10-09
5149,,,not_found,,,2026-10-09
5150,,,not_found,,,2026-10-09
5151,,,not_found,,,2026-10-09
5152,,,not_found,,,2026-10-09
5153,,,not_found,,,2026-10-09
5154,,,not_found,,,2026-10-09
5155,,,not_found,,,2026-10-09
5156,https://media.bareksa.com/uploads//file_doc/2026/10/ACAFKKP_prospectus_1790847774.pdf,2026-10,conflict,,,2026-10-09
5157,,,not_found,,,2026-10-09
5158,,,not_found,,,2026-10-09
5159,,,not_found,,,2026-10-09
5160,,,not_found,,,2026-10-09
5161,https://media.bareksa.com/uploads//file_doc/2026/09/AAIFSGI_prospectus.pdf,2026-09,partial_year,,,2026-10-09
5162,https://media.bareksa.com/uploads//file_doc/2026/08/ACPEKEB_prospectus.pdf,2026-08,partial_year,,,2026-10-09
5163,,,not_found,,,2026-10-09
5164,,,not_found,,,2026-10-09
5165,,,not_found,,,2026-10-09
5166,,,not_found,,,2026-10-09
5167,https://media.bareksa.com/uploads//file_doc/2026/04/AAZESKB_prospectus.pdf,2026-04,share_classes,,,2026-10-09
5168,,,not_found,,,2026-10-09
5169,https://media.bareksa.com/uploads//file_doc/2026/09/ACQFKAI_prospectus.pdf,2026-09,no_row,,,2026-10-09
5170,,,not_found,,,2026-10-09
5171,,,not_found,,,2026-10-09
5172,,,not_found,,,2026-10-09
5173,,,not_found,,,2026-10-09
5174,https://media.bareksa.com/uploads//file_doc/2026/05/AAZEKKD_prospectus.pdf,2026-05,share_classes,,,2026-10-09
5175,,,not_found,,,2026-10-09
5176,,,not_found,,,2026-10-09
5177,,,not_found,,,2026-10-09
5178,https://media.bareksa.com/uploads//file_doc/2026/05/AAZTSPV_prospectus.pdf,2026-05,no_row,,,2026-10-09
5179,,,not_found,,,2026-10-09
5180,,,not_found,,,2026-10-09
5181,,,not_found,,,2026-10-09
5182,,,not_found,,,2026-10-09
5183,,,not_found,,,2026-10-09
5184,https://media.bareksa.com/uploads//file_doc/2026/08/AASFKKD_prospectus.pdf,2026-08,share_classes,,,2026-10-09
5185,,,not_found,,,2026-10-09
5186,,,not_found,,,2026-10-09
5187,,,not_found,,,2026-10-09
5188,https://media.bareksa.com/uploads//file_doc/2026/08/ABMBKAB_prospectus.pdf,2026-08,partial_year,,,2026-10-09
5189,,,not_found,,,2026-10-09
5190,,,not_found,,,2026-10-09
5191,,,not_found,,,2026-10-09
5192,,,not_found,,,2026-10-09
5193,,,not_found,,,2026-10-09
5194,,,not_found,,,2026-10-09
5195,,,not_found,,,2026-10-09
5196,,,not_found,,,2026-10-09
5197,,,not_found,,,2026-10-09
5198,,,not_found,,,2026-10-09
5199,,,not_found,,,2026-10-09
5200,https://media.bareksa.com/uploads//file_doc/2026/08/ACRFKKB_prospectus.pdf,2026-08,partial_year,,,2026-10-09
5201,https://media.bareksa.com/uploads//file_doc/2026/04/AAFFSSB_prospectus.pdf,2026-04,partial_year,,,2026-10-09
5202,,,not_found,,,2026-10-09
5203,,,not_found,,,2026-10-09
5204,,,not_found,,,2026-10-09
5205,https://media.bareksa.com/uploads//file_doc/2026/08/ACRFKKC_prospectus.pdf,2026-08,no_row,,,2026-10-09
5206,,,not_found,,,2026-10-09
5207,,,not_found,,,2026-10-09
5208,https://media.bareksa.com/uploads//file_doc/2026/03/ADLTK10_prospectus.pdf,2026-03,no_row,,,2026-10-09
5210,,,not_found,,,2026-10-09
5211,,,not_found,,,2026-10-09
5212,,,not_found,,,2026-10-09
5213,,,not_found,,,2026-10-09
5214,,,not_found,,,2026-10-09
5215,,,not_found,,,2026-10-09
5216,,,not_found,,,2026-10-09
5217,,,not_found,,,2026-10-09
5218,,,not_found,,,2026-10-09
5219,,,not_found,,,2026-10-09
5220,,,not_found,,,2026-10-09
5221,,,not_found,,,2026-10-09
5222,https://media.bareksa.com/uploads//file_doc/2026/08/ACPFKMB_prospectus.pdf,2026-08,share_classes,,,2026-10-09
5223,,,not_found,,,2026-10-09
5224,,,not_found,,,2026-10-09
5225,https://media.bareksa.com/uploads//file_doc/2026/08/ACRFSKB_prospectus.pdf,2026-08,partial_year,,,2026-10-09
5226,,,not_found,,,2026-10-09
5227,,,not_found,,,2026-10-09
5228,,,not_found,,,2026-10-09
5229,,,not_found,,,2026-10-09
5230,,,not_found,,,2026-10-09
5231,,,not_found,,,2026-10-09
5232,,,not_found,,,2026-10-09
5233,,,not_found,,,2026-10-09
5234,,,not_found,,,2026-10-09
5235,,,not_found,,,2026-10-09
5236,,,not_found,,,2026-10-09
5237,,,not_found,,,2026-10-09
5238,,,not_found,,,2026-10-09
5239,,,not_found,,,2026-10-09
5240,,,not_found,,,2026-10-09
5241,,,not_found,,,2026-10-09
5242,,,not_found,,,2026-10-09
5243,https://media.bareksa.com/uploads//file_doc/2026/07/ABNESI1_prospectus.pdf,2026-07,no_row,,,2026-10-09
5244,,,not_found,,,2026-10-09
5245,,,not_found,,,2026-10-09
5246,,,not_found,,,2026-10-09
5247,,,not_found,,,2026-10-09
5248,,,not_found,,,2026-10-09
5249,https://media.bareksa.com/uploads//file_doc/2026/08/ACRMSKB_prospectus.pdf,2026-08,partial_year,,,2026-10-09
5250,,,not_found,,,2026-10-09
5251,,,not_found,,,2026-10-09
5252,,,not_found,,,2026-10-09
5255,,,not_found,,,2026-10-09
5256,,,not_found,,,2026-10-09
5257,,,not_found,,,2026-10-09
5258,,,not_found,,,2026-10-09
5259,,,not_found,,,2026-10-09
5260,,,not_found,,,2026-10-09
5261,,,not_found,,,2026-10-09
5262,,,not_found,,,2026-10-09
5263,,,not_found,,,2026-10-09
5264,,,not_found,,,2026-10-09
5265,,,not_found,,,2026-10-09
5266,,,not_found,,,2026-10-09
5267,,,not_found,,,2026-10-09
5268,,,not_found,,,2026-10-09
5269,,,not_found,,,2026-10-09
5270,,,not_found,,,2026-10-09
5271,,,not_found,,,2026-10-09
5272,,,not_found,,,2026-10-09
5273,https://media.bareksa.com/uploads//file_doc/2026/08/ACTXSEM_prospectus.pdf,2026-08,no_row,,,2026-10-09
5274,,,not_found,,,2026-10-09
5275,https://media.bareksa.com/uploads//file_doc/2026/08/ABMXSEE_prospectus.pdf,2026-08,no_row,,,2026-10-09
5276,,,not_found,,,2026-10-09
5277,https://media.bareksa.com/uploads//file_doc/2026/08/AAPXSES_prospectus.pdf,2026-08,no_row,,,2026-10-09
5278,,,not_found,,,2026-10-09
5279,https://media.bareksa.com/uploads//file_doc/2026/08/ACRXSSG_prospectus.pdf,2026-08,no_row,,,2026-10-09
5280,,,not_found,,,2026-10-09
5281,,,not_found,,,2026-10-09
5282,,,not_found,,,2026-10-09
5283,,,not_found,,,2026-10-09
5284,,,not_found,,,2026-10-09
5285,,,not_found,,,2026-10-09
5286,,,not_found,,,2026-10-09
5287,,,not_found,,,2026-10-09
5288,,,not_found,,,2026-10-09
5289,,,not_found,,,2026-10-09
5290,,,not_found,,,2026-10-09
5291,,,not_found,,,2026-10-09
5292,,,not_found,,,2026-10-09
5293,,,not_found,,,2026-10-09
5294,,,not_found,,,2026-10-09
5295,,,not_found,,,2026-10-09
5296,,,not_found,,,2026-10-09
5297,,,not_found,,,2026-10-09
5298,,,not_found,,,2026-10-09
5299,,,not_found,,,2026-10-09
5300,,,not_found,,,2026-10-09
